 Appointment / Servicing Provider,Month,CPT Code,None,Billed Charge,Payer Charge,Self Charge,Payment,Payments %,Payer Payment,Patient Payment,Contractual Adjustment,Payer Withheld,Writeoff Adjustment,Refund,Patient Count,Claim Count,Units,Change in A/R,Collection %
"Beaman, Caitlin E",January_2022,1036F,None,0,0,0,0,,0,0,0,0,0,0,278,317,317,0,
"Beaman, Caitlin E",January_2022,1100F,None,0,0,0,0,,0,0,0,0,0,0,0,0,0,0,
"Beaman, Caitlin E",January_2022,1101F,None,0,0,0,0,,0,0,0,0,0,0,4,4,4,0,
"Beaman, Caitlin E",January_2022,1123F,None,0,0,0,0,,0,0,0,0,0,0,2,2,2,0,
"Beaman, Caitlin E",January_2022,1124F,None,0,0,0,0,,0,0,0,0,0,0,1,1,1,0,
"Beaman, Caitlin E",January_2022,2022F,None,0,0,0,0,,0,0,0,0,0,0,2,2,2,0,
"Beaman, Caitlin E",January_2022,2026F,None,0,0,0,0,,0,0,0,0,0,0,1,1,1,0,
"Beaman, Caitlin E",January_2022,3017F,None,0,0,0,0,,0,0,0,0,0,0,17,20,20,0,
"Beaman, Caitlin E",January_2022,3044F,None,0,0,0,0,,0,0,0,0,0,0,1,1,1,0,
"Beaman, Caitlin E",January_2022,3046F,None,0,0,0,0,,0,0,0,0,0,0,1,1,1,0,
"Beaman, Caitlin E",January_2022,3051F,None,0,0,0,0,,0,0,0,0,0,0,3,3,3,0,
"Beaman, Caitlin E",January_2022,3052F,None,0,0,0,0,,0,0,0,0,0,0,2,2,2,0,
"Beaman, Caitlin E",January_2022,3288F,None,0,0,0,0,,0,0,0,0,0,0,0,0,0,0,
"Beaman, Caitlin E",January_2022,4040F,None,0,0,0,0,,0,0,0,0,0,0,7,7,7,0,
"Beaman, Caitlin E",January_2022,81003,None,60,60,0,9.35,0.15583333,7.69,1.66,60.99,0,0,0,5,5,5,-10.34,1.17233333
"Beaman, Caitlin E",January_2022,81025,None,0,0,0,5.17,,5.17,0,14.83,0,0,0,0,0,0,-20,
"Beaman, Caitlin E",January_2022,87426,None,3375,3300,75,1468.99,0.4352563,1468.99,0,2206.01,0,0,0,44,45,45,-300,1.08888889
"Beaman, Caitlin E",January_2022,87804,None,1320,1320,0,479.85,0.36352273,436.15,43.7,428.38,0,63.84,0,32,33,66,347.93,0.73641667
"Beaman, Caitlin E",January_2022,87811,None,2250,2250,0,380.24,0.16899556,370.24,10,1204.76,0,0,0,30,30,30,665,0.70444444
"Beaman, Caitlin E",January_2022,87880,None,192,192,0,116.86,0.60864583,114.05,2.81,210.25,0,0,0,6,6,6,-135.11,1.70369792
"Beaman, Caitlin E",January_2022,90460,None,126,126,0,34.01,0.26992063,34.01,0,49.99,0,0,0,1,1,3,42,0.66666667
"Beaman, Caitlin E",January_2022,90471,None,378,378,0,140.92,0.37280423,140.92,0,321.08,0,0,0,9,9,9,-84,1.22222222
"Beaman, Caitlin E",January_2022,90472,None,26,26,0,17,0.65384615,17,0,9,0,0,0,1,1,1,0,1
"Beaman, Caitlin E",January_2022,90647,None,98,98,0,0,0,0,0,0,0,0,0,1,1,1,98,0
"Beaman, Caitlin E",January_2022,90649,None,0,0,0,176,,176,0,274,0,0,0,0,0,0,-450,
"Beaman, Caitlin E",January_2022,90651,None,0,0,0,239.29,,239.29,0,210.71,0,0,0,0,0,0,-450,
"Beaman, Caitlin E",January_2022,90662,None,0,0,0,0,,0,0,0,0,0,0,0,0,0,0,
"Beaman, Caitlin E",January_2022,90670,None,460,460,0,0,0,0,0,0,0,0,0,1,1,1,460,0
"Beaman, Caitlin E",January_2022,90688,None,240,240,0,216.07,0.90029167,216.07,0,113.93,0,0,0,8,8,8,-90,1.375
"Beaman, Caitlin E",January_2022,90715,None,120,120,0,49,0.40833333,49,0,11,0,0,0,2,2,2,60,0.5
"Beaman, Caitlin E",January_2022,90744,None,56,56,0,0,0,0,0,0,0,0,0,1,1,1,56,0
"Beaman, Caitlin E",January_2022,92551,None,20,20,0,10.12,0.506,10.12,0,9.88,0,0,0,1,1,1,0,1
"Beaman, Caitlin E",January_2022,93000,None,35,35,0,0,0,0,0,0,0,0,0,1,1,1,35,0
"Beaman, Caitlin E",January_2022,94010,None,146,146,0,35.15,0.24075342,35.15,0,80.85,0,0,0,2,2,2,30,0.79452055
"Beaman, Caitlin E",January_2022,96160,None,0,0,0,0,,0,0,0,0,0,0,0,0,0,0,
"Beaman, Caitlin E",January_2022,96372,None,0,0,0,25.21,,11.85,13.36,30.15,0,0,0,0,0,0,-55.36,
"Beaman, Caitlin E",January_2022,99072,None,945,930,15,5.28,0.0055873,5.28,0,930,0,45,0,60,63,63,-35.28,1.03733333
"Beaman, Caitlin E",January_2022,99202,None,0,0,0,53.44,,53.44,0,97.56,0,0,0,0,0,0,-151,
"Beaman, Caitlin E",January_2022,99203,None,5208,4991,217,1452.94,0.27898233,1115.89,337.05,2086.65,0,249,0,24,24,24,1419.41,0.72745584
"Beaman, Caitlin E",January_2022,99204,None,1320,1320,0,849.16,0.64330303,600.34,248.82,742.04,0,160,0,4,4,4,-431.2,1.32666667
"Beaman, Caitlin E",January_2022,99212,None,178,178,0,41.91,0.23544944,41.91,0,47.09,0,0,0,2,2,2,89,0.5
"Beaman, Caitlin E",January_2022,99213,None,22638,22344,294,7375.45,0.32579954,6438.12,937.33,9535.48,0,268,0,141,155,155,5459.07,0.7588537
"Beaman, Caitlin E",January_2022,99214,None,34750,34750,0,12980.23,0.3735318,10218.45,2761.78,20601.14,0,0,0,125,139,139,1168.63,0.96637036
"Beaman, Caitlin E",January_2022,99215,None,0,0,0,251.32,,241.32,10,319.04,0,0,0,0,0,0,-570.36,
"Beaman, Caitlin E",January_2022,99385,None,3133,2892,241,937.2,0.29913821,852.2,85,1075.8,0,121,0,13,13,13,999,0.68113629
"Beaman, Caitlin E",January_2022,99386,None,1904,1904,0,373.64,0.1962395,373.64,0,442.36,0,0,0,7,7,7,1088,0.42857143
"Beaman, Caitlin E",January_2022,99392,None,125,125,0,81.33,0.65064,81.33,0,43.67,0,0,0,1,1,1,0,1
"Beaman, Caitlin E",January_2022,99394,None,0,0,0,110.24,,110.24,0,75.76,0,0,0,0,0,0,-186,
"Beaman, Caitlin E",January_2022,99395,None,1030,1030,0,477.03,0.46313592,377.03,100,446.97,0,0,0,5,5,5,106,0.89708738
"Beaman, Caitlin E",January_2022,99396,None,1130,1130,0,715.88,0.63352212,690.88,25,665.12,0,0,0,5,5,5,-251,1.22212389
"Beaman, Caitlin E",January_2022,G0008,None,0,0,0,0,,0,0,0,0,0,0,0,0,0,0,
"Beaman, Caitlin E",January_2022,G0009,None,0,0,0,0,,0,0,0,0,0,0,0,0,0,0,
"Beaman, Caitlin E",January_2022,G0402,None,336,336,0,0,0,0,0,0,0,0,0,1,1,1,336,0
"Beaman, Caitlin E",January_2022,G0438,None,0,0,0,143.08,,143.08,0,202.92,0,0,0,0,0,0,-346,
"Beaman, Caitlin E",January_2022,G0439,None,708,708,0,265.72,0.37531073,265.72,0,206.28,0,0,0,3,3,3,236,0.66666667
"Beaman, Caitlin E",January_2022,G8399,None,0,0,0,0,,0,0,0,0,0,0,4,4,4,0,
"Beaman, Caitlin E",January_2022,G8400,None,0,0,0,0,,0,0,0,0,0,0,1,1,1,0,
"Beaman, Caitlin E",January_2022,G8417,None,0,0,0,0,,0,0,0,0,0,0,200,224,224,0,
"Beaman, Caitlin E",January_2022,G8418,None,0,0,0,0,,0,0,0,0,0,0,4,4,4,0,
"Beaman, Caitlin E",January_2022,G8419,None,0,0,0,0,,0,0,0,0,0,0,1,1,1,0,
"Beaman, Caitlin E",January_2022,G8420,None,0,0,0,0,,0,0,0,0,0,0,66,73,73,0,
"Beaman, Caitlin E",January_2022,G8427,None,0,0,0,0,,0,0,0,0,0,0,299,340,340,0,
"Beaman, Caitlin E",January_2022,G8431,None,0,0,0,0,,0,0,0,0,0,0,45,50,50,0,
"Beaman, Caitlin E",January_2022,G8482,None,0,0,0,0,,0,0,0,0,0,0,92,97,97,0,
"Beaman, Caitlin E",January_2022,G8483,None,0,0,0,0,,0,0,0,0,0,0,204,237,237,0,
"Beaman, Caitlin E",January_2022,G8484,None,0,0,0,0,,0,0,0,0,0,0,1,2,2,0,
"Beaman, Caitlin E",January_2022,G8510,None,0,0,0,0,,0,0,0,0,0,0,264,298,298,0,
"Beaman, Caitlin E",January_2022,G8536,None,0,0,0,0,,0,0,0,0,0,0,2,2,2,0,
"Beaman, Caitlin E",January_2022,G8734,None,0,0,0,0,,0,0,0,0,0,0,1,1,1,0,
"Beaman, Caitlin E",January_2022,G8752,None,0,0,0,0,,0,0,0,0,0,0,49,50,50,0,
"Beaman, Caitlin E",January_2022,G8753,None,0,0,0,0,,0,0,0,0,0,0,17,18,18,0,
"Beaman, Caitlin E",January_2022,G8754,None,0,0,0,0,,0,0,0,0,0,0,52,53,53,0,
"Beaman, Caitlin E",January_2022,G8755,None,0,0,0,0,,0,0,0,0,0,0,14,15,15,0,
"Beaman, Caitlin E",January_2022,G8756,None,0,0,0,0,,0,0,0,0,0,0,1,1,1,0,
"Beaman, Caitlin E",January_2022,G8783,None,0,0,0,0,,0,0,0,0,0,0,237,263,263,0,
"Beaman, Caitlin E",January_2022,G8950,None,0,0,0,0,,0,0,0,0,0,0,34,35,35,0,
"Beaman, Caitlin E",January_2022,G8952,None,0,0,0,0,,0,0,0,0,0,0,2,2,2,0,
"Beaman, Caitlin E",January_2022,G9708,None,0,0,0,0,,0,0,0,0,0,0,1,1,1,0,
"Beaman, Caitlin E",January_2022,G9711,None,0,0,0,0,,0,0,0,0,0,0,1,1,1,0,
"Beaman, Caitlin E",January_2022,G9744,None,0,0,0,0,,0,0,0,0,0,0,1,1,1,0,
"Beaman, Caitlin E",January_2022,G9899,None,0,0,0,0,,0,0,0,0,0,0,7,7,7,0,
"Beaman, Caitlin E",January_2022,G9900,None,0,0,0,0,,0,0,0,0,0,0,4,4,4,0,
"Beaman, Caitlin E",January_2022,G9902,None,0,0,0,0,,0,0,0,0,0,0,25,26,26,0,
"Beaman, Caitlin E",January_2022,G9903,None,0,0,0,0,,0,0,0,0,0,0,272,310,310,0,
"Beaman, Caitlin E",January_2022,G9905,None,0,0,0,0,,0,0,0,0,0,0,3,3,3,0,
"Beaman, Caitlin E",January_2022,G9908,None,0,0,0,0,,0,0,0,0,0,0,4,4,4,0,
"Beaman, Caitlin E",January_2022,INTAT,None,0.03,0.03,0,0,0,0,0,0,0,0,0,1,1,1,0.03,0
"Beaman, Caitlin E",January_2022,INTBL,None,0,0,0,8.32,,8.32,0,0,0,0,0,0,0,0,-8.32,
"Beaman, Caitlin E",January_2022,INTVP,None,0.04,0.04,0,0,0,0,0,0,0,0,0,1,1,1,0.04,0
"Beaman, Caitlin E",February_2022,0011A,None,0,0,0,0,,0,0,0,0,0,0,0,0,0,0,
"Beaman, Caitlin E",February_2022,0012A,None,0,0,0,0,,0,0,0,0,0,0,0,0,0,0,
"Beaman, Caitlin E",February_2022,1036F,None,0,0,0,0,,0,0,0,0,0,0,263,282,282,0,
"Beaman, Caitlin E",February_2022,1100F,None,0,0,0,0,,0,0,0,0,0,0,5,5,5,0,
"Beaman, Caitlin E",February_2022,1101F,None,0,0,0,0,,0,0,0,0,0,0,4,4,4,0,
"Beaman, Caitlin E",February_2022,1111F,None,0,0,0,0,,0,0,0,0,0,0,1,1,1,0,
"Beaman, Caitlin E",February_2022,1123F,None,0,0,0,0,,0,0,0,0,0,0,4,4,4,0,
"Beaman, Caitlin E",February_2022,1124F,None,0,0,0,0,,0,0,0,0,0,0,4,4,4,0,
"Beaman, Caitlin E",February_2022,1125F,None,0,0,0,0,,0,0,0,0,0,0,1,1,1,0,
"Beaman, Caitlin E",February_2022,1126F,None,0,0,0,0,,0,0,0,0,0,0,2,2,2,0,
"Beaman, Caitlin E",February_2022,1160F,None,0,0,0,0,,0,0,0,0,0,0,2,2,2,0,
"Beaman, Caitlin E",February_2022,1170F,None,0,0,0,0,,0,0,0,0,0,0,3,3,3,0,
"Beaman, Caitlin E",February_2022,17110,None,226,226,0,95.3,0.42168142,95.3,0,130.7,0,0,0,1,1,1,0,1
"Beaman, Caitlin E",February_2022,2022F,None,0,0,0,0,,0,0,0,0,0,0,5,5,5,0,
"Beaman, Caitlin E",February_2022,2026F,None,0,0,0,0,,0,0,0,0,0,0,0,0,0,0,
"Beaman, Caitlin E",February_2022,3017F,None,0,0,0,0,,0,0,0,0,0,0,26,28,29,0,
"Beaman, Caitlin E",February_2022,3044F,None,0,0,0,0,,0,0,0,0,0,0,5,5,5,0,
"Beaman, Caitlin E",February_2022,3046F,None,0,0,0,0,,0,0,0,0,0,0,3,3,3,0,
"Beaman, Caitlin E",February_2022,3051F,None,0,0,0,0,,0,0,0,0,0,0,4,5,5,0,
"Beaman, Caitlin E",February_2022,3052F,None,0,0,0,0,,0,0,0,0,0,0,3,3,3,0,
"Beaman, Caitlin E",February_2022,3288F,None,0,0,0,0,,0,0,0,0,0,0,6,6,7,0,
"Beaman, Caitlin E",February_2022,4040F,None,0,0,0,0,,0,0,0,0,0,0,17,18,19,0,
"Beaman, Caitlin E",February_2022,69210,None,98,98,0,0,0,0,0,57.19,0,0,0,1,1,1,40.81,0.58357143
"Beaman, Caitlin E",February_2022,81003,None,120,120,0,5.15,0.04291667,5.15,0,51.42,0,0,0,10,10,10,63.43,0.47141667
"Beaman, Caitlin E",February_2022,81025,None,20,20,0,9.03,0.4515,5.17,3.86,14.83,0,0,0,1,1,1,-3.86,1.193
"Beaman, Caitlin E",February_2022,87426,None,1500,1500,0,1155.09,0.77006,1080.09,75,1720.21,0,0,0,20,20,20,-1375.3,1.91686667
"Beaman, Caitlin E",February_2022,87804,None,720,720,0,549.32,0.76294444,478.78,70.54,633.4,0,19.86,0,18,18,36,-482.58,1.67025
"Beaman, Caitlin E",February_2022,87811,None,0,0,0,67.42,,67.42,0,238.5,0,0,0,0,0,0,-305.92,
"Beaman, Caitlin E",February_2022,87880,None,128,128,0,39.68,0.31,39.68,0,153.01,0,9.92,0,4,4,4,-74.61,1.58289062
"Beaman, Caitlin E",February_2022,90460,None,126,126,0,102,0.80952381,102,0,150,0,0,0,1,1,3,-126,2
"Beaman, Caitlin E",February_2022,90461,None,52,52,0,34,0.65384615,34,0,18,0,0,0,1,1,2,0,1
"Beaman, Caitlin E",February_2022,90471,None,126,126,0,147.7,1.17222222,117.7,30,176.3,0,0,0,3,3,3,-198,2.57142857
"Beaman, Caitlin E",February_2022,90647,None,0,0,0,29,,29,0,69,0,0,0,0,0,0,-98,
"Beaman, Caitlin E",February_2022,90651,None,450,450,0,245,0.54444444,245,0,205,0,0,0,1,1,1,0,1
"Beaman, Caitlin E",February_2022,90670,None,0,0,0,213,,213,0,247,0,0,0,0,0,0,-460,
"Beaman, Caitlin E",February_2022,90680,None,172,172,0,93,0.54069767,93,0,79,0,0,0,1,1,1,0,1
"Beaman, Caitlin E",February_2022,90688,None,60,60,0,101.72,1.69533333,101.72,0,48.28,0,0,0,2,2,2,-90,2.5
"Beaman, Caitlin E",February_2022,90700,None,126,126,0,34,0.26984127,34,0,92,0,0,0,1,1,1,0,1
"Beaman, Caitlin E",February_2022,90713,None,112,112,0,37,0.33035714,37,0,75,0,0,0,1,1,1,0,1
"Beaman, Caitlin E",February_2022,90715,None,0,0,0,49,,49,0,11,0,0,0,0,0,0,-60,
"Beaman, Caitlin E",February_2022,90732,None,160,160,0,133.47,0.8341875,133.47,0,26.53,0,0,0,1,1,1,0,1
"Beaman, Caitlin E",February_2022,90744,None,0,0,0,26,,26,0,30,0,0,0,0,0,0,-56,
"Beaman, Caitlin E",February_2022,92551,None,20,20,0,0,0,0,0,0,0,0,0,1,1,1,20,0
"Beaman, Caitlin E",February_2022,93000,None,35,35,0,15.11,0.43171429,15.11,0,20.57,0,0,0,1,1,1,-0.68,1.01942857
"Beaman, Caitlin E",February_2022,94010,None,146,146,0,30,0.20547945,30,0,42.88,0,0,0,2,2,2,73.12,0.49917808
"Beaman, Caitlin E",February_2022,95800,None,0,0,0,88,,0,88,0,0,0,0,0,0,0,-88,
"Beaman, Caitlin E",February_2022,96372,None,42,42,0,13.36,0.31809524,13.36,0,28.64,0,0,0,1,1,1,0,1
"Beaman, Caitlin E",February_2022,99072,None,210,210,0,0,0,0,0,480,0,15,0,14,14,14,-285,2.35714286
"Beaman, Caitlin E",February_2022,99203,None,5208,5208,0,1974.87,0.37919931,1602.97,371.9,2865.67,0,0,0,24,24,24,367.46,0.92944316
"Beaman, Caitlin E",February_2022,99204,None,1650,1650,0,948.34,0.57475152,873.34,75,1386.66,0,0,0,5,5,5,-685,1.41515152
"Beaman, Caitlin E",February_2022,99205,None,0,0,0,0,,0,0,0,0,0,0,0,0,0,0,
"Beaman, Caitlin E",February_2022,99212,None,89,89,0,71.91,0.80797753,71.91,0,96.17,0,0,0,1,1,1,-79.08,1.88853933
"Beaman, Caitlin E",February_2022,99213,None,20448,20448,0,7370.22,0.36043721,5832.86,1537.36,11600.42,0,96,0,131,140,140,1381.36,0.93244523
"Beaman, Caitlin E",February_2022,99214,None,27000,26750,250,12727.1,0.47137407,10837.32,1889.78,20891.49,0,55,0,103,108,108,-6673.59,1.24717
"Beaman, Caitlin E",February_2022,99215,None,0,0,0,10,,0,10,0,0,0,0,0,0,0,-10,
"Beaman, Caitlin E",February_2022,99385,None,1928,1928,0,1527.04,0.7920332,1432.04,95,1700.96,0,0,0,8,8,8,-1300,1.67427386
"Beaman, Caitlin E",February_2022,99386,None,2992,2992,0,1339.79,0.44779078,1339.79,0,1380.21,0,0,0,11,11,11,272,0.90909091
"Beaman, Caitlin E",February_2022,99395,None,1442,1442,0,461.8,0.32024965,461.8,0,269.11,0,0,0,7,7,7,711.09,0.5068724
"Beaman, Caitlin E",February_2022,99396,None,452,452,0,366.71,0.81130531,336.71,30,341.29,0,0,0,2,2,2,-256,1.56637168
"Beaman, Caitlin E",February_2022,99497,None,850,850,0,0,0,0,0,0,0,0,0,5,5,5,850,0
"Beaman, Caitlin E",February_2022,99498,None,150,150,0,0,0,0,0,0,0,0,0,1,1,1,150,0
"Beaman, Caitlin E",February_2022,G0009,None,55,55,0,29.94,0.54436364,29.94,0,25.06,0,0,0,1,1,1,0,1
"Beaman, Caitlin E",February_2022,G0402,None,0,0,0,143.31,,143.31,0,192.69,0,0,0,0,0,0,-336,
"Beaman, Caitlin E",February_2022,G0438,None,346,346,0,143.31,0.41419075,143.31,0,202.69,0,0,0,1,1,1,0,1
"Beaman, Caitlin E",February_2022,G0439,None,1652,1652,0,448.24,0.27133172,448.24,0,495.76,0,0,0,7,7,7,708,0.57142857
"Beaman, Caitlin E",February_2022,G0444,None,111,111,0,0,0,0,0,0,0,0,0,3,3,3,111,0
"Beaman, Caitlin E",February_2022,G8399,None,0,0,0,0,,0,0,0,0,0,0,4,4,4,0,
"Beaman, Caitlin E",February_2022,G8417,None,0,0,0,0,,0,0,0,0,0,0,195,206,206,0,
"Beaman, Caitlin E",February_2022,G8418,None,0,0,0,0,,0,0,0,0,0,0,2,3,3,0,
"Beaman, Caitlin E",February_2022,G8419,None,0,0,0,0,,0,0,0,0,0,0,1,1,1,0,
"Beaman, Caitlin E",February_2022,G8420,None,0,0,0,0,,0,0,0,0,0,0,70,75,76,0,
"Beaman, Caitlin E",February_2022,G8427,None,0,0,0,0,,0,0,0,0,0,0,286,306,307,0,
"Beaman, Caitlin E",February_2022,G8431,None,0,0,0,0,,0,0,0,0,0,0,37,42,42,0,
"Beaman, Caitlin E",February_2022,G8482,None,0,0,0,0,,0,0,0,0,0,0,108,113,114,0,
"Beaman, Caitlin E",February_2022,G8483,None,0,0,0,0,,0,0,0,0,0,0,170,185,185,0,
"Beaman, Caitlin E",February_2022,G8484,None,0,0,0,0,,0,0,0,0,0,0,2,2,2,0,
"Beaman, Caitlin E",February_2022,G8510,None,0,0,0,0,,0,0,0,0,0,0,252,266,268,0,
"Beaman, Caitlin E",February_2022,G8536,None,0,0,0,0,,0,0,0,0,0,0,2,2,2,0,
"Beaman, Caitlin E",February_2022,G8734,None,0,0,0,0,,0,0,0,0,0,0,5,5,5,0,
"Beaman, Caitlin E",February_2022,G8752,None,0,0,0,0,,0,0,0,0,0,0,53,54,54,0,
"Beaman, Caitlin E",February_2022,G8753,None,0,0,0,0,,0,0,0,0,0,0,16,18,18,0,
"Beaman, Caitlin E",February_2022,G8754,None,0,0,0,0,,0,0,0,0,0,0,57,59,59,0,
"Beaman, Caitlin E",February_2022,G8755,None,0,0,0,0,,0,0,0,0,0,0,12,13,13,0,
"Beaman, Caitlin E",February_2022,G8783,None,0,0,0,0,,0,0,0,0,0,0,244,260,261,0,
"Beaman, Caitlin E",February_2022,G8950,None,0,0,0,0,,0,0,0,0,0,0,23,25,25,0,
"Beaman, Caitlin E",February_2022,G8952,None,0,0,0,0,,0,0,0,0,0,0,2,2,2,0,
"Beaman, Caitlin E",February_2022,G8967,None,0,0,0,0,,0,0,0,0,0,0,1,1,1,0,
"Beaman, Caitlin E",February_2022,G9708,None,0,0,0,0,,0,0,0,0,0,0,1,1,1,0,
"Beaman, Caitlin E",February_2022,G9711,None,0,0,0,0,,0,0,0,0,0,0,0,0,0,0,
"Beaman, Caitlin E",February_2022,G9717,None,0,0,0,0,,0,0,0,0,0,0,1,1,1,0,
"Beaman, Caitlin E",February_2022,G9744,None,0,0,0,0,,0,0,0,0,0,0,0,0,0,0,
"Beaman, Caitlin E",February_2022,G9899,None,0,0,0,0,,0,0,0,0,0,0,6,6,6,0,
"Beaman, Caitlin E",February_2022,G9900,None,0,0,0,0,,0,0,0,0,0,0,5,5,5,0,
"Beaman, Caitlin E",February_2022,G9902,None,0,0,0,0,,0,0,0,0,0,0,24,25,25,0,
"Beaman, Caitlin E",February_2022,G9903,None,0,0,0,0,,0,0,0,0,0,0,255,273,274,0,
"Beaman, Caitlin E",February_2022,G9905,None,0,0,0,0,,0,0,0,0,0,0,1,2,2,0,
"Beaman, Caitlin E",February_2022,G9906,None,0,0,0,0,,0,0,0,0,0,0,1,1,1,0,
"Beaman, Caitlin E",February_2022,G9908,None,0,0,0,0,,0,0,0,0,0,0,3,3,3,0,
"Beaman, Caitlin E",February_2022,INTAT,None,0,0,0,0.03,,0.03,0,0,0,0,0,0,0,0,-0.03,
"Beaman, Caitlin E",February_2022,INTBL,None,0,0,0,0.01,,0.01,0,0,0,0,0,0,0,0,-0.01,
"Beaman, Caitlin E",February_2022,J1050,None,0,0,0,0,,0,0,0,0,0,0,1,1,1,0,
"Beaman, Caitlin E",March_2022,0011A,None,0,0,0,0,,0,0,0,0,0,0,0,0,0,0,
"Beaman, Caitlin E",March_2022,1036F,None,0,0,0,0,,0,0,0,0,0,0,283,308,308,0,
"Beaman, Caitlin E",March_2022,1100F,None,0,0,0,0,,0,0,0,0,0,0,7,7,7,0,
"Beaman, Caitlin E",March_2022,1101F,None,0,0,0,0,,0,0,0,0,0,0,0,0,0,0,
"Beaman, Caitlin E",March_2022,1111F,None,0,0,0,0,,0,0,0,0,0,0,2,2,2,0,
"Beaman, Caitlin E",March_2022,1123F,None,0,0,0,0,,0,0,0,0,0,0,4,4,4,0,
"Beaman, Caitlin E",March_2022,1124F,None,0,0,0,0,,0,0,0,0,0,0,4,4,4,0,
"Beaman, Caitlin E",March_2022,1125F,None,0,0,0,0,,0,0,0,0,0,0,2,2,2,0,
"Beaman, Caitlin E",March_2022,1126F,None,0,0,0,0,,0,0,0,0,0,0,3,3,3,0,
"Beaman, Caitlin E",March_2022,1158F,None,0,0,0,0,,0,0,0,0,0,0,5,5,5,0,
"Beaman, Caitlin E",March_2022,1160F,None,0,0,0,0,,0,0,0,0,0,0,5,5,5,0,
"Beaman, Caitlin E",March_2022,1170F,None,0,0,0,0,,0,0,0,0,0,0,5,5,5,0,
"Beaman, Caitlin E",March_2022,2022F,None,0,0,0,0,,0,0,0,0,0,0,6,7,7,0,
"Beaman, Caitlin E",March_2022,3017F,None,0,0,0,0,,0,0,0,0,0,0,31,32,32,0,
"Beaman, Caitlin E",March_2022,3044F,None,0,0,0,0,,0,0,0,0,0,0,7,7,7,0,
"Beaman, Caitlin E",March_2022,3046F,None,0,0,0,0,,0,0,0,0,0,0,2,3,3,0,
"Beaman, Caitlin E",March_2022,3051F,None,0,0,0,0,,0,0,0,0,0,0,4,4,4,0,
"Beaman, Caitlin E",March_2022,3052F,None,0,0,0,0,,0,0,0,0,0,0,3,3,3,0,
"Beaman, Caitlin E",March_2022,3288F,None,0,0,0,0,,0,0,0,0,0,0,7,7,7,0,
"Beaman, Caitlin E",March_2022,4040F,None,0,0,0,0,,0,0,0,0,0,0,16,16,16,0,
"Beaman, Caitlin E",March_2022,69210,None,0,0,0,40.81,,40.81,0,0,0,0,0,0,0,0,-40.81,
"Beaman, Caitlin E",March_2022,81003,None,108,108,0,21.8,0.20185185,17.7,4.1,100.89,0,0,0,9,9,9,-14.69,1.13601852
"Beaman, Caitlin E",March_2022,81025,None,40,40,0,5.17,0.12925,5.17,0,14.83,0,0,0,2,2,2,20,0.5
"Beaman, Caitlin E",March_2022,82962,None,10,10,0,0,0,0,0,8.03,0,0,0,1,1,1,1.97,0.803
"Beaman, Caitlin E",March_2022,83036,None,70,70,0,9.71,0.13871429,9.71,0,25.29,0,0,0,2,2,2,35,0.5
"Beaman, Caitlin E",March_2022,87426,None,1050,1050,0,707.09,0.67341905,707.09,0,974,0,325,0,14,14,14,-956.09,1.9105619
"Beaman, Caitlin E",March_2022,87804,None,480,480,0,457.36,0.95283333,402.78,54.58,293.68,0,64.94,0,12,12,24,-335.98,1.69995833
"Beaman, Caitlin E",March_2022,87811,None,0,0,0,425,,425,0,0,0,675,0,0,0,0,-1100,
"Beaman, Caitlin E",March_2022,87880,None,192,192,0,77.99,0.40619792,53.73,24.26,106.27,0,19.84,0,6,6,6,-12.1,1.06302083
"Beaman, Caitlin E",March_2022,90471,None,84,84,0,28.28,0.33666667,28.28,0,69.82,0,0,0,2,2,2,-14.1,1.16785714
"Beaman, Caitlin E",March_2022,90662,None,0,0,0,0,,0,0,0,0,0,0,0,0,0,0,
"Beaman, Caitlin E",March_2022,90688,None,60,60,0,39.91,0.66516667,39.91,0,41.25,0,0,0,2,2,2,-21.16,1.35266667
"Beaman, Caitlin E",March_2022,92551,None,0,0,0,9.92,,9.92,0,10.08,0,0,0,0,0,0,-20,
"Beaman, Caitlin E",March_2022,93000,None,35,35,0,14.43,0.41228571,14.43,0,43.31,0,0,0,1,1,1,-22.74,1.64971429
"Beaman, Caitlin E",March_2022,94010,None,219,219,0,96.94,0.4426484,66.82,30.12,118.77,0,0,0,3,3,3,3.29,0.98497717
"Beaman, Caitlin E",March_2022,96160,None,200,200,0,150,0.75,150,0,50,0,0,0,1,1,1,0,1
"Beaman, Caitlin E",March_2022,99072,None,135,135,0,0,0,0,0,330,0,120,0,9,9,9,-315,3.33333333
"Beaman, Caitlin E",March_2022,99173,None,20,20,0,0,0,0,0,20,0,0,0,1,1,1,0,1
"Beaman, Caitlin E",March_2022,99202,None,0,0,0,0,,0,0,0,0,906,0,0,0,0,-906,
"Beaman, Caitlin E",March_2022,99203,None,5208,5208,0,2617.3,0.50255376,1857.48,759.82,3755.76,0,217,0,24,24,24,-1382.06,1.2653725
"Beaman, Caitlin E",March_2022,99204,None,1320,1320,0,756.17,0.57285606,431.17,325,1077.29,0,0,0,4,4,4,-513.46,1.38898485
"Beaman, Caitlin E",March_2022,99213,None,21903,21756,147,9536.61,0.435402,6383.31,3153.3,12261.9,0,1006,0,141,149,149,-901.51,1.0411592
"Beaman, Caitlin E",March_2022,99214,None,30500,30250,250,10577.54,0.34680459,7659.3,2918.24,16009.58,0,640,0,117,122,122,3272.88,0.89269246
"Beaman, Caitlin E",March_2022,99385,None,2169,2169,0,1274.93,0.58779622,943.93,331,1225.07,0,0,0,9,9,9,-331,1.15260489
"Beaman, Caitlin E",March_2022,99386,None,3264,3264,0,1705.86,0.52262868,1705.86,0,1830.14,0,0,0,12,12,12,-272,1.08333333
"Beaman, Caitlin E",March_2022,99395,None,1236,1236,0,973.98,0.78800971,973.98,0,880.02,0,0,0,6,6,6,-618,1.5
"Beaman, Caitlin E",March_2022,99396,None,904,904,0,305.32,0.33774336,305.32,0,372.68,0,0,0,4,4,4,226,0.75
"Beaman, Caitlin E",March_2022,99454,None,65,65,0,47.09,0.72446154,47.09,0,17.91,0,0,0,1,1,1,0,1
"Beaman, Caitlin E",March_2022,99457,None,55,55,0,42.42,0.77127273,42.42,0,12.58,0,0,0,1,1,1,0,1
"Beaman, Caitlin E",March_2022,99490,None,595,595,0,218.69,0.36754622,218.69,0,145,0,0,0,7,7,7,231.31,0.6112437
"Beaman, Caitlin E",March_2022,99497,None,680,680,0,471.35,0.69316176,471.35,0,725.7,0,0,0,4,4,4,-517.05,1.76036765
"Beaman, Caitlin E",March_2022,99498,None,0,0,0,62.58,,62.58,0,87.42,0,0,0,0,0,0,-150,
"Beaman, Caitlin E",March_2022,G0402,None,336,336,0,0,0,0,0,0,0,0,0,1,1,1,336,0
"Beaman, Caitlin E",March_2022,G0438,None,0,0,0,0,,0,0,0,0,0,0,1,1,1,0,
"Beaman, Caitlin E",March_2022,G0439,None,944,944,0,1098.84,1.16402542,1098.84,0,1025.15,0,0,0,4,4,4,-1179.99,2.24998941
"Beaman, Caitlin E",March_2022,G0444,None,185,185,0,65.38,0.35340541,65.38,0,82.62,0,0,0,5,5,5,37,0.8
"Beaman, Caitlin E",March_2022,G8399,None,0,0,0,0,,0,0,0,0,0,0,4,4,4,0,
"Beaman, Caitlin E",March_2022,G8417,None,0,0,0,0,,0,0,0,0,0,0,214,235,235,0,
"Beaman, Caitlin E",March_2022,G8418,None,0,0,0,0,,0,0,0,0,0,0,3,4,4,0,
"Beaman, Caitlin E",March_2022,G8419,None,0,0,0,0,,0,0,0,0,0,0,1,1,1,0,
"Beaman, Caitlin E",March_2022,G8420,None,0,0,0,0,,0,0,0,0,0,0,68,74,74,0,
"Beaman, Caitlin E",March_2022,G8427,None,0,0,0,0,,0,0,0,0,0,0,298,326,326,0,
"Beaman, Caitlin E",March_2022,G8431,None,0,0,0,0,,0,0,0,0,0,0,44,50,50,0,
"Beaman, Caitlin E",March_2022,G8482,None,0,0,0,0,,0,0,0,0,0,0,99,107,107,0,
"Beaman, Caitlin E",March_2022,G8483,None,0,0,0,0,,0,0,0,0,0,0,201,220,220,0,
"Beaman, Caitlin E",March_2022,G8484,None,0,0,0,0,,0,0,0,0,0,0,0,0,0,0,
"Beaman, Caitlin E",March_2022,G8510,None,0,0,0,0,,0,0,0,0,0,0,261,283,283,0,
"Beaman, Caitlin E",March_2022,G8536,None,0,0,0,0,,0,0,0,0,0,0,0,0,0,0,
"Beaman, Caitlin E",March_2022,G8734,None,0,0,0,0,,0,0,0,0,0,0,8,8,8,0,
"Beaman, Caitlin E",March_2022,G8752,None,0,0,0,0,,0,0,0,0,0,0,59,65,65,0,
"Beaman, Caitlin E",March_2022,G8753,None,0,0,0,0,,0,0,0,0,0,0,11,11,11,0,
"Beaman, Caitlin E",March_2022,G8754,None,0,0,0,0,,0,0,0,0,0,0,64,70,70,0,
"Beaman, Caitlin E",March_2022,G8755,None,0,0,0,0,,0,0,0,0,0,0,6,6,6,0,
"Beaman, Caitlin E",March_2022,G8783,None,0,0,0,0,,0,0,0,0,0,0,271,298,299,0,
"Beaman, Caitlin E",March_2022,G8938,None,0,0,0,0,,0,0,0,0,0,0,0,0,0,0,
"Beaman, Caitlin E",March_2022,G8950,None,0,0,0,0,,0,0,0,0,0,0,18,19,19,0,
"Beaman, Caitlin E",March_2022,G8952,None,0,0,0,0,,0,0,0,0,0,0,1,1,1,0,
"Beaman, Caitlin E",March_2022,G8967,None,0,0,0,0,,0,0,0,0,0,0,0,0,0,0,
"Beaman, Caitlin E",March_2022,G9708,None,0,0,0,0,,0,0,0,0,0,0,1,1,1,0,
"Beaman, Caitlin E",March_2022,G9711,None,0,0,0,0,,0,0,0,0,0,0,1,2,2,0,
"Beaman, Caitlin E",March_2022,G9717,None,0,0,0,0,,0,0,0,0,0,0,0,0,0,0,
"Beaman, Caitlin E",March_2022,G9899,None,0,0,0,0,,0,0,0,0,0,0,7,7,7,0,
"Beaman, Caitlin E",March_2022,G9900,None,0,0,0,0,,0,0,0,0,0,0,3,3,3,0,
"Beaman, Caitlin E",March_2022,G9902,None,0,0,0,0,,0,0,0,0,0,0,18,20,20,0,
"Beaman, Caitlin E",March_2022,G9903,None,0,0,0,0,,0,0,0,0,0,0,281,306,306,0,
"Beaman, Caitlin E",March_2022,G9905,None,0,0,0,0,,0,0,0,0,0,0,2,2,2,0,
"Beaman, Caitlin E",March_2022,G9906,None,0,0,0,0,,0,0,0,0,0,0,1,1,1,0,
"Beaman, Caitlin E",March_2022,G9908,None,0,0,0,0,,0,0,0,0,0,0,3,4,4,0,
"Beaman, Caitlin E",March_2022,G9991,None,0,0,0,0,,0,0,0,0,0,0,1,1,1,0,
"Beaman, Caitlin E",April_2022,0012A,None,0,0,0,40.04,,40.04,0,1.96,0,0,0,0,0,0,-42,
"Beaman, Caitlin E",April_2022,1036F,None,0,0,0,0,,0,0,0,0,0,0,291,312,312,0,
"Beaman, Caitlin E",April_2022,1100F,None,0,0,0,0,,0,0,0,0,0,0,5,5,5,0,
"Beaman, Caitlin E",April_2022,1101F,None,0,0,0,0,,0,0,0,0,0,0,3,3,3,0,
"Beaman, Caitlin E",April_2022,1123F,None,0,0,0,0,,0,0,0,0,0,0,7,7,7,0,
"Beaman, Caitlin E",April_2022,1124F,None,0,0,0,0,,0,0,0,0,0,0,1,1,1,0,
"Beaman, Caitlin E",April_2022,1125F,None,0,0,0,0,,0,0,0,0,0,0,0,0,0,0,
"Beaman, Caitlin E",April_2022,1126F,None,0,0,0,0,,0,0,0,0,0,0,1,1,1,0,
"Beaman, Caitlin E",April_2022,1158F,None,0,0,0,0,,0,0,0,0,0,0,1,1,1,0,
"Beaman, Caitlin E",April_2022,1160F,None,0,0,0,0,,0,0,0,0,0,0,1,1,1,0,
"Beaman, Caitlin E",April_2022,1170F,None,0,0,0,0,,0,0,0,0,0,0,1,1,1,0,
"Beaman, Caitlin E",April_2022,2022F,None,0,0,0,0,,0,0,0,0,0,0,13,14,14,0,
"Beaman, Caitlin E",April_2022,2026F,None,0,0,0,0,,0,0,0,0,0,0,2,2,2,0,
"Beaman, Caitlin E",April_2022,3017F,None,0,0,0,0,,0,0,0,0,0,0,41,43,43,0,
"Beaman, Caitlin E",April_2022,3044F,None,0,0,0,0,,0,0,0,0,0,0,12,13,13,0,
"Beaman, Caitlin E",April_2022,3046F,None,0,0,0,0,,0,0,0,0,0,0,2,2,2,0,
"Beaman, Caitlin E",April_2022,3051F,None,0,0,0,0,,0,0,0,0,0,0,9,10,10,0,
"Beaman, Caitlin E",April_2022,3052F,None,0,0,0,0,,0,0,0,0,0,0,5,6,6,0,
"Beaman, Caitlin E",April_2022,3288F,None,0,0,0,0,,0,0,0,0,0,0,5,5,5,0,
"Beaman, Caitlin E",April_2022,4004F,None,0,0,0,0,,0,0,0,0,0,0,1,1,1,0,
"Beaman, Caitlin E",April_2022,4040F,None,0,0,0,0,,0,0,0,0,0,0,16,17,17,0,
"Beaman, Caitlin E",April_2022,69210,None,98,98,0,0,0,0,0,0,0,0,0,1,1,1,98,0
"Beaman, Caitlin E",April_2022,81003,None,48,48,0,18.86,0.39291667,12.53,6.33,103.7,0,0,0,4,4,4,-74.56,2.55333333
"Beaman, Caitlin E",April_2022,81025,None,40,40,0,13.78,0.3445,13.78,0,26.22,0,0,0,1,2,2,0,1
"Beaman, Caitlin E",April_2022,83036,None,0,0,0,0,,0,0,0,0,0,0,0,0,0,0,
"Beaman, Caitlin E",April_2022,87426,None,1275,1275,0,621.49,0.48744314,571.49,50,553.51,0,25,0,17,17,17,75,0.94117647
"Beaman, Caitlin E",April_2022,87804,None,760,760,0,344.86,0.45376316,183.54,161.32,218.86,0,45.08,0,19,19,38,151.2,0.80105263
"Beaman, Caitlin E",April_2022,87811,None,0,0,0,199.83,,174.83,25,50.17,0,0,0,0,0,0,-250,
"Beaman, Caitlin E",April_2022,87880,None,160,160,0,33.05,0.2065625,15.79,17.26,90.9,0,9.92,0,5,5,5,26.13,0.8366875
"Beaman, Caitlin E",April_2022,90471,None,252,252,0,30.4,0.12063492,30.4,0,95.6,0,0,0,6,6,6,126,0.5
"Beaman, Caitlin E",April_2022,90472,None,26,26,0,0,0,0,0,0,0,0,0,1,1,1,26,0
"Beaman, Caitlin E",April_2022,90633,None,52,52,0,0,0,0,0,0,0,0,0,1,1,1,52,0
"Beaman, Caitlin E",April_2022,90670,None,460,460,0,255.41,0.55523913,255.41,0,204.59,0,0,0,1,1,1,0,1
"Beaman, Caitlin E",April_2022,90688,None,120,120,0,38.13,0.31775,38.13,0,21.87,0,0,0,4,4,4,60,0.5
"Beaman, Caitlin E",April_2022,90715,None,120,120,0,36.16,0.30133333,36.16,0,23.84,0,0,0,2,2,2,60,0.5
"Beaman, Caitlin E",April_2022,91301,None,0,0,0,0,,0,0,0,0,0,0,0,0,0,0,
"Beaman, Caitlin E",April_2022,93000,None,35,35,0,16.68,0.47657143,14.15,2.53,20.85,0,0,0,1,1,1,-2.53,1.07228571
"Beaman, Caitlin E",April_2022,94010,None,0,0,0,27.16,,27.16,0,45.84,0,0,0,0,0,0,-73,
"Beaman, Caitlin E",April_2022,95800,None,0,0,0,77.24,,0,77.24,0,0,0,0,0,0,0,-77.24,
"Beaman, Caitlin E",April_2022,96127,None,0,0,0,5.5,,0,5.5,0,0,0,0,0,0,0,-5.5,
"Beaman, Caitlin E",April_2022,99072,None,180,180,0,0,0,0,0,210,0,0,0,12,12,12,-30,1.16666667
"Beaman, Caitlin E",April_2022,99202,None,0,0,0,0,,0,0,0,0,0,0,0,0,0,0,
"Beaman, Caitlin E",April_2022,99203,None,2387,2387,0,1771.65,0.74220779,1151.17,620.48,1855.03,0,0,0,11,11,11,-1239.68,1.51934646
"Beaman, Caitlin E",April_2022,99204,None,330,330,0,449.69,1.36269697,191.26,258.43,653.53,0,0,0,2,2,2,-773.22,3.34309091
"Beaman, Caitlin E",April_2022,99212,None,0,0,0,64.38,,24.46,39.92,39.54,0,0,0,0,0,0,-103.92,
"Beaman, Caitlin E",April_2022,99213,None,21462,21315,147,10004.57,0.46615274,6020.27,3984.3,11037.45,0,0,0,141,146,146,419.98,0.98043146
"Beaman, Caitlin E",April_2022,99214,None,34250,33750,500,15394.52,0.44947504,9908.85,5485.67,18875.04,0,465,0,136,138,138,-484.56,1.01414774
"Beaman, Caitlin E",April_2022,99215,None,292,292,0,124.68,0.4269863,114.68,10,177.32,0,0,0,1,1,1,-10,1.03424658
"Beaman, Caitlin E",April_2022,99385,None,3856,3856,0,1453.73,0.37700467,1453.73,0,1679.27,0,0,0,16,16,16,723,0.8125
"Beaman, Caitlin E",April_2022,99386,None,2992,2992,0,1350.66,0.4514238,1325.66,25,1394.34,0,0,0,11,11,11,247,0.91744652
"Beaman, Caitlin E",April_2022,99395,None,2266,2266,0,536.86,0.23691968,504.05,32.81,631.65,0,0,0,11,11,11,1097.49,0.51567079
"Beaman, Caitlin E",April_2022,99396,None,1582,1582,0,569.45,0.35995575,539.45,30,590.55,0,0,0,7,7,7,422,0.73324905
"Beaman, Caitlin E",April_2022,99397,None,256,256,0,25,0.09765625,0,25,0,0,0,0,1,1,1,231,0.09765625
"Beaman, Caitlin E",April_2022,99439,None,76,76,0,60.8,0.8,60.8,0,0,0,0,0,1,1,2,15.2,0.8
"Beaman, Caitlin E",April_2022,99490,None,680,680,0,258.36,0.37994118,258.36,0,145,0,0,0,8,8,8,276.64,0.59317647
"Beaman, Caitlin E",April_2022,99497,None,340,340,0,102.64,0.30188235,102.64,0,158.09,0,0,0,2,2,2,79.27,0.76685294
"Beaman, Caitlin E",April_2022,99498,None,150,150,0,0,0,0,0,0,0,0,0,1,1,1,150,0
"Beaman, Caitlin E",April_2022,COLF,None,129.2,129.2,0,0,0,0,0,0,0,0,0,2,2,2,129.2,0
"Beaman, Caitlin E",April_2022,G0009,None,55,55,0,29.64,0.53890909,29.64,0,25.36,0,0,0,1,1,1,0,1
"Beaman, Caitlin E",April_2022,G0402,None,0,0,0,145.12,,145.12,0,190.88,0,0,0,0,0,0,-336,
"Beaman, Caitlin E",April_2022,G0438,None,0,0,0,0,,0,0,0,0,0,0,0,0,0,0,
"Beaman, Caitlin E",April_2022,G0439,None,236,236,0,0,0,0,0,0,0,0,0,1,1,1,236,0
"Beaman, Caitlin E",April_2022,G0444,None,37,37,0,51.76,1.39891892,51.76,0,59.24,0,0,0,1,1,1,-74,3
"Beaman, Caitlin E",April_2022,G8399,None,0,0,0,0,,0,0,0,0,0,0,5,6,6,0,
"Beaman, Caitlin E",April_2022,G8400,None,0,0,0,0,,0,0,0,0,0,0,2,2,2,0,
"Beaman, Caitlin E",April_2022,G8417,None,0,0,0,0,,0,0,0,0,0,0,228,248,248,0,
"Beaman, Caitlin E",April_2022,G8418,None,0,0,0,0,,0,0,0,0,0,0,5,5,5,0,
"Beaman, Caitlin E",April_2022,G8419,None,0,0,0,0,,0,0,0,0,0,0,0,0,0,0,
"Beaman, Caitlin E",April_2022,G8420,None,0,0,0,0,,0,0,0,0,0,0,76,77,77,0,
"Beaman, Caitlin E",April_2022,G8427,None,0,0,0,0,,0,0,0,0,0,0,316,337,337,0,
"Beaman, Caitlin E",April_2022,G8428,None,0,0,0,0,,0,0,0,0,0,0,1,1,1,0,
"Beaman, Caitlin E",April_2022,G8430,None,0,0,0,0,,0,0,0,0,0,0,0,0,0,0,
"Beaman, Caitlin E",April_2022,G8431,None,0,0,0,0,,0,0,0,0,0,0,50,54,54,0,
"Beaman, Caitlin E",April_2022,G8482,None,0,0,0,0,,0,0,0,0,0,0,87,93,93,0,
"Beaman, Caitlin E",April_2022,G8483,None,0,0,0,0,,0,0,0,0,0,0,160,171,171,0,
"Beaman, Caitlin E",April_2022,G8484,None,0,0,0,0,,0,0,0,0,0,0,1,1,1,0,
"Beaman, Caitlin E",April_2022,G8510,None,0,0,0,0,,0,0,0,0,0,0,269,285,285,0,
"Beaman, Caitlin E",April_2022,G8734,None,0,0,0,0,,0,0,0,0,0,0,5,5,5,0,
"Beaman, Caitlin E",April_2022,G8752,None,0,0,0,0,,0,0,0,0,0,0,69,72,72,0,
"Beaman, Caitlin E",April_2022,G8753,None,0,0,0,0,,0,0,0,0,0,0,16,17,17,0,
"Beaman, Caitlin E",April_2022,G8754,None,0,0,0,0,,0,0,0,0,0,0,69,72,72,0,
"Beaman, Caitlin E",April_2022,G8755,None,0,0,0,0,,0,0,0,0,0,0,17,18,18,0,
"Beaman, Caitlin E",April_2022,G8756,None,0,0,0,0,,0,0,0,0,0,0,2,2,2,0,
"Beaman, Caitlin E",April_2022,G8783,None,0,0,0,0,,0,0,0,0,0,0,265,283,284,0,
"Beaman, Caitlin E",April_2022,G8950,None,0,0,0,0,,0,0,0,0,0,0,39,42,42,0,
"Beaman, Caitlin E",April_2022,G8952,None,0,0,0,0,,0,0,0,0,0,0,1,1,1,0,
"Beaman, Caitlin E",April_2022,G9708,None,0,0,0,0,,0,0,0,0,0,0,1,1,1,0,
"Beaman, Caitlin E",April_2022,G9711,None,0,0,0,0,,0,0,0,0,0,0,1,1,1,0,
"Beaman, Caitlin E",April_2022,G9717,None,0,0,0,0,,0,0,0,0,0,0,3,3,3,0,
"Beaman, Caitlin E",April_2022,G9744,None,0,0,0,0,,0,0,0,0,0,0,3,3,3,0,
"Beaman, Caitlin E",April_2022,G9899,None,0,0,0,0,,0,0,0,0,0,0,20,22,22,0,
"Beaman, Caitlin E",April_2022,G9900,None,0,0,0,0,,0,0,0,0,0,0,4,5,5,0,
"Beaman, Caitlin E",April_2022,G9902,None,0,0,0,0,,0,0,0,0,0,0,31,31,31,0,
"Beaman, Caitlin E",April_2022,G9903,None,0,0,0,0,,0,0,0,0,0,0,287,307,307,0,
"Beaman, Caitlin E",April_2022,G9905,None,0,0,0,0,,0,0,0,0,0,0,1,1,1,0,
"Beaman, Caitlin E",April_2022,G9906,None,0,0,0,0,,0,0,0,0,0,0,1,1,1,0,
"Beaman, Caitlin E",April_2022,G9908,None,0,0,0,0,,0,0,0,0,0,0,4,4,4,0,
"Beaman, Caitlin E",April_2022,G9991,None,0,0,0,0,,0,0,0,0,0,0,3,3,3,0,
"Beaman, Caitlin E",April_2022,INTBL,None,0,0,0,0,,0,0,0,0,0,0,0,0,0,0,
"Beaman, Caitlin E",April_2022,INTCO,None,0.08,0.08,0,0,0,0,0,0,0,0,0,1,1,1,0.08,0
"Beaman, Caitlin E",April_2022,Nshow,None,0,0,0,15,,0,15,0,0,0,0,0,0,0,-15,
"Beaman, Caitlin E",May_2022,0012A,None,0,0,0,0,,0,0,0,0,0,0,0,0,0,0,
"Beaman, Caitlin E",May_2022,1036F,None,0,0,0,0,,0,0,0,0,0,0,304,333,333,0,
"Beaman, Caitlin E",May_2022,1100F,None,0,0,0,0,,0,0,0,0,0,0,1,1,1,0,
"Beaman, Caitlin E",May_2022,1101F,None,0,0,0,0,,0,0,0,0,0,0,1,1,1,0,
"Beaman, Caitlin E",May_2022,1111F,None,0,0,0,0,,0,0,0,0,0,0,1,1,1,0,
"Beaman, Caitlin E",May_2022,11200,None,200,200,0,0,0,0,0,0,0,0,0,1,1,1,200,0
"Beaman, Caitlin E",May_2022,1123F,None,0,0,0,0,,0,0,0,0,0,0,2,2,2,0,
"Beaman, Caitlin E",May_2022,1124F,None,0,0,0,0,,0,0,0,0,0,0,0,0,0,0,
"Beaman, Caitlin E",May_2022,1126F,None,0,0,0,0,,0,0,0,0,0,0,0,0,0,0,
"Beaman, Caitlin E",May_2022,1158F,None,0,0,0,0,,0,0,0,0,0,0,0,0,0,0,
"Beaman, Caitlin E",May_2022,1160F,None,0,0,0,0,,0,0,0,0,0,0,0,0,0,0,
"Beaman, Caitlin E",May_2022,1170F,None,0,0,0,0,,0,0,0,0,0,0,0,0,0,0,
"Beaman, Caitlin E",May_2022,17110,None,226,226,0,0,0,0,0,120.11,0,0,0,1,1,1,105.89,0.53146018
"Beaman, Caitlin E",May_2022,2022F,None,0,0,0,0,,0,0,0,0,0,0,4,4,4,0,
"Beaman, Caitlin E",May_2022,2026F,None,0,0,0,0,,0,0,0,0,0,0,0,0,0,0,
"Beaman, Caitlin E",May_2022,3017F,None,0,0,0,0,,0,0,0,0,0,0,29,30,30,0,
"Beaman, Caitlin E",May_2022,3044F,None,0,0,0,0,,0,0,0,0,0,0,8,8,8,0,
"Beaman, Caitlin E",May_2022,3046F,None,0,0,0,0,,0,0,0,0,0,0,0,0,0,0,
"Beaman, Caitlin E",May_2022,3051F,None,0,0,0,0,,0,0,0,0,0,0,5,5,5,0,
"Beaman, Caitlin E",May_2022,3052F,None,0,0,0,0,,0,0,0,0,0,0,3,3,3,0,
"Beaman, Caitlin E",May_2022,3288F,None,0,0,0,0,,0,0,0,0,0,0,1,1,1,0,
"Beaman, Caitlin E",May_2022,4004F,None,0,0,0,0,,0,0,0,0,0,0,1,1,1,0,
"Beaman, Caitlin E",May_2022,4040F,None,0,0,0,0,,0,0,0,0,0,0,10,10,10,0,
"Beaman, Caitlin E",May_2022,69210,None,196,196,0,0,0,0,0,52.57,0,0,0,1,1,1,143.43,0.26821429
"Beaman, Caitlin E",May_2022,81003,None,72,72,0,10.81,0.15013889,6.14,4.67,20.11,0,0,0,6,6,6,41.08,0.42944444
"Beaman, Caitlin E",May_2022,81025,None,40,40,0,10.34,0.2585,10.34,0,29.66,0,0,0,2,2,2,0,1
"Beaman, Caitlin E",May_2022,83036,None,70,35,35,16.9,0.24142857,16.9,0,53.1,0,30,0,2,2,2,-30,1.42857143
"Beaman, Caitlin E",May_2022,87426,None,1650,1650,0,1390.88,0.84295758,1390.88,0,829.35,0,0,0,22,22,22,-570.23,1.34559394
"Beaman, Caitlin E",May_2022,87804,None,760,760,0,417.58,0.54944737,278.56,139.02,580.16,0,0,0,19,19,38,-237.74,1.31281579
"Beaman, Caitlin E",May_2022,87811,None,0,0,0,75,,0,75,0,0,0,0,0,0,0,-75,
"Beaman, Caitlin E",May_2022,87880,None,288,288,0,70.09,0.24336806,50.25,19.84,124.49,0,0,0,9,9,9,93.42,0.675625
"Beaman, Caitlin E",May_2022,90460,None,84,84,0,0,0,0,0,0,0,0,0,1,1,2,84,0
"Beaman, Caitlin E",May_2022,90471,None,294,294,0,79.42,0.27013605,79.42,0,256.58,0,0,0,7,7,7,-42,1.14285714
"Beaman, Caitlin E",May_2022,90472,None,0,0,0,9.37,,9.37,0,16.63,0,0,0,0,0,0,-26,
"Beaman, Caitlin E",May_2022,90619,None,305,305,0,0,0,0,0,0,0,0,0,1,1,1,305,0
"Beaman, Caitlin E",May_2022,90633,None,0,0,0,39.03,,39.03,0,12.97,0,0,0,0,0,0,-52,
"Beaman, Caitlin E",May_2022,90670,None,0,0,0,0,,0,0,0,0,0,0,0,0,0,0,
"Beaman, Caitlin E",May_2022,90688,None,30,30,0,39.04,1.30133333,39.04,0,80.96,0,0,0,1,1,1,-90,4
"Beaman, Caitlin E",May_2022,90707,None,150,150,0,0,0,0,0,0,0,0,0,1,1,1,150,0
"Beaman, Caitlin E",May_2022,90713,None,112,112,0,0,0,0,0,0,0,0,0,1,1,1,112,0
"Beaman, Caitlin E",May_2022,90715,None,180,180,0,92.35,0.51305556,92.35,0,87.65,0,0,0,3,3,3,0,1
"Beaman, Caitlin E",May_2022,90716,None,260,260,0,0,0,0,0,0,0,0,0,1,1,1,260,0
"Beaman, Caitlin E",May_2022,90744,None,56,56,0,26,0.46428571,26,0,30,0,0,0,1,1,1,0,1
"Beaman, Caitlin E",May_2022,93000,None,35,35,0,0,0,0,0,0,0,0,0,1,1,1,35,0
"Beaman, Caitlin E",May_2022,94010,None,0,0,0,33.41,,0,33.41,0,0,0,0,0,0,0,-33.41,
"Beaman, Caitlin E",May_2022,96127,None,0,0,0,7.88,,0,7.88,0,0,0,0,0,0,0,-7.88,
"Beaman, Caitlin E",May_2022,96160,None,0,0,0,0,,0,0,0,0,0,0,0,0,0,0,
"Beaman, Caitlin E",May_2022,96372,None,42,42,0,0,0,0,0,0,0,0,0,1,1,1,42,0
"Beaman, Caitlin E",May_2022,99072,None,315,315,0,0,0,0,0,405,0,0,0,21,21,21,-90,1.28571429
"Beaman, Caitlin E",May_2022,99202,None,151,0,151,468.1,3.1,383.1,85,304,0,66,0,1,1,1,-687.1,5.55033113
"Beaman, Caitlin E",May_2022,99203,None,3255,3255,0,1796.64,0.55196313,1425.6,371.04,2507.99,0,0,0,15,15,15,-1049.63,1.32246697
"Beaman, Caitlin E",May_2022,99204,None,660,660,0,123.43,0.18701515,98.43,25,176.18,0,0,0,2,2,2,360.39,0.45395455
"Beaman, Caitlin E",May_2022,99212,None,89,89,0,41.91,0.47089888,41.91,0,47.09,0,0,0,1,1,1,0,1
"Beaman, Caitlin E",May_2022,99213,None,13965,13965,0,9183.42,0.65760258,6119.81,3063.61,10772.85,0,71,0,90,95,95,-6062.27,1.43410455
"Beaman, Caitlin E",May_2022,99214,None,54750,54250,500,17239.91,0.3148842,13326.53,3913.38,26261.45,0,305,0,204,219,219,10943.64,0.80011616
"Beaman, Caitlin E",May_2022,99385,None,3374,3133,241,1177.07,0.34886485,1067.07,110,1342.93,0,0,0,14,14,14,854,0.74688797
"Beaman, Caitlin E",May_2022,99386,None,1904,1904,0,1205.9,0.63335084,1195.9,10,1524.1,0,0,0,7,7,7,-826,1.43382353
"Beaman, Caitlin E",May_2022,99392,None,125,125,0,35,0.28,0,35,0,0,0,0,1,1,1,90,0.28
"Beaman, Caitlin E",May_2022,99393,None,166,166,0,0,0,0,0,0,0,0,0,1,1,1,166,0
"Beaman, Caitlin E",May_2022,99394,None,186,186,0,0,0,0,0,0,0,0,0,1,1,1,186,0
"Beaman, Caitlin E",May_2022,99395,None,1236,1236,0,1111.05,0.89890777,1086.05,25,973.95,0,0,0,6,6,6,-849,1.6868932
"Beaman, Caitlin E",May_2022,99396,None,1356,1356,0,885.48,0.65300885,885.48,0,912.52,0,0,0,6,6,6,-442,1.3259587
"Beaman, Caitlin E",May_2022,99397,None,0,0,0,129.28,,129.28,0,126.72,0,0,0,0,0,0,-256,
"Beaman, Caitlin E",May_2022,99490,None,765,765,0,540.89,0.70704575,501.22,39.67,252.96,0,0,0,9,9,9,-28.85,1.03771242
"Beaman, Caitlin E",May_2022,99497,None,0,0,0,157.19,,84.97,72.22,85.03,0,0,0,0,0,0,-242.22,
"Beaman, Caitlin E",May_2022,G0009,None,0,0,0,0,,0,0,0,0,0,0,0,0,0,0,
"Beaman, Caitlin E",May_2022,G0030,None,0,0,0,0,,0,0,0,0,0,0,1,2,2,0,
"Beaman, Caitlin E",May_2022,G0439,None,0,0,0,376.61,,376.61,0,331.4,0,0,0,0,0,0,-708.01,
"Beaman, Caitlin E",May_2022,G0444,None,0,0,0,34.39,,34.39,0,39.61,0,0,0,0,0,0,-74,
"Beaman, Caitlin E",May_2022,G8399,None,0,0,0,0,,0,0,0,0,0,0,3,3,3,0,
"Beaman, Caitlin E",May_2022,G8400,None,0,0,0,0,,0,0,0,0,0,0,1,1,1,0,
"Beaman, Caitlin E",May_2022,G8417,None,0,0,0,0,,0,0,0,0,0,0,230,253,253,0,
"Beaman, Caitlin E",May_2022,G8418,None,0,0,0,0,,0,0,0,0,0,0,5,6,6,0,
"Beaman, Caitlin E",May_2022,G8420,None,0,0,0,0,,0,0,0,0,0,0,87,92,92,0,
"Beaman, Caitlin E",May_2022,G8427,None,0,0,0,0,,0,0,0,0,0,0,329,359,359,0,
"Beaman, Caitlin E",May_2022,G8430,None,0,0,0,0,,0,0,0,0,0,0,0,0,0,0,
"Beaman, Caitlin E",May_2022,G8431,None,0,0,0,0,,0,0,0,0,0,0,53,59,59,0,
"Beaman, Caitlin E",May_2022,G8482,None,0,0,0,0,,0,0,0,0,0,0,69,74,74,0,
"Beaman, Caitlin E",May_2022,G8483,None,0,0,0,0,,0,0,0,0,0,0,146,159,159,0,
"Beaman, Caitlin E",May_2022,G8484,None,0,0,0,0,,0,0,0,0,0,0,1,1,1,0,
"Beaman, Caitlin E",May_2022,G8510,None,0,0,0,0,,0,0,0,0,0,0,283,306,306,0,
"Beaman, Caitlin E",May_2022,G8734,None,0,0,0,0,,0,0,0,0,0,0,1,1,1,0,
"Beaman, Caitlin E",May_2022,G8752,None,0,0,0,0,,0,0,0,0,0,0,75,81,81,0,
"Beaman, Caitlin E",May_2022,G8753,None,0,0,0,0,,0,0,0,0,0,0,18,21,21,0,
"Beaman, Caitlin E",May_2022,G8754,None,0,0,0,0,,0,0,0,0,0,0,76,83,83,0,
"Beaman, Caitlin E",May_2022,G8755,None,0,0,0,0,,0,0,0,0,0,0,18,20,20,0,
"Beaman, Caitlin E",May_2022,G8756,None,0,0,0,0,,0,0,0,0,0,0,1,1,1,0,
"Beaman, Caitlin E",May_2022,G8783,None,0,0,0,0,,0,0,0,0,0,0,285,310,310,0,
"Beaman, Caitlin E",May_2022,G8785,None,0,0,0,0,,0,0,0,0,0,0,1,1,1,0,
"Beaman, Caitlin E",May_2022,G8950,None,0,0,0,0,,0,0,0,0,0,0,36,39,39,0,
"Beaman, Caitlin E",May_2022,G8952,None,0,0,0,0,,0,0,0,0,0,0,2,2,2,0,
"Beaman, Caitlin E",May_2022,G9708,None,0,0,0,0,,0,0,0,0,0,0,1,1,1,0,
"Beaman, Caitlin E",May_2022,G9717,None,0,0,0,0,,0,0,0,0,0,0,1,1,1,0,
"Beaman, Caitlin E",May_2022,G9744,None,0,0,0,0,,0,0,0,0,0,0,0,0,0,0,
"Beaman, Caitlin E",May_2022,G9899,None,0,0,0,0,,0,0,0,0,0,0,8,8,8,0,
"Beaman, Caitlin E",May_2022,G9900,None,0,0,0,0,,0,0,0,0,0,0,5,5,5,0,
"Beaman, Caitlin E",May_2022,G9902,None,0,0,0,0,,0,0,0,0,0,0,27,28,28,0,
"Beaman, Caitlin E",May_2022,G9903,None,0,0,0,0,,0,0,0,0,0,0,303,332,332,0,
"Beaman, Caitlin E",May_2022,G9905,None,0,0,0,0,,0,0,0,0,0,0,0,0,0,0,
"Beaman, Caitlin E",May_2022,G9906,None,0,0,0,0,,0,0,0,0,0,0,3,4,4,0,
"Beaman, Caitlin E",May_2022,G9908,None,0,0,0,0,,0,0,0,0,0,0,3,3,3,0,
"Beaman, Caitlin E",May_2022,G9991,None,0,0,0,0,,0,0,0,0,0,0,1,1,1,0,
"Beaman, Caitlin E",May_2022,INTBL,None,0,0,0,0,,0,0,0,0,0,0,0,0,0,0,
"Beaman, Caitlin E",May_2022,INTCO,None,0,0,0,0,,0,0,0,0,0,0,0,0,0,0,
"Beaman, Caitlin E",May_2022,INTVP,None,0,0,0,0.19,,0.19,0,0,0,0,0,0,0,0,-0.19,
"Beaman, Caitlin E",June_2022,0011A,None,0,0,0,0,,0,0,0,0,42,0,0,0,0,-42,
"Beaman, Caitlin E",June_2022,0012A,None,0,0,0,28.39,,28.39,0,13.61,0,84,0,0,0,0,-126,
"Beaman, Caitlin E",June_2022,1036F,None,0,0,0,0,,0,0,0,0,0,0,241,251,251,0,
"Beaman, Caitlin E",June_2022,1100F,None,0,0,0,0,,0,0,0,0,0,0,0,0,0,0,
"Beaman, Caitlin E",June_2022,1101F,None,0,0,0,0,,0,0,0,0,0,0,1,1,1,0,
"Beaman, Caitlin E",June_2022,1111F,None,0,0,0,0,,0,0,0,0,0,0,0,0,0,0,
"Beaman, Caitlin E",June_2022,11200,None,0,0,0,84.18,,84.18,0,115.82,0,0,0,0,0,0,-200,
"Beaman, Caitlin E",June_2022,1123F,None,0,0,0,0,,0,0,0,0,0,0,3,3,3,0,
"Beaman, Caitlin E",June_2022,1124F,None,0,0,0,0,,0,0,0,0,0,0,1,1,1,0,
"Beaman, Caitlin E",June_2022,1126F,None,0,0,0,0,,0,0,0,0,0,0,0,0,0,0,
"Beaman, Caitlin E",June_2022,1158F,None,0,0,0,0,,0,0,0,0,0,0,0,0,0,0,
"Beaman, Caitlin E",June_2022,1160F,None,0,0,0,0,,0,0,0,0,0,0,0,0,0,0,
"Beaman, Caitlin E",June_2022,1170F,None,0,0,0,0,,0,0,0,0,0,0,0,0,0,0,
"Beaman, Caitlin E",June_2022,17110,None,0,0,0,105.89,,0,105.89,0,0,0,0,0,0,0,-105.89,
"Beaman, Caitlin E",June_2022,2022F,None,0,0,0,0,,0,0,0,0,0,0,3,3,3,0,
"Beaman, Caitlin E",June_2022,3017F,None,0,0,0,0,,0,0,0,0,0,0,34,35,35,0,
"Beaman, Caitlin E",June_2022,3044F,None,0,0,0,0,,0,0,0,0,0,0,2,2,2,0,
"Beaman, Caitlin E",June_2022,3046F,None,0,0,0,0,,0,0,0,0,0,0,2,2,2,0,
"Beaman, Caitlin E",June_2022,3051F,None,0,0,0,0,,0,0,0,0,0,0,1,1,1,0,
"Beaman, Caitlin E",June_2022,3052F,None,0,0,0,0,,0,0,0,0,0,0,4,4,4,0,
"Beaman, Caitlin E",June_2022,3288F,None,0,0,0,0,,0,0,0,0,0,0,0,0,0,0,
"Beaman, Caitlin E",June_2022,4004F,None,0,0,0,0,,0,0,0,0,0,0,1,1,1,0,
"Beaman, Caitlin E",June_2022,4040F,None,0,0,0,0,,0,0,0,0,0,0,6,6,6,0,
"Beaman, Caitlin E",June_2022,69210,None,0,0,0,0,,0,0,0,0,0,0,0,0,0,0,
"Beaman, Caitlin E",June_2022,81003,None,60,48,12,6.24,0.104,5.66,0.58,62.44,0,0,0,5,5,5,-8.68,1.14466667
"Beaman, Caitlin E",June_2022,81025,None,20,20,0,7.32,0.366,7.32,0,12.68,0,20,0,1,1,1,-20,2
"Beaman, Caitlin E",June_2022,82962,None,0,0,0,1.97,,0,1.97,0,0,0,0,0,0,0,-1.97,
"Beaman, Caitlin E",June_2022,83036,None,35,35,0,7.19,0.20542857,7.19,0,27.81,0,0,0,1,1,1,0,1
"Beaman, Caitlin E",June_2022,86308,None,10,10,0,0,0,0,0,0,0,0,0,1,1,1,10,0
"Beaman, Caitlin E",June_2022,87426,None,750,675,75,598.13,0.79750667,523.13,75,901.87,0,675,0,10,10,10,-1425,2.9
"Beaman, Caitlin E",June_2022,87804,None,440,400,40,517.66,1.1765,421.24,96.42,292.8,0,360,0,11,11,22,-730.46,2.66013636
"Beaman, Caitlin E",June_2022,87811,None,75,75,0,47.3,0.63066667,47.3,0,102.7,0,0,0,1,1,1,-75,2
"Beaman, Caitlin E",June_2022,87880,None,192,160,32,64.89,0.33796875,64.89,0,145.8,0,0,0,6,6,6,-18.69,1.09734375
"Beaman, Caitlin E",June_2022,90460,None,0,0,0,0,,0,0,0,0,0,0,0,0,0,0,
"Beaman, Caitlin E",June_2022,90471,None,126,126,0,56.07,0.445,56.07,0,111.93,0,0,0,3,3,3,-42,1.33333333
"Beaman, Caitlin E",June_2022,90619,None,0,0,0,166.56,,166.56,0,138.44,0,0,0,0,0,0,-305,
"Beaman, Caitlin E",June_2022,90688,None,0,0,0,0,,0,0,0,0,0,0,0,0,0,0,
"Beaman, Caitlin E",June_2022,90707,None,0,0,0,0,,0,0,150,0,0,0,0,0,0,-150,
"Beaman, Caitlin E",June_2022,90713,None,0,0,0,44.27,,44.27,0,67.73,0,0,0,0,0,0,-112,
"Beaman, Caitlin E",June_2022,90715,None,180,180,0,99.18,0.551,99.18,0,20.82,0,0,0,3,3,3,60,0.66666667
"Beaman, Caitlin E",June_2022,90716,None,0,0,0,170.96,,170.96,0,89.04,0,0,0,0,0,0,-260,
"Beaman, Caitlin E",June_2022,91301,None,0,0,0,0,,0,0,0,0,0,0,0,0,0,0,
"Beaman, Caitlin E",June_2022,93000,None,70,70,0,16.03,0.229,0,16.03,18.97,0,0,0,2,2,2,35,0.5
"Beaman, Caitlin E",June_2022,94010,None,73,73,0,0,0,0,0,0,0,0,0,1,1,1,73,0
"Beaman, Caitlin E",June_2022,96372,None,84,84,0,11.62,0.13833333,11.62,0,59.02,0,0,0,1,2,2,13.36,0.84095238
"Beaman, Caitlin E",June_2022,99072,None,165,150,15,0,0,0,0,255,0,105,0,11,11,11,-195,2.18181818
"Beaman, Caitlin E",June_2022,99202,None,0,0,0,0,,0,0,0,0,302,0,0,0,0,-302,
"Beaman, Caitlin E",June_2022,99203,None,1519,1519,0,1254.14,0.82563529,518.12,736.02,903.93,0,217,0,7,7,7,-856.07,1.56357472
"Beaman, Caitlin E",June_2022,99204,None,330,330,0,172.69,0.52330303,141.97,30.72,188.03,0,0,0,1,1,1,-30.72,1.09309091
"Beaman, Caitlin E",June_2022,99212,None,0,0,0,25,,0,25,0,0,89,0,0,0,0,-114,
"Beaman, Caitlin E",June_2022,99213,None,11466,11466,0,5081.05,0.44314059,2979.46,2101.59,5432.98,0,1059,0,77,78,78,-107.03,1.00933455
"Beaman, Caitlin E",June_2022,99214,None,40750,40500,250,17015.54,0.41755926,13592.01,3423.53,25063.51,2.32,255,0,155,163,163,-1586.37,1.03892933
"Beaman, Caitlin E",June_2022,99385,None,2169,2169,0,1032.27,0.47591978,1032.27,0,1252.46,0,121,0,9,9,9,-236.73,1.10914246
"Beaman, Caitlin E",June_2022,99386,None,1632,1632,0,493.74,0.30253676,448.74,45,639.26,0,0,0,6,6,6,499,0.6942402
"Beaman, Caitlin E",June_2022,99392,None,0,0,0,92.66,,92.66,0,32.34,0,0,0,0,0,0,-125,
"Beaman, Caitlin E",June_2022,99393,None,332,332,0,92.33,0.27810241,92.33,0,73.67,0,0,0,2,2,2,166,0.5
"Beaman, Caitlin E",June_2022,99394,None,0,0,0,103.97,,103.97,0,82.03,0,0,0,0,0,0,-186,
"Beaman, Caitlin E",June_2022,99395,None,2472,2472,0,510.43,0.20648463,510.43,0,519.57,0,0,0,13,13,13,1442,0.41666667
"Beaman, Caitlin E",June_2022,99396,None,904,904,0,347.18,0.38404867,322.18,25,355.82,0,0,0,4,4,4,201,0.77765487
"Beaman, Caitlin E",June_2022,99439,None,114,114,0,120.54,1.05736842,120.54,0,1.06,0,0,0,3,3,3,-7.6,1.06666667
"Beaman, Caitlin E",June_2022,99490,None,850,850,0,701.06,0.82477647,701.06,0,329.76,0,0,0,9,10,10,-180.82,1.21272941
"Beaman, Caitlin E",June_2022,99497,None,0,0,0,67.3,,67.3,0,102.7,0,0,0,0,0,0,-170,
"Beaman, Caitlin E",June_2022,99498,None,0,0,0,58.31,,58.31,0,91.69,0,0,0,0,0,0,-150,
"Beaman, Caitlin E",June_2022,COLF,None,0,0,0,0.01,,0,0.01,0,0,0,0,0,0,0,-0.01,
"Beaman, Caitlin E",June_2022,G0030,None,0,0,0,0,,0,0,0,0,0,0,1,1,1,0,
"Beaman, Caitlin E",June_2022,G0438,None,0,0,0,0,,0,0,0,0,0,0,0,0,0,0,
"Beaman, Caitlin E",June_2022,G0439,None,0,0,0,-152.8,,-152.8,0,0,0,0,0,0,0,0,152.8,
"Beaman, Caitlin E",June_2022,G0444,None,0,0,0,-15.8,,-15.8,0,15.8,0,0,0,0,0,0,0,
"Beaman, Caitlin E",June_2022,G8399,None,0,0,0,0,,0,0,0,0,0,0,3,3,3,0,
"Beaman, Caitlin E",June_2022,G8400,None,0,0,0,0,,0,0,0,0,0,0,1,1,1,0,
"Beaman, Caitlin E",June_2022,G8417,None,0,0,0,0,,0,0,0,0,0,0,188,198,198,0,
"Beaman, Caitlin E",June_2022,G8418,None,0,0,0,0,,0,0,0,0,0,0,2,2,2,0,
"Beaman, Caitlin E",June_2022,G8419,None,0,0,0,0,,0,0,0,0,0,0,2,2,2,0,
"Beaman, Caitlin E",June_2022,G8420,None,0,0,0,0,,0,0,0,0,0,0,66,67,67,0,
"Beaman, Caitlin E",June_2022,G8427,None,0,0,0,0,,0,0,0,0,0,0,264,275,276,0,
"Beaman, Caitlin E",June_2022,G8430,None,0,0,0,0,,0,0,0,0,0,0,0,0,0,0,
"Beaman, Caitlin E",June_2022,G8431,None,0,0,0,0,,0,0,0,0,0,0,45,50,50,0,
"Beaman, Caitlin E",June_2022,G8482,None,0,0,0,0,,0,0,0,0,0,0,53,53,53,0,
"Beaman, Caitlin E",June_2022,G8483,None,0,0,0,0,,0,0,0,0,0,0,115,120,120,0,
"Beaman, Caitlin E",June_2022,G8484,None,0,0,0,0,,0,0,0,0,0,0,0,0,0,0,
"Beaman, Caitlin E",June_2022,G8510,None,0,0,0,0,,0,0,0,0,0,0,220,225,225,0,
"Beaman, Caitlin E",June_2022,G8734,None,0,0,0,0,,0,0,0,0,0,0,2,2,2,0,
"Beaman, Caitlin E",June_2022,G8752,None,0,0,0,0,,0,0,0,0,0,0,57,60,60,0,
"Beaman, Caitlin E",June_2022,G8753,None,0,0,0,0,,0,0,0,0,0,0,11,11,11,0,
"Beaman, Caitlin E",June_2022,G8754,None,0,0,0,0,,0,0,0,0,0,0,62,66,66,0,
"Beaman, Caitlin E",June_2022,G8755,None,0,0,0,0,,0,0,0,0,0,0,5,5,5,0,
"Beaman, Caitlin E",June_2022,G8756,None,0,0,0,0,,0,0,0,0,0,0,0,0,0,0,
"Beaman, Caitlin E",June_2022,G8783,None,0,0,0,0,,0,0,0,0,0,0,236,246,247,0,
"Beaman, Caitlin E",June_2022,G8950,None,0,0,0,0,,0,0,0,0,0,0,19,19,19,0,
"Beaman, Caitlin E",June_2022,G8952,None,0,0,0,0,,0,0,0,0,0,0,2,2,2,0,
"Beaman, Caitlin E",June_2022,G9708,None,0,0,0,0,,0,0,0,0,0,0,1,1,1,0,
"Beaman, Caitlin E",June_2022,G9717,None,0,0,0,0,,0,0,0,0,0,0,4,4,4,0,
"Beaman, Caitlin E",June_2022,G9899,None,0,0,0,0,,0,0,0,0,0,0,10,10,10,0,
"Beaman, Caitlin E",June_2022,G9900,None,0,0,0,0,,0,0,0,0,0,0,4,4,4,0,
"Beaman, Caitlin E",June_2022,G9902,None,0,0,0,0,,0,0,0,0,0,0,26,27,27,0,
"Beaman, Caitlin E",June_2022,G9903,None,0,0,0,0,,0,0,0,0,0,0,234,244,244,0,
"Beaman, Caitlin E",June_2022,G9905,None,0,0,0,0,,0,0,0,0,0,0,3,3,3,0,
"Beaman, Caitlin E",June_2022,G9906,None,0,0,0,0,,0,0,0,0,0,0,2,2,2,0,
"Beaman, Caitlin E",June_2022,G9908,None,0,0,0,0,,0,0,0,0,0,0,3,3,3,0,
"Beaman, Caitlin E",June_2022,G9989,None,0,0,0,0,,0,0,0,0,0,0,1,1,1,0,
"Beaman, Caitlin E",June_2022,G9991,None,0,0,0,0,,0,0,0,0,0,0,4,4,4,0,
"Beaman, Caitlin E",June_2022,INTBL,None,0,0,0,0,,0,0,0,0,0,0,0,0,0,0,
"Beaman, Caitlin E",June_2022,INTC,None,0,0,0,0,,0,0,0,0,0,0,0,0,0,0,
"Beaman, Caitlin E",June_2022,INTM,None,0.03,0.03,0,0,0,0,0,0,0,0,0,1,1,1,0.03,0
"Beaman, Caitlin E",July_2022,1036F,None,0.01,0.01,0,0,0,0,0,0,0,0,0,257,269,269,0.01,0
"Beaman, Caitlin E",July_2022,1100F,None,0,0,0,0,,0,0,0,0,0,0,0,0,0,0,
"Beaman, Caitlin E",July_2022,1101F,None,0,0,0,0,,0,0,0,0,0,0,1,1,1,0,
"Beaman, Caitlin E",July_2022,11200,None,600,600,0,39.18,0.0653,39.18,0,115.82,0,0,0,3,3,3,445,0.25833333
"Beaman, Caitlin E",July_2022,1123F,None,0,0,0,0,,0,0,0,0,0,0,2,2,2,0,
"Beaman, Caitlin E",July_2022,1124F,None,0,0,0,0,,0,0,0,0,0,0,0,0,0,0,
"Beaman, Caitlin E",July_2022,2022F,None,0,0,0,0,,0,0,0,0,0,0,6,6,6,0,
"Beaman, Caitlin E",July_2022,2024F,None,0,0,0,0,,0,0,0,0,0,0,1,1,1,0,
"Beaman, Caitlin E",July_2022,20605,None,103,103,0,0,0,0,0,0,0,0,0,1,1,1,103,0
"Beaman, Caitlin E",July_2022,3017F,None,0,0,0,0,,0,0,0,0,0,0,30,31,31,0,
"Beaman, Caitlin E",July_2022,3044F,None,0,0,0,0,,0,0,0,0,0,0,6,6,6,0,
"Beaman, Caitlin E",July_2022,3046F,None,0,0,0,0,,0,0,0,0,0,0,3,4,4,0,
"Beaman, Caitlin E",July_2022,3051F,None,0,0,0,10,,10,0,-10,0,0,0,7,7,7,0,
"Beaman, Caitlin E",July_2022,3052F,None,0,0,0,0,,0,0,0,0,0,0,2,2,2,0,
"Beaman, Caitlin E",July_2022,3288F,None,0,0,0,0,,0,0,0,0,0,0,0,0,0,0,
"Beaman, Caitlin E",July_2022,4004F,None,0,0,0,0,,0,0,0,0,0,0,0,0,0,0,
"Beaman, Caitlin E",July_2022,4040F,None,0,0,0,0,,0,0,0,0,0,0,13,14,14,0,
"Beaman, Caitlin E",July_2022,5015F,None,0,0,0,0,,0,0,0,0,0,0,1,1,1,0,
"Beaman, Caitlin E",July_2022,69210,None,0,0,0,0,,0,0,0,0,0,0,0,0,0,0,
"Beaman, Caitlin E",July_2022,81003,None,24,24,0,3,0.125,1.34,1.66,21,0,12,0,2,2,2,-12,1.5
"Beaman, Caitlin E",July_2022,81025,None,0,0,0,5.17,,5.17,0,14.83,0,0,0,0,0,0,-20,
"Beaman, Caitlin E",July_2022,83036,None,35,35,0,0,0,0,0,0,0,0,0,1,1,1,35,0
"Beaman, Caitlin E",July_2022,86308,None,0,0,0,2.8,,2.8,0,6.89,0,0,0,0,0,0,-9.69,
"Beaman, Caitlin E",July_2022,87426,None,1350,1350,0,420.74,0.31165926,401.74,19,648.26,0,0,0,18,18,18,281,0.79185185
"Beaman, Caitlin E",July_2022,87804,None,720,720,0,354.08,0.49177778,326.14,27.94,254,0,25,0,18,18,36,86.92,0.87927778
"Beaman, Caitlin E",July_2022,87811,None,75,75,0,5.92,0.07893333,5.92,0,69.08,0,0,0,1,1,1,0,1
"Beaman, Caitlin E",July_2022,87880,None,416,416,0,111.42,0.26783654,98.62,12.8,233.54,0,22,0,13,13,13,49.04,0.88211538
"Beaman, Caitlin E",July_2022,90460,None,84,84,0,45.2,0.53809524,45.2,0,80.8,0,0,0,1,2,2,-42,1.5
"Beaman, Caitlin E",July_2022,90461,None,52,52,0,34,0.65384615,34,0,18,0,0,0,1,1,2,0,1
"Beaman, Caitlin E",July_2022,90471,None,168,168,0,44,0.26190476,44,0,82,0,0,0,4,4,4,42,0.75
"Beaman, Caitlin E",July_2022,90670,None,0,0,0,0,,0,0,0,0,0,0,0,0,0,0,
"Beaman, Caitlin E",July_2022,90688,None,30,30,0,0,0,0,0,0,0,0,0,1,1,1,30,0
"Beaman, Caitlin E",July_2022,90707,None,150,150,0,88,0.58666667,88,0,62,0,0,0,1,1,1,0,1
"Beaman, Caitlin E",July_2022,90713,None,0,0,0,0,,0,0,0,0,0,0,0,0,0,0,
"Beaman, Caitlin E",July_2022,90715,None,180,180,0,133.64,0.74244444,133.64,0,46.36,0,0,0,3,3,3,0,1
"Beaman, Caitlin E",July_2022,90716,None,260,260,0,0,0,0,0,0,0,0,0,1,1,1,260,0
"Beaman, Caitlin E",July_2022,93000,None,70,70,0,9.71,0.13871429,9.71,0,66.15,0,0,0,2,2,2,-5.86,1.08371429
"Beaman, Caitlin E",July_2022,94010,None,73,73,0,57.79,0.79164384,24.38,33.41,88.21,0,0,0,1,1,1,-73,2
"Beaman, Caitlin E",July_2022,95800,None,0,0,0,10,,0,10,0,0,0,0,0,0,0,-10,
"Beaman, Caitlin E",July_2022,96372,None,0,0,0,24.98,,11.62,13.36,30.38,0,0,0,0,0,0,-55.36,
"Beaman, Caitlin E",July_2022,99072,None,195,195,0,5.25,0.02692308,5.25,0,159.75,0,15,0,13,13,13,15,0.92307692
"Beaman, Caitlin E",July_2022,99203,None,2170,2170,0,1255.2,0.57843318,842.83,412.37,1050.96,0,0,0,10,10,10,-136.16,1.06274654
"Beaman, Caitlin E",July_2022,99204,None,1650,1650,0,757.45,0.45906061,350.52,406.93,739.13,0,0,0,5,5,5,153.42,0.90701818
"Beaman, Caitlin E",July_2022,99205,None,0,0,0,146.08,,146.08,0,269.92,0,0,0,0,0,0,-416,
"Beaman, Caitlin E",July_2022,99212,None,89,89,0,16.91,0.19,16.91,0,47.09,0,0,0,1,1,1,25,0.71910112
"Beaman, Caitlin E",July_2022,99213,None,10878,10878,0,6988.93,0.64248299,3797.73,3191.2,7014.15,0,392.26,0,69,74,74,-3517.34,1.32334436
"Beaman, Caitlin E",July_2022,99214,None,41000,40750,250,18692.03,0.45590317,14530.69,4161.34,28281.37,0,420,0,160,164,164,-6393.4,1.15593659
"Beaman, Caitlin E",July_2022,99385,None,6025,5543,482,2587.99,0.42954191,2352.99,235,2467.01,0,111,0,25,25,25,859,0.85742739
"Beaman, Caitlin E",July_2022,99386,None,3808,3808,0,1594.42,0.41870273,1464.42,130,1351.91,0,0,0,14,14,14,861.67,0.77372111
"Beaman, Caitlin E",July_2022,99393,None,166,166,0,300.66,1.81120482,300.66,0,197.34,0,0,0,1,1,1,-332,3
"Beaman, Caitlin E",July_2022,99394,None,186,186,0,0,0,0,0,0,0,0,0,1,1,1,186,0
"Beaman, Caitlin E",July_2022,99395,None,1030,1030,0,1043.74,1.01333981,1028.74,15,1031.26,0,0,0,5,5,5,-1045,2.01456311
"Beaman, Caitlin E",July_2022,99396,None,678,678,0,333.07,0.49125369,318.07,15,359.93,0,0,0,3,3,3,-15,1.02212389
"Beaman, Caitlin E",July_2022,99439,None,160,160,0,72.44,0.45275,72.44,0,78.78,0,0,0,1,1,2,8.78,0.945125
"Beaman, Caitlin E",July_2022,99454,None,65,65,0,36.92,0.568,36.92,0,18.66,0,0,0,1,1,1,9.42,0.85507692
"Beaman, Caitlin E",July_2022,99457,None,55,55,0,33.6,0.61090909,33.6,0,12.92,0,0,0,1,1,1,8.48,0.84581818
"Beaman, Caitlin E",July_2022,99490,None,850,850,0,318.59,0.37481176,318.59,0,178.68,0,0,0,10,10,10,352.73,0.58502353
"Beaman, Caitlin E",July_2022,COLF,None,49.5,49.5,0,0,0,0,0,0,0,0,0,1,1,1,49.5,0
"Beaman, Caitlin E",July_2022,G0009,None,0,0,0,0,,0,0,0,0,0,0,0,0,0,0,
"Beaman, Caitlin E",July_2022,G0030,None,0,0,0,0,,0,0,0,0,0,0,1,1,1,0,
"Beaman, Caitlin E",July_2022,G0101,None,77,77,0,0,0,0,0,0,0,0,0,1,1,1,77,0
"Beaman, Caitlin E",July_2022,G0402,None,336,336,0,0,0,0,0,0,0,0,0,1,1,1,336,0
"Beaman, Caitlin E",July_2022,G8399,None,0,0,0,0,,0,0,0,0,0,0,7,8,8,0,
"Beaman, Caitlin E",July_2022,G8400,None,0,0,0,0,,0,0,0,0,0,0,1,1,1,0,
"Beaman, Caitlin E",July_2022,G8417,None,0.01,0.01,0,0,0,0,0,0,0,0,0,208,217,217,0.01,0
"Beaman, Caitlin E",July_2022,G8418,None,0,0,0,0,,0,0,0,0,0,0,5,5,5,0,
"Beaman, Caitlin E",July_2022,G8419,None,0,0,0,0,,0,0,0,0,0,0,0,0,0,0,
"Beaman, Caitlin E",July_2022,G8420,None,0,0,0,0,,0,0,0,0,0,0,70,71,71,0,
"Beaman, Caitlin E",July_2022,G8427,None,0.01,0.01,0,0,0,0,0,0,0,0,0,287,299,300,0.01,0
"Beaman, Caitlin E",July_2022,G8431,None,0,0,0,0,,0,0,0,0,0,0,42,43,43,0,
"Beaman, Caitlin E",July_2022,G8482,None,0,0,0,0,,0,0,0,0,0,0,49,53,53,0,
"Beaman, Caitlin E",July_2022,G8483,None,0,0,0,0,,0,0,0,0,0,0,71,72,72,0,
"Beaman, Caitlin E",July_2022,G8484,None,0,0,0,0,,0,0,0,0,0,0,1,1,1,0,
"Beaman, Caitlin E",July_2022,G8510,None,0.01,0.01,0,0,0,0,0,0,0,0,0,247,259,259,0.01,0
"Beaman, Caitlin E",July_2022,G8734,None,0,0,0,0,,0,0,0,0,0,0,7,7,7,0,
"Beaman, Caitlin E",July_2022,G8752,None,0,0,0,0,,0,0,0,0,0,0,59,62,62,0,
"Beaman, Caitlin E",July_2022,G8753,None,0,0,0,0,,0,0,0,0,0,0,17,17,17,0,
"Beaman, Caitlin E",July_2022,G8754,None,0,0,0,0,,0,0,0,0,0,0,66,69,69,0,
"Beaman, Caitlin E",July_2022,G8755,None,0,0,0,0,,0,0,0,0,0,0,10,10,10,0,
"Beaman, Caitlin E",July_2022,G8756,None,0,0,0,0,,0,0,0,0,0,0,1,2,2,0,
"Beaman, Caitlin E",July_2022,G8783,None,0.01,0.01,0,0,0,0,0,0,0,0,0,252,262,262,0.01,0
"Beaman, Caitlin E",July_2022,G8950,None,0,0,0,0,,0,0,0,0,0,0,29,30,30,0,
"Beaman, Caitlin E",July_2022,G8952,None,0,0,0,0,,0,0,0,0,0,0,2,2,2,0,
"Beaman, Caitlin E",July_2022,G9708,None,0,0,0,0,,0,0,0,0,0,0,1,1,1,0,
"Beaman, Caitlin E",July_2022,G9717,None,0,0,0,0,,0,0,0,0,0,0,2,2,2,0,
"Beaman, Caitlin E",July_2022,G9899,None,0,0,0,0,,0,0,0,0,0,0,10,11,11,0,
"Beaman, Caitlin E",July_2022,G9900,None,0,0,0,0,,0,0,0,0,0,0,7,7,7,0,
"Beaman, Caitlin E",July_2022,G9902,None,0,0,0,0,,0,0,0,0,0,0,31,31,31,0,
"Beaman, Caitlin E",July_2022,G9903,None,0.01,0.01,0,0,0,0,0,0,0,0,0,256,268,268,0.01,0
"Beaman, Caitlin E",July_2022,G9905,None,0,0,0,0,,0,0,0,0,0,0,0,0,0,0,
"Beaman, Caitlin E",July_2022,G9906,None,0,0,0,0,,0,0,0,0,0,0,3,3,3,0,
"Beaman, Caitlin E",July_2022,G9908,None,0,0,0,0,,0,0,0,0,0,0,2,2,2,0,
"Beaman, Caitlin E",July_2022,G9990,None,0,0,0,0,,0,0,0,0,0,0,2,2,2,0,
"Beaman, Caitlin E",July_2022,G9991,None,0,0,0,0,,0,0,0,0,0,0,17,17,17,0,
"Beaman, Caitlin E",July_2022,INTBL,None,0.02,0.02,0,0,0,0,0,0,0,0,0,1,1,1,0.02,0
"Beaman, Caitlin E",July_2022,INTM,None,0,0,0,0.03,,0.03,0,0,0,0,0,0,0,0,-0.03,
"Beaman, Caitlin E",July_2022,J3301,None,15.56,15.56,0,0,0,0,0,0,0,0,0,1,1,4,15.56,0
"Beaman, Caitlin E",July_2022,Q0091,None,90,90,0,0,0,0,0,0,0,0,0,1,1,1,90,0
"Beaman, Caitlin E",August_2022,10060,None,240,240,0,114.91,0.47879167,114.91,0,125.09,0,0,0,1,1,1,0,1
"Beaman, Caitlin E",August_2022,1036F,None,0,0,0,0,,0,0,0,0,0,0,280,288,288,0,
"Beaman, Caitlin E",August_2022,1100F,None,0,0,0,0,,0,0,0,0,0,0,0,0,0,0,
"Beaman, Caitlin E",August_2022,1101F,None,0,0,0,0,,0,0,0,0,0,0,0,0,0,0,
"Beaman, Caitlin E",August_2022,1111F,None,0,0,0,0,,0,0,0,0,0,0,2,2,2,0,
"Beaman, Caitlin E",August_2022,11200,None,0,0,0,81.84,,0,81.84,261.16,0,0,0,0,0,0,-343,
"Beaman, Caitlin E",August_2022,1123F,None,0,0,0,0,,0,0,0,0,0,0,3,3,3,0,
"Beaman, Caitlin E",August_2022,2022F,None,0,0,0,0,,0,0,0,0,0,0,2,2,2,0,
"Beaman, Caitlin E",August_2022,2024F,None,0,0,0,0,,0,0,0,0,0,0,0,0,0,0,
"Beaman, Caitlin E",August_2022,20526,None,314,314,0,0,0,0,0,0,0,0,0,1,1,1,314,0
"Beaman, Caitlin E",August_2022,20605,None,0,0,0,25.37,,25.37,0,57.63,0,0,0,0,0,0,-83,
"Beaman, Caitlin E",August_2022,3017F,None,0,0,0,0,,0,0,0,0,0,0,27,27,27,0,
"Beaman, Caitlin E",August_2022,3044F,None,0,0,0,0,,0,0,0,0,0,0,7,7,7,0,
"Beaman, Caitlin E",August_2022,3046F,None,0,0,0,0,,0,0,0,0,0,0,1,1,1,0,
"Beaman, Caitlin E",August_2022,3051F,None,0,0,0,0,,0,0,0,0,0,0,3,3,3,0,
"Beaman, Caitlin E",August_2022,3052F,None,0,0,0,0,,0,0,0,0,0,0,2,2,2,0,
"Beaman, Caitlin E",August_2022,3288F,None,0,0,0,0,,0,0,0,0,0,0,0,0,0,0,
"Beaman, Caitlin E",August_2022,4040F,None,0,0,0,0,,0,0,0,0,0,0,4,5,5,0,
"Beaman, Caitlin E",August_2022,69210,None,196,196,0,0,0,0,0,0,0,0,0,1,1,1,196,0
"Beaman, Caitlin E",August_2022,81003,None,120,108,12,31.58,0.26316667,14.01,17.57,103.07,0,0,0,10,10,10,-14.65,1.12208333
"Beaman, Caitlin E",August_2022,81025,None,20,20,0,0.77,0.0385,0,0.77,0,0,0,0,1,1,1,19.23,0.0385
"Beaman, Caitlin E",August_2022,83036,None,0,0,0,5,,0,5,30.92,0,0,0,0,0,0,-35.92,
"Beaman, Caitlin E",August_2022,86308,None,0,0,0,0.31,,0,0.31,0,0,0,0,0,0,0,-0.31,
"Beaman, Caitlin E",August_2022,87426,None,825,825,0,458.47,0.55572121,458.47,0,846.3,0,0,0,11,11,11,-479.77,1.58153939
"Beaman, Caitlin E",August_2022,87804,None,340,340,0,358.59,1.05467647,313.79,44.8,296.7,0,0,0,9,9,17,-315.29,1.92732353
"Beaman, Caitlin E",August_2022,87811,None,0,0,0,0,,0,0,0,0,0,0,0,0,0,0,
"Beaman, Caitlin E",August_2022,87880,None,96,96,0,95.94,0.999375,76.02,19.92,170.06,0,0,0,3,3,3,-170,2.77083333
"Beaman, Caitlin E",August_2022,90460,None,84,84,0,51,0.60714286,51,0,75,0,0,0,1,1,2,-42,1.5
"Beaman, Caitlin E",August_2022,90471,None,168,168,0,37.4,0.22261905,37.4,0,130.6,0,0,0,4,4,4,0,1
"Beaman, Caitlin E",August_2022,90472,None,26,26,0,0,0,0,0,0,0,0,0,1,1,1,26,0
"Beaman, Caitlin E",August_2022,90651,None,900,900,0,255,0.28333333,255,0,195,0,0,0,2,2,2,450,0.5
"Beaman, Caitlin E",August_2022,90662,None,0,0,0,0,,0,0,0,0,0,0,0,0,0,0,
"Beaman, Caitlin E",August_2022,90688,None,30,30,0,20,0.66666667,20,0,10,0,0,0,1,1,1,0,1
"Beaman, Caitlin E",August_2022,90715,None,180,180,0,112.34,0.62411111,112.34,0,67.66,0,0,0,3,3,3,0,1
"Beaman, Caitlin E",August_2022,90716,None,0,0,0,153,,153,0,107,0,0,0,0,0,0,-260,
"Beaman, Caitlin E",August_2022,90734,None,201,201,0,145,0.72139303,145,0,56,0,0,0,1,1,1,0,1
"Beaman, Caitlin E",August_2022,93000,None,175,175,0,60.74,0.34708571,46.31,14.43,87.53,0,0,0,5,5,5,26.73,0.84725714
"Beaman, Caitlin E",August_2022,94010,None,73,73,0,0,0,0,0,0,0,0,0,1,1,1,73,0
"Beaman, Caitlin E",August_2022,95800,None,357,357,0,98.49,0.27588235,98.49,0,216.3,0,0,0,1,1,1,42.21,0.88176471
"Beaman, Caitlin E",August_2022,96127,None,0,0,0,4.68,,0,4.68,0,0,0,0,0,0,0,-4.68,
"Beaman, Caitlin E",August_2022,96372,None,84,84,0,-11.66,-0.13880952,-11.66,0,0,0,0,0,2,2,2,95.66,-0.13880952
"Beaman, Caitlin E",August_2022,99072,None,75,75,0,5.25,0.07,5.25,0,174.75,0,0,0,5,5,5,-105,2.4
"Beaman, Caitlin E",August_2022,99202,None,0,0,0,0,,0,0,67.9,0,0,0,0,0,0,-67.9,
"Beaman, Caitlin E",August_2022,99203,None,2170,2170,0,1005.13,0.46319355,749.58,255.55,1214.3,0,112.95,0,10,10,10,-162.38,1.07482949
"Beaman, Caitlin E",August_2022,99204,None,330,330,0,610.75,1.85075758,325.55,285.2,536.49,0,0,0,1,1,1,-817.24,3.47648485
"Beaman, Caitlin E",August_2022,99213,None,12348,12054,294,7217.61,0.58451652,4162.74,3054.87,6353.45,0,285.11,0,82,84,84,-1508.17,1.12213881
"Beaman, Caitlin E",August_2022,99214,None,42500,41750,750,20577.48,0.484176,15546.6,5030.88,26152.24,2.58,680.35,0,164,170,170,-4912.65,1.11559176
"Beaman, Caitlin E",August_2022,99215,None,0,0,0,-102.63,,-102.63,0,0,0,0,0,0,0,0,102.63,
"Beaman, Caitlin E",August_2022,99384,None,216,216,0,129.28,0.59851852,129.28,0,86.72,0,0,0,1,1,1,0,1
"Beaman, Caitlin E",August_2022,99385,None,3615,3615,0,2131.86,0.58972614,1930.86,201,2166.14,0,0,0,15,15,15,-683,1.18893499
"Beaman, Caitlin E",August_2022,99386,None,4352,4352,0,1803.51,0.41440947,1778.51,25,2171.77,0,0,0,16,16,16,376.72,0.9134375
"Beaman, Caitlin E",August_2022,99394,None,0,0,0,103.97,,103.97,0,82.03,0,0,0,0,0,0,-186,
"Beaman, Caitlin E",August_2022,99395,None,1854,1854,0,1008.28,0.54384035,983.28,25,1076.72,0,0,0,9,9,9,-231,1.12459547
"Beaman, Caitlin E",August_2022,99396,None,2486,2486,0,944.43,0.37989944,919.43,25,888.57,0,0,0,11,11,11,653,0.73732904
"Beaman, Caitlin E",August_2022,99439,None,80,80,0,63.58,0.79475,63.58,0,32.8,0,0,0,1,1,1,-16.38,1.20475
"Beaman, Caitlin E",August_2022,99454,None,65,65,0,9.42,0.14492308,0,9.42,0,0,0,0,1,1,1,55.58,0.14492308
"Beaman, Caitlin E",August_2022,99457,None,55,55,0,8.48,0.15418182,0,8.48,0,0,0,0,1,1,1,46.52,0.15418182
"Beaman, Caitlin E",August_2022,99490,None,765,765,0,642.03,0.8392549,642.03,0,475.7,0,0,0,9,9,9,-352.73,1.46108497
"Beaman, Caitlin E",August_2022,COLF,None,0,0,0,70.92,,0,70.92,0,0,0,0,0,0,0,-70.92,
"Beaman, Caitlin E",August_2022,G0008,None,0,0,0,0,,0,0,0,0,0,0,0,0,0,0,
"Beaman, Caitlin E",August_2022,G0029,None,0,0,0,0,,0,0,0,0,0,0,1,1,1,0,
"Beaman, Caitlin E",August_2022,G0030,None,0,0,0,0,,0,0,0,0,0,0,1,1,1,0,
"Beaman, Caitlin E",August_2022,G0101,None,0,0,0,33.46,,33.46,0,43.54,0,0,0,0,0,0,-77,
"Beaman, Caitlin E",August_2022,G0402,None,0,0,0,140.44,,140.44,0,195.56,0,0,0,0,0,0,-336,
"Beaman, Caitlin E",August_2022,G0439,None,0,0,0,0,,0,0,0,0,0,0,0,0,0,0,
"Beaman, Caitlin E",August_2022,G8399,None,0,0,0,0,,0,0,0,0,0,0,4,4,4,0,
"Beaman, Caitlin E",August_2022,G8400,None,0,0,0,0,,0,0,0,0,0,0,2,2,2,0,
"Beaman, Caitlin E",August_2022,G8417,None,0,0,0,0,,0,0,0,0,0,0,210,216,216,0,
"Beaman, Caitlin E",August_2022,G8418,None,0,0,0,0,,0,0,0,0,0,0,6,7,7,0,
"Beaman, Caitlin E",August_2022,G8420,None,0,0,0,0,,0,0,0,0,0,0,81,84,84,0,
"Beaman, Caitlin E",August_2022,G8427,None,0,0,0,0,,0,0,0,0,0,0,300,310,310,0,
"Beaman, Caitlin E",August_2022,G8430,None,0,0,0,0,,0,0,0,0,0,0,1,1,1,0,
"Beaman, Caitlin E",August_2022,G8431,None,0,0,0,0,,0,0,0,0,0,0,46,49,49,0,
"Beaman, Caitlin E",August_2022,G8482,None,0,0,0,0,,0,0,0,0,0,0,38,39,39,0,
"Beaman, Caitlin E",August_2022,G8483,None,0,0,0,0,,0,0,0,0,0,0,82,85,85,0,
"Beaman, Caitlin E",August_2022,G8484,None,0,0,0,0,,0,0,0,0,0,0,0,0,0,0,
"Beaman, Caitlin E",August_2022,G8510,None,0,0,0,0,,0,0,0,0,0,0,260,267,267,0,
"Beaman, Caitlin E",August_2022,G8734,None,0,0,0,0,,0,0,0,0,0,0,4,4,4,0,
"Beaman, Caitlin E",August_2022,G8752,None,0,0,0,0,,0,0,0,0,0,0,49,51,51,0,
"Beaman, Caitlin E",August_2022,G8753,None,0,0,0,0,,0,0,0,0,0,0,20,21,21,0,
"Beaman, Caitlin E",August_2022,G8754,None,0,0,0,0,,0,0,0,0,0,0,57,60,60,0,
"Beaman, Caitlin E",August_2022,G8755,None,0,0,0,0,,0,0,0,0,0,0,12,12,12,0,
"Beaman, Caitlin E",August_2022,G8756,None,0,0,0,0,,0,0,0,0,0,0,1,1,1,0,
"Beaman, Caitlin E",August_2022,G8783,None,0,0,0,0,,0,0,0,0,0,0,266,273,273,0,
"Beaman, Caitlin E",August_2022,G8924,None,0,0,0,0,,0,0,0,0,0,0,0,0,0,0,
"Beaman, Caitlin E",August_2022,G8938,None,0,0,0,0,,0,0,0,0,0,0,0,0,0,0,
"Beaman, Caitlin E",August_2022,G8950,None,0,0,0,0,,0,0,0,0,0,0,31,33,33,0,
"Beaman, Caitlin E",August_2022,G8952,None,0,0,0,0,,0,0,0,0,0,0,1,1,1,0,
"Beaman, Caitlin E",August_2022,G8967,None,0,0,0,0,,0,0,0,0,0,0,1,1,1,0,
"Beaman, Caitlin E",August_2022,G9695,None,0,0,0,0,,0,0,0,0,0,0,0,0,0,0,
"Beaman, Caitlin E",August_2022,G9708,None,0,0,0,0,,0,0,0,0,0,0,0,0,0,0,
"Beaman, Caitlin E",August_2022,G9717,None,0,0,0,0,,0,0,0,0,0,0,0,0,0,0,
"Beaman, Caitlin E",August_2022,G9899,None,0,0,0,0,,0,0,0,0,0,0,7,7,7,0,
"Beaman, Caitlin E",August_2022,G9900,None,0,0,0,0,,0,0,0,0,0,0,7,7,7,0,
"Beaman, Caitlin E",August_2022,G9902,None,0,0,0,0,,0,0,0,0,0,0,21,23,23,0,
"Beaman, Caitlin E",August_2022,G9903,None,0,0,0,0,,0,0,0,0,0,0,280,288,288,0,
"Beaman, Caitlin E",August_2022,G9906,None,0,0,0,0,,0,0,0,0,0,0,1,1,1,0,
"Beaman, Caitlin E",August_2022,G9908,None,0,0,0,0,,0,0,0,0,0,0,2,3,3,0,
"Beaman, Caitlin E",August_2022,G9990,None,0,0,0,0,,0,0,0,0,0,0,1,1,1,0,
"Beaman, Caitlin E",August_2022,G9991,None,0,0,0,0,,0,0,0,0,0,0,9,9,9,0,
"Beaman, Caitlin E",August_2022,INTUC,None,0.02,0.02,0,0,0,0,0,0,0,0,0,1,1,1,0.02,0
"Beaman, Caitlin E",August_2022,J3301,None,15.56,15.56,0,4.48,0.28791774,4.48,0,11.08,0,0,0,1,1,4,0,1
"Beaman, Caitlin E",August_2022,Q0091,None,0,0,0,43.23,,43.23,0,46.77,0,0,0,0,0,0,-90,
"Beaman, Caitlin E",September_2022,1036F,None,0,0,0,0,,0,0,0,0,0,0,208,210,210,0,
"Beaman, Caitlin E",September_2022,1100F,None,0,0,0,0,,0,0,0,0,0,0,0,0,0,0,
"Beaman, Caitlin E",September_2022,1111F,None,0,0,0,0,,0,0,0,0,0,0,0,0,0,0,
"Beaman, Caitlin E",September_2022,1123F,None,0,0,0,0,,0,0,0,0,0,0,1,1,1,0,
"Beaman, Caitlin E",September_2022,1124F,None,0,0,0,0,,0,0,0,0,0,0,2,2,2,0,
"Beaman, Caitlin E",September_2022,1125F,None,0,0,0,0,,0,0,0,0,0,0,3,3,3,0,
"Beaman, Caitlin E",September_2022,1126F,None,0,0,0,0,,0,0,0,0,0,0,1,1,1,0,
"Beaman, Caitlin E",September_2022,1158F,None,0,0,0,0,,0,0,0,0,0,0,4,4,4,0,
"Beaman, Caitlin E",September_2022,1160F,None,0,0,0,0,,0,0,0,0,0,0,4,4,4,0,
"Beaman, Caitlin E",September_2022,1170F,None,0,0,0,0,,0,0,0,0,0,0,4,4,4,0,
"Beaman, Caitlin E",September_2022,2022F,None,0,0,0,0,,0,0,0,0,0,0,1,1,1,0,
"Beaman, Caitlin E",September_2022,2024F,None,0,0,0,0,,0,0,0,0,0,0,1,1,1,0,
"Beaman, Caitlin E",September_2022,20526,None,0,0,0,112.76,,112.76,0,201.24,0,0,0,0,0,0,-314,
"Beaman, Caitlin E",September_2022,3017F,None,0,0,0,0,,0,0,0,0,0,0,29,29,29,0,
"Beaman, Caitlin E",September_2022,3044F,None,0,0,0,0,,0,0,0,0,0,0,3,3,3,0,
"Beaman, Caitlin E",September_2022,3046F,None,0,0,0,0,,0,0,0,0,0,0,2,2,2,0,
"Beaman, Caitlin E",September_2022,3051F,None,0,0,0,0,,0,0,0,0,0,0,4,4,4,0,
"Beaman, Caitlin E",September_2022,3052F,None,0,0,0,0,,0,0,0,0,0,0,4,4,4,0,
"Beaman, Caitlin E",September_2022,3288F,None,0,0,0,0,,0,0,0,0,0,0,0,0,0,0,
"Beaman, Caitlin E",September_2022,4040F,None,0,0,0,0,,0,0,0,0,0,0,2,2,2,0,
"Beaman, Caitlin E",September_2022,69210,None,0,0,0,40,,40,0,156,0,0,0,0,0,0,-196,
"Beaman, Caitlin E",September_2022,81003,None,36,36,0,1.93,0.05361111,1.66,0.27,41.49,0,0,0,3,3,3,-7.42,1.20611111
"Beaman, Caitlin E",September_2022,81025,None,20,20,0,5.17,0.2585,5.17,0,14.83,0,0,0,1,1,1,0,1
"Beaman, Caitlin E",September_2022,83036,None,0,0,0,4.08,,0,4.08,0,0,0,0,0,0,0,-4.08,
"Beaman, Caitlin E",September_2022,87426,None,600,600,0,293.91,0.48985,293.91,0,505.79,0,0,0,8,8,8,-199.7,1.33283333
"Beaman, Caitlin E",September_2022,87804,None,240,240,0,130.09,0.54204167,90.37,39.72,110.05,0,0,0,6,6,12,-0.14,1.00058333
"Beaman, Caitlin E",September_2022,87811,None,0,0,0,-5.92,,-5.92,0,0,0,0,0,0,0,0,5.92,
"Beaman, Caitlin E",September_2022,87880,None,0,0,0,11.41,,11.41,0,20.59,0,0,0,0,0,0,-32,
"Beaman, Caitlin E",September_2022,90471,None,1848,1848,0,417.52,0.22593074,417.52,0,784.76,0,0,0,44,44,44,645.72,0.65058442
"Beaman, Caitlin E",September_2022,90472,None,26,26,0,17,0.65384615,17,0,9,0,0,0,1,1,1,0,1
"Beaman, Caitlin E",September_2022,90651,None,0,0,0,255,,255,0,195,0,0,0,0,0,0,-450,
"Beaman, Caitlin E",September_2022,90662,None,825,825,0,274.16,0.33231515,274.16,0,25.84,0,0,0,11,11,11,525,0.36363636
"Beaman, Caitlin E",September_2022,90688,None,1320,1320,0,494.65,0.37473485,494.65,0,265.35,0,0,0,44,44,44,560,0.57575758
"Beaman, Caitlin E",September_2022,90715,None,180,180,0,196,1.08888889,196,0,44,0,0,0,3,3,3,-60,1.33333333
"Beaman, Caitlin E",September_2022,93000,None,35,35,0,28.8,0.82285714,14.37,14.43,64.22,0,0,0,1,1,1,-58.02,2.65771429
"Beaman, Caitlin E",September_2022,94010,None,0,0,0,33.41,,33.41,0,39.59,0,0,0,0,0,0,-73,
"Beaman, Caitlin E",September_2022,95800,None,0,0,0,32.21,,0,32.21,0,0,0,0,0,0,0,-32.21,
"Beaman, Caitlin E",September_2022,96372,None,84,84,0,38.08,0.45333333,24.72,13.36,87.92,0,0,0,2,3,3,-42,1.5
"Beaman, Caitlin E",September_2022,99072,None,15,15,0,0,0,0,0,30,0,0,0,1,1,1,-15,2
"Beaman, Caitlin E",September_2022,99203,None,434,434,0,667.32,1.53760369,484.38,182.94,973.35,0,0,0,2,2,2,-1206.67,3.78034562
"Beaman, Caitlin E",September_2022,99204,None,0,0,0,143.11,,0,143.11,0,0,0,0,0,0,0,-143.11,
"Beaman, Caitlin E",September_2022,99213,None,9996,9996,0,5557.97,0.55601941,3717.02,1840.95,6348.76,0,71,0,67,68,68,-1981.73,1.1982523
"Beaman, Caitlin E",September_2022,99214,None,33000,33000,0,15849.33,0.48028273,12308.67,3540.66,24160.03,0,0,0,131,132,132,-7009.36,1.21240485
"Beaman, Caitlin E",September_2022,99385,None,1928,1928,0,1677.12,0.86987552,1677.12,0,1822.15,0,0,0,8,8,8,-1571.27,1.81497407
"Beaman, Caitlin E",September_2022,99386,None,3264,3264,0,1948.27,0.59689645,1923.27,25,2156.73,0,129.72,0,12,12,12,-970.72,1.29740196
"Beaman, Caitlin E",September_2022,99387,None,302,302,0,157.68,0.52211921,157.68,0,144.32,0,0,0,1,1,1,0,1
"Beaman, Caitlin E",September_2022,99395,None,1648,1648,0,531.72,0.32264563,481.72,50,641.37,0,0,0,8,8,8,474.91,0.71182646
"Beaman, Caitlin E",September_2022,99396,None,904,904,0,927.14,1.02559735,877.14,50,930.86,0,0,0,4,4,4,-954,2.05530973
"Beaman, Caitlin E",September_2022,99439,None,240,240,0,85.44,0.356,85.44,0,74.56,0,0,0,3,3,3,80,0.66666667
"Beaman, Caitlin E",September_2022,99454,None,0,0,0,54.3,,54.3,0,10.7,0,0,0,0,0,0,-65,
"Beaman, Caitlin E",September_2022,99457,None,0,0,0,48.91,,48.91,0,6.09,0,0,0,0,0,0,-55,
"Beaman, Caitlin E",September_2022,99490,None,2040,2040,0,809.74,0.39693137,809.74,0,570.35,0,85,0,24,24,24,574.91,0.71818137
"Beaman, Caitlin E",September_2022,99497,None,170,170,0,0,0,0,0,0,0,0,0,1,1,1,170,0
"Beaman, Caitlin E",September_2022,COLF,None,0,0,0,115.25,,115.25,0,0,0,0,0,0,0,0,-115.25,
"Beaman, Caitlin E",September_2022,G0008,None,546,546,0,170.87,0.31294872,170.87,0,81.13,0,0,0,13,13,13,294,0.46153846
"Beaman, Caitlin E",September_2022,G0029,None,0,0,0,0,,0,0,0,0,0,0,1,1,1,0,
"Beaman, Caitlin E",September_2022,G0030,None,0,0,0,0,,0,0,0,0,0,0,1,1,1,0,
"Beaman, Caitlin E",September_2022,G0402,None,336,336,0,0,0,0,0,0,0,0,0,1,1,1,336,0
"Beaman, Caitlin E",September_2022,G0438,None,346,346,0,0,0,0,0,0,0,0,0,1,1,1,346,0
"Beaman, Caitlin E",September_2022,G0439,None,472,472,0,0,0,0,0,152.8,0,0,0,2,2,2,319.2,0.32372881
"Beaman, Caitlin E",September_2022,G0444,None,148,148,0,0,0,0,0,0,0,0,0,4,4,4,148,0
"Beaman, Caitlin E",September_2022,G8399,None,0,0,0,0,,0,0,0,0,0,0,3,3,3,0,
"Beaman, Caitlin E",September_2022,G8400,None,0,0,0,0,,0,0,0,0,0,0,1,1,1,0,
"Beaman, Caitlin E",September_2022,G8417,None,0,0,0,0,,0,0,0,0,0,0,163,164,164,0,
"Beaman, Caitlin E",September_2022,G8418,None,0,0,0,0,,0,0,0,0,0,0,3,3,3,0,
"Beaman, Caitlin E",September_2022,G8420,None,0,0,0,0,,0,0,0,0,0,0,60,62,62,0,
"Beaman, Caitlin E",September_2022,G8427,None,0,0,0,0,,0,0,0,0,0,0,230,234,234,0,
"Beaman, Caitlin E",September_2022,G8430,None,0,0,0,0,,0,0,0,0,0,0,0,0,0,0,
"Beaman, Caitlin E",September_2022,G8431,None,0,0,0,0,,0,0,0,0,0,0,33,34,34,0,
"Beaman, Caitlin E",September_2022,G8482,None,0,0,0,0,,0,0,0,0,0,0,55,56,61,0,
"Beaman, Caitlin E",September_2022,G8483,None,0,0,0,0,,0,0,0,0,0,0,69,69,69,0,
"Beaman, Caitlin E",September_2022,G8510,None,0,0,0,0,,0,0,0,0,0,0,199,202,202,0,
"Beaman, Caitlin E",September_2022,G8734,None,0,0,0,0,,0,0,0,0,0,0,5,5,5,0,
"Beaman, Caitlin E",September_2022,G8752,None,0,0,0,0,,0,0,0,0,0,0,46,47,47,0,
"Beaman, Caitlin E",September_2022,G8753,None,0,0,0,0,,0,0,0,0,0,0,18,18,18,0,
"Beaman, Caitlin E",September_2022,G8754,None,0,0,0,0,,0,0,0,0,0,0,51,52,52,0,
"Beaman, Caitlin E",September_2022,G8755,None,0,0,0,0,,0,0,0,0,0,0,13,13,13,0,
"Beaman, Caitlin E",September_2022,G8756,None,0,0,0,0,,0,0,0,0,0,0,2,2,2,0,
"Beaman, Caitlin E",September_2022,G8783,None,0,0,0,0,,0,0,0,0,0,0,203,206,206,0,
"Beaman, Caitlin E",September_2022,G8950,None,0,0,0,0,,0,0,0,0,0,0,25,25,25,0,
"Beaman, Caitlin E",September_2022,G9708,None,0,0,0,0,,0,0,0,0,0,0,1,1,1,0,
"Beaman, Caitlin E",September_2022,G9711,None,0,0,0,0,,0,0,0,0,0,0,1,1,1,0,
"Beaman, Caitlin E",September_2022,G9716,None,0,0,0,0,,0,0,0,0,0,0,1,1,1,0,
"Beaman, Caitlin E",September_2022,G9717,None,0,0,0,0,,0,0,0,0,0,0,2,2,2,0,
"Beaman, Caitlin E",September_2022,G9899,None,0,0,0,0,,0,0,0,0,0,0,14,14,14,0,
"Beaman, Caitlin E",September_2022,G9900,None,0,0,0,0,,0,0,0,0,0,0,7,7,7,0,
"Beaman, Caitlin E",September_2022,G9902,None,0,0,0,0,,0,0,0,0,0,0,23,24,24,0,
"Beaman, Caitlin E",September_2022,G9903,None,0,0,0,0,,0,0,0,0,0,0,206,208,208,0,
"Beaman, Caitlin E",September_2022,G9904,None,0,0,0,0,,0,0,0,0,0,0,1,1,1,0,
"Beaman, Caitlin E",September_2022,G9905,None,0,0,0,0,,0,0,0,0,0,0,1,1,1,0,
"Beaman, Caitlin E",September_2022,G9906,None,0,0,0,0,,0,0,0,0,0,0,2,2,2,0,
"Beaman, Caitlin E",September_2022,G9908,None,0,0,0,0,,0,0,0,0,0,0,5,5,5,0,
"Beaman, Caitlin E",September_2022,G9990,None,0,0,0,0,,0,0,0,0,0,0,1,1,1,0,
"Beaman, Caitlin E",September_2022,G9991,None,0,0,0,0,,0,0,0,0,0,0,10,10,10,0,
"Beaman, Caitlin E",September_2022,INTBL,None,0,0,0,0.02,,0.02,0,0,0,0,0,0,0,0,-0.02,
"Beaman, Caitlin E",September_2022,INTUC,None,0,0,0,0.02,,0.02,0,0,0,0,0,0,0,0,-0.02,
"Beaman, Caitlin E",September_2022,INTVP,None,0,0,0,0,,0,0,0,0,0,0,0,0,0,0,
"Beaman, Caitlin E",September_2022,J3301,None,0,0,0,0,,0,0,10.4,0,0,0,0,0,0,-10.4,
"Beaman, Caitlin E",October_2022,1036F,None,0,0,0,0,,0,0,0,0,0,0,372,394,394,0,
"Beaman, Caitlin E",October_2022,1101F,None,0,0,0,0,,0,0,0,0,0,0,2,2,2,0,
"Beaman, Caitlin E",October_2022,1123F,None,0,0,0,0,,0,0,0,0,0,0,6,8,8,0,
"Beaman, Caitlin E",October_2022,1124F,None,0,0,0,0,,0,0,0,0,0,0,1,1,1,0,
"Beaman, Caitlin E",October_2022,1125F,None,0,0,0,0,,0,0,0,0,0,0,1,1,1,0,
"Beaman, Caitlin E",October_2022,1126F,None,0,0,0,0,,0,0,0,0,0,0,0,0,0,0,
"Beaman, Caitlin E",October_2022,1158F,None,0,0,0,0,,0,0,0,0,0,0,1,1,1,0,
"Beaman, Caitlin E",October_2022,1160F,None,0,0,0,0,,0,0,0,0,0,0,1,1,1,0,
"Beaman, Caitlin E",October_2022,1170F,None,0,0,0,0,,0,0,0,0,0,0,1,1,1,0,
"Beaman, Caitlin E",October_2022,2022F,None,0,0,0,0,,0,0,0,0,0,0,8,8,8,0,
"Beaman, Caitlin E",October_2022,2024F,None,0,0,0,0,,0,0,0,0,0,0,1,1,1,0,
"Beaman, Caitlin E",October_2022,2026F,None,0,0,0,0,,0,0,0,0,0,0,1,1,1,0,
"Beaman, Caitlin E",October_2022,20610,None,122,122,0,50.27,0.41204918,50.27,0,62.87,0,0,0,1,1,1,8.86,0.92737705
"Beaman, Caitlin E",October_2022,3017F,None,0,0,0,0,,0,0,0,0,0,0,56,60,60,0,
"Beaman, Caitlin E",October_2022,3044F,None,0,0,0,0,,0,0,0,0,0,0,16,16,16,0,
"Beaman, Caitlin E",October_2022,3046F,None,0,0,0,0,,0,0,0,0,0,0,4,5,5,0,
"Beaman, Caitlin E",October_2022,3051F,None,0,0,0,10,,10,0,0,0,0,0,9,9,9,-10,
"Beaman, Caitlin E",October_2022,3052F,None,0,0,0,0,,0,0,0,0,0,0,3,3,3,0,
"Beaman, Caitlin E",October_2022,4040F,None,0,0,0,0,,0,0,0,0,0,0,10,10,10,0,
"Beaman, Caitlin E",October_2022,81003,None,108,108,0,8.47,0.07842593,6.65,1.82,51.69,0,0,0,8,9,9,47.84,0.55703704
"Beaman, Caitlin E",October_2022,81025,None,80,80,0,11.03,0.137875,11.03,0,27.51,0,0,0,4,4,4,41.46,0.48175
"Beaman, Caitlin E",October_2022,83036,None,35,35,0,0,0,0,0,35,0,0,0,1,1,1,0,1
"Beaman, Caitlin E",October_2022,87426,None,1575,1575,0,261.84,0.16624762,186.84,75,263.16,0,0,0,21,21,21,1050,0.33333333
"Beaman, Caitlin E",October_2022,87804,None,840,840,0,176.5,0.21011905,122.06,54.44,92.12,0,0,0,21,21,42,571.38,0.31978571
"Beaman, Caitlin E",October_2022,87880,None,160,160,0,33.7,0.210625,23.78,9.92,40.22,0,0,0,5,5,5,86.08,0.462
"Beaman, Caitlin E",October_2022,90460,None,210,210,0,17,0.08095238,17,0,25,0,0,0,5,5,5,168,0.2
"Beaman, Caitlin E",October_2022,90471,None,3528,3528,0,631.85,0.1790958,631.85,0,1300.15,0,0,0,84,84,84,1596,0.54761905
"Beaman, Caitlin E",October_2022,90472,None,26,26,0,34,1.30769231,34,0,18,0,0,0,1,1,1,-26,2
"Beaman, Caitlin E",October_2022,90651,None,450,450,0,255,0.56666667,255,0,195,0,0,0,1,1,1,0,1
"Beaman, Caitlin E",October_2022,90662,None,1350,1350,0,1082.34,0.80173333,1082.34,0,117.66,0,0,0,18,18,18,150,0.88888889
"Beaman, Caitlin E",October_2022,90688,None,2730,2730,0,906.2,0.33194139,906.2,0,443.8,0,0,0,91,91,91,1380,0.49450549
"Beaman, Caitlin E",October_2022,90715,None,120,120,0,141.56,1.17966667,141.56,0,38.44,0,0,0,2,2,2,-60,1.5
"Beaman, Caitlin E",October_2022,93000,None,245,245,0,42.81,0.17473469,28.38,14.43,44.07,0,0,0,7,7,7,158.12,0.35461224
"Beaman, Caitlin E",October_2022,94010,None,73,73,0,25.06,0.34328767,25.06,0,39.59,0,0,0,1,1,1,8.35,0.88561644
"Beaman, Caitlin E",October_2022,96372,None,0,0,0,11.92,,11.92,0,30.08,0,0,0,0,0,0,-42,
"Beaman, Caitlin E",October_2022,99072,None,15,15,0,0,0,0,0,0,0,0,0,1,1,1,15,0
"Beaman, Caitlin E",October_2022,99173,None,20,20,0,0,0,0,0,0,0,0,0,1,1,1,20,0
"Beaman, Caitlin E",October_2022,99203,None,434,434,0,342.81,0.78988479,252.48,90.33,354.31,0,0,0,2,2,2,-263.12,1.60626728
"Beaman, Caitlin E",October_2022,99204,None,660,660,0,278.88,0.42254545,278.88,0,352.5,0,0,0,2,2,2,28.62,0.95663636
"Beaman, Caitlin E",October_2022,99212,None,0,0,0,25,,0,25,0,0,0,0,0,0,0,-25,
"Beaman, Caitlin E",October_2022,99213,None,16464,16317,147,5079.38,0.30851433,3390.95,1688.43,5289.37,0,133,0,106,112,112,5962.25,0.63786139
"Beaman, Caitlin E",October_2022,99214,None,64000,63750,250,15458.67,0.24154172,11941.62,3517.05,21154.88,0,165,0,243,256,256,27221.45,0.57466484
"Beaman, Caitlin E",October_2022,99215,None,584,584,0,0,0,0,0,0,0,0,0,2,2,2,584,0
"Beaman, Caitlin E",October_2022,99385,None,3856,3856,0,1018.05,0.26401712,918.05,100,1009.95,0,241,0,16,16,16,1587,0.58843361
"Beaman, Caitlin E",October_2022,99386,None,3264,3264,0,1357.07,0.415769,1332.07,25,1563.6,0,0,0,12,12,12,343.33,0.89481311
"Beaman, Caitlin E",October_2022,99394,None,186,186,0,0,0,0,0,0,0,0,0,1,1,1,186,0
"Beaman, Caitlin E",October_2022,99395,None,3502,3296,206,1452.29,0.41470303,1344.31,107.98,1539.69,0,106,0,17,17,17,404.02,0.88463164
"Beaman, Caitlin E",October_2022,99396,None,3616,3390,226,850.12,0.23509956,675.12,175,680.88,0,141,0,16,16,16,1944,0.46238938
"Beaman, Caitlin E",October_2022,99439,None,160,160,0,126.97,0.7935625,126.97,0,113.03,0,0,0,2,2,2,-80,1.5
"Beaman, Caitlin E",October_2022,99490,None,2805,2805,0,1649.48,0.58804991,1595.39,54.09,948.98,0,0,0,33,33,33,206.54,0.9263672
"Beaman, Caitlin E",October_2022,99497,None,0,0,0,75.86,,75.86,0,94.14,0,0,0,0,0,0,-170,
"Beaman, Caitlin E",October_2022,G0008,None,924,924,0,420.98,0.45560606,420.98,0,209.02,0,0,0,22,22,22,294,0.68181818
"Beaman, Caitlin E",October_2022,G0029,None,0,0,0,0,,0,0,0,0,0,0,0,0,0,0,
"Beaman, Caitlin E",October_2022,G0030,None,0,0,0,0,,0,0,0,0,0,0,0,0,0,0,
"Beaman, Caitlin E",October_2022,G0101,None,77,77,0,33.11,0.43,33.11,0,43.89,0,0,0,1,1,1,0,1
"Beaman, Caitlin E",October_2022,G0402,None,0,0,0,111.76,,111.76,0,224.24,0,0,0,0,0,0,-336,
"Beaman, Caitlin E",October_2022,G0438,None,0,0,0,140.44,,140.44,0,205.56,0,0,0,0,0,0,-346,
"Beaman, Caitlin E",October_2022,G0439,None,236,236,0,368.23,1.56029661,368.23,0,339.77,0,0,0,1,1,1,-472,3
"Beaman, Caitlin E",October_2022,G0444,None,37,37,0,32.33,0.87378378,32.33,0,152.67,0,0,0,1,1,1,-148,5
"Beaman, Caitlin E",October_2022,G8399,None,0,0,0,0,,0,0,0,0,0,0,16,17,17,0,
"Beaman, Caitlin E",October_2022,G8400,None,0,0,0,0,,0,0,0,0,0,0,5,5,5,0,
"Beaman, Caitlin E",October_2022,G8417,None,0,0,0,0,,0,0,0,0,0,0,288,303,303,0,
"Beaman, Caitlin E",October_2022,G8418,None,0,0,0,0,,0,0,0,0,0,0,7,7,7,0,
"Beaman, Caitlin E",October_2022,G8420,None,0,0,0,0,,0,0,0,0,0,0,99,107,107,0,
"Beaman, Caitlin E",October_2022,G8427,None,0,0,0,0,,0,0,0,0,0,0,398,424,425,0,
"Beaman, Caitlin E",October_2022,G8431,None,0,0,0,0,,0,0,0,0,0,0,41,42,42,0,
"Beaman, Caitlin E",October_2022,G8482,None,0,0,0,0,,0,0,0,0,0,0,137,143,143,0,
"Beaman, Caitlin E",October_2022,G8483,None,0,0,0,0,,0,0,0,0,0,0,211,222,222,0,
"Beaman, Caitlin E",October_2022,G8484,None,0,0,0,0,,0,0,0,0,0,0,3,3,3,0,
"Beaman, Caitlin E",October_2022,G8510,None,0,0,0,0,,0,0,0,0,0,0,367,390,390,0,
"Beaman, Caitlin E",October_2022,G8734,None,0,0,0,0,,0,0,0,0,0,0,12,12,12,0,
"Beaman, Caitlin E",October_2022,G8752,None,0,0,0,0,,0,0,0,0,0,0,84,90,90,0,
"Beaman, Caitlin E",October_2022,G8753,None,0,0,0,0,,0,0,0,0,0,0,23,24,24,0,
"Beaman, Caitlin E",October_2022,G8754,None,0,0,0,0,,0,0,0,0,0,0,99,105,105,0,
"Beaman, Caitlin E",October_2022,G8755,None,0,0,0,0,,0,0,0,0,0,0,9,10,10,0,
"Beaman, Caitlin E",October_2022,G8756,None,0,0,0,0,,0,0,0,0,0,0,6,6,6,0,
"Beaman, Caitlin E",October_2022,G8783,None,0,0,0,0,,0,0,0,0,0,0,352,376,376,0,
"Beaman, Caitlin E",October_2022,G8950,None,0,0,0,0,,0,0,0,0,0,0,31,32,32,0,
"Beaman, Caitlin E",October_2022,G8952,None,0,0,0,0,,0,0,0,0,0,0,1,1,1,0,
"Beaman, Caitlin E",October_2022,G9707,None,0,0,0,0,,0,0,0,0,0,0,1,1,1,0,
"Beaman, Caitlin E",October_2022,G9708,None,0,0,0,0,,0,0,0,0,0,0,0,0,0,0,
"Beaman, Caitlin E",October_2022,G9717,None,0,0,0,0,,0,0,0,0,0,0,3,3,3,0,
"Beaman, Caitlin E",October_2022,G9744,None,0,0,0,0,,0,0,0,0,0,0,8,8,8,0,
"Beaman, Caitlin E",October_2022,G9899,None,0,0,0,0,,0,0,0,0,0,0,29,32,32,0,
"Beaman, Caitlin E",October_2022,G9900,None,0,0,0,0,,0,0,0,0,0,0,9,9,9,0,
"Beaman, Caitlin E",October_2022,G9902,None,0,0,0,0,,0,0,0,0,0,0,30,34,34,0,
"Beaman, Caitlin E",October_2022,G9903,None,0,0,0,0,,0,0,0,0,0,0,369,391,391,0,
"Beaman, Caitlin E",October_2022,G9906,None,0,0,0,0,,0,0,0,0,0,0,5,7,7,0,
"Beaman, Caitlin E",October_2022,G9908,None,0,0,0,0,,0,0,0,0,0,0,3,3,3,0,
"Beaman, Caitlin E",October_2022,G9989,None,0,0,0,0,,0,0,0,0,0,0,1,1,1,0,
"Beaman, Caitlin E",October_2022,G9990,None,0,0,0,0,,0,0,0,0,0,0,2,2,2,0,
"Beaman, Caitlin E",October_2022,G9991,None,0,0,0,0,,0,0,0,0,0,0,22,25,25,0,
"Beaman, Caitlin E",October_2022,G9997,None,0,0,0,0,,0,0,0,0,0,0,1,1,1,0,
"Beaman, Caitlin E",October_2022,INTBL,None,0,0,0,0,,0,0,0,0,0,0,0,0,0,0,
"Beaman, Caitlin E",October_2022,INTOP,None,0.09,0.09,0,0,0,0,0,0,0,0,0,1,1,1,0.09,0
"Beaman, Caitlin E",October_2022,J3301,None,15.56,15.56,0,3.71,0.23843188,3.71,0,11.2,0,0,0,1,1,4,0.65,0.95822622
"Beaman, Caitlin E",October_2022,Q0091,None,90,90,0,36.37,0.40411111,36.37,0,53.63,0,0,0,1,1,1,0,1
"Beaman, Caitlin E",November_2022,1036F,None,0,0,0,0,,0,0,0,0,0,0,307,321,321,0,
"Beaman, Caitlin E",November_2022,1100F,None,0,0,0,0,,0,0,0,0,0,0,0,0,0,0,
"Beaman, Caitlin E",November_2022,1101F,None,0,0,0,0,,0,0,0,0,0,0,2,2,2,0,
"Beaman, Caitlin E",November_2022,11200,None,0,0,0,55,,0,55,0,0,0,0,0,0,0,-55,
"Beaman, Caitlin E",November_2022,1123F,None,0,0,0,0,,0,0,0,0,0,0,6,6,6,0,
"Beaman, Caitlin E",November_2022,1124F,None,0,0,0,0,,0,0,0,0,0,0,9,9,9,0,
"Beaman, Caitlin E",November_2022,1125F,None,0,0,0,0,,0,0,0,0,0,0,4,4,4,0,
"Beaman, Caitlin E",November_2022,1126F,None,0,0,0,0,,0,0,0,0,0,0,6,6,6,0,
"Beaman, Caitlin E",November_2022,1158F,None,0,0,0,0,,0,0,0,0,0,0,10,10,10,0,
"Beaman, Caitlin E",November_2022,1160F,None,0,0,0,0,,0,0,0,0,0,0,10,10,10,0,
"Beaman, Caitlin E",November_2022,1170F,None,0,0,0,0,,0,0,0,0,0,0,10,10,10,0,
"Beaman, Caitlin E",November_2022,2022F,None,0,0,0,0,,0,0,0,0,0,0,8,8,8,0,
"Beaman, Caitlin E",November_2022,2024F,None,0,0,0,0,,0,0,0,0,0,0,0,0,0,0,
"Beaman, Caitlin E",November_2022,2026F,None,0,0,0,0,,0,0,0,0,0,0,0,0,0,0,
"Beaman, Caitlin E",November_2022,20526,None,157,157,0,0,0,0,0,0,0,0,0,1,1,1,157,0
"Beaman, Caitlin E",November_2022,20610,None,122,122,0,8.86,0.07262295,0,8.86,0,0,0,0,1,1,1,113.14,0.07262295
"Beaman, Caitlin E",November_2022,3017F,None,0,0,0,0,,0,0,0,0,0,0,58,60,60,0,
"Beaman, Caitlin E",November_2022,3044F,None,0,0,0,0,,0,0,0,0,0,0,13,13,13,0,
"Beaman, Caitlin E",November_2022,3046F,None,0,0,0,0,,0,0,0,0,0,0,2,2,2,0,
"Beaman, Caitlin E",November_2022,3051F,None,0,0,0,0,,0,0,0,0,0,0,6,7,7,0,
"Beaman, Caitlin E",November_2022,3052F,None,0,0,0,0,,0,0,0,0,0,0,3,3,3,0,
"Beaman, Caitlin E",November_2022,3288F,None,0,0,0,0,,0,0,0,0,0,0,0,0,0,0,
"Beaman, Caitlin E",November_2022,4040F,None,0,0,0,0,,0,0,0,0,0,0,8,8,8,0,
"Beaman, Caitlin E",November_2022,81003,None,60,60,0,7.85,0.13083333,4.53,3.32,53.04,0,0,0,5,5,5,-0.89,1.01483333
"Beaman, Caitlin E",November_2022,81025,None,20,20,0,15.51,0.7755,15.51,0,59.32,0,0,0,1,1,1,-54.83,3.7415
"Beaman, Caitlin E",November_2022,87426,None,2625,2625,0,989.57,0.37697905,989.57,0,1185.43,0,26,0,35,35,35,424,0.83847619
"Beaman, Caitlin E",November_2022,87804,None,1480,1480,0,603.19,0.40756081,553.54,49.65,493.36,0,69.64,0,37,37,74,313.81,0.78796622
"Beaman, Caitlin E",November_2022,87811,None,75,75,0,0,0,0,0,0,0,40,0,1,1,1,35,0.53333333
"Beaman, Caitlin E",November_2022,87880,None,384,384,0,25.71,0.06695312,23.73,1.98,112.98,0,9.92,0,12,12,12,235.39,0.38700521
"Beaman, Caitlin E",November_2022,90460,None,84,84,0,96.2,1.1452381,96.2,0,155.8,0,0,0,2,2,2,-168,3
"Beaman, Caitlin E",November_2022,90471,None,924,924,0,1090.74,1.18045455,1090.74,0,2007.26,0,0,0,23,23,23,-2174,3.35281385
"Beaman, Caitlin E",November_2022,90662,None,75,75,0,623.87,8.31826667,623.87,0,51.13,0,0,0,1,1,1,-600,9
"Beaman, Caitlin E",November_2022,90670,None,920,920,0,0,0,0,0,0,0,0,0,2,2,2,920,0
"Beaman, Caitlin E",November_2022,90688,None,750,750,0,1696.53,2.26204,1696.53,0,833.56,0,0,0,26,26,26,-1780.09,3.37345333
"Beaman, Caitlin E",November_2022,90715,None,120,120,0,99.18,0.8265,99.18,0,20.82,0,0,0,2,2,2,0,1
"Beaman, Caitlin E",November_2022,90732,None,320,320,0,133.47,0.41709375,133.47,0,26.53,0,0,0,2,2,2,160,0.5
"Beaman, Caitlin E",November_2022,93000,None,70,70,0,86.68,1.23828571,86.68,0,123.32,0,0,0,2,2,2,-140,3
"Beaman, Caitlin E",November_2022,94010,None,73,73,0,0,0,0,0,0,0,0,0,1,1,1,73,0
"Beaman, Caitlin E",November_2022,96160,None,0,0,0,1328.76,,1328.76,0,450,0,0,0,0,0,0,-1778.76,
"Beaman, Caitlin E",November_2022,96372,None,42,42,0,0,0,0,0,28.64,0,0,0,1,1,1,13.36,0.68190476
"Beaman, Caitlin E",November_2022,99072,None,465,465,0,0,0,0,0,150,0,0,0,31,31,31,315,0.32258065
"Beaman, Caitlin E",November_2022,99203,None,0,0,0,109.76,,19.21,90.55,0,0,0,0,0,0,0,-109.76,
"Beaman, Caitlin E",November_2022,99204,None,0,0,0,8.62,,8.62,0,20,0,0,0,0,0,0,-28.62,
"Beaman, Caitlin E",November_2022,99213,None,11466,11319,147,6258.07,0.54579365,4789.57,1468.5,7474.53,0,327.41,0,77,78,78,-2594.01,1.22623496
"Beaman, Caitlin E",November_2022,99214,None,59500,59000,500,23904.11,0.40174975,19653.44,4250.67,36192.49,0,140,0,232,239,239,-736.6,1.01237983
"Beaman, Caitlin E",November_2022,99215,None,292,292,0,404.28,1.38452055,374.28,30,471.72,0,0,0,1,1,1,-584,3
"Beaman, Caitlin E",November_2022,99385,None,482,482,0,1016.37,2.10865145,1016.37,0,1152.63,0,0,0,2,2,2,-1687,4.5
"Beaman, Caitlin E",November_2022,99386,None,544,544,0,1193.27,2.19351103,1193.27,0,1254.73,0,0,0,2,2,2,-1904,4.5
"Beaman, Caitlin E",November_2022,99395,None,2884,2884,0,1568.6,0.54389736,1503.6,65,1586.4,0,115,0,14,14,14,-386,1.13384189
"Beaman, Caitlin E",November_2022,99396,None,2938,2938,0,1629.91,0.55476855,1629.91,0,1534.09,0,0,0,13,13,13,-226,1.07692308
"Beaman, Caitlin E",November_2022,99439,None,560,560,0,168.13,0.30023214,168.13,0,151.87,0,0,0,7,7,7,240,0.57142857
"Beaman, Caitlin E",November_2022,99490,None,3400,3400,0,2056.72,0.60491765,2056.72,0,1122.65,0,0,0,40,40,40,220.63,0.93510882
"Beaman, Caitlin E",November_2022,99496,None,467,467,0,0,0,0,0,0,0,0,0,1,1,1,467,0
"Beaman, Caitlin E",November_2022,99497,None,510,510,0,127.68,0.25035294,127.68,0,197.88,0,0,0,3,3,3,184.44,0.63835294
"Beaman, Caitlin E",November_2022,FORM,None,25,25,0,25,1,0,25,0,0,0,0,1,1,1,0,1
"Beaman, Caitlin E",November_2022,G0008,None,126,126,0,437.93,3.47563492,437.93,0,234.07,0,0,0,3,3,3,-546,5.33333333
"Beaman, Caitlin E",November_2022,G0009,None,220,220,0,24.17,0.10986364,24.17,0,30.83,0,0,0,4,4,4,165,0.25
"Beaman, Caitlin E",November_2022,G0101,None,0,0,0,0,,0,0,0,0,0,0,0,0,0,0,
"Beaman, Caitlin E",November_2022,G0402,None,336,336,0,0,0,0,0,0,0,0,0,1,1,1,336,0
"Beaman, Caitlin E",November_2022,G0438,None,346,346,0,0,0,0,0,0,0,0,0,1,1,1,346,0
"Beaman, Caitlin E",November_2022,G0439,None,2124,2124,0,458.66,0.21594162,458.66,0,485.34,0,0,0,9,9,9,1180,0.44444444
"Beaman, Caitlin E",November_2022,G0444,None,370,370,0,55.54,0.15010811,55.54,0,92.46,0,0,0,10,10,10,222,0.4
"Beaman, Caitlin E",November_2022,G2181,None,0,0,0,0,,0,0,0,0,0,0,1,1,1,0,
"Beaman, Caitlin E",November_2022,G8399,None,0,0,0,0,,0,0,0,0,0,0,12,13,13,0,
"Beaman, Caitlin E",November_2022,G8400,None,0,0,0,0,,0,0,0,0,0,0,3,3,3,0,
"Beaman, Caitlin E",November_2022,G8417,None,0,0,0,0,,0,0,0,0,0,0,245,255,255,0,
"Beaman, Caitlin E",November_2022,G8418,None,0,0,0,0,,0,0,0,0,0,0,3,3,3,0,
"Beaman, Caitlin E",November_2022,G8419,None,0,0,0,0,,0,0,0,0,0,0,0,0,0,0,
"Beaman, Caitlin E",November_2022,G8420,None,0,0,0,0,,0,0,0,0,0,0,85,86,86,0,
"Beaman, Caitlin E",November_2022,G8427,None,0,0,0,19.91,,19.91,0,10.09,0,0,0,336,351,351,-30,
"Beaman, Caitlin E",November_2022,G8430,None,0,0,0,0,,0,0,0,0,0,0,1,1,1,0,
"Beaman, Caitlin E",November_2022,G8431,None,0,0,0,0,,0,0,0,0,0,0,41,42,42,0,
"Beaman, Caitlin E",November_2022,G8482,None,0,0,0,0,,0,0,0,0,0,0,149,156,158,0,
"Beaman, Caitlin E",November_2022,G8483,None,0,0,0,0,,0,0,0,0,0,0,182,187,187,0,
"Beaman, Caitlin E",November_2022,G8484,None,0,0,0,0,,0,0,0,0,0,0,1,2,2,0,
"Beaman, Caitlin E",November_2022,G8510,None,0,0,0,0,,0,0,0,0,0,0,297,308,308,0,
"Beaman, Caitlin E",November_2022,G8734,None,0,0,0,0,,0,0,0,0,0,0,17,17,17,0,
"Beaman, Caitlin E",November_2022,G8752,None,0,0,0,0,,0,0,0,0,0,0,62,63,63,0,
"Beaman, Caitlin E",November_2022,G8753,None,0,0,0,0,,0,0,0,0,0,0,28,29,29,0,
"Beaman, Caitlin E",November_2022,G8754,None,0,0,0,0,,0,0,0,0,0,0,72,74,74,0,
"Beaman, Caitlin E",November_2022,G8755,None,0,0,0,0,,0,0,0,0,0,0,18,18,18,0,
"Beaman, Caitlin E",November_2022,G8756,None,0,0,0,0,,0,0,0,0,0,0,2,2,2,0,
"Beaman, Caitlin E",November_2022,G8783,None,0,0,0,0,,0,0,0,0,0,0,288,296,296,0,
"Beaman, Caitlin E",November_2022,G8950,None,0,0,0,0,,0,0,0,0,0,0,30,32,32,0,
"Beaman, Caitlin E",November_2022,G8952,None,0,0,0,0,,0,0,0,0,0,0,1,1,1,0,
"Beaman, Caitlin E",November_2022,G9707,None,0,0,0,0,,0,0,0,0,0,0,1,1,1,0,
"Beaman, Caitlin E",November_2022,G9708,None,0,0,0,0,,0,0,0,0,0,0,2,2,2,0,
"Beaman, Caitlin E",November_2022,G9717,None,0,0,0,0,,0,0,0,0,0,0,6,6,6,0,
"Beaman, Caitlin E",November_2022,G9744,None,0,0,0,0,,0,0,0,0,0,0,13,13,13,0,
"Beaman, Caitlin E",November_2022,G9899,None,0,0,0,0,,0,0,0,0,0,0,29,32,32,0,
"Beaman, Caitlin E",November_2022,G9900,None,0,0,0,0,,0,0,0,0,0,0,7,7,7,0,
"Beaman, Caitlin E",November_2022,G9902,None,0,0,0,0,,0,0,0,0,0,0,29,30,30,0,
"Beaman, Caitlin E",November_2022,G9903,None,0,0,0,0,,0,0,0,0,0,0,303,317,317,0,
"Beaman, Caitlin E",November_2022,G9904,None,0,0,0,0,,0,0,0,0,0,0,1,1,1,0,
"Beaman, Caitlin E",November_2022,G9905,None,0,0,0,0,,0,0,0,0,0,0,1,1,1,0,
"Beaman, Caitlin E",November_2022,G9906,None,0,0,0,0,,0,0,0,0,0,0,6,6,6,0,
"Beaman, Caitlin E",November_2022,G9907,None,0,0,0,0,,0,0,0,0,0,0,2,2,2,0,
"Beaman, Caitlin E",November_2022,G9908,None,0,0,0,0,,0,0,0,0,0,0,1,1,1,0,
"Beaman, Caitlin E",November_2022,G9989,None,0,0,0,0,,0,0,0,0,0,0,1,1,1,0,
"Beaman, Caitlin E",November_2022,G9990,None,0,0,0,0,,0,0,0,0,0,0,1,1,1,0,
"Beaman, Caitlin E",November_2022,G9991,None,0,0,0,0,,0,0,0,0,0,0,28,29,29,0,
"Beaman, Caitlin E",November_2022,J3301,None,23.34,23.34,0,0.65,0.02784919,0,0.65,0,0,0,0,2,2,6,22.69,0.02784919
"Beaman, Caitlin E",November_2022,Q0091,None,0,0,0,0,,0,0,0,0,0,0,0,0,0,0,
"Beaman, Caitlin E",December_2022,1036F,None,0,0,0,0,,0,0,0,0,0,0,195,208,208,0,
"Beaman, Caitlin E",December_2022,1101F,None,0,0,0,0,,0,0,0,0,0,0,3,3,3,0,
"Beaman, Caitlin E",December_2022,1123F,None,0,0,0,0,,0,0,0,0,0,0,3,3,3,0,
"Beaman, Caitlin E",December_2022,1124F,None,0,0,0,0,,0,0,0,0,0,0,3,3,3,0,
"Beaman, Caitlin E",December_2022,1125F,None,0,0,0,0,,0,0,0,0,0,0,0,0,0,0,
"Beaman, Caitlin E",December_2022,1126F,None,0,0,0,0,,0,0,0,0,0,0,2,2,2,0,
"Beaman, Caitlin E",December_2022,1158F,None,0,0,0,0,,0,0,0,0,0,0,2,2,2,0,
"Beaman, Caitlin E",December_2022,1160F,None,0,0,0,0,,0,0,0,0,0,0,2,2,2,0,
"Beaman, Caitlin E",December_2022,1170F,None,0,0,0,0,,0,0,0,0,0,0,2,2,2,0,
"Beaman, Caitlin E",December_2022,2022F,None,0,0,0,0,,0,0,0,0,0,0,3,4,4,0,
"Beaman, Caitlin E",December_2022,2026F,None,0,0,0,0,,0,0,0,0,0,0,1,1,1,0,
"Beaman, Caitlin E",December_2022,20526,None,0,0,0,69.23,,69.23,0,87.77,0,0,0,0,0,0,-157,
"Beaman, Caitlin E",December_2022,20552,None,112,112,0,0,0,0,0,0,0,0,0,1,1,1,112,0
"Beaman, Caitlin E",December_2022,20610,None,366,366,0,198.18,0.54147541,143.18,55,289.82,0,0,0,2,2,2,-122,1.33333333
"Beaman, Caitlin E",December_2022,3017F,None,0,0,0,0,,0,0,0,0,0,0,41,43,43,0,
"Beaman, Caitlin E",December_2022,3044F,None,0,0,0,0,,0,0,0,0,0,0,6,6,6,0,
"Beaman, Caitlin E",December_2022,3046F,None,0,0,0,0,,0,0,0,0,0,0,1,1,1,0,
"Beaman, Caitlin E",December_2022,3051F,None,0,0,0,0,,0,0,0,0,0,0,4,4,4,0,
"Beaman, Caitlin E",December_2022,3052F,None,0,0,0,0,,0,0,0,0,0,0,1,2,2,0,
"Beaman, Caitlin E",December_2022,3072F,None,0,0,0,0,,0,0,0,0,0,0,1,1,1,0,
"Beaman, Caitlin E",December_2022,4040F,None,0,0,0,0,,0,0,0,0,0,0,5,5,5,0,
"Beaman, Caitlin E",December_2022,81003,None,24,24,0,10.05,0.41875,10.05,0,51.16,0,0,0,2,2,2,-37.21,2.55041667
"Beaman, Caitlin E",December_2022,81025,None,40,40,0,5.17,0.12925,5.17,0,14.83,0,0,0,2,2,2,20,0.5
"Beaman, Caitlin E",December_2022,83036,None,35,35,0,7.19,0.20542857,7.19,0,27.81,0,0,0,1,1,1,0,1
"Beaman, Caitlin E",December_2022,87426,None,1950,1950,0,886.03,0.45437436,886.03,0,1363.97,0,0,0,26,26,26,-300,1.15384615
"Beaman, Caitlin E",December_2022,87804,None,1080,1080,0,615.62,0.57001852,580.9,34.72,555.2,0,0,0,27,27,54,-90.82,1.08409259
"Beaman, Caitlin E",December_2022,87807,None,50,50,0,5.3,0.106,5.3,0,19.11,0,0,0,2,2,2,25.59,0.4882
"Beaman, Caitlin E",December_2022,87811,None,75,75,0,82.76,1.10346667,82.76,0,67.24,0,0,0,1,1,1,-75,2
"Beaman, Caitlin E",December_2022,87880,None,192,192,0,149,0.77604167,139.22,9.78,264.88,0,0,0,6,6,6,-221.88,2.155625
"Beaman, Caitlin E",December_2022,90460,None,0,0,0,0,,0,0,0,0,0,0,0,0,0,0,
"Beaman, Caitlin E",December_2022,90471,None,126,126,0,65.47,0.51960317,55.47,10,94.63,0,0,0,3,3,3,-34.1,1.27063492
"Beaman, Caitlin E",December_2022,90662,None,75,75,0,69.94,0.93253333,69.94,0,5.06,0,0,0,1,1,1,0,1
"Beaman, Caitlin E",December_2022,90670,None,920,920,0,985.49,1.07118478,985.49,0,854.51,0,0,0,2,2,2,-920,2
"Beaman, Caitlin E",December_2022,90688,None,60,60,0,101.53,1.69216667,81.62,19.91,20.26,0,0,0,2,2,2,-61.79,2.02983333
"Beaman, Caitlin E",December_2022,90732,None,0,0,0,130.8,,130.8,0,29.2,0,0,0,0,0,0,-160,
"Beaman, Caitlin E",December_2022,93000,None,0,0,0,33.6,,0,33.6,20.57,0,0,0,0,0,0,-54.17,
"Beaman, Caitlin E",December_2022,94010,None,0,0,0,0,,0,0,42.94,0,0,0,0,0,0,-42.94,
"Beaman, Caitlin E",December_2022,96160,None,200,200,0,150,0.75,150,0,50,0,0,0,1,1,1,0,1
"Beaman, Caitlin E",December_2022,96372,None,84,84,0,13.36,0.15904762,0,13.36,0,0,0,0,2,2,2,70.64,0.15904762
"Beaman, Caitlin E",December_2022,99072,None,285,285,0,0,0,0,0,390,0,0,0,19,19,19,-105,1.36842105
"Beaman, Caitlin E",December_2022,99173,None,0,0,0,2.96,,2.96,0,17.04,0,0,0,0,0,0,-20,
"Beaman, Caitlin E",December_2022,99203,None,217,217,0,180.66,0.83253456,65.33,115.33,126.67,0,0,0,1,1,1,-90.33,1.41626728
"Beaman, Caitlin E",December_2022,99213,None,7791,7791,0,5831.69,0.74851624,4090.61,1741.08,6151.41,0,0,0,51,53,53,-4192.1,1.53806957
"Beaman, Caitlin E",December_2022,99214,None,41250,41000,250,23924.43,0.57998618,19803.88,4120.55,35199.53,0,140,0,157,165,165,-18013.96,1.43670206
"Beaman, Caitlin E",December_2022,99215,None,292,292,0,158.92,0.54424658,133.92,25,158.08,0,0,0,1,1,1,-25,1.08561644
"Beaman, Caitlin E",December_2022,99385,None,241,241,0,493.38,2.04721992,493.38,0,347.19,0,0,0,1,1,1,-599.57,3.48784232
"Beaman, Caitlin E",December_2022,99386,None,0,0,0,144.98,,144.98,0,127.02,0,0,0,0,0,0,-272,
"Beaman, Caitlin E",December_2022,99394,None,186,186,0,207.94,1.11795699,207.94,0,164.06,0,0,0,1,1,1,-186,2
"Beaman, Caitlin E",December_2022,99395,None,1236,1236,0,1072.93,0.86806634,1017.93,55,1042.07,0,0,0,6,6,6,-879,1.71116505
"Beaman, Caitlin E",December_2022,99396,None,1356,1356,0,1197.95,0.88344395,1142.95,55,1117.05,0,0,0,6,6,6,-959,1.70722714
"Beaman, Caitlin E",December_2022,99439,None,480,480,0,333.98,0.69579167,333.98,0,307.46,0,0,0,6,6,6,-161.44,1.33633333
"Beaman, Caitlin E",December_2022,99490,None,4165,4165,0,3051.28,0.73260024,3038.48,12.8,1645.61,0,0,0,49,49,49,-531.89,1.12770468
"Beaman, Caitlin E",December_2022,99497,None,170,170,0,134.9,0.79352941,134.9,0,197.88,0,0,0,1,1,1,-162.78,1.95752941
"Beaman, Caitlin E",December_2022,COLF,None,72.6,0,72.6,0,0,0,0,0,0,0,0,1,1,1,72.6,0
"Beaman, Caitlin E",December_2022,G0008,None,42,42,0,24.95,0.59404762,24.95,0,17.05,0,0,0,1,1,1,0,1
"Beaman, Caitlin E",December_2022,G0009,None,55,55,0,117.36,2.13381818,117.36,0,102.64,0,0,0,1,1,1,-165,4
"Beaman, Caitlin E",December_2022,G0402,None,0,0,0,140.44,,140.44,0,195.56,0,0,0,0,0,0,-336,
"Beaman, Caitlin E",December_2022,G0438,None,0,0,0,156,,156,0,190,0,0,0,0,0,0,-346,
"Beaman, Caitlin E",December_2022,G0439,None,472,472,0,679.62,1.43987288,679.62,0,736.38,0,0,0,2,2,2,-944,3
"Beaman, Caitlin E",December_2022,G0444,None,74,74,0,72.58,0.98081081,72.58,0,186.42,0,0,0,2,2,2,-185,3.5
"Beaman, Caitlin E",December_2022,G2181,None,0,0,0,0,,0,0,0,0,0,0,0,0,0,0,
"Beaman, Caitlin E",December_2022,G8399,None,0,0,0,0,,0,0,0,0,0,0,7,7,7,0,
"Beaman, Caitlin E",December_2022,G8400,None,0,0,0,0,,0,0,0,0,0,0,3,3,3,0,
"Beaman, Caitlin E",December_2022,G8417,None,0,0,0,0,,0,0,0,0,0,0,153,158,158,0,
"Beaman, Caitlin E",December_2022,G8418,None,0,0,0,0,,0,0,0,0,0,0,0,0,0,0,
"Beaman, Caitlin E",December_2022,G8420,None,0,0,0,0,,0,0,0,0,0,0,61,68,68,0,
"Beaman, Caitlin E",December_2022,G8427,None,0,0,0,0,,0,0,0,0,0,0,216,230,230,0,
"Beaman, Caitlin E",December_2022,G8431,None,0,0,0,0,,0,0,0,0,0,0,25,28,28,0,
"Beaman, Caitlin E",December_2022,G8482,None,0,0,0,0,,0,0,0,0,0,0,114,122,122,0,
"Beaman, Caitlin E",December_2022,G8483,None,0,0,0,0,,0,0,0,0,0,0,107,112,112,0,
"Beaman, Caitlin E",December_2022,G8484,None,0,0,0,0,,0,0,0,0,0,0,1,1,1,0,
"Beaman, Caitlin E",December_2022,G8510,None,0,0,0,0,,0,0,0,0,0,0,196,207,207,0,
"Beaman, Caitlin E",December_2022,G8734,None,0,0,0,0,,0,0,0,0,0,0,8,9,9,0,
"Beaman, Caitlin E",December_2022,G8752,None,0,0,0,0,,0,0,0,0,0,0,41,44,44,0,
"Beaman, Caitlin E",December_2022,G8753,None,0,0,0,0,,0,0,0,0,0,0,15,15,15,0,
"Beaman, Caitlin E",December_2022,G8754,None,0,0,0,0,,0,0,0,0,0,0,46,49,49,0,
"Beaman, Caitlin E",December_2022,G8755,None,0,0,0,0,,0,0,0,0,0,0,10,10,10,0,
"Beaman, Caitlin E",December_2022,G8756,None,0,0,0,0,,0,0,0,0,0,0,2,2,2,0,
"Beaman, Caitlin E",December_2022,G8783,None,0,0,0,0,,0,0,0,0,0,0,193,207,207,0,
"Beaman, Caitlin E",December_2022,G8950,None,0,0,0,0,,0,0,0,0,0,0,13,13,13,0,
"Beaman, Caitlin E",December_2022,G8952,None,0,0,0,0,,0,0,0,0,0,0,0,0,0,0,
"Beaman, Caitlin E",December_2022,G8967,None,0,0,0,0,,0,0,0,0,0,0,1,1,1,0,
"Beaman, Caitlin E",December_2022,G9708,None,0,0,0,0,,0,0,0,0,0,0,0,0,0,0,
"Beaman, Caitlin E",December_2022,G9717,None,0,0,0,0,,0,0,0,0,0,0,1,1,1,0,
"Beaman, Caitlin E",December_2022,G9744,None,0,0,0,0,,0,0,0,0,0,0,6,6,6,0,
"Beaman, Caitlin E",December_2022,G9899,None,0,0,0,0,,0,0,0,0,0,0,15,16,16,0,
"Beaman, Caitlin E",December_2022,G9900,None,0,0,0,0,,0,0,0,0,0,0,7,8,8,0,
"Beaman, Caitlin E",December_2022,G9902,None,0,0,0,0,,0,0,0,0,0,0,24,24,24,0,
"Beaman, Caitlin E",December_2022,G9903,None,0,0,0,0,,0,0,0,0,0,0,193,206,206,0,
"Beaman, Caitlin E",December_2022,G9904,None,0,0,0,0,,0,0,0,0,0,0,0,0,0,0,
"Beaman, Caitlin E",December_2022,G9905,None,0,0,0,0,,0,0,0,0,0,0,1,1,1,0,
"Beaman, Caitlin E",December_2022,G9906,None,0,0,0,0,,0,0,0,0,0,0,4,4,4,0,
"Beaman, Caitlin E",December_2022,G9907,None,0,0,0,0,,0,0,0,0,0,0,0,0,0,0,
"Beaman, Caitlin E",December_2022,G9908,None,0,0,0,0,,0,0,0,0,0,0,3,3,3,0,
"Beaman, Caitlin E",December_2022,G9989,None,0,0,0,0,,0,0,0,0,0,0,0,0,0,0,
"Beaman, Caitlin E",December_2022,G9990,None,0,0,0,0,,0,0,0,0,0,0,0,0,0,0,
"Beaman, Caitlin E",December_2022,G9991,None,0,0,0,0,,0,0,0,0,0,0,18,19,19,0,
"Beaman, Caitlin E",December_2022,INTOP,None,0,0,0,0.09,,0.09,0,0,0,0,0,0,0,0,-0.09,
"Beaman, Caitlin E",December_2022,J3301,None,54.46,54.46,0,20.42,0.37495409,15.26,5.16,49.6,0,0,0,3,3,14,-15.56,1.28571429
"Beers, Grace A",January_2022,1036F,None,0,0,0,0,,0,0,0,0,0,0,77,86,86,0,
"Beers, Grace A",January_2022,2026F,None,0,0,0,0,,0,0,0,0,0,0,1,1,1,0,
"Beers, Grace A",January_2022,3017F,None,0,0,0,0,,0,0,0,0,0,0,5,6,6,0,
"Beers, Grace A",January_2022,3044F,None,0,0,0,0,,0,0,0,0,0,0,1,1,1,0,
"Beers, Grace A",January_2022,3052F,None,0,0,0,0,,0,0,0,0,0,0,1,1,1,0,
"Beers, Grace A",January_2022,4004F,None,0,0,0,0,,0,0,0,0,0,0,1,1,1,0,
"Beers, Grace A",January_2022,81003,None,48,48,0,1.66,0.03458333,1.66,0,10.34,0,0,0,4,4,4,36,0.25
"Beers, Grace A",January_2022,87426,None,600,525,75,0,0,0,0,0,0,75,0,9,9,9,525,0.125
"Beers, Grace A",January_2022,87804,None,80,80,0,55.44,0.693,55.44,0,24.56,0,0,0,2,2,4,0,1
"Beers, Grace A",January_2022,87811,None,2400,2400,0,781.02,0.325425,756.02,25,743.98,0,0,0,32,32,32,875,0.63541667
"Beers, Grace A",January_2022,87880,None,64,64,0,13.86,0.2165625,13.86,0,40.22,0,0,0,2,2,2,9.92,0.845
"Beers, Grace A",January_2022,90471,None,126,126,0,0,0,0,0,0,0,0,0,3,3,3,126,0
"Beers, Grace A",January_2022,90688,None,90,90,0,0,0,0,0,0,0,0,0,3,3,3,90,0
"Beers, Grace A",January_2022,99072,None,540,525,15,0,0,0,0,300,0,15,0,36,36,36,225,0.58333333
"Beers, Grace A",January_2022,99202,None,453,453,0,54.9,0.12119205,54.9,0,222.1,0,0,0,3,3,3,176,0.61147903
"Beers, Grace A",January_2022,99203,None,6076,5859,217,497.97,0.08195688,322.97,175,965.11,0,67,0,28,28,28,4545.92,0.25182357
"Beers, Grace A",January_2022,99204,None,3300,3300,0,0,0,0,0,384.84,0,0,0,10,10,10,2915.16,0.11661818
"Beers, Grace A",January_2022,99205,None,416,416,0,0,0,0,0,0,0,0,0,1,1,1,416,0
"Beers, Grace A",January_2022,99212,None,178,178,0,14.92,0.08382022,14.92,0,49.08,0,0,0,2,2,2,114,0.35955056
"Beers, Grace A",January_2022,99213,None,6174,6174,0,1339.42,0.21694525,1282.92,56.5,1422.41,0,0,0,41,42,42,3412.17,0.44733236
"Beers, Grace A",January_2022,99214,None,1250,1250,0,50,0.04,0,50,0,0,0,0,5,5,5,1200,0.04
"Beers, Grace A",January_2022,99215,None,292,292,0,114.68,0.39273973,114.68,0,177.32,0,0,0,1,1,1,0,1
"Beers, Grace A",January_2022,99385,None,3133,3133,0,280.11,0.08940632,280.11,0,442.89,0,0,0,14,14,14,2410,0.23076923
"Beers, Grace A",January_2022,99386,None,1088,1088,0,25,0.02297794,0,25,0,0,0,0,4,4,4,1063,0.02297794
"Beers, Grace A",January_2022,99395,None,618,618,0,0,0,0,0,0,0,0,0,3,3,3,618,0
"Beers, Grace A",January_2022,99396,None,226,226,0,25,0.11061947,0,25,0,0,0,0,1,1,1,201,0.11061947
"Beers, Grace A",January_2022,99397,None,256,256,0,0,0,0,0,0,0,0,0,1,1,1,256,0
"Beers, Grace A",January_2022,G8417,None,0,0,0,0,,0,0,0,0,0,0,17,18,18,0,
"Beers, Grace A",January_2022,G8418,None,0,0,0,0,,0,0,0,0,0,0,1,1,1,0,
"Beers, Grace A",January_2022,G8419,None,0,0,0,0,,0,0,0,0,0,0,29,29,29,0,
"Beers, Grace A",January_2022,G8420,None,0,0,0,0,,0,0,0,0,0,0,26,32,32,0,
"Beers, Grace A",January_2022,G8421,None,0,0,0,0,,0,0,0,0,0,0,1,1,1,0,
"Beers, Grace A",January_2022,G8427,None,0,0,0,0,,0,0,0,0,0,0,83,93,93,0,
"Beers, Grace A",January_2022,G8431,None,0,0,0,0,,0,0,0,0,0,0,6,7,7,0,
"Beers, Grace A",January_2022,G8482,None,0,0,0,0,,0,0,0,0,0,0,35,38,38,0,
"Beers, Grace A",January_2022,G8483,None,0,0,0,0,,0,0,0,0,0,0,50,55,55,0,
"Beers, Grace A",January_2022,G8484,None,0,0,0,0,,0,0,0,0,0,0,1,1,1,0,
"Beers, Grace A",January_2022,G8510,None,0,0,0,0,,0,0,0,0,0,0,67,74,74,0,
"Beers, Grace A",January_2022,G8752,None,0,0,0,0,,0,0,0,0,0,0,13,14,14,0,
"Beers, Grace A",January_2022,G8753,None,0,0,0,0,,0,0,0,0,0,0,1,1,1,0,
"Beers, Grace A",January_2022,G8754,None,0,0,0,0,,0,0,0,0,0,0,13,14,14,0,
"Beers, Grace A",January_2022,G8755,None,0,0,0,0,,0,0,0,0,0,0,1,1,1,0,
"Beers, Grace A",January_2022,G8783,None,0,0,0,0,,0,0,0,0,0,0,74,82,82,0,
"Beers, Grace A",January_2022,G8950,None,0,0,0,0,,0,0,0,0,0,0,3,3,3,0,
"Beers, Grace A",January_2022,G8967,None,0,0,0,0,,0,0,0,0,0,0,1,1,1,0,
"Beers, Grace A",January_2022,G8968,None,0,0,0,0,,0,0,0,0,0,0,1,1,1,0,
"Beers, Grace A",January_2022,G9716,None,0,0,0,0,,0,0,0,0,0,0,2,2,2,0,
"Beers, Grace A",January_2022,G9900,None,0,0,0,0,,0,0,0,0,0,0,4,4,4,0,
"Beers, Grace A",January_2022,G9902,None,0,0,0,0,,0,0,0,0,0,0,4,4,4,0,
"Beers, Grace A",January_2022,G9903,None,0,0,0,0,,0,0,0,0,0,0,77,86,86,0,
"Beers, Grace A",January_2022,G9905,None,0,0,0,0,,0,0,0,0,0,0,1,1,1,0,
"Beers, Grace A",January_2022,G9906,None,0,0,0,0,,0,0,0,0,0,0,3,3,3,0,
"Beers, Grace A",January_2022,G9908,None,0,0,0,0,,0,0,0,0,0,0,1,1,1,0,
"Beers, Grace A",February_2022,1036F,None,0,0,0,0,,0,0,0,0,0,0,131,140,140,0,
"Beers, Grace A",February_2022,1100F,None,0,0,0,0,,0,0,0,0,0,0,1,1,1,0,
"Beers, Grace A",February_2022,1101F,None,0,0,0,0,,0,0,0,0,0,0,1,1,1,0,
"Beers, Grace A",February_2022,1123F,None,0,0,0,0,,0,0,0,0,0,0,2,2,2,0,
"Beers, Grace A",February_2022,3017F,None,0,0,0,0,,0,0,0,0,0,0,12,12,12,0,
"Beers, Grace A",February_2022,3044F,None,0,0,0,0,,0,0,0,0,0,0,3,3,3,0,
"Beers, Grace A",February_2022,3046F,None,0,0,0,0,,0,0,0,0,0,0,1,1,1,0,
"Beers, Grace A",February_2022,3051F,None,0,0,0,0,,0,0,0,0,0,0,1,1,1,0,
"Beers, Grace A",February_2022,3052F,None,0,0,0,0,,0,0,0,0,0,0,1,1,1,0,
"Beers, Grace A",February_2022,3288F,None,0,0,0,0,,0,0,0,0,0,0,1,1,1,0,
"Beers, Grace A",February_2022,4004F,None,0,0,0,0,,0,0,0,0,0,0,3,3,3,0,
"Beers, Grace A",February_2022,4040F,None,0,0,0,0,,0,0,0,0,0,0,7,8,8,0,
"Beers, Grace A",February_2022,81003,None,60,60,0,4.37,0.07283333,4.37,0,29.97,0,0,0,5,5,5,25.66,0.57233333
"Beers, Grace A",February_2022,81025,None,20,20,0,7.32,0.366,7.32,0,12.68,0,0,0,1,1,1,0,1
"Beers, Grace A",February_2022,87426,None,1875,1875,0,607.96,0.32424533,607.96,0,917.34,0,0,0,24,25,25,349.7,0.81349333
"Beers, Grace A",February_2022,87804,None,1000,1000,0,247.52,0.24752,247.52,0,251.2,0,0,0,24,25,50,501.28,0.49872
"Beers, Grace A",February_2022,87811,None,150,150,0,138.48,0.9232,138.48,0,536.52,0,0,0,2,2,2,-525,4.5
"Beers, Grace A",February_2022,87880,None,96,96,0,9.92,0.10333333,9.92,0,44.16,0,0,0,3,3,3,41.92,0.56333333
"Beers, Grace A",February_2022,90471,None,42,42,0,41.1,0.97857143,41.1,0,84.9,0,0,0,1,1,1,-84,3
"Beers, Grace A",February_2022,90688,None,30,30,0,61.07,2.03566667,61.07,0,28.93,0,0,0,1,1,1,-60,3
"Beers, Grace A",February_2022,93000,None,35,35,0,0,0,0,0,18.97,0,0,0,1,1,1,16.03,0.542
"Beers, Grace A",February_2022,99072,None,255,255,0,0,0,0,0,345,0,0,0,17,17,17,-90,1.35294118
"Beers, Grace A",February_2022,99202,None,0,0,0,48.97,,48.97,0,77.03,0,0,0,0,0,0,-126,
"Beers, Grace A",February_2022,99203,None,5208,5208,0,1670.97,0.32084677,1420.45,250.52,3321.9,0,0,0,24,24,24,215.13,0.9586924
"Beers, Grace A",February_2022,99204,None,6600,6600,0,1661.45,0.25173485,1516.45,145,2409.93,0,0,0,20,20,20,2528.62,0.61687576
"Beers, Grace A",February_2022,99205,None,0,0,0,151.4,,151.4,0,226.75,0,0,0,0,0,0,-378.15,
"Beers, Grace A",February_2022,99212,None,89,89,0,0,0,0,0,0,0,25,0,1,1,1,64,0.28089888
"Beers, Grace A",February_2022,99213,None,8085,8085,0,2524.37,0.31222882,2221.7,302.67,3601.9,0,0,0,54,55,55,1958.73,0.75773284
"Beers, Grace A",February_2022,99214,None,8000,7750,250,1934.03,0.24175375,1749.03,185,3178.76,0,140,0,32,32,32,2747.21,0.65659875
"Beers, Grace A",February_2022,99215,None,292,292,0,0,0,0,0,0,0,0,0,1,1,1,292,0
"Beers, Grace A",February_2022,99385,None,2651,2651,0,1721.83,0.64950207,1721.83,0,1893.17,0,0,0,11,11,11,-964,1.36363636
"Beers, Grace A",February_2022,99386,None,1904,1904,0,956.36,0.50228992,956.36,0,932.64,0,0,0,7,7,7,15,0.99212185
"Beers, Grace A",February_2022,99394,None,186,186,0,99.21,0.5333871,99.21,0,86.79,0,0,0,1,1,1,0,1
"Beers, Grace A",February_2022,99395,None,618,618,0,403.99,0.6537055,388.99,15,435.01,0,0,0,3,3,3,-221,1.35760518
"Beers, Grace A",February_2022,99396,None,678,678,0,120.26,0.17737463,120.26,0,105.74,0,0,0,3,3,3,452,0.33333333
"Beers, Grace A",February_2022,99397,None,0,0,0,129.28,,129.28,0,0,0,0,0,0,0,0,-129.28,
"Beers, Grace A",February_2022,99496,None,934,934,0,0,0,0,0,0,0,0,0,2,2,2,934,0
"Beers, Grace A",February_2022,G0439,None,236,236,0,128.73,0.5454661,128.73,0,107.27,0,0,0,1,1,1,0,1
"Beers, Grace A",February_2022,G8399,None,0,0,0,0,,0,0,0,0,0,0,1,1,1,0,
"Beers, Grace A",February_2022,G8400,None,0,0,0,0,,0,0,0,0,0,0,3,3,3,0,
"Beers, Grace A",February_2022,G8417,None,0,0,0,0,,0,0,0,0,0,0,43,44,44,0,
"Beers, Grace A",February_2022,G8418,None,0,0,0,0,,0,0,0,0,0,0,8,8,8,0,
"Beers, Grace A",February_2022,G8419,None,0,0,0,0,,0,0,0,0,0,0,49,49,49,0,
"Beers, Grace A",February_2022,G8420,None,0,0,0,0,,0,0,0,0,0,0,41,41,41,0,
"Beers, Grace A",February_2022,G8421,None,0,0,0,0,,0,0,0,0,0,0,0,0,0,0,
"Beers, Grace A",February_2022,G8427,None,0,0,0,0,,0,0,0,0,0,0,143,152,152,0,
"Beers, Grace A",February_2022,G8431,None,0,0,0,0,,0,0,0,0,0,0,9,10,10,0,
"Beers, Grace A",February_2022,G8482,None,0,0,0,0,,0,0,0,0,0,0,72,74,74,0,
"Beers, Grace A",February_2022,G8483,None,0,0,0,0,,0,0,0,0,0,0,74,76,76,0,
"Beers, Grace A",February_2022,G8484,None,0,0,0,0,,0,0,0,0,0,0,3,3,3,0,
"Beers, Grace A",February_2022,G8510,None,0,0,0,0,,0,0,0,0,0,0,129,137,137,0,
"Beers, Grace A",February_2022,G8734,None,0,0,0,0,,0,0,0,0,0,0,2,2,2,0,
"Beers, Grace A",February_2022,G8752,None,0,0,0,0,,0,0,0,0,0,0,34,34,34,0,
"Beers, Grace A",February_2022,G8753,None,0,0,0,0,,0,0,0,0,0,0,3,3,3,0,
"Beers, Grace A",February_2022,G8754,None,0,0,0,0,,0,0,0,0,0,0,36,36,36,0,
"Beers, Grace A",February_2022,G8755,None,0,0,0,0,,0,0,0,0,0,0,1,1,1,0,
"Beers, Grace A",February_2022,G8783,None,0,0,0,0,,0,0,0,0,0,0,122,126,126,0,
"Beers, Grace A",February_2022,G8950,None,0,0,0,0,,0,0,0,0,0,0,10,11,11,0,
"Beers, Grace A",February_2022,G8967,None,0,0,0,0,,0,0,0,0,0,0,1,1,1,0,
"Beers, Grace A",February_2022,G8968,None,0,0,0,0,,0,0,0,0,0,0,0,0,0,0,
"Beers, Grace A",February_2022,G9716,None,0,0,0,0,,0,0,0,0,0,0,0,0,0,0,
"Beers, Grace A",February_2022,G9900,None,0,0,0,0,,0,0,0,0,0,0,7,7,7,0,
"Beers, Grace A",February_2022,G9902,None,0,0,0,0,,0,0,0,0,0,0,12,12,12,0,
"Beers, Grace A",February_2022,G9903,None,0,0,0,0,,0,0,0,0,0,0,130,139,139,0,
"Beers, Grace A",February_2022,G9906,None,0,0,0,0,,0,0,0,0,0,0,9,9,9,0,
"Beers, Grace A",March_2022,1036F,None,0,0,0,0,,0,0,0,0,0,0,153,161,161,0,
"Beers, Grace A",March_2022,1100F,None,0,0,0,0,,0,0,0,0,0,0,3,3,3,0,
"Beers, Grace A",March_2022,1101F,None,0,0,0,0,,0,0,0,0,0,0,2,2,2,0,
"Beers, Grace A",March_2022,1123F,None,0,0,0,0,,0,0,0,0,0,0,5,5,5,0,
"Beers, Grace A",March_2022,1124F,None,0,0,0,0,,0,0,0,0,0,0,1,1,1,0,
"Beers, Grace A",March_2022,2022F,None,0,0,0,0,,0,0,0,0,0,0,5,5,5,0,
"Beers, Grace A",March_2022,2023F,None,0,0,0,0,,0,0,0,0,0,0,2,2,2,0,
"Beers, Grace A",March_2022,3017F,None,0,0,0,0,,0,0,0,0,0,0,34,36,36,0,
"Beers, Grace A",March_2022,3044F,None,0,0,0,0,,0,0,0,0,0,0,5,5,5,0,
"Beers, Grace A",March_2022,3046F,None,0,0,0,0,,0,0,0,0,0,0,1,1,1,0,
"Beers, Grace A",March_2022,3051F,None,0,0,0,0,,0,0,0,0,0,0,3,3,3,0,
"Beers, Grace A",March_2022,3052F,None,0,0,0,0,,0,0,0,0,0,0,3,3,3,0,
"Beers, Grace A",March_2022,3288F,None,0,0,0,0,,0,0,0,0,0,0,3,3,3,0,
"Beers, Grace A",March_2022,4004F,None,0,0,0,0,,0,0,0,0,0,0,0,0,0,0,
"Beers, Grace A",March_2022,4040F,None,0,0,0,0,,0,0,0,0,0,0,9,9,9,0,
"Beers, Grace A",March_2022,69210,None,98,98,0,15.43,0.15744898,15.43,0,52.57,0,0,0,1,1,1,30,0.69387755
"Beers, Grace A",March_2022,81003,None,60,60,0,18.24,0.304,16.58,1.66,90.13,0,0,0,5,5,5,-48.37,1.80616667
"Beers, Grace A",March_2022,83036,None,35,35,0,0,0,0,0,35,0,0,0,1,1,1,0,1
"Beers, Grace A",March_2022,87426,None,825,825,0,565.35,0.68527273,565.35,0,665.74,0,0,0,11,11,11,-406.09,1.4922303
"Beers, Grace A",March_2022,87804,None,360,360,0,399.84,1.11066667,360.12,39.72,289.22,0,0,0,9,9,18,-329.06,1.91405556
"Beers, Grace A",March_2022,87811,None,0,0,0,754,,754,0,296,0,0,0,0,0,0,-1050,
"Beers, Grace A",March_2022,87880,None,0,0,0,9.92,,9.92,0,22.08,0,0,0,0,0,0,-32,
"Beers, Grace A",March_2022,90471,None,0,0,0,14.1,,14.1,0,27.9,0,0,0,0,0,0,-42,
"Beers, Grace A",March_2022,90688,None,0,0,0,21.16,,21.16,0,8.84,0,0,0,0,0,0,-30,
"Beers, Grace A",March_2022,93000,None,70,70,0,44.25,0.63214286,28.22,16.03,41.78,0,0,0,2,2,2,-16.03,1.229
"Beers, Grace A",March_2022,99072,None,60,60,0,0,0,0,0,285,0,0,0,4,4,4,-225,4.75
"Beers, Grace A",March_2022,99203,None,6293,6293,0,2305.92,0.36642619,1849.7,456.22,3888.52,0,0,0,29,29,29,98.56,0.98433815
"Beers, Grace A",March_2022,99204,None,5610,5280,330,2110.41,0.37618717,1639.01,471.4,2928.67,0,160,0,17,17,17,410.92,0.92675223
"Beers, Grace A",March_2022,99205,None,0,0,0,0,,0,0,0,0,37.85,0,0,0,0,-37.85,
"Beers, Grace A",March_2022,99212,None,0,0,0,91.91,,91.91,0,61.09,0,0,0,0,0,0,-153,
"Beers, Grace A",March_2022,99213,None,12054,12054,0,4837.95,0.4013564,4101.06,736.89,7003.98,0,0,0,78,82,82,212.07,0.98240667
"Beers, Grace A",March_2022,99214,None,4500,4250,250,1937.4,0.43053333,1660.05,277.35,2977.54,0,140,0,17,18,18,-554.94,1.12332
"Beers, Grace A",March_2022,99215,None,0,0,0,154.63,,154.63,0,137.37,0,0,0,0,0,0,-292,
"Beers, Grace A",March_2022,99385,None,3856,3856,0,1570.03,0.40716546,1570.03,0,2044.97,0,0,0,16,16,16,241,0.9375
"Beers, Grace A",March_2022,99386,None,4080,3808,272,1599.31,0.39198775,1514.31,85,1477.69,0,142,0,15,15,15,861,0.78897059
"Beers, Grace A",March_2022,99395,None,2060,2060,0,549.03,0.26651942,549.03,0,686.97,0,0,0,10,10,10,824,0.6
"Beers, Grace A",March_2022,99396,None,452,452,0,496.14,1.09765487,471.14,25,327.12,0,0,0,2,2,2,-371.26,1.82137168
"Beers, Grace A",March_2022,99490,None,170,170,0,106.91,0.62888235,106.91,0,52.27,0,0,0,2,2,2,10.82,0.93635294
"Beers, Grace A",March_2022,99495,None,330,330,0,141.31,0.42821212,141.31,0,153.36,0,0,0,1,1,1,35.33,0.89293939
"Beers, Grace A",March_2022,99496,None,467,467,0,183.59,0.39312634,183.59,0,237.51,0,0,0,1,1,1,45.9,0.90171306
"Beers, Grace A",March_2022,G0439,None,0,0,0,0,,0,0,0,0,0,0,0,0,0,0,
"Beers, Grace A",March_2022,G8399,None,0,0,0,0,,0,0,0,0,0,0,3,3,3,0,
"Beers, Grace A",March_2022,G8400,None,0,0,0,0,,0,0,0,0,0,0,6,6,6,0,
"Beers, Grace A",March_2022,G8417,None,0,0,0,0,,0,0,0,0,0,0,58,61,61,0,
"Beers, Grace A",March_2022,G8418,None,0,0,0,0,,0,0,0,0,0,0,6,6,6,0,
"Beers, Grace A",March_2022,G8419,None,0,0,0,0,,0,0,0,0,0,0,5,5,5,0,
"Beers, Grace A",March_2022,G8420,None,0,0,0,0,,0,0,0,0,0,0,85,87,87,0,
"Beers, Grace A",March_2022,G8427,None,0,0,0,0,,0,0,0,0,0,0,159,169,169,0,
"Beers, Grace A",March_2022,G8431,None,0,0,0,0,,0,0,0,0,0,0,8,8,8,0,
"Beers, Grace A",March_2022,G8482,None,0,0,0,0,,0,0,0,0,0,0,72,75,75,0,
"Beers, Grace A",March_2022,G8483,None,0,0,0,0,,0,0,0,0,0,0,85,90,90,0,
"Beers, Grace A",March_2022,G8484,None,0,0,0,0,,0,0,0,0,0,0,2,2,2,0,
"Beers, Grace A",March_2022,G8510,None,0,0,0,0,,0,0,0,0,0,0,130,134,134,0,
"Beers, Grace A",March_2022,G8734,None,0,0,0,0,,0,0,0,0,0,0,1,1,1,0,
"Beers, Grace A",March_2022,G8752,None,0,0,0,0,,0,0,0,0,0,0,49,49,49,0,
"Beers, Grace A",March_2022,G8753,None,0,0,0,0,,0,0,0,0,0,0,9,10,10,0,
"Beers, Grace A",March_2022,G8754,None,0,0,0,0,,0,0,0,0,0,0,49,49,49,0,
"Beers, Grace A",March_2022,G8755,None,0,0,0,0,,0,0,0,0,0,0,10,11,11,0,
"Beers, Grace A",March_2022,G8783,None,0,0,0,0,,0,0,0,0,0,0,139,147,147,0,
"Beers, Grace A",March_2022,G8950,None,0,0,0,0,,0,0,0,0,0,0,11,12,12,0,
"Beers, Grace A",March_2022,G8952,None,0,0,0,0,,0,0,0,0,0,0,1,1,1,0,
"Beers, Grace A",March_2022,G8967,None,0,0,0,0,,0,0,0,0,0,0,1,1,1,0,
"Beers, Grace A",March_2022,G8968,None,0,0,0,0,,0,0,0,0,0,0,0,0,0,0,
"Beers, Grace A",March_2022,G9717,None,0,0,0,0,,0,0,0,0,0,0,10,11,11,0,
"Beers, Grace A",March_2022,G9899,None,0,0,0,0,,0,0,0,0,0,0,7,7,7,0,
"Beers, Grace A",March_2022,G9900,None,0,0,0,0,,0,0,0,0,0,0,15,16,16,0,
"Beers, Grace A",March_2022,G9902,None,0,0,0,0,,0,0,0,0,0,0,9,9,9,0,
"Beers, Grace A",March_2022,G9903,None,0,0,0,0,,0,0,0,0,0,0,153,162,162,0,
"Beers, Grace A",March_2022,G9905,None,0,0,0,0,,0,0,0,0,0,0,0,0,0,0,
"Beers, Grace A",March_2022,G9906,None,0,0,0,0,,0,0,0,0,0,0,8,8,8,0,
"Beers, Grace A",March_2022,G9908,None,0,0,0,0,,0,0,0,0,0,0,1,1,1,0,
"Beers, Grace A",March_2022,G9991,None,0,0,0,0,,0,0,0,0,0,0,5,5,5,0,
"Beers, Grace A",March_2022,G9997,None,0,0,0,0,,0,0,0,0,0,0,1,1,1,0,
"Beers, Grace A",April_2022,1036F,None,0,0,0,0,,0,0,0,0,0,0,154,162,162,0,
"Beers, Grace A",April_2022,1100F,None,0,0,0,0,,0,0,0,0,0,0,0,0,0,0,
"Beers, Grace A",April_2022,1101F,None,0,0,0,0,,0,0,0,0,0,0,0,0,0,0,
"Beers, Grace A",April_2022,1123F,None,0,0,0,0,,0,0,0,0,0,0,0,0,0,0,
"Beers, Grace A",April_2022,1124F,None,0,0,0,0,,0,0,0,0,0,0,0,0,0,0,
"Beers, Grace A",April_2022,2022F,None,0,0,0,0,,0,0,0,0,0,0,0,0,0,0,
"Beers, Grace A",April_2022,2023F,None,0,0,0,0,,0,0,0,0,0,0,5,5,5,0,
"Beers, Grace A",April_2022,3017F,None,0,0,0,0,,0,0,0,0,0,0,18,18,18,0,
"Beers, Grace A",April_2022,3044F,None,0,0,0,0,,0,0,0,0,0,0,7,7,7,0,
"Beers, Grace A",April_2022,3046F,None,0,0,0,0,,0,0,0,0,0,0,1,1,1,0,
"Beers, Grace A",April_2022,3051F,None,0,0,0,0,,0,0,0,0,0,0,4,4,4,0,
"Beers, Grace A",April_2022,3052F,None,0,0,0,0,,0,0,0,0,0,0,0,0,0,0,
"Beers, Grace A",April_2022,3288F,None,0,0,0,0,,0,0,0,0,0,0,0,0,0,0,
"Beers, Grace A",April_2022,4004F,None,0,0,0,0,,0,0,0,0,0,0,0,0,0,0,
"Beers, Grace A",April_2022,4040F,None,0,0,0,0,,0,0,0,0,0,0,0,0,0,0,
"Beers, Grace A",April_2022,69209,None,116,116,0,0,0,0,0,0,0,0,0,1,1,1,116,0
"Beers, Grace A",April_2022,69210,None,98,98,0,30,0.30612245,30,0,55.76,0,0,0,1,1,1,12.24,0.87510204
"Beers, Grace A",April_2022,81003,None,48,48,0,5.95,0.12395833,5.62,0.33,29.97,0,0,0,4,4,4,12.08,0.74833333
"Beers, Grace A",April_2022,83036,None,0,0,0,0,,0,0,0,0,0,0,0,0,0,0,
"Beers, Grace A",April_2022,87426,None,300,300,0,266.5,0.88833333,266.5,0,258.5,0,0,0,4,4,4,-225,1.75
"Beers, Grace A",April_2022,87804,None,40,40,0,87.72,2.193,48,39.72,32,0,0,0,1,1,2,-79.72,2.993
"Beers, Grace A",April_2022,87811,None,0,0,0,20.69,,20.69,0,54.31,0,0,0,0,0,0,-75,
"Beers, Grace A",April_2022,87880,None,64,64,0,23.97,0.37453125,23.97,0,40.03,0,0,0,2,2,2,0,1
"Beers, Grace A",April_2022,99072,None,60,60,0,0,0,0,0,60,0,0,0,4,4,4,0,1
"Beers, Grace A",April_2022,99203,None,5859,5642,217,2195.28,0.3746851,1211.01,984.27,2488.74,0,107,0,27,27,27,1067.98,0.81771975
"Beers, Grace A",April_2022,99204,None,5610,5280,330,2299.91,0.40996613,1818.29,481.62,2940.67,0,0,0,17,17,17,369.42,0.93414973
"Beers, Grace A",April_2022,99213,None,11466,11172,294,5080.74,0.44311355,3297.47,1783.27,5670.53,0,62,0,75,78,78,652.73,0.94307256
"Beers, Grace A",April_2022,99214,None,7000,7000,0,2208.47,0.31549571,1790.87,417.6,3152.5,0,0,0,27,28,28,1639.03,0.76585286
"Beers, Grace A",April_2022,99385,None,4338,4338,0,1901.5,0.43833564,1861.5,40,2235.5,0,0,0,18,18,18,201,0.95366528
"Beers, Grace A",April_2022,99386,None,2992,2992,0,1236.98,0.41342914,1221.98,15,1226.02,0,0,0,11,11,11,529,0.82319519
"Beers, Grace A",April_2022,99395,None,1648,1648,0,881.53,0.53490898,871.53,10,776.47,0,0,0,8,8,8,-10,1.00606796
"Beers, Grace A",April_2022,99396,None,904,904,0,478.19,0.52897124,478.19,0,425.81,0,0,0,4,4,4,0,1
"Beers, Grace A",April_2022,99397,None,0,0,0,152.09,,152.09,0,103.91,0,0,0,0,0,0,-256,
"Beers, Grace A",April_2022,99453,None,25,25,0,0,0,0,0,0,0,0,0,1,1,1,25,0
"Beers, Grace A",April_2022,99454,None,65,65,0,0,0,0,0,0,0,0,0,1,1,1,65,0
"Beers, Grace A",April_2022,99457,None,55,55,0,0,0,0,0,0,0,0,0,1,1,1,55,0
"Beers, Grace A",April_2022,99490,None,425,425,0,269.18,0.63336471,258.36,10.82,145,0,0,0,5,5,5,10.82,0.97454118
"Beers, Grace A",April_2022,99495,None,330,330,0,201.46,0.61048485,201.46,0,163.87,0,0,0,1,1,1,-35.33,1.10706061
"Beers, Grace A",April_2022,99496,None,0,0,0,238.11,,238.11,0,228.89,0,0,0,0,0,0,-467,
"Beers, Grace A",April_2022,G0030,None,0,0,0,0,,0,0,0,0,0,0,1,1,1,0,
"Beers, Grace A",April_2022,G0439,None,0,0,0,0,,0,0,0,0,0,0,0,0,0,0,
"Beers, Grace A",April_2022,G8399,None,0,0,0,0,,0,0,0,0,0,0,2,2,2,0,
"Beers, Grace A",April_2022,G8400,None,0,0,0,0,,0,0,0,0,0,0,0,0,0,0,
"Beers, Grace A",April_2022,G8417,None,0,0,0,0,,0,0,0,0,0,0,73,76,76,0,
"Beers, Grace A",April_2022,G8418,None,0,0,0,0,,0,0,0,0,0,0,2,3,3,0,
"Beers, Grace A",April_2022,G8419,None,0,0,0,0,,0,0,0,0,0,0,0,0,0,0,
"Beers, Grace A",April_2022,G8420,None,0,0,0,0,,0,0,0,0,0,0,92,95,95,0,
"Beers, Grace A",April_2022,G8427,None,0,0,0,0,,0,0,0,0,0,0,169,178,178,0,
"Beers, Grace A",April_2022,G8431,None,0,0,0,0,,0,0,0,0,0,0,3,3,3,0,
"Beers, Grace A",April_2022,G8482,None,0,0,0,0,,0,0,0,0,0,0,7,7,7,0,
"Beers, Grace A",April_2022,G8483,None,0,0,0,0,,0,0,0,0,0,0,12,12,12,0,
"Beers, Grace A",April_2022,G8484,None,0,0,0,0,,0,0,0,0,0,0,0,0,0,0,
"Beers, Grace A",April_2022,G8510,None,0,0,0,0,,0,0,0,0,0,0,129,132,132,0,
"Beers, Grace A",April_2022,G8734,None,0,0,0,0,,0,0,0,0,0,0,1,1,1,0,
"Beers, Grace A",April_2022,G8752,None,0,0,0,0,,0,0,0,0,0,0,38,39,39,0,
"Beers, Grace A",April_2022,G8753,None,0,0,0,0,,0,0,0,0,0,0,6,6,6,0,
"Beers, Grace A",April_2022,G8754,None,0,0,0,0,,0,0,0,0,0,0,36,37,37,0,
"Beers, Grace A",April_2022,G8755,None,0,0,0,0,,0,0,0,0,0,0,8,8,8,0,
"Beers, Grace A",April_2022,G8783,None,0,0,0,0,,0,0,0,0,0,0,150,155,155,0,
"Beers, Grace A",April_2022,G8950,None,0,0,0,0,,0,0,0,0,0,0,11,11,11,0,
"Beers, Grace A",April_2022,G8952,None,0,0,0,0,,0,0,0,0,0,0,3,3,3,0,
"Beers, Grace A",April_2022,G9708,None,0,0,0,0,,0,0,0,0,0,0,1,1,1,0,
"Beers, Grace A",April_2022,G9717,None,0,0,0,0,,0,0,0,0,0,0,18,20,20,0,
"Beers, Grace A",April_2022,G9899,None,0,0,0,0,,0,0,0,0,0,0,2,2,2,0,
"Beers, Grace A",April_2022,G9900,None,0,0,0,0,,0,0,0,0,0,0,6,6,6,0,
"Beers, Grace A",April_2022,G9902,None,0,0,0,0,,0,0,0,0,0,0,13,14,14,0,
"Beers, Grace A",April_2022,G9903,None,0,0,0,0,,0,0,0,0,0,0,152,160,160,0,
"Beers, Grace A",April_2022,G9906,None,0,0,0,0,,0,0,0,0,0,0,10,11,11,0,
"Beers, Grace A",April_2022,G9991,None,0,0,0,0,,0,0,0,0,0,0,11,11,11,0,
"Beers, Grace A",April_2022,INTBL,None,1.1,1.1,0,0,0,0,0,0,0,0,0,2,2,2,1.1,0
"Beers, Grace A",May_2022,10030,None,1139,1139,0,0,0,0,0,0,0,0,0,1,1,1,1139,0
"Beers, Grace A",May_2022,1036F,None,0,0,0,0,,0,0,0,0,0,0,96,98,98,0,
"Beers, Grace A",May_2022,1100F,None,0,0,0,0,,0,0,0,0,0,0,0,0,0,0,
"Beers, Grace A",May_2022,1123F,None,0,0,0,0,,0,0,0,0,0,0,0,0,0,0,
"Beers, Grace A",May_2022,2023F,None,0,0,0,0,,0,0,0,0,0,0,3,3,3,0,
"Beers, Grace A",May_2022,2024F,None,0,0,0,0,,0,0,0,0,0,0,1,1,1,0,
"Beers, Grace A",May_2022,3017F,None,0,0,0,0,,0,0,0,0,0,0,12,13,13,0,
"Beers, Grace A",May_2022,3044F,None,0,0,0,0,,0,0,0,0,0,0,2,2,2,0,
"Beers, Grace A",May_2022,3051F,None,0,0,0,0,,0,0,0,0,0,0,0,0,0,0,
"Beers, Grace A",May_2022,3052F,None,0,0,0,0,,0,0,0,0,0,0,1,1,1,0,
"Beers, Grace A",May_2022,3288F,None,0,0,0,0,,0,0,0,0,0,0,0,0,0,0,
"Beers, Grace A",May_2022,4040F,None,0,0,0,0,,0,0,0,0,0,0,0,0,0,0,
"Beers, Grace A",May_2022,69209,None,0,0,0,19.71,,19.71,0,96.29,0,0,0,0,0,0,-116,
"Beers, Grace A",May_2022,81003,None,24,24,0,7.02,0.2925,7.02,0,39.32,0,1.66,0,2,2,2,-24,2
"Beers, Grace A",May_2022,87426,None,600,600,0,326.74,0.54456667,326.74,0,273.26,0,0,0,8,8,8,0,1
"Beers, Grace A",May_2022,87804,None,240,240,0,213.53,0.88970833,134.97,78.56,61.05,0,0,0,6,6,12,-34.58,1.14408333
"Beers, Grace A",May_2022,87880,None,32,32,0,0,0,0,0,22.08,0,0,0,1,1,1,9.92,0.69
"Beers, Grace A",May_2022,99072,None,0,0,0,15,,0,15,45,0,0,0,0,0,0,-60,
"Beers, Grace A",May_2022,99202,None,0,0,0,45,,0,45,0,0,0,0,0,0,0,-45,
"Beers, Grace A",May_2022,99203,None,1519,1519,0,2246.22,1.47874918,1704.21,542.01,2972.83,0,0,0,7,7,7,-3700.05,3.43584595
"Beers, Grace A",May_2022,99204,None,6270,5940,330,3428.11,0.54674801,2623.3,804.81,4213.71,0,320,0,19,19,19,-1691.82,1.26982775
"Beers, Grace A",May_2022,99213,None,5292,5292,0,4713.34,0.89065382,3371.96,1341.38,4798.23,0,169.67,0,36,36,36,-4389.24,1.82941043
"Beers, Grace A",May_2022,99214,None,6750,6750,0,3163.2,0.46862222,2309.4,853.8,4027.74,0,0,0,27,27,27,-440.94,1.06532444
"Beers, Grace A",May_2022,99385,None,1687,1687,0,1487.9,0.88197985,1462.9,25,1429.1,0,0,0,7,7,7,-1230,1.72910492
"Beers, Grace A",May_2022,99386,None,2720,2720,0,1652.36,0.60748529,1577.36,75,1414.64,0,0,0,10,10,10,-347,1.12757353
"Beers, Grace A",May_2022,99395,None,824,824,0,594.54,0.72152913,524.54,70,505.46,0,0,0,4,4,4,-276,1.33495146
"Beers, Grace A",May_2022,99396,None,904,904,0,375.1,0.41493363,330.1,45,347.9,0,0,0,4,4,4,181,0.79977876
"Beers, Grace A",May_2022,99439,None,190,190,0,150.71,0.79321053,135.51,15.2,1.29,0,0,0,4,4,5,38,0.8
"Beers, Grace A",May_2022,99453,None,0,0,0,16.07,,16.07,0,8.93,0,0,0,0,0,0,-25,
"Beers, Grace A",May_2022,99454,None,0,0,0,46.71,,46.71,0,18.29,0,0,0,0,0,0,-65,
"Beers, Grace A",May_2022,99457,None,0,0,0,42.42,,42.42,0,12.58,0,0,0,0,0,0,-55,
"Beers, Grace A",May_2022,99490,None,510,510,0,299.45,0.58715686,277.81,21.64,147.19,0,0,0,6,6,6,63.36,0.87576471
"Beers, Grace A",May_2022,G8399,None,0,0,0,0,,0,0,0,0,0,0,0,0,0,0,
"Beers, Grace A",May_2022,G8400,None,0,0,0,0,,0,0,0,0,0,0,0,0,0,0,
"Beers, Grace A",May_2022,G8417,None,0,0,0,0,,0,0,0,0,0,0,35,36,36,0,
"Beers, Grace A",May_2022,G8418,None,0,0,0,0,,0,0,0,0,0,0,0,0,0,0,
"Beers, Grace A",May_2022,G8419,None,0,0,0,0,,0,0,0,0,0,0,0,0,0,0,
"Beers, Grace A",May_2022,G8420,None,0,0,0,0,,0,0,0,0,0,0,61,62,62,0,
"Beers, Grace A",May_2022,G8427,None,0,0,0,0,,0,0,0,0,0,0,97,99,99,0,
"Beers, Grace A",May_2022,G8430,None,0,0,0,0,,0,0,0,0,0,0,1,1,1,0,
"Beers, Grace A",May_2022,G8431,None,0,0,0,0,,0,0,0,0,0,0,2,2,2,0,
"Beers, Grace A",May_2022,G8482,None,0,0,0,0,,0,0,0,0,0,0,0,0,0,0,
"Beers, Grace A",May_2022,G8483,None,0,0,0,0,,0,0,0,0,0,0,0,0,0,0,
"Beers, Grace A",May_2022,G8484,None,0,0,0,0,,0,0,0,0,0,0,0,0,0,0,
"Beers, Grace A",May_2022,G8510,None,0,0,0,0,,0,0,0,0,0,0,72,74,74,0,
"Beers, Grace A",May_2022,G8734,None,0,0,0,0,,0,0,0,0,0,0,0,0,0,0,
"Beers, Grace A",May_2022,G8752,None,0,0,0,0,,0,0,0,0,0,0,23,24,24,0,
"Beers, Grace A",May_2022,G8753,None,0,0,0,0,,0,0,0,0,0,0,10,10,10,0,
"Beers, Grace A",May_2022,G8754,None,0,0,0,0,,0,0,0,0,0,0,24,25,25,0,
"Beers, Grace A",May_2022,G8755,None,0,0,0,0,,0,0,0,0,0,0,9,9,9,0,
"Beers, Grace A",May_2022,G8783,None,0,0,0,0,,0,0,0,0,0,0,91,93,93,0,
"Beers, Grace A",May_2022,G8950,None,0,0,0,0,,0,0,0,0,0,0,11,11,11,0,
"Beers, Grace A",May_2022,G8952,None,0,0,0,0,,0,0,0,0,0,0,0,0,0,0,
"Beers, Grace A",May_2022,G9708,None,0,0,0,0,,0,0,0,0,0,0,0,0,0,0,
"Beers, Grace A",May_2022,G9711,None,0,0,0,0,,0,0,0,0,0,0,1,1,1,0,
"Beers, Grace A",May_2022,G9716,None,0,0,0,0,,0,0,0,0,0,0,0,0,0,0,
"Beers, Grace A",May_2022,G9717,None,0,0,0,0,,0,0,0,0,0,0,11,11,11,0,
"Beers, Grace A",May_2022,G9899,None,0,0,0,0,,0,0,0,0,0,0,3,3,3,0,
"Beers, Grace A",May_2022,G9900,None,0,0,0,0,,0,0,0,0,0,0,1,1,1,0,
"Beers, Grace A",May_2022,G9902,None,0,0,0,0,,0,0,0,0,0,0,12,12,12,0,
"Beers, Grace A",May_2022,G9903,None,0,0,0,0,,0,0,0,0,0,0,93,95,95,0,
"Beers, Grace A",May_2022,G9905,None,0,0,0,0,,0,0,0,0,0,0,1,1,1,0,
"Beers, Grace A",May_2022,G9906,None,0,0,0,0,,0,0,0,0,0,0,10,10,10,0,
"Beers, Grace A",May_2022,G9908,None,0,0,0,0,,0,0,0,0,0,0,0,0,0,0,
"Beers, Grace A",May_2022,G9991,None,0,0,0,0,,0,0,0,0,0,0,14,14,14,0,
"Beers, Grace A",May_2022,INTBL,None,1.02,1.02,0,0,0,0,0,0,0,0,0,2,2,2,1.02,0
"Beers, Grace A",May_2022,INTOP,None,0.05,0.05,0,0,0,0,0,0,0,0,0,1,1,1,0.05,0
"Beers, Grace A",June_2022,10030,None,0,0,0,553.69,,553.69,0,585.31,0,0,0,0,0,0,-1139,
"Beers, Grace A",June_2022,1036F,None,0,0,0,0,,0,0,0,0,0,0,210,221,221,0,
"Beers, Grace A",June_2022,15851,None,201,201,0,0,0,0,0,0,0,0,0,1,1,1,201,0
"Beers, Grace A",June_2022,2022F,None,0,0,0,0,,0,0,0,0,0,0,1,1,1,0,
"Beers, Grace A",June_2022,2023F,None,0,0,0,0,,0,0,0,0,0,0,10,10,10,0,
"Beers, Grace A",June_2022,3017F,None,0,0,0,0,,0,0,0,0,0,0,29,29,29,0,
"Beers, Grace A",June_2022,3044F,None,0,0,0,10,,10,0,-10,0,0,0,9,9,9,0,
"Beers, Grace A",June_2022,3046F,None,0,0,0,0,,0,0,0,0,0,0,5,5,5,0,
"Beers, Grace A",June_2022,3051F,None,0,0,0,0,,0,0,0,0,0,0,2,2,2,0,
"Beers, Grace A",June_2022,3052F,None,0,0,0,0,,0,0,0,0,0,0,1,1,1,0,
"Beers, Grace A",June_2022,81003,None,48,48,0,3.32,0.06916667,1.66,1.66,30.14,0,0,0,4,4,4,14.54,0.69708333
"Beers, Grace A",June_2022,87426,None,1875,1800,75,477.56,0.25469867,477.56,0,647.44,0,0,0,25,25,25,750,0.6
"Beers, Grace A",June_2022,87804,None,960,920,40,298.2,0.310625,278.34,19.86,227.26,0,0,0,24,24,48,434.54,0.54735417
"Beers, Grace A",June_2022,87880,None,128,128,0,36.2,0.2828125,26.28,9.92,37.72,0,0,0,4,4,4,54.08,0.5775
"Beers, Grace A",June_2022,90471,None,42,42,0,10,0.23809524,0,10,0,0,0,0,1,1,1,32,0.23809524
"Beers, Grace A",June_2022,90715,None,60,60,0,0,0,0,0,0,0,0,0,1,1,1,60,0
"Beers, Grace A",June_2022,93000,None,105,105,0,0,0,0,0,20.85,0,0,0,3,3,3,84.15,0.19857143
"Beers, Grace A",June_2022,99072,None,0,0,0,0,,0,0,0,0,0,0,0,0,0,0,
"Beers, Grace A",June_2022,99202,None,0,0,0,5,,0,5,0,0,0,0,0,0,0,-5,
"Beers, Grace A",June_2022,99203,None,1953,1953,0,707.23,0.36212494,155.94,551.29,1128.92,0,0,0,10,10,10,116.85,0.94016897
"Beers, Grace A",June_2022,99204,None,11880,11550,330,4213.37,0.35466077,3362.38,850.99,4837.35,0,160,0,36,36,36,2669.28,0.77531313
"Beers, Grace A",June_2022,99212,None,0,0,0,25,,0,25,0,0,0,0,0,0,0,-25,
"Beers, Grace A",June_2022,99213,None,10290,9996,294,3766.35,0.36602041,2344.78,1421.57,3419.2,0,71,0,68,70,70,3033.45,0.70520408
"Beers, Grace A",June_2022,99214,None,21750,21500,250,5679.2,0.26111264,4557.66,1121.54,8824.19,0,0,0,86,87,87,7246.61,0.66682253
"Beers, Grace A",June_2022,99385,None,6025,6025,0,1307.16,0.21695602,1257.16,50,1634.84,0,0,0,26,26,26,3083,0.48829876
"Beers, Grace A",June_2022,99386,None,5440,5440,0,1582.75,0.29094669,1537.75,45,1726.25,0,0,0,20,20,20,2131,0.60827206
"Beers, Grace A",June_2022,99387,None,302,302,0,162.07,0.53665563,162.07,0,139.93,0,0,0,1,1,1,0,1
"Beers, Grace A",June_2022,99394,None,0,0,0,5,,0,5,0,0,0,0,0,0,0,-5,
"Beers, Grace A",June_2022,99395,None,1442,1442,0,479.93,0.33282247,449.93,30,641.71,0,0,0,7,7,7,320.36,0.77783634
"Beers, Grace A",June_2022,99396,None,1356,1356,0,322.76,0.2380236,277.76,45,400.24,0,0,0,6,6,6,633,0.53318584
"Beers, Grace A",June_2022,99439,None,76,76,0,97.81,1.28697368,97.81,0,0.99,0,0,0,1,1,2,-22.8,1.3
"Beers, Grace A",June_2022,99490,None,510,510,0,393.01,0.77060784,393.01,0,191.17,0,0,0,6,6,6,-74.18,1.14545098
"Beers, Grace A",June_2022,99495,None,660,660,0,139.9,0.2119697,139.9,0,484.77,0,0,0,2,2,2,35.33,0.9464697
"Beers, Grace A",June_2022,99496,None,467,467,0,178.54,0.38231263,178.54,0,228.95,0,0,0,1,1,1,59.51,0.87256959
"Beers, Grace A",June_2022,G8399,None,0,0,0,0,,0,0,0,0,0,0,1,1,1,0,
"Beers, Grace A",June_2022,G8400,None,0,0,0,0,,0,0,0,0,0,0,3,3,3,0,
"Beers, Grace A",June_2022,G8417,None,0,0,0,0,,0,0,0,0,0,0,74,78,78,0,
"Beers, Grace A",June_2022,G8418,None,0,0,0,0,,0,0,0,0,0,0,3,3,3,0,
"Beers, Grace A",June_2022,G8419,None,0,0,0,0,,0,0,0,0,0,0,0,0,0,0,
"Beers, Grace A",June_2022,G8420,None,0,0,0,0,,0,0,0,0,0,0,138,142,142,0,
"Beers, Grace A",June_2022,G8427,None,0,0,0,0,,0,0,0,0,0,0,233,244,244,0,
"Beers, Grace A",June_2022,G8430,None,0,0,0,0,,0,0,0,0,0,0,1,1,1,0,
"Beers, Grace A",June_2022,G8431,None,0,0,0,0,,0,0,0,0,0,0,3,4,4,0,
"Beers, Grace A",June_2022,G8482,None,0,0,0,0,,0,0,0,0,0,0,0,0,0,0,
"Beers, Grace A",June_2022,G8483,None,0,0,0,0,,0,0,0,0,0,0,0,0,0,0,
"Beers, Grace A",June_2022,G8510,None,0,0,0,0,,0,0,0,0,0,0,175,181,181,0,
"Beers, Grace A",June_2022,G8752,None,0,0,0,0,,0,0,0,0,0,0,45,47,47,0,
"Beers, Grace A",June_2022,G8753,None,0,0,0,0,,0,0,0,0,0,0,8,8,8,0,
"Beers, Grace A",June_2022,G8754,None,0,0,0,0,,0,0,0,0,0,0,47,49,49,0,
"Beers, Grace A",June_2022,G8755,None,0,0,0,0,,0,0,0,0,0,0,6,6,6,0,
"Beers, Grace A",June_2022,G8783,None,0,0,0,0,,0,0,0,0,0,0,207,214,214,0,
"Beers, Grace A",June_2022,G8950,None,0,0,0,0,,0,0,0,0,0,0,14,14,14,0,
"Beers, Grace A",June_2022,G8952,None,0,0,0,0,,0,0,0,0,0,0,2,2,2,0,
"Beers, Grace A",June_2022,G9708,None,0,0,0,0,,0,0,0,0,0,0,1,1,1,0,
"Beers, Grace A",June_2022,G9711,None,0,0,0,0,,0,0,0,0,0,0,1,1,1,0,
"Beers, Grace A",June_2022,G9716,None,0,0,0,0,,0,0,0,0,0,0,1,1,1,0,
"Beers, Grace A",June_2022,G9717,None,0,0,0,0,,0,0,0,0,0,0,22,22,22,0,
"Beers, Grace A",June_2022,G9899,None,0,0,0,0,,0,0,0,0,0,0,10,10,10,0,
"Beers, Grace A",June_2022,G9900,None,0,0,0,0,,0,0,0,0,0,0,6,6,6,0,
"Beers, Grace A",June_2022,G9902,None,0,0,0,0,,0,0,0,0,0,0,15,16,16,0,
"Beers, Grace A",June_2022,G9903,None,0,0,0,0,,0,0,0,0,0,0,215,226,226,0,
"Beers, Grace A",June_2022,G9905,None,0,0,0,0,,0,0,0,0,0,0,0,0,0,0,
"Beers, Grace A",June_2022,G9906,None,0,0,0,0,,0,0,0,0,0,0,12,13,13,0,
"Beers, Grace A",June_2022,G9989,None,0,0,0,0,,0,0,0,0,0,0,1,1,1,0,
"Beers, Grace A",June_2022,G9991,None,0,0,0,0,,0,0,0,0,0,0,26,27,27,0,
"Beers, Grace A",June_2022,G9996,None,0,0,0,0,,0,0,0,0,0,0,1,1,1,0,
"Beers, Grace A",June_2022,G9997,None,0,0,0,0,,0,0,0,0,0,0,1,1,1,0,
"Beers, Grace A",June_2022,INTBL,None,0.42,0.42,0,0,0,0,0,0,0,0,0,1,1,1,0.42,0
"Beers, Grace A",July_2022,10030,None,1139,1139,0,553.69,0.4861194,553.69,0,585.31,0,0,0,1,1,1,0,1
"Beers, Grace A",July_2022,1036F,None,0,0,0,0,,0,0,0,0,0,0,96,96,96,0,
"Beers, Grace A",July_2022,15851,None,0,0,0,79.02,,79.02,0,108.03,0,0,0,0,0,0,-187.05,
"Beers, Grace A",July_2022,2022F,None,0,0,0,0,,0,0,0,0,0,0,0,0,0,0,
"Beers, Grace A",July_2022,2023F,None,0,0,0,0,,0,0,0,0,0,0,3,3,3,0,
"Beers, Grace A",July_2022,2024F,None,0,0,0,0,,0,0,0,0,0,0,0,0,0,0,
"Beers, Grace A",July_2022,3017F,None,0,0,0,0,,0,0,0,0,0,0,10,10,10,0,
"Beers, Grace A",July_2022,3044F,None,0,0,0,0,,0,0,0,0,0,0,4,4,4,0,
"Beers, Grace A",July_2022,3046F,None,0,0,0,0,,0,0,0,0,0,0,0,0,0,0,
"Beers, Grace A",July_2022,3051F,None,0,0,0,0,,0,0,0,0,0,0,2,2,2,0,
"Beers, Grace A",July_2022,3052F,None,0,0,0,0,,0,0,0,0,0,0,0,0,0,0,
"Beers, Grace A",July_2022,81003,None,36,36,0,3.89,0.10805556,3.89,0,30.45,0,0,0,3,3,3,1.66,0.95388889
"Beers, Grace A",July_2022,87426,None,525,525,0,510.71,0.97278095,510.71,0,689.29,0,35,0,7,7,7,-710,2.35238095
"Beers, Grace A",July_2022,87804,None,280,280,0,356.16,1.272,333.52,22.64,273.14,0,40,0,7,7,14,-389.3,2.39035714
"Beers, Grace A",July_2022,87880,None,64,64,0,29.76,0.465,29.76,0,88.32,0,0,0,2,2,2,-54.08,1.845
"Beers, Grace A",July_2022,90471,None,0,0,0,0,,0,0,42,0,0,0,0,0,0,-42,
"Beers, Grace A",July_2022,90715,None,0,0,0,0,,0,0,0,0,0,0,0,0,0,0,
"Beers, Grace A",July_2022,93000,None,35,35,0,46.21,1.32028571,32.06,14.15,58.51,0,0,0,1,1,1,-69.72,2.992
"Beers, Grace A",July_2022,99072,None,0,0,0,0,,0,0,0,0,0,0,0,0,0,0,
"Beers, Grace A",July_2022,99203,None,434,434,0,465.51,1.07260369,204.1,261.41,938.09,0,0,0,2,2,2,-969.6,3.23410138
"Beers, Grace A",July_2022,99204,None,4290,4290,0,2809.26,0.65483916,2563.26,246,4811.57,0,0,0,13,13,13,-3330.83,1.77641725
"Beers, Grace A",July_2022,99213,None,4704,4704,0,3565.97,0.75807185,2586.06,979.91,4249.87,0,62,0,32,32,32,-3173.84,1.67471088
"Beers, Grace A",July_2022,99214,None,11000,10500,500,5815.2,0.52865455,5132.02,683.18,9604.04,0,280,0,44,44,44,-4699.24,1.42720364
"Beers, Grace A",July_2022,99215,None,292,292,0,15,0.05136986,0,15,0,0,0,0,1,1,1,277,0.05136986
"Beers, Grace A",July_2022,99384,None,216,216,0,129.28,0.59851852,129.28,0,86.72,0,0,0,1,1,1,0,1
"Beers, Grace A",July_2022,99385,None,1687,1687,0,1973.05,1.16956135,1938.05,35,2158.95,0,0,0,7,7,7,-2445,2.44931832
"Beers, Grace A",July_2022,99386,None,2448,2448,0,2125.09,0.86809232,2125.09,0,2226.91,0,0,0,9,9,9,-1904,1.77777778
"Beers, Grace A",July_2022,99387,None,302,302,0,0,0,0,0,0,0,0,0,1,1,1,302,0
"Beers, Grace A",July_2022,99395,None,618,618,0,445.3,0.72055016,445.3,0,569.7,0,0,0,3,3,3,-397,1.64239482
"Beers, Grace A",July_2022,99396,None,452,452,0,663.91,1.46882743,659.05,4.86,696.95,0,0,0,2,2,2,-908.86,3.01075221
"Beers, Grace A",July_2022,99439,None,160,160,0,80.04,0.50025,64.84,15.2,78.78,0,0,0,1,1,2,1.18,0.992625
"Beers, Grace A",July_2022,99490,None,595,595,0,278.84,0.46863866,268.02,10.82,187.88,0,0,0,7,7,7,128.28,0.78440336
"Beers, Grace A",July_2022,99495,None,0,0,0,35.33,,35.33,0,0,0,0,0,0,0,0,-35.33,
"Beers, Grace A",July_2022,99496,None,0,0,0,235.73,,235.73,0,228.89,2.38,0,0,0,0,0,-467,
"Beers, Grace A",July_2022,G0402,None,336,336,0,0,0,0,0,0,0,0,0,1,1,1,336,0
"Beers, Grace A",July_2022,G8400,None,0,0,0,0,,0,0,0,0,0,0,1,1,1,0,
"Beers, Grace A",July_2022,G8417,None,0,0,0,0,,0,0,0,0,0,0,36,36,36,0,
"Beers, Grace A",July_2022,G8418,None,0,0,0,0,,0,0,0,0,0,0,1,1,1,0,
"Beers, Grace A",July_2022,G8419,None,0,0,0,0,,0,0,0,0,0,0,0,0,0,0,
"Beers, Grace A",July_2022,G8420,None,0,0,0,0,,0,0,0,0,0,0,62,62,62,0,
"Beers, Grace A",July_2022,G8427,None,0,0,0,0,,0,0,0,0,0,0,108,108,108,0,
"Beers, Grace A",July_2022,G8482,None,0,0,0,0,,0,0,0,0,0,0,0,0,0,0,
"Beers, Grace A",July_2022,G8483,None,0,0,0,0,,0,0,0,0,0,0,0,0,0,0,
"Beers, Grace A",July_2022,G8510,None,0,0,0,0,,0,0,0,0,0,0,84,84,84,0,
"Beers, Grace A",July_2022,G8734,None,0,0,0,0,,0,0,0,0,0,0,1,1,1,0,
"Beers, Grace A",July_2022,G8752,None,0,0,0,0,,0,0,0,0,0,0,23,23,23,0,
"Beers, Grace A",July_2022,G8753,None,0,0,0,0,,0,0,0,0,0,0,5,5,5,0,
"Beers, Grace A",July_2022,G8754,None,0,0,0,0,,0,0,0,0,0,0,23,23,23,0,
"Beers, Grace A",July_2022,G8755,None,0,0,0,0,,0,0,0,0,0,0,6,6,6,0,
"Beers, Grace A",July_2022,G8783,None,0,0,0,0,,0,0,0,0,0,0,88,88,88,0,
"Beers, Grace A",July_2022,G8950,None,0,0,0,0,,0,0,0,0,0,0,10,10,10,0,
"Beers, Grace A",July_2022,G8952,None,0,0,0,0,,0,0,0,0,0,0,2,2,2,0,
"Beers, Grace A",July_2022,G9708,None,0,0,0,0,,0,0,0,0,0,0,0,0,0,0,
"Beers, Grace A",July_2022,G9711,None,0,0,0,0,,0,0,0,0,0,0,0,0,0,0,
"Beers, Grace A",July_2022,G9716,None,0,0,0,0,,0,0,0,0,0,0,0,0,0,0,
"Beers, Grace A",July_2022,G9717,None,0,0,0,0,,0,0,0,0,0,0,9,9,9,0,
"Beers, Grace A",July_2022,G9899,None,0,0,0,0,,0,0,0,0,0,0,4,4,4,0,
"Beers, Grace A",July_2022,G9900,None,0,0,0,0,,0,0,0,0,0,0,2,2,2,0,
"Beers, Grace A",July_2022,G9902,None,0,0,0,0,,0,0,0,0,0,0,6,6,6,0,
"Beers, Grace A",July_2022,G9903,None,0,0,0,0,,0,0,0,0,0,0,88,88,88,0,
"Beers, Grace A",July_2022,G9905,None,0,0,0,0,,0,0,0,0,0,0,3,3,3,0,
"Beers, Grace A",July_2022,G9906,None,0,0,0,0,,0,0,0,0,0,0,5,5,5,0,
"Beers, Grace A",July_2022,G9989,None,0,0,0,0,,0,0,0,0,0,0,1,1,1,0,
"Beers, Grace A",July_2022,G9991,None,0,0,0,0,,0,0,0,0,0,0,4,4,4,0,
"Beers, Grace A",July_2022,INTBL,None,0.41,0.41,0,0,0,0,0,0,0,0,0,1,1,1,0.41,0
"Beers, Grace A",July_2022,INTOP,None,0,0,0,0.05,,0.05,0,0,0,0,0,0,0,0,-0.05,
"Beers, Grace A",August_2022,1036F,None,0,0,0,0,,0,0,0,0,0,0,161,164,164,0,
"Beers, Grace A",August_2022,12001,None,184,184,0,80.76,0.43891304,80.76,0,103.24,0,0,0,1,1,1,0,1
"Beers, Grace A",August_2022,15851,None,0,0,0,0,,0,0,0,0,0,0,0,0,0,0,
"Beers, Grace A",August_2022,2022F,None,0,0,0,0,,0,0,0,0,0,0,1,1,1,0,
"Beers, Grace A",August_2022,2023F,None,0,0,0,0,,0,0,0,0,0,0,10,10,10,0,
"Beers, Grace A",August_2022,2026F,None,0,0,0,0,,0,0,0,0,0,0,1,1,1,0,
"Beers, Grace A",August_2022,3017F,None,0,0,0,0,,0,0,0,0,0,0,31,31,31,0,
"Beers, Grace A",August_2022,3044F,None,0,0,0,0,,0,0,0,0,0,0,8,8,8,0,
"Beers, Grace A",August_2022,3051F,None,0,0,0,0,,0,0,0,0,0,0,4,4,4,0,
"Beers, Grace A",August_2022,3052F,None,0,0,0,0,,0,0,0,0,0,0,3,3,3,0,
"Beers, Grace A",August_2022,81003,None,24,24,0,3.78,0.1575,3.78,0,20.22,0,0,0,2,2,2,0,1
"Beers, Grace A",August_2022,81025,None,20,20,0,0,0,0,0,0,0,0,0,1,1,1,20,0
"Beers, Grace A",August_2022,87426,None,525,525,0,282.12,0.53737143,282.12,0,317.88,0,0,0,7,7,7,-75,1.14285714
"Beers, Grace A",August_2022,87804,None,320,320,0,151.3,0.4728125,117.08,34.22,168.38,0,0,0,8,8,16,0.32,0.999
"Beers, Grace A",August_2022,87811,None,75,75,0,0,0,0,0,0,0,0,0,1,1,1,75,0
"Beers, Grace A",August_2022,87880,None,64,64,0,9.92,0.155,9.92,0,22.08,0,0,0,2,2,2,32,0.5
"Beers, Grace A",August_2022,90460,None,84,84,0,17,0.20238095,17,0,25,0,0,0,2,2,2,42,0.5
"Beers, Grace A",August_2022,90619,None,305,305,0,150,0.49180328,150,0,155,0,0,0,1,1,1,0,1
"Beers, Grace A",August_2022,90651,None,450,450,0,0,0,0,0,0,0,0,0,1,1,1,450,0
"Beers, Grace A",August_2022,90715,None,0,0,0,60,,0,60,0,0,0,0,0,0,0,-60,
"Beers, Grace A",August_2022,90732,None,110,110,0,0,0,0,0,0,0,0,0,1,1,1,110,0
"Beers, Grace A",August_2022,92551,None,40,40,0,22.04,0.551,22.04,0,17.96,0,0,0,2,2,2,0,1
"Beers, Grace A",August_2022,93000,None,0,0,0,14.43,,0,14.43,0,0,0,0,0,0,0,-14.43,
"Beers, Grace A",August_2022,96127,None,0,0,0,5.5,,0,5.5,0,0,0,0,0,0,0,-5.5,
"Beers, Grace A",August_2022,99173,None,40,40,0,5.34,0.1335,5.34,0,34.66,0,0,0,2,2,2,0,1
"Beers, Grace A",August_2022,99203,None,434,434,0,480.53,1.10721198,-45.14,525.67,166.81,0,0,0,2,2,2,-213.34,1.49156682
"Beers, Grace A",August_2022,99204,None,4620,4620,0,2141.07,0.46343506,1570.52,570.55,2208.62,0,0,0,14,14,14,270.31,0.94149134
"Beers, Grace A",August_2022,99213,None,7791,7644,147,2736.54,0.35124374,1681.73,1054.81,3197.81,0,62,0,53,53,53,1794.65,0.76965088
"Beers, Grace A",August_2022,99214,None,19250,18750,500,7021.51,0.36475377,5367.21,1654.3,9443.38,0,420,0,76,77,77,2365.11,0.87713714
"Beers, Grace A",August_2022,99215,None,292,292,0,151.44,0.51863014,136.44,15,155.56,0,0,0,1,1,1,-15,1.05136986
"Beers, Grace A",August_2022,99384,None,432,432,0,129.28,0.29925926,129.28,0,86.72,0,0,0,2,2,2,216,0.5
"Beers, Grace A",August_2022,99385,None,2651,2169,482,919.22,0.34674462,684.22,235,908.74,0,242,0,11,11,11,581.04,0.78082233
"Beers, Grace A",August_2022,99386,None,4624,4624,0,2027.23,0.43841479,1967.23,60,2255.05,0,0,0,17,17,17,341.72,0.92609862
"Beers, Grace A",August_2022,99387,None,0,0,0,141.91,,141.91,0,160.09,0,0,0,0,0,0,-302,
"Beers, Grace A",August_2022,99394,None,186,186,0,110.24,0.59268817,110.24,0,75.76,0,0,0,1,1,1,0,1
"Beers, Grace A",August_2022,99395,None,1236,1236,0,882.39,0.71390777,837.39,45,810.61,0,0,0,6,6,6,-457,1.3697411
"Beers, Grace A",August_2022,99396,None,1130,1130,0,569.08,0.50361062,473.94,95.14,430.06,0,0,0,5,5,5,130.86,0.88419469
"Beers, Grace A",August_2022,99439,None,160,160,0,80.57,0.5035625,80.57,0,79.43,0,0,0,1,1,2,0,1
"Beers, Grace A",August_2022,99453,None,25,25,0,0,0,0,0,0,0,25,0,1,1,1,0,1
"Beers, Grace A",August_2022,99457,None,55,55,0,0,0,0,0,0,0,55,0,1,1,1,0,1
"Beers, Grace A",August_2022,99490,None,595,595,0,453.85,0.76277311,453.85,0,226.15,0,0,0,7,7,7,-85,1.14285714
"Beers, Grace A",August_2022,99496,None,467,467,0,0,0,0,0,0,0,0,0,1,1,1,467,0
"Beers, Grace A",August_2022,G0009,None,55,55,0,0,0,0,0,0,0,0,0,1,1,1,55,0
"Beers, Grace A",August_2022,G0030,None,0,0,0,0,,0,0,0,0,0,0,1,1,1,0,
"Beers, Grace A",August_2022,G0402,None,0,0,0,140.44,,140.44,0,195.56,0,0,0,0,0,0,-336,
"Beers, Grace A",August_2022,G8399,None,0,0,0,0,,0,0,0,0,0,0,8,8,8,0,
"Beers, Grace A",August_2022,G8400,None,0,0,0,0,,0,0,0,0,0,0,2,2,2,0,
"Beers, Grace A",August_2022,G8417,None,0,0,0,0,,0,0,0,0,0,0,63,64,64,0,
"Beers, Grace A",August_2022,G8418,None,0,0,0,0,,0,0,0,0,0,0,2,2,2,0,
"Beers, Grace A",August_2022,G8419,None,0,0,0,0,,0,0,0,0,0,0,1,1,1,0,
"Beers, Grace A",August_2022,G8420,None,0,0,0,0,,0,0,0,0,0,0,72,72,72,0,
"Beers, Grace A",August_2022,G8427,None,0,0,0,0,,0,0,0,0,0,0,172,176,177,0,
"Beers, Grace A",August_2022,G8430,None,0,0,0,0,,0,0,0,0,0,0,1,1,1,0,
"Beers, Grace A",August_2022,G8431,None,0,0,0,0,,0,0,0,0,0,0,3,3,3,0,
"Beers, Grace A",August_2022,G8482,None,0,0,0,0,,0,0,0,0,0,0,5,5,5,0,
"Beers, Grace A",August_2022,G8483,None,0,0,0,0,,0,0,0,0,0,0,2,2,2,0,
"Beers, Grace A",August_2022,G8510,None,0,0,0,0,,0,0,0,0,0,0,131,133,133,0,
"Beers, Grace A",August_2022,G8511,None,0,0,0,0,,0,0,0,0,0,0,1,1,1,0,
"Beers, Grace A",August_2022,G8734,None,0,0,0,0,,0,0,0,0,0,0,1,1,1,0,
"Beers, Grace A",August_2022,G8752,None,0,0,0,0,,0,0,0,0,0,0,38,38,38,0,
"Beers, Grace A",August_2022,G8753,None,0,0,0,0,,0,0,0,0,0,0,12,12,12,0,
"Beers, Grace A",August_2022,G8754,None,0,0,0,0,,0,0,0,0,0,0,43,43,44,0,
"Beers, Grace A",August_2022,G8755,None,0,0,0,0,,0,0,0,0,0,0,7,7,7,0,
"Beers, Grace A",August_2022,G8783,None,0,0,0,0,,0,0,0,0,0,0,125,126,126,0,
"Beers, Grace A",August_2022,G8950,None,0,0,0,0,,0,0,0,0,0,0,14,14,14,0,
"Beers, Grace A",August_2022,G8952,None,0,0,0,0,,0,0,0,0,0,0,3,3,3,0,
"Beers, Grace A",August_2022,G8967,None,0,0,0,0,,0,0,0,0,0,0,1,1,1,0,
"Beers, Grace A",August_2022,G9708,None,0,0,0,0,,0,0,0,0,0,0,2,2,2,0,
"Beers, Grace A",August_2022,G9711,None,0,0,0,0,,0,0,0,0,0,0,1,1,1,0,
"Beers, Grace A",August_2022,G9717,None,0,0,0,0,,0,0,0,0,0,0,10,10,10,0,
"Beers, Grace A",August_2022,G9744,None,0,0,0,0,,0,0,0,0,0,0,1,1,1,0,
"Beers, Grace A",August_2022,G9899,None,0,0,0,0,,0,0,0,0,0,0,13,13,13,0,
"Beers, Grace A",August_2022,G9900,None,0,0,0,0,,0,0,0,0,0,0,5,5,5,0,
"Beers, Grace A",August_2022,G9902,None,0,0,0,0,,0,0,0,0,0,0,11,11,11,0,
"Beers, Grace A",August_2022,G9903,None,0,0,0,0,,0,0,0,0,0,0,159,162,162,0,
"Beers, Grace A",August_2022,G9905,None,0,0,0,0,,0,0,0,0,0,0,0,0,0,0,
"Beers, Grace A",August_2022,G9906,None,0,0,0,0,,0,0,0,0,0,0,7,7,7,0,
"Beers, Grace A",August_2022,G9989,None,0,0,0,0,,0,0,0,0,0,0,0,0,0,0,
"Beers, Grace A",August_2022,G9990,None,0,0,0,0,,0,0,0,0,0,0,1,1,1,0,
"Beers, Grace A",August_2022,G9991,None,0,0,0,0,,0,0,0,0,0,0,26,26,26,0,
"Beers, Grace A",August_2022,INTBL,None,0.33,0.33,0,0,0,0,0,0,0,0,0,1,1,1,0.33,0
"Beers, Grace A",August_2022,INTMG,None,0.1,0.1,0,0,0,0,0,0,0,0,0,1,1,1,0.1,0
"Beers, Grace A",August_2022,INTOP,None,0.01,0.01,0,0,0,0,0,0,0,0,0,1,1,1,0.01,0
"Beers, Grace A",September_2022,1036F,None,0,0,0,0,,0,0,0,0,0,0,177,187,187,0,
"Beers, Grace A",September_2022,1124F,None,0,0,0,0,,0,0,0,0,0,0,1,1,1,0,
"Beers, Grace A",September_2022,1126F,None,0,0,0,0,,0,0,0,0,0,0,1,1,1,0,
"Beers, Grace A",September_2022,1158F,None,0,0,0,0,,0,0,0,0,0,0,1,1,1,0,
"Beers, Grace A",September_2022,1160F,None,0,0,0,0,,0,0,0,0,0,0,1,1,1,0,
"Beers, Grace A",September_2022,1170F,None,0,0,0,0,,0,0,0,0,0,0,1,1,1,0,
"Beers, Grace A",September_2022,2022F,None,0,0,0,0,,0,0,0,0,0,0,1,1,1,0,
"Beers, Grace A",September_2022,2023F,None,0,0,0,0,,0,0,0,0,0,0,10,10,10,0,
"Beers, Grace A",September_2022,2026F,None,0,0,0,0,,0,0,0,0,0,0,1,1,1,0,
"Beers, Grace A",September_2022,3017F,None,0,0,0,0,,0,0,0,0,0,0,47,49,49,0,
"Beers, Grace A",September_2022,3044F,None,0,0,0,0,,0,0,0,0,0,0,3,3,3,0,
"Beers, Grace A",September_2022,3046F,None,0,0,0,0,,0,0,0,0,0,0,2,2,2,0,
"Beers, Grace A",September_2022,3051F,None,0,0,0,0,,0,0,0,0,0,0,5,5,5,0,
"Beers, Grace A",September_2022,3052F,None,0,0,0,0,,0,0,0,0,0,0,1,1,1,0,
"Beers, Grace A",September_2022,4040F,None,0,0,0,0,,0,0,0,0,0,0,0,0,0,0,
"Beers, Grace A",September_2022,81003,None,36,36,0,6.68,0.18555556,5.02,1.66,30.56,0,0,0,3,3,3,-1.24,1.03444444
"Beers, Grace A",September_2022,81025,None,20,20,0,7.3,0.365,7.3,0,12.7,0,0,0,1,1,1,0,1
"Beers, Grace A",September_2022,87426,None,900,900,0,145.5,0.16166667,145.5,0,304.5,0,0,0,12,12,12,450,0.5
"Beers, Grace A",September_2022,87804,None,480,480,0,150.58,0.31370833,123.94,26.64,140.98,0,0,0,12,12,24,188.44,0.60741667
"Beers, Grace A",September_2022,87811,None,0,0,0,20.92,,5.92,15,69.08,0,0,0,0,0,0,-90,
"Beers, Grace A",September_2022,87880,None,224,224,0,29.76,0.13285714,29.76,0,88.32,0,0,0,7,7,7,105.92,0.52714286
"Beers, Grace A",September_2022,90460,None,42,42,0,17,0.4047619,17,0,25,0,0,0,1,1,1,0,1
"Beers, Grace A",September_2022,90471,None,1764,1764,0,201.5,0.11422902,201.5,0,386.5,0,0,0,42,42,42,1176,0.33333333
"Beers, Grace A",September_2022,90619,None,305,305,0,0,0,0,0,0,0,0,0,1,1,1,305,0
"Beers, Grace A",September_2022,90651,None,0,0,0,255,,255,0,195,0,0,0,0,0,0,-450,
"Beers, Grace A",September_2022,90662,None,675,675,0,137.08,0.20308148,137.08,0,12.92,0,0,0,9,9,9,525,0.22222222
"Beers, Grace A",September_2022,90688,None,1320,1320,0,296.7,0.22477273,296.7,0,153.3,0,0,0,44,44,44,870,0.34090909
"Beers, Grace A",September_2022,90732,None,0,0,0,110,,110,0,0,0,0,0,0,0,0,-110,
"Beers, Grace A",September_2022,96160,None,200,200,0,0,0,0,0,0,0,0,0,1,1,1,200,0
"Beers, Grace A",September_2022,99203,None,868,868,0,311.04,0.35834101,231.04,80,592.97,0,0,0,4,4,4,-36.01,1.04148618
"Beers, Grace A",September_2022,99204,None,4290,4290,0,2068.5,0.48216783,1978.5,90,2663.88,0,220,0,13,13,13,-662.38,1.15440093
"Beers, Grace A",September_2022,99213,None,7644,7644,0,3439.61,0.44997514,2165.32,1274.29,3774.51,0,71,0,51,53,53,358.88,0.95305076
"Beers, Grace A",September_2022,99214,None,26000,25750,250,7907.3,0.30412692,6031.17,1876.13,10595.57,0,0,0,100,104,104,7497.13,0.71164885
"Beers, Grace A",September_2022,99215,None,0,0,0,136.44,,136.44,0,155.56,0,0,0,0,0,0,-292,
"Beers, Grace A",September_2022,99384,None,0,0,0,129.28,,129.28,0,86.72,0,0,0,0,0,0,-216,
"Beers, Grace A",September_2022,99385,None,3856,3615,241,1799.89,0.46677645,1495.85,304.04,1637.15,0,121,0,16,16,16,297.96,0.92272822
"Beers, Grace A",September_2022,99386,None,3536,3536,0,2159.93,0.61083993,2099.93,60,2252.07,0,0,0,13,13,13,-876,1.24773756
"Beers, Grace A",September_2022,99387,None,302,302,0,116.97,0.38731788,116.97,0,185.03,0,0,0,1,1,1,0,1
"Beers, Grace A",September_2022,99395,None,618,618,0,247.11,0.39985437,197.11,50,214.89,0,0,0,3,3,3,156,0.74757282
"Beers, Grace A",September_2022,99396,None,2260,2260,0,633.59,0.28034956,558.59,75,571.41,0,0,0,10,10,10,1055,0.53318584
"Beers, Grace A",September_2022,99406,None,30,30,0,13.13,0.43766667,13.13,0,16.87,0,0,0,1,1,1,0,1
"Beers, Grace A",September_2022,99439,None,320,320,0,137.22,0.4288125,120.84,16.38,119.16,0,0,0,4,4,4,63.62,0.8011875
"Beers, Grace A",September_2022,99453,None,25,25,0,0,0,0,0,0,0,0,0,1,1,1,25,0
"Beers, Grace A",September_2022,99454,None,65,65,0,0,0,0,0,0,0,0,0,1,1,1,65,0
"Beers, Grace A",September_2022,99457,None,55,55,0,0,0,0,0,0,0,0,0,1,1,1,55,0
"Beers, Grace A",September_2022,99458,None,45,45,0,0,0,0,0,0,0,0,0,1,1,1,45,0
"Beers, Grace A",September_2022,99490,None,1530,1530,0,765.05,0.50003268,743.41,21.64,435.77,0,0,0,18,18,18,329.18,0.78484967
"Beers, Grace A",September_2022,A7004,None,5,5,0,0,0,0,0,0,0,0,0,1,1,1,5,0
"Beers, Grace A",September_2022,COLF,None,33.45,33.45,0,0,0,0,0,0,0,0,0,1,1,1,33.45,0
"Beers, Grace A",September_2022,G0008,None,462,462,0,88.02,0.19051948,88.02,0,37.98,0,0,0,11,11,11,336,0.27272727
"Beers, Grace A",September_2022,G0009,None,0,0,0,24.17,,24.17,0,30.83,0,0,0,0,0,0,-55,
"Beers, Grace A",September_2022,G0439,None,236,236,0,0,0,0,0,0,0,0,0,1,1,1,236,0
"Beers, Grace A",September_2022,G0444,None,37,37,0,0,0,0,0,0,0,0,0,1,1,1,37,0
"Beers, Grace A",September_2022,G8399,None,0,0,0,0,,0,0,0,0,0,0,9,9,9,0,
"Beers, Grace A",September_2022,G8400,None,0,0,0,0,,0,0,0,0,0,0,4,4,4,0,
"Beers, Grace A",September_2022,G8417,None,0,0,0,0,,0,0,0,0,0,0,71,72,72,0,
"Beers, Grace A",September_2022,G8418,None,0,0,0,0,,0,0,0,0,0,0,1,1,1,0,
"Beers, Grace A",September_2022,G8420,None,0,0,0,0,,0,0,0,0,0,0,103,107,107,0,
"Beers, Grace A",September_2022,G8427,None,0,0,0,0,,0,0,0,0,0,0,190,199,200,0,
"Beers, Grace A",September_2022,G8431,None,0,0,0,0,,0,0,0,0,0,0,3,3,3,0,
"Beers, Grace A",September_2022,G8482,None,0,0,0,0,,0,0,0,0,0,0,50,50,50,0,
"Beers, Grace A",September_2022,G8483,None,0,0,0,0,,0,0,0,0,0,0,0,0,0,0,
"Beers, Grace A",September_2022,G8510,None,0,0,0,0,,0,0,0,0,0,0,143,149,149,0,
"Beers, Grace A",September_2022,G8511,None,0,0,0,0,,0,0,0,0,0,0,1,1,1,0,
"Beers, Grace A",September_2022,G8734,None,0,0,0,0,,0,0,0,0,0,0,1,1,1,0,
"Beers, Grace A",September_2022,G8752,None,0,0,0,0,,0,0,0,0,0,0,44,44,44,0,
"Beers, Grace A",September_2022,G8753,None,0,0,0,0,,0,0,0,0,0,0,10,11,11,0,
"Beers, Grace A",September_2022,G8754,None,0,0,0,0,,0,0,0,0,0,0,49,49,49,0,
"Beers, Grace A",September_2022,G8755,None,0,0,0,0,,0,0,0,0,0,0,5,6,6,0,
"Beers, Grace A",September_2022,G8783,None,0,0,0,0,,0,0,0,0,0,0,157,160,160,0,
"Beers, Grace A",September_2022,G8950,None,0,0,0,0,,0,0,0,0,0,0,17,18,18,0,
"Beers, Grace A",September_2022,G8952,None,0,0,0,0,,0,0,0,0,0,0,0,0,0,0,
"Beers, Grace A",September_2022,G9708,None,0,0,0,0,,0,0,0,0,0,0,1,1,1,0,
"Beers, Grace A",September_2022,G9711,None,0,0,0,0,,0,0,0,0,0,0,0,0,0,0,
"Beers, Grace A",September_2022,G9716,None,0,0,0,0,,0,0,0,0,0,0,1,1,1,0,
"Beers, Grace A",September_2022,G9717,None,0,0,0,0,,0,0,0,0,0,0,18,19,19,0,
"Beers, Grace A",September_2022,G9744,None,0,0,0,0,,0,0,0,0,0,0,1,1,1,0,
"Beers, Grace A",September_2022,G9899,None,0,0,0,0,,0,0,0,0,0,0,26,27,27,0,
"Beers, Grace A",September_2022,G9900,None,0,0,0,0,,0,0,0,0,0,0,4,4,4,0,
"Beers, Grace A",September_2022,G9902,None,0,0,0,0,,0,0,0,0,0,0,10,10,10,0,
"Beers, Grace A",September_2022,G9903,None,0,0,0,0,,0,0,0,0,0,0,175,185,185,0,
"Beers, Grace A",September_2022,G9906,None,0,0,0,0,,0,0,0,0,0,0,8,8,8,0,
"Beers, Grace A",September_2022,G9907,None,0,0,0,0,,0,0,0,0,0,0,2,2,2,0,
"Beers, Grace A",September_2022,G9991,None,0,0,0,0,,0,0,0,0,0,0,24,26,26,0,
"Beers, Grace A",September_2022,INTBL,None,0.62,0.62,0,0,0,0,0,0,0,0,0,2,2,2,0.62,0
"Beers, Grace A",September_2022,INTMG,None,0,0,0,0.1,,0.1,0,0,0,0,0,0,0,0,-0.1,
"Beers, Grace A",September_2022,J7620,None,12,12,0,0,0,0,0,0,0,0,0,1,1,1,12,0
"Beers, Grace A",October_2022,10060,None,240,240,0,0,0,0,0,0,0,0,0,1,1,1,240,0
"Beers, Grace A",October_2022,1036F,None,0,0,0,0,,0,0,0,0,0,0,127,129,129,0,
"Beers, Grace A",October_2022,1123F,None,0,0,0,0,,0,0,0,0,0,0,1,1,1,0,
"Beers, Grace A",October_2022,1124F,None,0,0,0,0,,0,0,0,0,0,0,4,4,4,0,
"Beers, Grace A",October_2022,1125F,None,0,0,0,0,,0,0,0,0,0,0,2,2,2,0,
"Beers, Grace A",October_2022,1126F,None,0,0,0,0,,0,0,0,0,0,0,2,2,2,0,
"Beers, Grace A",October_2022,1158F,None,0,0,0,0,,0,0,0,0,0,0,4,4,4,0,
"Beers, Grace A",October_2022,1160F,None,0,0,0,0,,0,0,0,0,0,0,4,4,4,0,
"Beers, Grace A",October_2022,1170F,None,0,0,0,0,,0,0,0,0,0,0,4,4,4,0,
"Beers, Grace A",October_2022,2022F,None,0,0,0,0,,0,0,0,0,0,0,2,2,2,0,
"Beers, Grace A",October_2022,2023F,None,0,0,0,0,,0,0,0,0,0,0,4,4,4,0,
"Beers, Grace A",October_2022,2024F,None,0,0,0,0,,0,0,0,0,0,0,1,1,1,0,
"Beers, Grace A",October_2022,2026F,None,0,0,0,0,,0,0,0,0,0,0,0,0,0,0,
"Beers, Grace A",October_2022,3017F,None,0,0,0,0,,0,0,0,0,0,0,28,28,28,0,
"Beers, Grace A",October_2022,3044F,None,0,0,0,10,,10,0,-10,0,0,0,10,10,10,0,
"Beers, Grace A",October_2022,3046F,None,0,0,0,0,,0,0,0,0,0,0,3,3,3,0,
"Beers, Grace A",October_2022,3051F,None,0,0,0,0,,0,0,0,0,0,0,2,2,2,0,
"Beers, Grace A",October_2022,3052F,None,0,0,0,0,,0,0,0,0,0,0,0,0,0,0,
"Beers, Grace A",October_2022,81003,None,96,96,0,4.98,0.051875,4.98,0,53.99,0,0,0,8,8,8,37.03,0.61427083
"Beers, Grace A",October_2022,81025,None,0,0,0,0,,0,0,0,0,0,0,0,0,0,0,
"Beers, Grace A",October_2022,83036,None,35,35,0,0.09,0.00257143,0.09,0,34.9,0,0,0,1,1,1,0.01,0.99971429
"Beers, Grace A",October_2022,87426,None,450,450,0,396.24,0.88053333,396.24,0,503.76,0,0,0,6,6,6,-450,2
"Beers, Grace A",October_2022,87804,None,240,240,0,261.08,1.08783333,261.08,0,180.4,0,0,0,6,6,12,-201.48,1.8395
"Beers, Grace A",October_2022,87880,None,64,64,0,58.03,0.90671875,58.03,0,99.99,0,0,0,2,2,2,-94.02,2.4690625
"Beers, Grace A",October_2022,90460,None,42,42,0,17,0.4047619,17,0,25,0,0,0,1,1,1,0,1
"Beers, Grace A",October_2022,90471,None,1260,1260,0,606.16,0.48107937,606.16,0,1073.84,0,0,0,30,30,30,-420,1.33333333
"Beers, Grace A",October_2022,90472,None,52,52,0,0,0,0,0,0,0,0,0,2,2,2,52,0
"Beers, Grace A",October_2022,90619,None,305,305,0,150,0.49180328,150,0,155,0,0,0,1,1,1,0,1
"Beers, Grace A",October_2022,90662,None,900,900,0,823.4,0.91488889,823.4,0,76.6,0,0,0,12,12,12,0,1
"Beers, Grace A",October_2022,90670,None,1380,1380,0,252.83,0.18321014,252.83,0,207.17,0,0,0,3,3,3,920,0.33333333
"Beers, Grace A",October_2022,90688,None,930,930,0,901.44,0.96929032,901.44,0,436.69,0,0,0,31,31,31,-408.13,1.43884946
"Beers, Grace A",October_2022,90715,None,120,120,0,0,0,0,0,0,0,0,0,2,2,2,120,0
"Beers, Grace A",October_2022,93000,None,35,35,0,0,0,0,0,0,0,0,0,1,1,1,35,0
"Beers, Grace A",October_2022,96160,None,0,0,0,150,,150,0,50,0,0,0,0,0,0,-200,
"Beers, Grace A",October_2022,99203,None,217,217,0,224.47,1.03442396,124.1,100.37,289.9,0,0,0,1,1,1,-297.37,2.37036866
"Beers, Grace A",October_2022,99204,None,2640,2640,0,1380.79,0.52302652,1107.36,273.43,1475.4,0,0,0,8,8,8,-216.19,1.08189015
"Beers, Grace A",October_2022,99213,None,8085,8085,0,3273.79,0.40492146,2187.26,1086.53,3701.45,0,0,0,55,55,55,1109.76,0.8627384
"Beers, Grace A",October_2022,99214,None,18500,18250,250,9168.52,0.49559568,8150.27,1018.25,14592.43,0,305,0,72,74,74,-5565.95,1.30086216
"Beers, Grace A",October_2022,99385,None,1205,1205,0,1042.92,0.86549378,1007.92,35,1402.08,0,121,0,5,5,5,-1361,2.12946058
"Beers, Grace A",October_2022,99386,None,544,544,0,839.35,1.54292279,814.35,25,817.65,0,0,0,2,2,2,-1113,3.04595588
"Beers, Grace A",October_2022,99395,None,206,206,0,313.72,1.52291262,298.72,15,319.28,0,0,0,1,1,1,-427,3.07281553
"Beers, Grace A",October_2022,99396,None,1582,1582,0,1123.47,0.71015803,1043.47,80,990.53,0,0,0,7,7,7,-532,1.33628319
"Beers, Grace A",October_2022,99439,None,80,80,0,79.29,0.991125,79.29,0,72.52,0,0,0,1,1,1,-71.81,1.897625
"Beers, Grace A",October_2022,99453,None,25,25,0,26.26,1.0504,26.26,0,20.53,0,0,0,1,1,1,-21.79,1.8716
"Beers, Grace A",October_2022,99454,None,65,65,0,0,0,0,0,0,0,0,0,1,1,1,65,0
"Beers, Grace A",October_2022,99457,None,165,165,0,66.52,0.40315152,66.52,0,26.52,0,0,0,3,3,3,71.96,0.56387879
"Beers, Grace A",October_2022,99458,None,90,90,0,27.06,0.30066667,27.06,0,11.04,0,0,0,2,2,2,51.9,0.42333333
"Beers, Grace A",October_2022,99490,None,2040,2040,0,1109.45,0.54384804,1109.45,0,599.81,0,85,0,24,24,24,245.74,0.87953922
"Beers, Grace A",October_2022,99496,None,467,467,0,59.51,0.12743041,0,59.51,0,0,0,0,1,1,1,407.49,0.12743041
"Beers, Grace A",October_2022,99497,None,340,340,0,70.78,0.20817647,70.78,0,99.22,0,0,0,2,2,2,170,0.5
"Beers, Grace A",October_2022,A7004,None,0,0,0,1.4,,1.4,0,3.6,0,0,0,0,0,0,-5,
"Beers, Grace A",October_2022,G0008,None,630,630,0,417.43,0.6625873,417.43,0,212.57,0,0,0,15,15,15,0,1
"Beers, Grace A",October_2022,G0009,None,55,55,0,29.34,0.53345455,29.34,0,25.66,0,0,0,1,1,1,0,1
"Beers, Grace A",October_2022,G0439,None,944,944,0,392.04,0.41529661,392.04,0,315.96,0,0,0,4,4,4,236,0.75
"Beers, Grace A",October_2022,G0444,None,148,148,0,48.02,0.32445946,48.02,0,62.98,0,0,0,4,4,4,37,0.75
"Beers, Grace A",October_2022,G8399,None,0,0,0,0,,0,0,0,0,0,0,4,4,4,0,
"Beers, Grace A",October_2022,G8400,None,0,0,0,0,,0,0,0,0,0,0,3,3,3,0,
"Beers, Grace A",October_2022,G8417,None,0,0,0,0,,0,0,0,0,0,0,55,55,55,0,
"Beers, Grace A",October_2022,G8418,None,0,0,0,0,,0,0,0,0,0,0,1,1,1,0,
"Beers, Grace A",October_2022,G8420,None,0,0,0,0,,0,0,0,0,0,0,61,61,61,0,
"Beers, Grace A",October_2022,G8427,None,0,0,0,0,,0,0,0,0,0,0,135,137,137,0,
"Beers, Grace A",October_2022,G8431,None,0,0,0,0,,0,0,0,0,0,0,3,3,3,0,
"Beers, Grace A",October_2022,G8482,None,0,0,0,0,,0,0,0,0,0,0,62,62,64,0,
"Beers, Grace A",October_2022,G8483,None,0,0,0,0,,0,0,0,0,0,0,50,50,50,0,
"Beers, Grace A",October_2022,G8484,None,0,0,0,0,,0,0,0,0,0,0,1,1,1,0,
"Beers, Grace A",October_2022,G8510,None,0,0,0,0,,0,0,0,0,0,0,90,90,90,0,
"Beers, Grace A",October_2022,G8511,None,0,0,0,0,,0,0,0,0,0,0,1,1,1,0,
"Beers, Grace A",October_2022,G8734,None,0,0,0,0,,0,0,0,0,0,0,4,4,4,0,
"Beers, Grace A",October_2022,G8752,None,0,0,0,0,,0,0,0,0,0,0,37,37,37,0,
"Beers, Grace A",October_2022,G8753,None,0,0,0,0,,0,0,0,0,0,0,2,3,3,0,
"Beers, Grace A",October_2022,G8754,None,0,0,0,0,,0,0,0,0,0,0,37,37,37,0,
"Beers, Grace A",October_2022,G8755,None,0,0,0,0,,0,0,0,0,0,0,2,3,3,0,
"Beers, Grace A",October_2022,G8783,None,0,0,0,0,,0,0,0,0,0,0,113,115,115,0,
"Beers, Grace A",October_2022,G8950,None,0,0,0,0,,0,0,0,0,0,0,2,3,3,0,
"Beers, Grace A",October_2022,G9708,None,0,0,0,0,,0,0,0,0,0,0,0,0,0,0,
"Beers, Grace A",October_2022,G9711,None,0,0,0,0,,0,0,0,0,0,0,1,1,1,0,
"Beers, Grace A",October_2022,G9717,None,0,0,0,0,,0,0,0,0,0,0,21,21,21,0,
"Beers, Grace A",October_2022,G9744,None,0,0,0,0,,0,0,0,0,0,0,0,0,0,0,
"Beers, Grace A",October_2022,G9899,None,0,0,0,0,,0,0,0,0,0,0,12,12,12,0,
"Beers, Grace A",October_2022,G9900,None,0,0,0,0,,0,0,0,0,0,0,3,3,3,0,
"Beers, Grace A",October_2022,G9902,None,0,0,0,0,,0,0,0,0,0,0,5,5,5,0,
"Beers, Grace A",October_2022,G9903,None,0,0,0,0,,0,0,0,0,0,0,128,130,130,0,
"Beers, Grace A",October_2022,G9906,None,0,0,0,0,,0,0,0,0,0,0,5,5,5,0,
"Beers, Grace A",October_2022,G9991,None,0,0,0,0,,0,0,0,0,0,0,13,15,15,0,
"Beers, Grace A",October_2022,G9997,None,0,0,0,0,,0,0,0,0,0,0,1,1,1,0,
"Beers, Grace A",October_2022,J7620,None,0,0,0,0,,0,0,12,0,0,0,0,0,0,-12,
"Beers, Grace A",November_2022,10060,None,0,0,0,105.68,,105.68,0,134.32,0,0,0,0,0,0,-240,
"Beers, Grace A",November_2022,1036F,None,0,0,0,0,,0,0,0,0,0,0,9,9,9,0,
"Beers, Grace A",November_2022,1101F,None,0,0,0,0,,0,0,0,0,0,0,0,0,0,0,
"Beers, Grace A",November_2022,1123F,None,0,0,0,0,,0,0,0,0,0,0,0,0,0,0,
"Beers, Grace A",November_2022,1124F,None,0,0,0,0,,0,0,0,0,0,0,8,8,8,0,
"Beers, Grace A",November_2022,1125F,None,0,0,0,0,,0,0,0,0,0,0,5,5,5,0,
"Beers, Grace A",November_2022,1126F,None,0,0,0,0,,0,0,0,0,0,0,4,4,4,0,
"Beers, Grace A",November_2022,1158F,None,0,0,0,0,,0,0,0,0,0,0,8,8,8,0,
"Beers, Grace A",November_2022,1160F,None,0,0,0,0,,0,0,0,0,0,0,9,9,9,0,
"Beers, Grace A",November_2022,1170F,None,0,0,0,0,,0,0,0,0,0,0,9,9,9,0,
"Beers, Grace A",November_2022,2022F,None,0,0,0,0,,0,0,0,0,0,0,0,0,0,0,
"Beers, Grace A",November_2022,2023F,None,0,0,0,0,,0,0,0,0,0,0,0,0,0,0,
"Beers, Grace A",November_2022,3017F,None,0,0,0,0,,0,0,0,0,0,0,6,6,6,0,
"Beers, Grace A",November_2022,3044F,None,0,0,0,0,,0,0,0,0,0,0,0,0,0,0,
"Beers, Grace A",November_2022,3046F,None,0,0,0,0,,0,0,0,0,0,0,0,0,0,0,
"Beers, Grace A",November_2022,3051F,None,0,0,0,0,,0,0,0,0,0,0,0,0,0,0,
"Beers, Grace A",November_2022,3052F,None,0,0,0,0,,0,0,0,0,0,0,0,0,0,0,
"Beers, Grace A",November_2022,4040F,None,0,0,0,0,,0,0,0,0,0,0,0,0,0,0,
"Beers, Grace A",November_2022,81003,None,0,0,0,4.47,,3.53,0.94,41.13,0,0,0,0,0,0,-45.6,
"Beers, Grace A",November_2022,83036,None,0,0,0,0.01,,0,0.01,0,0,0,0,0,0,0,-0.01,
"Beers, Grace A",November_2022,87426,None,0,0,0,94.55,,94.55,0,130.45,0,0,0,0,0,0,-225,
"Beers, Grace A",November_2022,87804,None,0,0,0,99.44,,80.78,18.66,35.26,0,0,0,0,0,0,-134.7,
"Beers, Grace A",November_2022,87880,None,0,0,0,28.1,,16.2,11.9,15.8,0,0,0,0,0,0,-43.9,
"Beers, Grace A",November_2022,90460,None,0,0,0,0,,0,0,42,0,0,0,0,0,0,-42,
"Beers, Grace A",November_2022,90471,None,0,0,0,248.84,,248.84,0,462.29,0,0,0,0,0,0,-711.13,
"Beers, Grace A",November_2022,90472,None,0,0,0,29.71,,29.71,0,22.29,0,0,0,0,0,0,-52,
"Beers, Grace A",November_2022,90619,None,0,0,0,148.5,,148.5,0,156.5,0,0,0,0,0,0,-305,
"Beers, Grace A",November_2022,90662,None,0,0,0,486.26,,486.26,0,38.74,0,0,0,0,0,0,-525,
"Beers, Grace A",November_2022,90670,None,0,0,0,498.72,,498.72,0,421.28,0,0,0,0,0,0,-920,
"Beers, Grace A",November_2022,90688,None,0,0,0,309.82,,309.82,0,140.18,0,0,0,0,0,0,-450,
"Beers, Grace A",November_2022,90715,None,0,0,0,49,,49,0,71,0,0,0,0,0,0,-120,
"Beers, Grace A",November_2022,90732,None,320,320,0,266.94,0.8341875,266.94,0,53.06,0,0,0,2,2,2,0,1
"Beers, Grace A",November_2022,93000,None,0,0,0,11.92,,11.92,0,23.08,0,0,0,0,0,0,-35,
"Beers, Grace A",November_2022,96160,None,200,200,0,150,0.75,150,0,50,0,0,0,1,1,1,0,1
"Beers, Grace A",November_2022,99203,None,0,0,0,185.81,,50.19,135.62,166.81,0,0,0,0,0,0,-352.62,
"Beers, Grace A",November_2022,99204,None,0,0,0,1122.94,,617.41,505.53,1317.86,0,0,0,0,0,0,-2440.8,
"Beers, Grace A",November_2022,99213,None,0,0,0,2303.75,,1695.63,608.12,2955.93,0,0,0,0,0,0,-5259.68,
"Beers, Grace A",November_2022,99214,None,0,0,0,3933.85,,3382.16,551.69,5795.41,0,0,0,0,0,0,-9729.26,
"Beers, Grace A",November_2022,99385,None,0,0,0,554.54,,554.54,0,650.46,0,0,0,0,0,0,-1205,
"Beers, Grace A",November_2022,99386,None,0,0,0,274.7,,144.98,129.72,127.02,0,0,0,0,0,0,-401.72,
"Beers, Grace A",November_2022,99396,None,0,0,0,907.91,,656.91,251,699.09,0,0,0,0,0,0,-1607,
"Beers, Grace A",November_2022,99439,None,400,400,0,88.75,0.221875,88.75,0,79.44,0,0,0,5,5,5,231.81,0.420475
"Beers, Grace A",November_2022,99453,None,25,25,0,15.91,0.6364,15.91,0,9.09,0,0,0,1,1,1,0,1
"Beers, Grace A",November_2022,99454,None,130,130,0,0,0,0,0,0,0,130,0,2,2,2,0,1
"Beers, Grace A",November_2022,99457,None,220,220,0,44.77,0.2035,44.77,0,18.71,0,165,0,4,4,4,-8.48,1.03854545
"Beers, Grace A",November_2022,99458,None,135,135,0,2.26,0.01674074,2.26,0,4.64,0,90,0,1,1,3,38.1,0.71777778
"Beers, Grace A",November_2022,99490,None,2125,2125,0,1376.35,0.64769412,1354.71,21.64,696.11,0,0,0,25,25,25,52.54,0.97527529
"Beers, Grace A",November_2022,99496,None,0,0,0,229.49,,229.49,0,237.51,0,0,0,0,0,0,-467,
"Beers, Grace A",November_2022,99497,None,1020,1020,0,341.03,0.33434314,341.03,0,494.53,0,0,0,6,6,6,184.44,0.81917647
"Beers, Grace A",November_2022,G0008,None,0,0,0,234.74,,234.74,0,101.26,0,0,0,0,0,0,-336,
"Beers, Grace A",November_2022,G0009,None,110,110,0,48.34,0.43945455,48.34,0,61.66,0,0,0,2,2,2,0,1
"Beers, Grace A",November_2022,G0030,None,0,0,0,0,,0,0,0,0,0,0,0,0,0,0,
"Beers, Grace A",November_2022,G0439,None,2124,2124,0,660.04,0.3107533,660.04,0,991.96,0,0,0,9,9,9,472,0.77777778
"Beers, Grace A",November_2022,G0444,None,333,333,0,108.53,0.32591592,108.53,0,150.47,0,0,0,9,9,9,74,0.77777778
"Beers, Grace A",November_2022,G8399,None,0,0,0,0,,0,0,0,0,0,0,0,0,0,0,
"Beers, Grace A",November_2022,G8400,None,0,0,0,0,,0,0,0,0,0,0,0,0,0,0,
"Beers, Grace A",November_2022,G8417,None,0,0,0,0,,0,0,0,0,0,0,6,6,6,0,
"Beers, Grace A",November_2022,G8419,None,0,0,0,0,,0,0,0,0,0,0,0,0,0,0,
"Beers, Grace A",November_2022,G8420,None,0,0,0,0,,0,0,0,0,0,0,3,3,3,0,
"Beers, Grace A",November_2022,G8427,None,0,0,0,0,,0,0,0,0,0,0,9,9,9,0,
"Beers, Grace A",November_2022,G8431,None,0,0,0,0,,0,0,0,0,0,0,1,1,1,0,
"Beers, Grace A",November_2022,G8482,None,0,0,0,0,,0,0,0,0,0,0,8,8,8,0,
"Beers, Grace A",November_2022,G8483,None,0,0,0,0,,0,0,0,0,0,0,1,1,1,0,
"Beers, Grace A",November_2022,G8510,None,0,0,0,0,,0,0,0,0,0,0,8,8,8,0,
"Beers, Grace A",November_2022,G8511,None,0,0,0,0,,0,0,0,0,0,0,0,0,0,0,
"Beers, Grace A",November_2022,G8734,None,0,0,0,0,,0,0,0,0,0,0,9,9,9,0,
"Beers, Grace A",November_2022,G8752,None,0,0,0,0,,0,0,0,0,0,0,0,0,0,0,
"Beers, Grace A",November_2022,G8753,None,0,0,0,0,,0,0,0,0,0,0,0,0,0,0,
"Beers, Grace A",November_2022,G8754,None,0,0,0,0,,0,0,0,0,0,0,0,0,0,0,
"Beers, Grace A",November_2022,G8755,None,0,0,0,0,,0,0,0,0,0,0,0,0,0,0,
"Beers, Grace A",November_2022,G8783,None,0,0,0,0,,0,0,0,0,0,0,8,8,8,0,
"Beers, Grace A",November_2022,G8950,None,0,0,0,0,,0,0,0,0,0,0,0,0,0,0,
"Beers, Grace A",November_2022,G8952,None,0,0,0,0,,0,0,0,0,0,0,1,1,1,0,
"Beers, Grace A",November_2022,G9711,None,0,0,0,0,,0,0,0,0,0,0,0,0,0,0,
"Beers, Grace A",November_2022,G9716,None,0,0,0,0,,0,0,0,0,0,0,1,1,1,0,
"Beers, Grace A",November_2022,G9717,None,0,0,0,0,,0,0,0,0,0,0,0,0,0,0,
"Beers, Grace A",November_2022,G9744,None,0,0,0,0,,0,0,0,0,0,0,0,0,0,0,
"Beers, Grace A",November_2022,G9899,None,0,0,0,0,,0,0,0,0,0,0,4,4,4,0,
"Beers, Grace A",November_2022,G9900,None,0,0,0,0,,0,0,0,0,0,0,0,0,0,0,
"Beers, Grace A",November_2022,G9902,None,0,0,0,0,,0,0,0,0,0,0,0,0,0,0,
"Beers, Grace A",November_2022,G9903,None,0,0,0,0,,0,0,0,0,0,0,9,9,9,0,
"Beers, Grace A",November_2022,G9906,None,0,0,0,0,,0,0,0,0,0,0,0,0,0,0,
"Beers, Grace A",November_2022,G9990,None,0,0,0,0,,0,0,0,0,0,0,1,1,1,0,
"Beers, Grace A",November_2022,G9991,None,0,0,0,0,,0,0,0,0,0,0,8,8,8,0,
"Beers, Grace A",December_2022,10060,None,0,0,0,0,,0,0,0,0,0,0,0,0,0,0,
"Beers, Grace A",December_2022,1036F,None,0,0,0,0,,0,0,0,0,0,0,0,0,0,0,
"Beers, Grace A",December_2022,1124F,None,0,0,0,0,,0,0,0,0,0,0,0,0,0,0,
"Beers, Grace A",December_2022,1125F,None,0,0,0,0,,0,0,0,0,0,0,0,0,0,0,
"Beers, Grace A",December_2022,1126F,None,0,0,0,0,,0,0,0,0,0,0,0,0,0,0,
"Beers, Grace A",December_2022,1158F,None,0,0,0,0,,0,0,0,0,0,0,0,0,0,0,
"Beers, Grace A",December_2022,1160F,None,0,0,0,0,,0,0,0,0,0,0,0,0,0,0,
"Beers, Grace A",December_2022,1170F,None,0,0,0,0,,0,0,0,0,0,0,0,0,0,0,
"Beers, Grace A",December_2022,2023F,None,0,0,0,0,,0,0,0,0,0,0,0,0,0,0,
"Beers, Grace A",December_2022,3017F,None,0,0,0,0,,0,0,0,0,0,0,0,0,0,0,
"Beers, Grace A",December_2022,3044F,None,0,0,0,0,,0,0,0,0,0,0,0,0,0,0,
"Beers, Grace A",December_2022,81003,None,0,0,0,0.74,,0,0.74,0,0,0,0,0,0,0,-0.74,
"Beers, Grace A",December_2022,81025,None,0,0,0,0,,0,0,0,0,0,0,0,0,0,0,
"Beers, Grace A",December_2022,87426,None,0,0,0,0,,0,0,0,0,0,0,0,0,0,0,
"Beers, Grace A",December_2022,87804,None,0,0,0,19.86,,19.86,0,0,0,0,0,0,0,0,-19.86,
"Beers, Grace A",December_2022,90471,None,0,0,0,0,,0,0,0,0,0,0,0,0,0,0,
"Beers, Grace A",December_2022,90688,None,0,0,0,1.77,,1.77,0,-1.77,0,0,0,0,0,0,0,
"Beers, Grace A",December_2022,99204,None,0,0,0,71.11,,0,71.11,0,0,0,0,0,0,0,-71.11,
"Beers, Grace A",December_2022,99213,None,0,0,0,387.6,,0,387.6,84.33,0,0,0,0,0,0,-471.93,
"Beers, Grace A",December_2022,99214,None,0,0,0,722.49,,106.53,615.96,-36.53,0,0,0,0,0,0,-685.96,
"Beers, Grace A",December_2022,99215,None,0,0,0,0,,0,0,0,0,0,0,0,0,0,0,
"Beers, Grace A",December_2022,99386,None,0,0,0,132.86,,132.86,0,139.14,0,0,0,0,0,0,-272,
"Beers, Grace A",December_2022,99439,None,0,0,0,47.2,,47.2,0,32.8,0,0,0,0,0,0,-80,
"Beers, Grace A",December_2022,99454,None,130,130,0,160.47,1.23438462,160.47,0,80.69,0,0,0,2,2,2,-111.16,1.85507692
"Beers, Grace A",December_2022,99457,None,220,220,0,180.58,0.82081818,180.58,0,132.46,0,0,0,4,4,4,-93.04,1.42290909
"Beers, Grace A",December_2022,99458,None,0,0,0,87.95,,87.95,0,47.05,0,0,0,0,0,0,-135,
"Beers, Grace A",December_2022,99490,None,2040,2040,0,1039.29,0.50945588,1039.29,0,575.71,0,0,0,24,24,24,425,0.79166667
"Beers, Grace A",December_2022,99496,None,0,0,0,0,,0,0,467,0,0,0,0,0,0,-467,
"Beers, Grace A",December_2022,99497,None,0,0,0,142.12,,142.12,0,212.32,0,0,0,0,0,0,-354.44,
"Beers, Grace A",December_2022,G0439,None,0,0,0,439.28,,439.28,0,504.72,0,0,0,0,0,0,-944,
"Beers, Grace A",December_2022,G0444,None,0,0,0,61.92,,61.92,0,86.08,0,0,0,0,0,0,-148,
"Beers, Grace A",December_2022,G8399,None,0,0,0,0,,0,0,0,0,0,0,0,0,0,0,
"Beers, Grace A",December_2022,G8417,None,0,0,0,0,,0,0,0,0,0,0,0,0,0,0,
"Beers, Grace A",December_2022,G8420,None,0,0,0,0,,0,0,0,0,0,0,0,0,0,0,
"Beers, Grace A",December_2022,G8427,None,0,0,0,0,,0,0,0,0,0,0,0,0,0,0,
"Beers, Grace A",December_2022,G8431,None,0,0,0,0,,0,0,0,0,0,0,0,0,0,0,
"Beers, Grace A",December_2022,G8482,None,0,0,0,0,,0,0,0,0,0,0,0,0,0,0,
"Beers, Grace A",December_2022,G8483,None,0,0,0,0,,0,0,0,0,0,0,0,0,0,0,
"Beers, Grace A",December_2022,G8510,None,0,0,0,0,,0,0,0,0,0,0,0,0,0,0,
"Beers, Grace A",December_2022,G8734,None,0,0,0,0,,0,0,0,0,0,0,0,0,0,0,
"Beers, Grace A",December_2022,G8752,None,0,0,0,0,,0,0,0,0,0,0,0,0,0,0,
"Beers, Grace A",December_2022,G8753,None,0,0,0,0,,0,0,0,0,0,0,0,0,0,0,
"Beers, Grace A",December_2022,G8754,None,0,0,0,0,,0,0,0,0,0,0,0,0,0,0,
"Beers, Grace A",December_2022,G8755,None,0,0,0,0,,0,0,0,0,0,0,0,0,0,0,
"Beers, Grace A",December_2022,G8783,None,0,0,0,0,,0,0,0,0,0,0,0,0,0,0,
"Beers, Grace A",December_2022,G8950,None,0,0,0,0,,0,0,0,0,0,0,0,0,0,0,
"Beers, Grace A",December_2022,G9716,None,0,0,0,0,,0,0,0,0,0,0,0,0,0,0,
"Beers, Grace A",December_2022,G9717,None,0,0,0,0,,0,0,0,0,0,0,0,0,0,0,
"Beers, Grace A",December_2022,G9899,None,0,0,0,0,,0,0,0,0,0,0,0,0,0,0,
"Beers, Grace A",December_2022,G9902,None,0,0,0,0,,0,0,0,0,0,0,0,0,0,0,
"Beers, Grace A",December_2022,G9903,None,0,0,0,0,,0,0,0,0,0,0,0,0,0,0,
"Beers, Grace A",December_2022,G9905,None,0,0,0,0,,0,0,0,0,0,0,0,0,0,0,
"Beers, Grace A",December_2022,G9906,None,0,0,0,0,,0,0,0,0,0,0,0,0,0,0,
"Beers, Grace A",December_2022,G9991,None,0,0,0,0,,0,0,0,0,0,0,0,0,0,0,
"Breckenridge, Leigh Ann",October_2022,99213,None,0,0,0,30,,0,30,0,0,0,0,0,0,0,-30,
"Breckenridge, Leigh Ann",December_2022,99213,None,0,0,0,20,,0,20,0,0,0,0,0,0,0,-20,
"Corsa, Tammy J",February_2022,99213,None,0,0,0,62.11,,0,62.11,0,0,0,0,0,0,0,-62.11,
"Corsa, Tammy J",March_2022,99213,None,0,0,0,25,,0,25,0,0,0,0,0,0,0,-25,
"Corsa, Tammy J",March_2022,99394,None,0,0,0,25,,0,25,0,0,0,0,0,0,0,-25,
"Corsa, Tammy J",April_2022,99213,None,0,0,0,68.89,,0,68.89,0,0,0,0,0,0,0,-68.89,
"Corsa, Tammy J",April_2022,99393,None,0,0,0,8.89,,0,8.89,0,0,0,0,0,0,0,-8.89,
"Corsa, Tammy J",May_2022,99213,None,0,0,0,60,,0,60,0,0,0,0,0,0,0,-60,
"Corsa, Tammy J",May_2022,99394,None,0,0,0,10,,0,10,0,0,0,0,0,0,0,-10,
"Corsa, Tammy J",June_2022,99212,None,0,0,0,3.08,,0,3.08,0,0,0,0,0,0,0,-3.08,
"Corsa, Tammy J",June_2022,99214,None,0,0,0,60,,0,60,0,0,0,0,0,0,0,-60,
"Corsa, Tammy J",June_2022,99392,None,0,0,0,10,,0,10,0,0,0,0,0,0,0,-10,
"Corsa, Tammy J",June_2022,99393,None,0,0,0,45,,0,45,0,0,0,0,0,0,0,-45,
"Corsa, Tammy J",July_2022,99213,None,0,0,0,15.14,,0,15.14,0,0,0,0,0,0,0,-15.14,
"Corsa, Tammy J",August_2022,99213,None,0,0,0,30,,0,30,0,0,0,0,0,0,0,-30,
"Corsa, Tammy J",September_2022,99213,None,0,0,0,115.55,,0,115.55,0,0,0,0,0,0,0,-115.55,
"Corsa, Tammy J",September_2022,99214,None,0,0,0,145,,0,145,0,0,0,0,0,0,0,-145,
"Corsa, Tammy J",October_2022,87426,None,0,0,0,26.25,,0,26.25,0,0,0,0,0,0,0,-26.25,
"Corsa, Tammy J",October_2022,87804,None,0,0,0,14.88,,0,14.88,0,0,0,0,0,0,0,-14.88,
"Corsa, Tammy J",October_2022,87880,None,0,0,0,7.44,,0,7.44,0,0,0,0,0,0,0,-7.44,
"Corsa, Tammy J",October_2022,90670,None,0,0,0,20,,0,20,0,0,0,0,0,0,0,-20,
"Corsa, Tammy J",October_2022,99213,None,0,0,0,131.43,,0,131.43,0,0,0,0,0,0,0,-131.43,
"Corsa, Tammy J",October_2022,99214,None,0,0,0,85,,0,85,0,0,0,0,0,0,0,-85,
"Corsa, Tammy J",October_2022,99391,None,0,0,0,40,,0,40,0,0,0,0,0,0,0,-40,
"Corsa, Tammy J",October_2022,99394,None,0,0,0,25,,0,25,0,0,0,0,0,0,0,-25,
"Corsa, Tammy J",November_2022,81025,None,0,0,0,12,,0,12,0,0,0,0,0,0,0,-12,
"Corsa, Tammy J",November_2022,87426,None,375,375,0,91.91,0.24509333,81.69,10.22,143.31,0,0,0,5,5,5,139.78,0.62725333
"Corsa, Tammy J",November_2022,87804,None,200,200,0,83.34,0.4167,63.48,19.86,52.56,0,0,0,5,5,10,64.1,0.6795
"Corsa, Tammy J",November_2022,87807,None,50,50,0,7.11,0.1422,7.11,0,16.12,0,0,0,2,2,2,26.77,0.4646
"Corsa, Tammy J",November_2022,87880,None,96,96,0,33.7,0.35104167,23.78,9.92,40.22,0,0,0,3,3,3,22.08,0.77
"Corsa, Tammy J",November_2022,90460,None,126,126,0,34,0.26984127,34,0,50,0,0,0,3,3,3,42,0.66666667
"Corsa, Tammy J",November_2022,90461,None,52,52,0,0,0,0,0,52,0,0,0,2,2,2,0,1
"Corsa, Tammy J",November_2022,90651,None,0,0,0,25,,0,25,0,0,0,0,0,0,0,-25,
"Corsa, Tammy J",November_2022,90688,None,120,120,0,42,0.35,42,0,48,0,0,0,4,4,4,30,0.75
"Corsa, Tammy J",November_2022,90744,None,56,56,0,26,0.46428571,26,0,30,0,0,0,1,1,1,0,1
"Corsa, Tammy J",November_2022,92551,None,20,20,0,12.97,0.6485,12.97,0,7.03,0,0,0,1,1,1,0,1
"Corsa, Tammy J",November_2022,92552,None,64,64,0,0,0,0,0,0,0,0,0,1,1,1,64,0
"Corsa, Tammy J",November_2022,94640,None,0,0,0,5.14,,0,5.14,0,0,0,0,0,0,0,-5.14,
"Corsa, Tammy J",November_2022,96127,None,0,0,0,13,,0,13,0,0,0,0,0,0,0,-13,
"Corsa, Tammy J",November_2022,99173,None,20,20,0,0,0,0,0,0,0,0,0,1,1,1,20,0
"Corsa, Tammy J",November_2022,99203,None,1085,1085,0,369.89,0.34091244,304.89,65,321.11,0,0,0,5,5,5,394,0.63686636
"Corsa, Tammy J",November_2022,99213,None,882,882,0,469.5,0.53231293,214.98,254.52,226.02,0,0,0,6,6,6,186.48,0.78857143
"Corsa, Tammy J",November_2022,99214,None,500,500,0,371.98,0.74396,67.03,304.95,273.71,0,0,0,2,2,2,-145.69,1.29138
"Corsa, Tammy J",November_2022,99383,None,150,150,0,134.41,0.89606667,134.41,0,15.59,0,0,0,1,1,1,0,1
"Corsa, Tammy J",November_2022,99391,None,220,220,0,156.22,0.71009091,111.22,45,108.78,0,0,0,1,1,1,-45,1.20454545
"Corsa, Tammy J",November_2022,99392,None,0,0,0,19.06,,0,19.06,0,0,0,0,0,0,0,-19.06,
"Corsa, Tammy J",November_2022,99393,None,332,332,0,137.9,0.41536145,117.9,20,48.1,0,0,0,2,2,2,146,0.56024096
"Corsa, Tammy J",November_2022,99394,None,186,186,0,92.3,0.49623656,84.32,7.98,101.68,0,0,0,1,1,1,-7.98,1.04290323
"Corsa, Tammy J",November_2022,G8431,None,0,0,0,0,,0,0,0,0,0,0,2,2,2,0,
"Corsa, Tammy J",November_2022,G8482,None,0,0,0,0,,0,0,0,0,0,0,6,6,6,0,
"Corsa, Tammy J",November_2022,G8483,None,0,0,0,0,,0,0,0,0,0,0,10,10,10,0,
"Corsa, Tammy J",November_2022,G8510,None,0,0,0,0,,0,0,0,0,0,0,1,1,1,0,
"Corsa, Tammy J",December_2022,17250,None,326,326,0,0,0,0,0,77.51,0,0,0,2,2,2,248.49,0.23776074
"Corsa, Tammy J",December_2022,81003,None,12,12,0,0,0,0,0,10.34,0,0,0,1,1,1,1.66,0.86166667
"Corsa, Tammy J",December_2022,81025,None,20,20,0,0,0,0,0,0,0,0,0,1,1,1,20,0
"Corsa, Tammy J",December_2022,87426,None,2475,2475,0,889.79,0.35951111,886.61,3.18,1094.48,0,0,0,31,33,33,490.73,0.80172525
"Corsa, Tammy J",December_2022,87804,None,1320,1320,0,520.74,0.3945,517.78,2.96,446.62,0,0,0,31,33,66,352.64,0.73284848
"Corsa, Tammy J",December_2022,87807,None,0,0,0,0,,0,0,16.12,0,0,0,0,0,0,-16.12,
"Corsa, Tammy J",December_2022,87880,None,480,480,0,79.43,0.16547917,75.72,3.71,190.46,0,0,0,13,15,15,210.11,0.56227083
"Corsa, Tammy J",December_2022,90460,None,2688,2688,0,315.33,0.11731027,315.33,0,902.67,0,0,0,34,35,64,1470,0.453125
"Corsa, Tammy J",December_2022,90461,None,1404,1404,0,320.88,0.22854701,320.88,0,407.12,0,0,0,17,17,54,676,0.51851852
"Corsa, Tammy J",December_2022,90619,None,915,915,0,282.86,0.30913661,282.86,0,0,0,0,0,3,3,3,632.14,0.30913661
"Corsa, Tammy J",December_2022,90633,None,260,260,0,11,0.04230769,11,0,41,0,0,0,5,5,5,208,0.2
"Corsa, Tammy J",December_2022,90647,None,98,98,0,0,0,0,0,0,0,0,0,1,1,1,98,0
"Corsa, Tammy J",December_2022,90648,None,196,196,0,12.02,0.06132653,12.02,0,85.98,0,0,0,2,2,2,98,0.5
"Corsa, Tammy J",December_2022,90651,None,3600,3600,0,295.9,0.08219444,295.9,0,604.1,0,0,0,8,8,8,2700,0.25
"Corsa, Tammy J",December_2022,90670,None,6440,6440,0,1431.13,0.22222516,1431.13,0,1788.87,0,0,0,14,14,14,3220,0.5
"Corsa, Tammy J",December_2022,90680,None,1376,1376,0,492.91,0.35821948,492.91,0,539.09,0,0,0,8,8,8,344,0.75
"Corsa, Tammy J",December_2022,90688,None,0,0,0,21.97,,21.97,0,8.03,0,0,0,0,0,0,-30,
"Corsa, Tammy J",December_2022,90698,None,3000,3000,0,589.47,0.19649,589.47,0,1510.53,0,0,0,10,10,10,900,0.7
"Corsa, Tammy J",December_2022,90700,None,252,252,0,0,0,0,0,0,0,0,0,2,2,2,252,0
"Corsa, Tammy J",December_2022,90707,None,450,450,0,0,0,0,0,0,0,0,0,3,3,3,450,0
"Corsa, Tammy J",December_2022,90713,None,112,112,0,43.39,0.38741071,43.39,0,68.61,0,0,0,1,1,1,0,1
"Corsa, Tammy J",December_2022,90715,None,130,130,0,22,0.16923077,22,0,0,0,0,0,2,2,2,108,0.16923077
"Corsa, Tammy J",December_2022,90716,None,520,520,0,0,0,0,0,0,0,0,0,2,2,2,520,0
"Corsa, Tammy J",December_2022,90744,None,168,168,0,52.05,0.30982143,52.05,0,115.95,0,0,0,3,3,3,0,1
"Corsa, Tammy J",December_2022,92551,None,80,80,0,42.6,0.5325,42.6,0,16.7,0,0,0,4,4,4,20.7,0.74125
"Corsa, Tammy J",December_2022,92552,None,192,192,0,28.09,0.14630208,28.09,0,35.91,0,0,0,3,3,3,128,0.33333333
"Corsa, Tammy J",December_2022,94640,None,76,76,0,0,0,0,0,0,0,0,0,1,1,2,76,0
"Corsa, Tammy J",December_2022,96127,None,78,65,13,9.9,0.12692308,9.9,0,15,0,0,0,6,6,6,53.1,0.31923077
"Corsa, Tammy J",December_2022,96372,None,42,42,0,0,0,0,0,0,0,0,0,1,1,1,42,0
"Corsa, Tammy J",December_2022,99173,None,160,160,0,13.04,0.0815,13.04,0,51.9,0,0,0,8,8,8,95.06,0.405875
"Corsa, Tammy J",December_2022,99202,None,302,302,0,70.64,0.23390728,70.64,0,80.36,0,0,0,2,2,2,151,0.5
"Corsa, Tammy J",December_2022,99203,None,2604,2387,217,680.13,0.26118664,425.13,255,857.51,0,0,0,12,12,12,1066.36,0.59049155
"Corsa, Tammy J",December_2022,99212,None,356,356,0,141.33,0.39699438,86.33,55,130.67,0,0,0,4,4,4,84,0.76404494
"Corsa, Tammy J",December_2022,99213,None,7203,7203,0,1886.15,0.26185617,1231.64,654.51,1693.1,0,0,0,45,49,49,3623.75,0.49691101
"Corsa, Tammy J",December_2022,99214,None,7750,7750,0,2250.99,0.29045032,1920.34,330.65,3138.04,0,0,0,30,31,31,2360.97,0.69535871
"Corsa, Tammy J",December_2022,99381,None,320,320,0,0,0,0,0,0,0,0,0,1,1,1,320,0
"Corsa, Tammy J",December_2022,99382,None,150,150,0,0,0,0,0,0,0,0,0,1,1,1,150,0
"Corsa, Tammy J",December_2022,99383,None,1350,1350,0,544.34,0.40321481,544.34,0,143,0,0,0,9,9,9,662.66,0.50914074
"Corsa, Tammy J",December_2022,99384,None,864,864,0,201.77,0.23353009,201.77,0,113.61,0,0,0,4,4,4,548.62,0.36502315
"Corsa, Tammy J",December_2022,99391,None,2420,2420,0,715.66,0.29572727,690.66,25,1069.34,0,0,0,11,11,11,635,0.73760331
"Corsa, Tammy J",December_2022,99392,None,1375,1375,0,177.85,0.12934545,177.85,0,72.15,0,0,0,11,11,11,1125,0.18181818
"Corsa, Tammy J",December_2022,99393,None,166,166,0,164.79,0.99271084,94.79,70,71.21,0,0,0,1,1,1,-70,1.42168675
"Corsa, Tammy J",December_2022,99394,None,558,558,0,60,0.10752688,0,60,0,0,0,0,3,3,3,498,0.10752688
"Corsa, Tammy J",December_2022,A7004,None,5,5,0,0,0,0,0,0,0,0,0,1,1,1,5,0
"Corsa, Tammy J",December_2022,G8427,None,0,0,0,0,,0,0,0,0,0,0,1,1,1,0,
"Corsa, Tammy J",December_2022,G8431,None,0,0,0,0,,0,0,0,0,0,0,6,6,6,0,
"Corsa, Tammy J",December_2022,G8433,None,0,0,0,0,,0,0,0,0,0,0,1,1,1,0,
"Corsa, Tammy J",December_2022,G8482,None,0,0,0,0,,0,0,0,0,0,0,28,30,30,0,
"Corsa, Tammy J",December_2022,G8483,None,0,0,0,0,,0,0,0,0,0,0,86,96,96,0,
"Corsa, Tammy J",December_2022,G8510,None,0,0,0,0,,0,0,0,0,0,0,18,18,18,0,
"Corsa, Tammy J",December_2022,INTBL,None,0.09,0.09,0,0,0,0,0,0,0,0,0,1,1,1,0.09,0
"Corsa, Tammy J",December_2022,INTOP,None,0.08,0.08,0,0,0,0,0,0,0,0,0,1,1,1,0.08,0
"Corsa, Tammy J",December_2022,J7620,None,24,24,0,0,0,0,0,0,0,0,0,1,1,2,24,0
"Cutler, Nicole ",August_2022,99214,None,0,0,0,30,,0,30,0,0,0,0,0,0,0,-30,
"Cutler, Nicole ",November_2022,99214,None,0,0,0,25,,0,25,0,0,0,0,0,0,0,-25,
"Cutler, Nicole ",November_2022,99396,None,0,0,0,30,,0,30,0,0,0,0,0,0,0,-30,
"Dossie, Margaret A",January_2022,81003,None,0,0,0,12,,0,12,0,0,0,0,0,0,0,-12,
"Dossie, Margaret A",January_2022,99203,None,0,0,0,87.74,,0,87.74,0,0,0,0,0,0,0,-87.74,
"Dossie, Margaret A",January_2022,99213,None,0,0,0,93.26,,0,93.26,0,0,0,0,0,0,0,-93.26,
"Dossie, Margaret A",January_2022,99214,None,0,0,0,136.2,,0,136.2,0,0,0,0,0,0,0,-136.2,
"Dossie, Margaret A",February_2022,99213,None,0,0,0,25,,0,25,0,0,0,0,0,0,0,-25,
"Dossie, Margaret A",May_2022,1036F,None,0,0,0,0,,0,0,0,0,0,0,0,0,0,0,
"Dossie, Margaret A",May_2022,3288F,None,0,0,0,0,,0,0,0,0,0,0,0,0,0,0,
"Dossie, Margaret A",May_2022,81003,None,0,0,0,35.56,,0,35.56,0,0,0,0,0,0,0,-35.56,
"Dossie, Margaret A",May_2022,93000,None,0,0,0,14.59,,0,14.59,0,0,0,0,0,0,0,-14.59,
"Dossie, Margaret A",May_2022,96372,None,0,0,0,21.01,,0,21.01,0,0,0,0,0,0,0,-21.01,
"Dossie, Margaret A",May_2022,99203,None,0,0,0,92.16,,0,92.16,0,0,0,0,0,0,0,-92.16,
"Dossie, Margaret A",May_2022,99213,None,0,0,0,115,,0,115,0,0,0,0,0,0,0,-115,
"Dossie, Margaret A",May_2022,G8420,None,0,0,0,0,,0,0,0,0,0,0,0,0,0,0,
"Dossie, Margaret A",May_2022,G8483,None,0,0,0,0,,0,0,0,0,0,0,0,0,0,0,
"Dossie, Margaret A",May_2022,G8783,None,0,0,0,0,,0,0,0,0,0,0,0,0,0,0,
"Dossie, Margaret A",May_2022,G9903,None,0,0,0,0,,0,0,0,0,0,0,0,0,0,0,
"Dossie, Margaret A",May_2022,J2930,None,0,0,0,6.36,,0,6.36,0,0,0,0,0,0,0,-6.36,
"Dossie, Margaret A",August_2022,96372,None,0,0,0,0,,0,0,0,0,42,0,0,0,0,-42,
"Dossie, Margaret A",August_2022,99214,None,0,0,0,0,,0,0,0,0,193,0,0,0,0,-193,
"Dossie, Margaret A",August_2022,J1885,None,0,0,0,0,,0,0,0,0,4.5,0,0,0,0,-4.5,
"Dossie, Margaret A",September_2022,99214,None,0,0,0,118.77,,0,118.77,0,0,0,0,0,0,0,-118.77,
"Dossie, Margaret A",September_2022,99406,None,0,0,0,30,,0,30,0,0,0,0,0,0,0,-30,
"Dossie, Margaret A",September_2022,COLF,None,0,0,0,131.6,,0,131.6,0,0,0,0,0,0,0,-131.6,
"Dossie, Margaret A",November_2022,99203,None,0,0,0,49.55,,0,49.55,0,0,0,0,0,0,0,-49.55,
"Dossie, Margaret A",December_2022,1036F,None,0,0,0,0,,0,0,0,0,0,0,0,0,0,0,
"Dossie, Margaret A",December_2022,3288F,None,0,0,0,0,,0,0,0,0,0,0,0,0,0,0,
"Dossie, Margaret A",December_2022,81003,None,0,0,0,0,,0,0,0,0,0,0,0,0,0,0,
"Dossie, Margaret A",December_2022,93000,None,0,0,0,14.59,,14.59,0,0,0,0,0,0,0,0,-14.59,
"Dossie, Margaret A",December_2022,99203,None,0,0,0,92.16,,92.16,0,0,0,0,0,0,0,0,-92.16,
"Dossie, Margaret A",December_2022,G8420,None,0,0,0,0,,0,0,0,0,0,0,0,0,0,0,
"Dossie, Margaret A",December_2022,G8483,None,0,0,0,0,,0,0,0,0,0,0,0,0,0,0,
"Dossie, Margaret A",December_2022,G8783,None,0,0,0,0,,0,0,0,0,0,0,0,0,0,0,
"Dossie, Margaret A",December_2022,G9903,None,0,0,0,0,,0,0,0,0,0,0,0,0,0,0,
"Dwyer, Camille ",January_2022,99213,None,0,0,0,20,,0,20,0,0,0,0,0,0,0,-20,
"Dwyer, Camille ",January_2022,99214,None,0,0,0,95,,0,95,0,0,0,0,0,0,0,-95,
"Dwyer, Camille ",February_2022,87804,None,0,0,0,10,,0,10,0,0,0,0,0,0,0,-10,
"Dwyer, Camille ",February_2022,99213,None,0,0,0,5.32,,0,5.32,0,0,0,0,0,0,0,-5.32,
"Dwyer, Camille ",February_2022,99214,None,0,0,0,50,,0,50,0,0,0,0,0,0,0,-50,
"Dwyer, Camille ",February_2022,99396,None,0,0,0,25,,0,25,0,0,0,0,0,0,0,-25,
"Dwyer, Camille ",March_2022,87426,None,0,0,0,19,,0,19,0,0,0,0,0,0,0,-19,
"Dwyer, Camille ",March_2022,87804,None,0,0,0,19.86,,0,19.86,0,0,0,0,0,0,0,-19.86,
"Dwyer, Camille ",March_2022,87880,None,0,0,0,9.92,,0,9.92,0,0,0,0,0,0,0,-9.92,
"Dwyer, Camille ",March_2022,96127,None,0,0,0,5.5,,0,5.5,0,0,0,0,0,0,0,-5.5,
"Dwyer, Camille ",March_2022,99214,None,0,0,0,51.22,,0,51.22,0,0,0,0,0,0,0,-51.22,
"Dwyer, Camille ",April_2022,99214,None,0,0,0,115,,0,115,0,0,0,0,0,0,0,-115,
"Dwyer, Camille ",April_2022,99395,None,0,0,0,60,,0,60,0,0,0,0,0,0,0,-60,
"Dwyer, Camille ",May_2022,87804,None,0,0,0,23.84,,0,23.84,0,0,0,0,0,0,0,-23.84,
"Dwyer, Camille ",May_2022,87880,None,0,0,0,1.98,,0,1.98,0,0,0,0,0,0,0,-1.98,
"Dwyer, Camille ",May_2022,96127,None,0,0,0,10.5,,0,10.5,0,0,0,0,0,0,0,-10.5,
"Dwyer, Camille ",May_2022,99213,None,0,0,0,40,,0,40,0,0,0,0,0,0,0,-40,
"Dwyer, Camille ",May_2022,99214,None,0,0,0,140.9,,0,140.9,0,0,0,0,0,0,0,-140.9,
"Dwyer, Camille ",May_2022,99395,None,0,0,0,85,,0,85,0,0,0,0,0,0,0,-85,
"Dwyer, Camille ",May_2022,99396,None,0,0,0,15,,0,15,0,0,0,0,0,0,0,-15,
"Dwyer, Camille ",June_2022,81025,None,0,0,0,5.17,,0,5.17,0,0,0,0,0,0,0,-5.17,
"Dwyer, Camille ",June_2022,90686,None,0,0,0,1.14,,0,1.14,0,0,0,0,0,0,0,-1.14,
"Dwyer, Camille ",June_2022,99213,None,0,0,0,1.89,,0,1.89,0,0,0,0,0,0,0,-1.89,
"Dwyer, Camille ",June_2022,99214,None,0,0,0,74.86,,0,74.86,0,0,0,0,0,0,0,-74.86,
"Dwyer, Camille ",June_2022,99396,None,0,0,0,25,,0,25,0,0,0,0,0,0,0,-25,
"Dwyer, Camille ",July_2022,1036F,None,0,0,0,0,,0,0,0,0,0,0,75,75,75,0,
"Dwyer, Camille ",July_2022,2022F,None,0,0,0,0,,0,0,0,0,0,0,3,3,3,0,
"Dwyer, Camille ",July_2022,2023F,None,0,0,0,0,,0,0,0,0,0,0,4,4,4,0,
"Dwyer, Camille ",July_2022,2024F,None,0,0,0,0,,0,0,0,0,0,0,1,1,1,0,
"Dwyer, Camille ",July_2022,3017F,None,0,0,0,0,,0,0,0,0,0,0,27,27,27,0,
"Dwyer, Camille ",July_2022,3044F,None,0,0,0,0,,0,0,0,0,0,0,1,1,1,0,
"Dwyer, Camille ",July_2022,3046F,None,0,0,0,0,,0,0,0,0,0,0,5,5,5,0,
"Dwyer, Camille ",July_2022,3052F,None,0,0,0,0,,0,0,0,0,0,0,2,2,2,0,
"Dwyer, Camille ",July_2022,69200,None,166,166,0,61.98,0.37337349,61.98,0,88.5,0,0,0,1,1,1,15.52,0.90650602
"Dwyer, Camille ",July_2022,81003,None,12,12,0,0,0,0,0,10.34,0,0,0,1,1,1,1.66,0.86166667
"Dwyer, Camille ",July_2022,82962,None,10,10,0,3.21,0.321,3.21,0,6.79,0,0,0,1,1,1,0,1
"Dwyer, Camille ",July_2022,83036,None,35,35,0,0,0,0,0,0,0,0,0,1,1,1,35,0
"Dwyer, Camille ",July_2022,87426,None,150,150,0,0,0,0,0,0,0,0,0,2,2,2,150,0
"Dwyer, Camille ",July_2022,87804,None,120,120,0,32.44,0.27033333,32.44,0,7.56,0,0,0,3,3,6,80,0.33333333
"Dwyer, Camille ",July_2022,87880,None,32,32,0,0,0,0,0,0,0,0,0,1,1,1,32,0
"Dwyer, Camille ",July_2022,90471,None,210,210,0,23.6,0.11238095,23.6,0,57,0,0,0,5,5,5,129.4,0.38380952
"Dwyer, Camille ",July_2022,90715,None,240,240,0,35.64,0.1485,35.64,0,24.36,0,0,0,4,4,4,180,0.25
"Dwyer, Camille ",July_2022,90716,None,260,260,0,122.4,0.47076923,122.4,0,107,0,0,0,1,1,1,30.6,0.88230769
"Dwyer, Camille ",July_2022,93000,None,210,210,0,11.92,0.0567619,11.92,0,23.08,0,0,0,6,6,6,175,0.16666667
"Dwyer, Camille ",July_2022,94010,None,219,219,0,43.02,0.19643836,43.02,0,97.82,0,0,0,3,3,3,78.16,0.64310502
"Dwyer, Camille ",July_2022,99072,None,15,15,0,0,0,0,0,15,0,0,0,1,1,1,0,1
"Dwyer, Camille ",July_2022,99203,None,434,434,0,0,0,0,0,0,0,0,0,2,2,2,434,0
"Dwyer, Camille ",July_2022,99204,None,1320,1320,0,181.39,0.13741667,181.39,0,500.55,0,0,0,4,4,4,638.06,0.51662121
"Dwyer, Camille ",July_2022,99213,None,2058,2058,0,154.75,0.07519436,84.75,70,57.25,0,0,0,14,14,14,1846,0.10301263
"Dwyer, Camille ",July_2022,99214,None,6500,6250,250,1377.88,0.21198154,901.51,476.37,1254.45,0,0,0,26,26,26,3867.67,0.40497385
"Dwyer, Camille ",July_2022,99385,None,4338,4338,0,1134.13,0.26144076,1104.13,30,823.87,0,0,0,18,18,18,2380,0.45136007
"Dwyer, Camille ",July_2022,99386,None,4624,4624,0,1043.34,0.22563581,973.34,70,930.66,0,0,0,17,17,17,2650,0.42690311
"Dwyer, Camille ",July_2022,99395,None,206,206,0,158.06,0.76728155,112.83,45.23,73.17,0,0,0,1,1,1,-25.23,1.12247573
"Dwyer, Camille ",July_2022,99396,None,0,0,0,25,,0,25,0,0,0,0,0,0,0,-25,
"Dwyer, Camille ",July_2022,99439,None,80,80,0,0,0,0,0,0,0,0,0,1,1,1,80,0
"Dwyer, Camille ",July_2022,99490,None,85,85,0,0,0,0,0,0,0,0,0,1,1,1,85,0
"Dwyer, Camille ",July_2022,G0030,None,0,0,0,0,,0,0,0,0,0,0,4,4,4,0,
"Dwyer, Camille ",July_2022,G8399,None,0,0,0,0,,0,0,0,0,0,0,1,1,1,0,
"Dwyer, Camille ",July_2022,G8400,None,0,0,0,0,,0,0,0,0,0,0,2,2,2,0,
"Dwyer, Camille ",July_2022,G8417,None,0,0,0,0,,0,0,0,0,0,0,40,40,40,0,
"Dwyer, Camille ",July_2022,G8420,None,0,0,0,0,,0,0,0,0,0,0,38,38,38,0,
"Dwyer, Camille ",July_2022,G8427,None,0,0,0,0,,0,0,0,0,0,0,79,79,79,0,
"Dwyer, Camille ",July_2022,G8430,None,0,0,0,0,,0,0,0,0,0,0,1,1,1,0,
"Dwyer, Camille ",July_2022,G8431,None,0,0,0,0,,0,0,0,0,0,0,11,11,11,0,
"Dwyer, Camille ",July_2022,G8483,None,0,0,0,0,,0,0,0,0,0,0,1,1,1,0,
"Dwyer, Camille ",July_2022,G8510,None,0,0,0,0,,0,0,0,0,0,0,70,70,70,0,
"Dwyer, Camille ",July_2022,G8752,None,0,0,0,0,,0,0,0,0,0,0,11,11,11,0,
"Dwyer, Camille ",July_2022,G8753,None,0,0,0,0,,0,0,0,0,0,0,6,6,6,0,
"Dwyer, Camille ",July_2022,G8754,None,0,0,0,0,,0,0,0,0,0,0,11,11,11,0,
"Dwyer, Camille ",July_2022,G8755,None,0,0,0,0,,0,0,0,0,0,0,6,6,6,0,
"Dwyer, Camille ",July_2022,G8756,None,0,0,0,0,,0,0,0,0,0,0,1,1,1,0,
"Dwyer, Camille ",July_2022,G8783,None,0,0,0,0,,0,0,0,0,0,0,64,64,64,0,
"Dwyer, Camille ",July_2022,G8950,None,0,0,0,0,,0,0,0,0,0,0,12,12,12,0,
"Dwyer, Camille ",July_2022,G9899,None,0,0,0,0,,0,0,0,0,0,0,4,4,4,0,
"Dwyer, Camille ",July_2022,G9900,None,0,0,0,0,,0,0,0,0,0,0,11,11,11,0,
"Dwyer, Camille ",July_2022,G9902,None,0,0,0,0,,0,0,0,0,0,0,9,9,9,0,
"Dwyer, Camille ",July_2022,G9903,None,0,0,0,0,,0,0,0,0,0,0,71,71,71,0,
"Dwyer, Camille ",July_2022,G9906,None,0,0,0,0,,0,0,0,0,0,0,2,2,2,0,
"Dwyer, Camille ",July_2022,G9908,None,0,0,0,0,,0,0,0,0,0,0,1,1,1,0,
"Dwyer, Camille ",July_2022,G9990,None,0,0,0,0,,0,0,0,0,0,0,5,5,5,0,
"Dwyer, Camille ",July_2022,G9991,None,0,0,0,0,,0,0,0,0,0,0,5,5,5,0,
"Dwyer, Camille ",August_2022,1036F,None,0,0,0,0,,0,0,0,0,0,0,194,200,200,0,
"Dwyer, Camille ",August_2022,1123F,None,0,0,0,0,,0,0,0,0,0,0,8,9,9,0,
"Dwyer, Camille ",August_2022,17110,None,226,226,0,0,0,0,0,0,0,0,0,1,1,1,226,0
"Dwyer, Camille ",August_2022,2022F,None,0,0,0,0,,0,0,0,0,0,0,14,15,15,0,
"Dwyer, Camille ",August_2022,2023F,None,0,0,0,0,,0,0,0,0,0,0,2,2,2,0,
"Dwyer, Camille ",August_2022,2024F,None,0,0,0,0,,0,0,0,0,0,0,2,2,2,0,
"Dwyer, Camille ",August_2022,20526,None,0,0,0,59.68,,0,59.68,0,0,0,0,0,0,0,-59.68,
"Dwyer, Camille ",August_2022,3017F,None,0,0,0,0,,0,0,0,0,0,0,51,53,53,0,
"Dwyer, Camille ",August_2022,3044F,None,0,0,0,0,,0,0,0,0,0,0,2,2,2,0,
"Dwyer, Camille ",August_2022,3046F,None,0,0,0,0,,0,0,0,0,0,0,9,9,9,0,
"Dwyer, Camille ",August_2022,3051F,None,0,0,0,0,,0,0,0,0,0,0,4,5,5,0,
"Dwyer, Camille ",August_2022,3052F,None,0,0,0,0,,0,0,0,0,0,0,3,3,3,0,
"Dwyer, Camille ",August_2022,4004F,None,0,0,0,0,,0,0,0,0,0,0,2,2,2,0,
"Dwyer, Camille ",August_2022,69200,None,0,0,0,15.52,,15.52,0,0,0,0,0,0,0,0,-15.52,
"Dwyer, Camille ",August_2022,69209,None,87,87,0,0,0,0,0,0,0,0,0,2,2,2,87,0
"Dwyer, Camille ",August_2022,69210,None,98,98,0,0,0,0,0,0,0,0,0,1,1,1,98,0
"Dwyer, Camille ",August_2022,81003,None,60,60,0,2.2,0.03666667,2.2,0,9.8,0,0,0,5,5,5,48,0.2
"Dwyer, Camille ",August_2022,81025,None,0,0,0,5.17,,0,5.17,0,0,0,0,0,0,0,-5.17,
"Dwyer, Camille ",August_2022,82962,None,10,10,0,1.97,0.197,1.97,0,8.03,0,0,0,1,1,1,0,1
"Dwyer, Camille ",August_2022,83036,None,0,0,0,7.19,,7.19,0,27.81,0,0,0,0,0,0,-35,
"Dwyer, Camille ",August_2022,87426,None,375,375,0,100.22,0.26725333,85.22,15,139.78,0,0,0,5,5,5,135,0.64
"Dwyer, Camille ",August_2022,87804,None,200,200,0,96.2,0.481,96.2,0,59.84,0,0,0,5,5,10,43.96,0.7802
"Dwyer, Camille ",August_2022,87811,None,150,150,0,49.66,0.33106667,49.66,0,100.34,0,0,0,2,2,2,0,1
"Dwyer, Camille ",August_2022,87880,None,192,192,0,45.96,0.239375,45.96,0,82.04,0,0,0,6,6,6,64,0.66666667
"Dwyer, Camille ",August_2022,90460,None,42,0,42,0,0,0,0,0,0,42,0,1,1,1,0,1
"Dwyer, Camille ",August_2022,90471,None,294,252,42,82.5,0.28061224,82.5,0,169.5,0,42,0,7,7,7,0,1
"Dwyer, Camille ",August_2022,90472,None,26,26,0,10.94,0.42076923,10.94,0,15.06,0,0,0,1,1,1,0,1
"Dwyer, Camille ",August_2022,90619,None,610,305,305,220.56,0.36157377,166.56,54,138.44,0,251,0,2,2,2,0,1
"Dwyer, Camille ",August_2022,90670,None,460,460,0,0,0,0,0,0,0,0,0,1,1,1,460,0
"Dwyer, Camille ",August_2022,90707,None,150,150,0,97.79,0.65193333,97.79,0,52.21,0,0,0,1,1,1,0,1
"Dwyer, Camille ",August_2022,90715,None,360,300,60,312.93,0.86925,252.93,60,47.07,0,0,0,6,6,6,0,1
"Dwyer, Camille ",August_2022,93000,None,175,175,0,76.84,0.43908571,54.96,21.88,127.42,0,0,0,5,5,5,-29.26,1.1672
"Dwyer, Camille ",August_2022,94010,None,219,219,0,27.61,0.12607306,27.61,0,44.09,0,0,0,3,3,3,147.3,0.32739726
"Dwyer, Camille ",August_2022,99072,None,105,105,0,0,0,0,0,30,0,0,0,7,7,7,75,0.28571429
"Dwyer, Camille ",August_2022,99203,None,217,217,0,193.37,0.89110599,169.75,23.62,221.42,0,0,0,1,1,1,-197.79,1.91147465
"Dwyer, Camille ",August_2022,99204,None,3630,3630,0,1078.95,0.2972314,876.09,202.86,1038.97,0,0,0,11,11,11,1512.08,0.58344904
"Dwyer, Camille ",August_2022,99213,None,7497,7350,147,2348.91,0.31331333,1613.08,735.83,2263.19,0,62,0,50,51,51,2822.9,0.62346272
"Dwyer, Camille ",August_2022,99214,None,19500,19250,250,4712.09,0.24164564,3622.81,1089.28,5091.79,0,140,0,76,78,78,9556.12,0.50994256
"Dwyer, Camille ",August_2022,99215,None,292,292,0,0,0,0,0,0,0,0,0,1,1,1,292,0
"Dwyer, Camille ",August_2022,99385,None,10363,10363,0,4155.92,0.40103445,4090.92,65,3241.88,0,0,0,43,43,43,2965.2,0.71386664
"Dwyer, Camille ",August_2022,99386,None,7616,7616,0,2917.59,0.38308692,2807.59,110,2129.21,0,0,0,28,28,28,2569.2,0.66265756
"Dwyer, Camille ",August_2022,99394,None,186,0,186,186,1,0,186,0,0,0,0,1,1,1,0,1
"Dwyer, Camille ",August_2022,99395,None,1030,1030,0,219.18,0.21279612,204.18,15,207.82,0,0,0,5,5,5,603,0.41456311
"Dwyer, Camille ",August_2022,99439,None,0,0,0,47.68,,47.68,0,32.32,0,0,0,0,0,0,-80,
"Dwyer, Camille ",August_2022,99454,None,260,260,0,91.77,0.35296154,91.77,0,28.81,0,0,0,4,4,4,139.42,0.46376923
"Dwyer, Camille ",August_2022,99457,None,220,220,0,82.66,0.37572727,82.66,0,18.86,0,0,0,4,4,4,118.48,0.46145455
"Dwyer, Camille ",August_2022,99458,None,45,45,0,0,0,0,0,0,0,0,0,1,1,1,45,0
"Dwyer, Camille ",August_2022,99490,None,255,255,0,210.18,0.82423529,210.18,0,129.82,0,0,0,3,3,3,-85,1.33333333
"Dwyer, Camille ",August_2022,G0009,None,55,55,0,0,0,0,0,0,0,0,0,1,1,1,55,0
"Dwyer, Camille ",August_2022,G0030,None,0,0,0,0,,0,0,0,0,0,0,3,3,3,0,
"Dwyer, Camille ",August_2022,G8399,None,0,0,0,0,,0,0,0,0,0,0,6,6,6,0,
"Dwyer, Camille ",August_2022,G8400,None,0,0,0,0,,0,0,0,0,0,0,5,6,6,0,
"Dwyer, Camille ",August_2022,G8417,None,0,0,0,0,,0,0,0,0,0,0,100,103,103,0,
"Dwyer, Camille ",August_2022,G8418,None,0,0,0,0,,0,0,0,0,0,0,5,5,5,0,
"Dwyer, Camille ",August_2022,G8419,None,0,0,0,0,,0,0,0,0,0,0,1,1,1,0,
"Dwyer, Camille ",August_2022,G8420,None,0,0,0,0,,0,0,0,0,0,0,102,104,104,0,
"Dwyer, Camille ",August_2022,G8427,None,0,0,0,0,,0,0,0,0,0,0,212,218,219,0,
"Dwyer, Camille ",August_2022,G8431,None,0,0,0,0,,0,0,0,0,0,0,21,21,21,0,
"Dwyer, Camille ",August_2022,G8432,None,0,0,0,0,,0,0,0,0,0,0,1,1,1,0,
"Dwyer, Camille ",August_2022,G8482,None,0,0,0,0,,0,0,0,0,0,0,6,6,6,0,
"Dwyer, Camille ",August_2022,G8483,None,0,0,0,0,,0,0,0,0,0,0,8,8,8,0,
"Dwyer, Camille ",August_2022,G8484,None,0,0,0,0,,0,0,0,0,0,0,1,1,1,0,
"Dwyer, Camille ",August_2022,G8510,None,0,0,0,0,,0,0,0,0,0,0,191,197,197,0,
"Dwyer, Camille ",August_2022,G8752,None,0,0,0,0,,0,0,0,0,0,0,39,40,40,0,
"Dwyer, Camille ",August_2022,G8753,None,0,0,0,0,,0,0,0,0,0,0,11,11,11,0,
"Dwyer, Camille ",August_2022,G8754,None,0,0,0,0,,0,0,0,0,0,0,41,42,42,0,
"Dwyer, Camille ",August_2022,G8755,None,0,0,0,0,,0,0,0,0,0,0,9,9,9,0,
"Dwyer, Camille ",August_2022,G8756,None,0,0,0,0,,0,0,0,0,0,0,1,1,1,0,
"Dwyer, Camille ",August_2022,G8783,None,0,0,0,0,,0,0,0,0,0,0,189,194,194,0,
"Dwyer, Camille ",August_2022,G8950,None,0,0,0,0,,0,0,0,0,0,0,20,20,20,0,
"Dwyer, Camille ",August_2022,G9708,None,0,0,0,0,,0,0,0,0,0,0,1,1,1,0,
"Dwyer, Camille ",August_2022,G9711,None,0,0,0,0,,0,0,0,0,0,0,1,1,1,0,
"Dwyer, Camille ",August_2022,G9744,None,0,0,0,0,,0,0,0,0,0,0,2,2,2,0,
"Dwyer, Camille ",August_2022,G9899,None,0,0,0,0,,0,0,0,0,0,0,11,12,12,0,
"Dwyer, Camille ",August_2022,G9900,None,0,0,0,0,,0,0,0,0,0,0,17,18,18,0,
"Dwyer, Camille ",August_2022,G9902,None,0,0,0,0,,0,0,0,0,0,0,18,19,19,0,
"Dwyer, Camille ",August_2022,G9903,None,0,0,0,0,,0,0,0,0,0,0,193,198,198,0,
"Dwyer, Camille ",August_2022,G9905,None,0,0,0,0,,0,0,0,0,0,0,1,1,1,0,
"Dwyer, Camille ",August_2022,G9906,None,0,0,0,0,,0,0,0,0,0,0,12,12,12,0,
"Dwyer, Camille ",August_2022,G9907,None,0,0,0,0,,0,0,0,0,0,0,1,1,1,0,
"Dwyer, Camille ",August_2022,G9908,None,0,0,0,0,,0,0,0,0,0,0,2,2,2,0,
"Dwyer, Camille ",August_2022,G9990,None,0,0,0,0,,0,0,0,0,0,0,15,17,17,0,
"Dwyer, Camille ",August_2022,G9991,None,0,0,0,0,,0,0,0,0,0,0,16,16,16,0,
"Dwyer, Camille ",August_2022,J3301,None,0,0,0,1.8,,0,1.8,0,0,0,0,0,0,0,-1.8,
"Dwyer, Camille ",September_2022,1036F,None,0,0,0,0,,0,0,0,0,0,0,208,215,217,0,
"Dwyer, Camille ",September_2022,1123F,None,0,0,0,0,,0,0,0,0,0,0,5,5,5,0,
"Dwyer, Camille ",September_2022,1124F,None,0,0,0,0,,0,0,0,0,0,0,3,3,3,0,
"Dwyer, Camille ",September_2022,1126F,None,0,0,0,0,,0,0,0,0,0,0,5,5,5,0,
"Dwyer, Camille ",September_2022,1158F,None,0,0,0,0,,0,0,0,0,0,0,5,5,5,0,
"Dwyer, Camille ",September_2022,1160F,None,0,0,0,0,,0,0,0,0,0,0,5,5,5,0,
"Dwyer, Camille ",September_2022,1170F,None,0,0,0,0,,0,0,0,0,0,0,5,5,5,0,
"Dwyer, Camille ",September_2022,17110,None,0,0,0,0,,0,0,130.7,0,0,0,0,0,0,-130.7,
"Dwyer, Camille ",September_2022,2022F,None,0,0,0,0,,0,0,0,0,0,0,9,9,9,0,
"Dwyer, Camille ",September_2022,2023F,None,0,0,0,0,,0,0,0,0,0,0,4,4,4,0,
"Dwyer, Camille ",September_2022,2024F,None,0,0,0,0,,0,0,0,0,0,0,2,2,2,0,
"Dwyer, Camille ",September_2022,2025F,None,0,0,0,0,,0,0,0,0,0,0,1,1,1,0,
"Dwyer, Camille ",September_2022,2026F,None,0,0,0,0,,0,0,0,0,0,0,1,1,1,0,
"Dwyer, Camille ",September_2022,20552,None,112,112,0,0,0,0,0,0,0,0,0,1,1,1,112,0
"Dwyer, Camille ",September_2022,20610,None,244,244,0,0,0,0,0,0,0,0,0,1,1,1,244,0
"Dwyer, Camille ",September_2022,3017F,None,0,0,0,0,,0,0,0,0,0,0,72,78,78,0,
"Dwyer, Camille ",September_2022,3044F,None,0,0,0,0,,0,0,0,0,0,0,7,7,7,0,
"Dwyer, Camille ",September_2022,3046F,None,0,0,0,0,,0,0,0,0,0,0,7,7,7,0,
"Dwyer, Camille ",September_2022,3051F,None,0,0,0,0,,0,0,0,0,0,0,2,2,2,0,
"Dwyer, Camille ",September_2022,3052F,None,0,0,0,0,,0,0,0,0,0,0,2,2,2,0,
"Dwyer, Camille ",September_2022,4004F,None,0,0,0,0,,0,0,0,0,0,0,1,1,1,0,
"Dwyer, Camille ",September_2022,69209,None,0,0,0,19.16,,19.16,0,38.84,0,0,0,0,0,0,-58,
"Dwyer, Camille ",September_2022,69210,None,0,0,0,48.11,,23.11,25,49.89,0,0,0,0,0,0,-98,
"Dwyer, Camille ",September_2022,81003,None,108,108,0,12.71,0.11768519,12.71,0,79.97,0,0,0,8,9,9,15.32,0.85814815
"Dwyer, Camille ",September_2022,81025,None,20,20,0,0,0,0,0,0,0,0,0,1,1,1,20,0
"Dwyer, Camille ",September_2022,83036,None,35,35,0,0,0,0,0,0,0,0,0,1,1,1,35,0
"Dwyer, Camille ",September_2022,87426,None,975,975,0,206.35,0.21164103,206.35,0,318.65,0,0,0,13,13,13,450,0.53846154
"Dwyer, Camille ",September_2022,87804,None,480,480,0,80.44,0.16758333,80.44,0,79.84,0,0,0,12,12,24,319.72,0.33391667
"Dwyer, Camille ",September_2022,87880,None,256,256,0,19.84,0.0775,9.92,9.92,88.32,0,0,0,8,8,8,147.84,0.4225
"Dwyer, Camille ",September_2022,90471,None,2814,2814,0,355.93,0.12648543,352.53,3.4,658.87,0,0,0,67,67,67,1799.2,0.36062544
"Dwyer, Camille ",September_2022,90472,None,78,78,0,10,0.12820513,10,0,16,0,0,0,3,3,3,52,0.33333333
"Dwyer, Camille ",September_2022,90662,None,750,750,0,270.88,0.36117333,270.88,0,29.12,0,0,0,10,10,10,450,0.4
"Dwyer, Camille ",September_2022,90670,None,0,0,0,252.83,,252.83,0,207.17,0,0,0,0,0,0,-460,
"Dwyer, Camille ",September_2022,90688,None,1860,1860,0,430.62,0.23151613,430.62,0,217.51,0,0,0,62,62,62,1211.87,0.34845699
"Dwyer, Camille ",September_2022,90715,None,540,540,0,183.76,0.3402963,183.76,0,56.24,0,0,0,9,9,9,300,0.44444444
"Dwyer, Camille ",September_2022,90716,None,0,0,0,30.6,,0,30.6,0,0,0,0,0,0,0,-30.6,
"Dwyer, Camille ",September_2022,90732,None,590,590,0,348,0.58983051,348,0,82,0,0,0,4,4,4,160,0.72881356
"Dwyer, Camille ",September_2022,93000,None,105,70,35,77.72,0.74019048,46.32,31.4,74.02,0,23,0,3,3,3,-69.74,1.66419048
"Dwyer, Camille ",September_2022,94010,None,438,365,73,223.83,0.5110274,89.78,134.05,289.01,0,0,0,6,6,6,-74.84,1.17086758
"Dwyer, Camille ",September_2022,99072,None,135,135,0,0,0,0,0,90,0,0,0,9,9,9,45,0.66666667
"Dwyer, Camille ",September_2022,99203,None,434,434,0,129.94,0.29940092,129.94,0,106.27,0,0,0,2,2,2,197.79,0.54426267
"Dwyer, Camille ",September_2022,99204,None,4290,4290,0,1324.66,0.30877855,1314.66,10,1626.72,0,0,0,13,13,13,1338.62,0.68796737
"Dwyer, Camille ",September_2022,99205,None,832,832,0,0,0,0,0,0,0,0,0,2,2,2,832,0
"Dwyer, Camille ",September_2022,99213,None,7938,7938,0,3534.7,0.44528849,2668.52,866.18,3438.99,0,0,0,53,54,54,964.31,0.87851978
"Dwyer, Camille ",September_2022,99214,None,25500,25250,250,10014.58,0.39272863,8345.39,1669.19,14072.22,0,171,0,100,102,102,1242.2,0.95128627
"Dwyer, Camille ",September_2022,99215,None,0,0,0,152.16,,152.16,0,139.84,0,0,0,0,0,0,-292,
"Dwyer, Camille ",September_2022,99384,None,216,216,0,0,0,0,0,0,0,0,0,1,1,1,216,0
"Dwyer, Camille ",September_2022,99385,None,9158,8917,241,4666.18,0.50951955,4335.19,330.99,4340.81,0,156,0,38,38,38,-4.99,1.00054488
"Dwyer, Camille ",September_2022,99386,None,6256,6256,0,3554.61,0.56819214,3303.3,251.31,3440.39,0,0,0,23,23,23,-739,1.1181266
"Dwyer, Camille ",September_2022,99387,None,604,604,0,260.38,0.43109272,250.38,10,353.62,0,0,0,2,2,2,-10,1.01655629
"Dwyer, Camille ",September_2022,99395,None,618,618,0,603.21,0.97606796,563.21,40,466.79,0,0,0,3,3,3,-452,1.73139159
"Dwyer, Camille ",September_2022,99396,None,0,0,0,125,,0,125,0,0,0,0,0,0,0,-125,
"Dwyer, Camille ",September_2022,99439,None,320,320,0,144.58,0.4518125,144.58,0,175.42,0,0,0,4,4,4,0,1
"Dwyer, Camille ",September_2022,99454,None,260,260,0,175.34,0.67438462,140.34,35,29.08,0,0,0,4,4,4,55.58,0.78623077
"Dwyer, Camille ",September_2022,99457,None,220,220,0,119.39,0.54268182,119.39,0,54.09,0,0,0,4,4,4,46.52,0.78854545
"Dwyer, Camille ",September_2022,99458,None,0,0,0,39.79,,39.79,0,5.21,0,0,0,0,0,0,-45,
"Dwyer, Camille ",September_2022,99490,None,1105,1105,0,573.09,0.51863348,573.09,0,425.27,0,0,0,13,13,13,106.64,0.90349321
"Dwyer, Camille ",September_2022,99495,None,330,330,0,0,0,0,0,0,0,0,0,1,1,1,330,0
"Dwyer, Camille ",September_2022,99497,None,170,170,0,0,0,0,0,0,0,0,0,1,1,1,170,0
"Dwyer, Camille ",September_2022,COLF,None,33.45,33.45,0,0,0,0,0,0,0,0,0,1,1,1,33.45,0
"Dwyer, Camille ",September_2022,G0008,None,546,546,0,112.19,0.20547619,112.19,0,55.81,0,0,0,13,13,13,378,0.30769231
"Dwyer, Camille ",September_2022,G0009,None,110,110,0,53.51,0.48645455,53.51,0,56.49,0,0,0,2,2,2,0,1
"Dwyer, Camille ",September_2022,G0030,None,0,0,0,0,,0,0,0,0,0,0,2,2,2,0,
"Dwyer, Camille ",September_2022,G0439,None,1180,1180,0,109.82,0.0930678,109.82,0,126.18,0,0,0,5,5,5,944,0.2
"Dwyer, Camille ",September_2022,G0444,None,185,185,0,15.48,0.08367568,15.48,0,21.52,0,0,0,5,5,5,148,0.2
"Dwyer, Camille ",September_2022,G2211,None,0,0,0,16.1,,0,16.1,0,0,0,0,0,0,0,-16.1,
"Dwyer, Camille ",September_2022,G8399,None,0,0,0,0,,0,0,0,0,0,0,6,7,7,0,
"Dwyer, Camille ",September_2022,G8400,None,0,0,0,0,,0,0,0,0,0,0,4,4,4,0,
"Dwyer, Camille ",September_2022,G8417,None,0,0,0,0,,0,0,0,0,0,0,110,112,113,0,
"Dwyer, Camille ",September_2022,G8418,None,0,0,0,0,,0,0,0,0,0,0,4,4,4,0,
"Dwyer, Camille ",September_2022,G8419,None,0,0,0,0,,0,0,0,0,0,0,3,3,3,0,
"Dwyer, Camille ",September_2022,G8420,None,0,0,0,0,,0,0,0,0,0,0,114,121,121,0,
"Dwyer, Camille ",September_2022,G8427,None,0,0,0,0,,0,0,0,0,0,0,233,243,245,0,
"Dwyer, Camille ",September_2022,G8431,None,0,0,0,0,,0,0,0,0,0,0,33,34,34,0,
"Dwyer, Camille ",September_2022,G8432,None,0,0,0,0,,0,0,0,0,0,0,1,1,1,0,
"Dwyer, Camille ",September_2022,G8482,None,0,0,0,0,,0,0,0,0,0,0,6,6,7,0,
"Dwyer, Camille ",September_2022,G8483,None,0,0,0,0,,0,0,0,0,0,0,8,8,8,0,
"Dwyer, Camille ",September_2022,G8484,None,0,0,0,0,,0,0,0,0,0,0,0,0,0,0,
"Dwyer, Camille ",September_2022,G8510,None,0,0,0,0,,0,0,0,0,0,0,201,209,210,0,
"Dwyer, Camille ",September_2022,G8734,None,0,0,0,0,,0,0,0,0,0,0,4,4,4,0,
"Dwyer, Camille ",September_2022,G8752,None,0,0,0,0,,0,0,0,0,0,0,35,37,38,0,
"Dwyer, Camille ",September_2022,G8753,None,0,0,0,0,,0,0,0,0,0,0,18,19,19,0,
"Dwyer, Camille ",September_2022,G8754,None,0,0,0,0,,0,0,0,0,0,0,40,42,42,0,
"Dwyer, Camille ",September_2022,G8755,None,0,0,0,0,,0,0,0,0,0,0,13,14,14,0,
"Dwyer, Camille ",September_2022,G8756,None,0,0,0,0,,0,0,0,0,0,0,0,0,0,0,
"Dwyer, Camille ",September_2022,G8783,None,0,0,0,0,,0,0,0,0,0,0,196,203,203,0,
"Dwyer, Camille ",September_2022,G8950,None,0,0,0,0,,0,0,0,0,0,0,31,32,32,0,
"Dwyer, Camille ",September_2022,G8952,None,0,0,0,0,,0,0,0,0,0,0,1,1,2,0,
"Dwyer, Camille ",September_2022,G9547,None,0,0,0,0,,0,0,0,0,0,0,1,1,1,0,
"Dwyer, Camille ",September_2022,G9549,None,0,0,0,0,,0,0,0,0,0,0,1,1,1,0,
"Dwyer, Camille ",September_2022,G9708,None,0,0,0,0,,0,0,0,0,0,0,1,1,1,0,
"Dwyer, Camille ",September_2022,G9711,None,0,0,0,0,,0,0,0,0,0,0,0,0,0,0,
"Dwyer, Camille ",September_2022,G9744,None,0,0,0,0,,0,0,0,0,0,0,2,2,2,0,
"Dwyer, Camille ",September_2022,G9899,None,0,0,0,0,,0,0,0,0,0,0,20,23,23,0,
"Dwyer, Camille ",September_2022,G9900,None,0,0,0,0,,0,0,0,0,0,0,26,28,28,0,
"Dwyer, Camille ",September_2022,G9902,None,0,0,0,0,,0,0,0,0,0,0,26,28,28,0,
"Dwyer, Camille ",September_2022,G9903,None,0,0,0,0,,0,0,0,0,0,0,206,214,215,0,
"Dwyer, Camille ",September_2022,G9905,None,0,0,0,0,,0,0,0,0,0,0,1,1,1,0,
"Dwyer, Camille ",September_2022,G9906,None,0,0,0,0,,0,0,0,0,0,0,19,20,20,0,
"Dwyer, Camille ",September_2022,G9907,None,0,0,0,0,,0,0,0,0,0,0,1,1,1,0,
"Dwyer, Camille ",September_2022,G9908,None,0,0,0,0,,0,0,0,0,0,0,1,1,1,0,
"Dwyer, Camille ",September_2022,G9989,None,0,0,0,0,,0,0,0,0,0,0,1,1,1,0,
"Dwyer, Camille ",September_2022,G9990,None,0,0,0,0,,0,0,0,0,0,0,17,17,17,0,
"Dwyer, Camille ",September_2022,G9991,None,0,0,0,0,,0,0,0,0,0,0,21,24,24,0,
"Dwyer, Camille ",September_2022,INTMG,None,0.04,0.04,0,0,0,0,0,0,0,0,0,1,1,1,0.04,0
"Dwyer, Camille ",September_2022,J3301,None,38.9,38.9,0,0,0,0,0,0,0,0,0,2,2,10,38.9,0
"Dwyer, Camille ",September_2022,Nshow,None,0,0,0,25.69,,0,25.69,0,0,0,0,0,0,0,-25.69,
"Dwyer, Camille ",October_2022,1036F,None,0,0,0,0,,0,0,0,0,0,0,244,249,249,0,
"Dwyer, Camille ",October_2022,1090F,None,0,0,0,0,,0,0,0,0,0,0,1,1,1,0,
"Dwyer, Camille ",October_2022,1100F,None,0,0,0,0,,0,0,0,0,0,0,2,2,2,0,
"Dwyer, Camille ",October_2022,1101F,None,0,0,0,0,,0,0,0,0,0,0,4,4,4,0,
"Dwyer, Camille ",October_2022,11200,None,200,200,0,0,0,0,0,124.23,0,0,0,1,1,1,75.77,0.62115
"Dwyer, Camille ",October_2022,1123F,None,0,0,0,0,,0,0,0,0,0,0,10,11,11,0,
"Dwyer, Camille ",October_2022,1124F,None,0,0,0,0,,0,0,0,0,0,0,5,5,5,0,
"Dwyer, Camille ",October_2022,1125F,None,0,0,0,0,,0,0,0,0,0,0,1,1,1,0,
"Dwyer, Camille ",October_2022,1126F,None,0,0,0,0,,0,0,0,0,0,0,3,3,3,0,
"Dwyer, Camille ",October_2022,1158F,None,0,0,0,0,,0,0,0,0,0,0,4,4,4,0,
"Dwyer, Camille ",October_2022,1160F,None,0,0,0,0,,0,0,0,0,0,0,4,4,4,0,
"Dwyer, Camille ",October_2022,1170F,None,0,0,0,0,,0,0,0,0,0,0,4,4,4,0,
"Dwyer, Camille ",October_2022,17110,None,0,0,0,95.3,,0,95.3,0,0,0,0,0,0,0,-95.3,
"Dwyer, Camille ",October_2022,2022F,None,0,0,0,0,,0,0,0,0,0,0,18,19,21,0,
"Dwyer, Camille ",October_2022,2023F,None,0,0,0,0,,0,0,0,0,0,0,7,7,7,0,
"Dwyer, Camille ",October_2022,2024F,None,0,0,0,0,,0,0,0,0,0,0,6,6,6,0,
"Dwyer, Camille ",October_2022,2025F,None,0,0,0,0,,0,0,0,0,0,0,0,0,0,0,
"Dwyer, Camille ",October_2022,2026F,None,0,0,0,0,,0,0,0,0,0,0,1,1,1,0,
"Dwyer, Camille ",October_2022,20552,None,0,0,0,47.8,,0,47.8,64.2,0,0,0,0,0,0,-112,
"Dwyer, Camille ",October_2022,20610,None,244,244,0,83.1,0.34057377,83.1,0,160.9,0,0,0,1,1,1,0,1
"Dwyer, Camille ",October_2022,3017F,None,0,0,0,0,,0,0,0,0,0,0,83,85,85,0,
"Dwyer, Camille ",October_2022,3044F,None,0,0,0,0,,0,0,0,0,0,0,19,19,19,0,
"Dwyer, Camille ",October_2022,3046F,None,0,0,0,0,,0,0,0,0,0,0,10,10,10,0,
"Dwyer, Camille ",October_2022,3051F,None,0,0,0,0,,0,0,0,0,0,0,5,6,6,0,
"Dwyer, Camille ",October_2022,3052F,None,0,0,0,0,,0,0,0,0,0,0,3,3,3,0,
"Dwyer, Camille ",October_2022,3072F,None,0,0,0,0,,0,0,0,0,0,0,4,4,4,0,
"Dwyer, Camille ",October_2022,3288F,None,0,0,0,0,,0,0,0,0,0,0,2,2,2,0,
"Dwyer, Camille ",October_2022,4004F,None,0,0,0,0,,0,0,0,0,0,0,0,0,0,0,
"Dwyer, Camille ",October_2022,4040F,None,0,0,0,0,,0,0,0,0,0,0,6,6,6,0,
"Dwyer, Camille ",October_2022,69209,None,87,87,0,26.5,0.3045977,26.5,0,31.5,0,0,0,2,2,2,29,0.66666667
"Dwyer, Camille ",October_2022,81003,None,72,72,0,12.09,0.16791667,12.09,0,59.91,0,0,0,6,6,6,0,1
"Dwyer, Camille ",October_2022,81025,None,0,0,0,5.17,,5.17,0,14.83,0,0,0,0,0,0,-20,
"Dwyer, Camille ",October_2022,82962,None,10,10,0,0,0,0,0,0,0,0,0,1,1,1,10,0
"Dwyer, Camille ",October_2022,83036,None,0,0,0,10.2,,10.2,0,24.8,0,0,0,0,0,0,-35,
"Dwyer, Camille ",October_2022,87426,None,1500,1500,0,389.63,0.25975333,389.63,0,660.37,0,0,0,20,20,20,450,0.7
"Dwyer, Camille ",October_2022,87804,None,800,800,0,307.84,0.3848,287.98,19.86,232.3,0,0,0,20,20,40,259.86,0.675175
"Dwyer, Camille ",October_2022,87880,None,416,416,0,96.19,0.23122596,86.27,9.92,159.81,0,0,0,13,13,13,160,0.61538462
"Dwyer, Camille ",October_2022,90460,None,252,252,0,68,0.26984127,68,0,142,0,0,0,3,3,6,42,0.83333333
"Dwyer, Camille ",October_2022,90461,None,52,52,0,34,0.65384615,34,0,18,0,0,0,1,1,2,0,1
"Dwyer, Camille ",October_2022,90471,None,1680,1680,0,804.78,0.47903571,804.78,0,1629.22,0,0,0,40,40,40,-754,1.44880952
"Dwyer, Camille ",October_2022,90472,None,26,26,0,34,1.30769231,34,0,18,0,0,0,1,1,1,-26,2
"Dwyer, Camille ",October_2022,90619,None,305,305,0,150,0.49180328,150,0,155,0,0,0,1,1,1,0,1
"Dwyer, Camille ",October_2022,90633,None,52,52,0,37,0.71153846,37,0,15,0,0,0,1,1,1,0,1
"Dwyer, Camille ",October_2022,90662,None,675,675,0,546.68,0.8098963,546.68,0,53.32,0,0,0,9,9,9,75,0.88888889
"Dwyer, Camille ",October_2022,90688,None,1290,1290,0,1061.27,0.82268992,1061.27,0,554.75,0,0,0,43,43,43,-326.02,1.25272868
"Dwyer, Camille ",October_2022,90707,None,150,150,0,88,0.58666667,88,0,62,0,0,0,1,1,1,0,1
"Dwyer, Camille ",October_2022,90715,None,180,180,0,411.03,2.2835,411.03,0,128.97,0,0,0,3,3,3,-360,3
"Dwyer, Camille ",October_2022,90732,None,480,480,0,130.8,0.2725,130.8,0,29.2,0,0,0,3,3,3,320,0.33333333
"Dwyer, Camille ",October_2022,90734,None,201,201,0,11,0.05472637,11,0,190,0,0,0,1,1,1,0,1
"Dwyer, Camille ",October_2022,93000,None,105,105,0,28.06,0.2672381,12.52,15.54,45.22,0,0,0,3,3,3,31.72,0.69790476
"Dwyer, Camille ",October_2022,94010,None,146,146,0,68.89,0.47184932,68.89,0,150.11,0,0,0,2,2,2,-73,1.5
"Dwyer, Camille ",October_2022,95004,None,792,792,0,0,0,0,0,0,0,0,0,1,1,72,792,0
"Dwyer, Camille ",October_2022,96372,None,42,42,0,0,0,0,0,0,0,0,0,1,1,1,42,0
"Dwyer, Camille ",October_2022,99072,None,300,300,0,0,0,0,0,165,0,0,0,20,20,20,135,0.55
"Dwyer, Camille ",October_2022,99203,None,217,217,0,182.53,0.84115207,182.53,0,251.47,0,0,0,1,1,1,-217,2
"Dwyer, Camille ",October_2022,99204,None,3630,3630,0,1848.32,0.50917906,1706.8,141.52,2331.13,0,0,0,11,11,11,-549.45,1.15136364
"Dwyer, Camille ",October_2022,99205,None,0,0,0,334.59,,334.59,0,459.56,0,0,0,0,0,0,-794.15,
"Dwyer, Camille ",October_2022,99213,None,7644,7497,147,3715.41,0.48605573,3067.42,647.99,4278.43,0,62,0,52,52,52,-411.84,1.05387755
"Dwyer, Camille ",October_2022,99214,None,34750,34500,250,9708.06,0.27936863,7173.25,2534.81,13831.53,0,140,0,136,140,140,11070.41,0.68142705
"Dwyer, Camille ",October_2022,99384,None,216,216,0,233.63,1.08162037,233.63,0,198.37,0,0,0,1,1,1,-216,2
"Dwyer, Camille ",October_2022,99385,None,8435,8435,0,3995.24,0.47365027,3895.24,100,4298.76,0,0,0,35,35,35,141,0.98328394
"Dwyer, Camille ",October_2022,99386,None,9792,9792,0,4149.21,0.42373468,3994.21,155,4165.79,0,142,0,36,36,36,1335,0.86366422
"Dwyer, Camille ",October_2022,99387,None,302,302,0,0,0,0,0,0,0,0,0,1,1,1,302,0
"Dwyer, Camille ",October_2022,99394,None,186,186,0,134.21,0.72155914,99.21,35,86.79,0,0,0,1,1,1,-35,1.18817204
"Dwyer, Camille ",October_2022,99395,None,618,618,0,215,0.34789644,215,0,197,0,0,0,3,3,3,206,0.66666667
"Dwyer, Camille ",October_2022,99396,None,904,904,0,140.36,0.15526549,110.36,30,115.64,0,0,0,4,4,4,648,0.28318584
"Dwyer, Camille ",October_2022,99439,None,160,160,0,64.18,0.401125,64.18,0,79.44,0,0,0,2,2,2,16.38,0.897625
"Dwyer, Camille ",October_2022,99454,None,260,260,0,197.55,0.75980769,197.55,0,73.61,0,0,0,4,4,4,-11.16,1.04292308
"Dwyer, Camille ",October_2022,99457,None,220,220,0,205.2,0.93272727,205.2,0,52.84,0,0,0,4,4,4,-38.04,1.17290909
"Dwyer, Camille ",October_2022,99490,None,1360,1360,0,835.93,0.61465441,835.93,0,513.25,0,0,0,16,16,16,10.82,0.99204412
"Dwyer, Camille ",October_2022,99495,None,0,0,0,166.93,,166.93,0,163.07,0,0,0,0,0,0,-330,
"Dwyer, Camille ",October_2022,99497,None,170,170,0,83.28,0.48988235,83.28,0,86.72,0,0,0,1,1,1,0,1
"Dwyer, Camille ",October_2022,A7004,None,5,5,0,0,0,0,0,0,0,0,0,1,1,1,5,0
"Dwyer, Camille ",October_2022,G0008,None,462,462,0,353.34,0.76480519,353.34,0,192.66,0,0,0,11,11,11,-84,1.18181818
"Dwyer, Camille ",October_2022,G0009,None,165,165,0,29.34,0.17781818,29.34,0,25.66,0,0,0,3,3,3,110,0.33333333
"Dwyer, Camille ",October_2022,G0030,None,0,0,0,0,,0,0,0,0,0,0,2,2,2,0,
"Dwyer, Camille ",October_2022,G0439,None,944,944,0,458.67,0.48587924,458.67,0,485.33,0,0,0,4,4,4,0,1
"Dwyer, Camille ",October_2022,G0444,None,148,148,0,61.93,0.41844595,61.93,0,86.07,0,0,0,4,4,4,0,1
"Dwyer, Camille ",October_2022,G2181,None,0,0,0,0,,0,0,0,0,0,0,1,1,1,0,
"Dwyer, Camille ",October_2022,G2211,None,0,0,0,3.22,,0,3.22,0,0,0,0,0,0,0,-3.22,
"Dwyer, Camille ",October_2022,G8399,None,0,0,0,0,,0,0,0,0,0,0,9,9,9,0,
"Dwyer, Camille ",October_2022,G8400,None,0,0,0,0,,0,0,0,0,0,0,6,7,7,0,
"Dwyer, Camille ",October_2022,G8417,None,0,0,0,0,,0,0,0,0,0,0,136,139,139,0,
"Dwyer, Camille ",October_2022,G8418,None,0,0,0,0,,0,0,0,0,0,0,8,9,9,0,
"Dwyer, Camille ",October_2022,G8419,None,0,0,0,0,,0,0,0,0,0,0,1,1,1,0,
"Dwyer, Camille ",October_2022,G8420,None,0,0,0,0,,0,0,0,0,0,0,122,124,124,0,
"Dwyer, Camille ",October_2022,G8427,None,0,0,0,0,,0,0,0,0,0,0,276,282,282,0,
"Dwyer, Camille ",October_2022,G8431,None,0,0,0,0,,0,0,0,0,0,0,44,46,46,0,
"Dwyer, Camille ",October_2022,G8432,None,0,0,0,0,,0,0,0,0,0,0,0,0,0,0,
"Dwyer, Camille ",October_2022,G8482,None,0,0,0,0,,0,0,0,0,0,0,117,119,121,0,
"Dwyer, Camille ",October_2022,G8483,None,0,0,0,0,,0,0,0,0,0,0,147,150,150,0,
"Dwyer, Camille ",October_2022,G8484,None,0,0,0,0,,0,0,0,0,0,0,6,7,7,0,
"Dwyer, Camille ",October_2022,G8510,None,0,0,0,0,,0,0,0,0,0,0,230,235,235,0,
"Dwyer, Camille ",October_2022,G8734,None,0,0,0,0,,0,0,0,0,0,0,12,12,12,0,
"Dwyer, Camille ",October_2022,G8752,None,0,0,0,0,,0,0,0,0,0,0,60,61,62,0,
"Dwyer, Camille ",October_2022,G8753,None,0,0,0,0,,0,0,0,0,0,0,17,17,17,0,
"Dwyer, Camille ",October_2022,G8754,None,0,0,0,0,,0,0,0,0,0,0,64,65,65,0,
"Dwyer, Camille ",October_2022,G8755,None,0,0,0,0,,0,0,0,0,0,0,13,13,13,0,
"Dwyer, Camille ",October_2022,G8756,None,0,0,0,0,,0,0,0,0,0,0,2,2,2,0,
"Dwyer, Camille ",October_2022,G8783,None,0,0,0,0,,0,0,0,0,0,0,225,230,230,0,
"Dwyer, Camille ",October_2022,G8950,None,0,0,0,0,,0,0,0,0,0,0,34,35,35,0,
"Dwyer, Camille ",October_2022,G8952,None,0,0,0,0,,0,0,0,0,0,0,0,0,0,0,
"Dwyer, Camille ",October_2022,G8967,None,0,0,0,0,,0,0,0,0,0,0,1,1,1,0,
"Dwyer, Camille ",October_2022,G9547,None,0,0,0,0,,0,0,0,0,0,0,0,0,0,0,
"Dwyer, Camille ",October_2022,G9549,None,0,0,0,0,,0,0,0,0,0,0,0,0,0,0,
"Dwyer, Camille ",October_2022,G9708,None,0,0,0,0,,0,0,0,0,0,0,1,1,1,0,
"Dwyer, Camille ",October_2022,G9717,None,0,0,0,0,,0,0,0,0,0,0,7,7,7,0,
"Dwyer, Camille ",October_2022,G9744,None,0,0,0,0,,0,0,0,0,0,0,10,10,10,0,
"Dwyer, Camille ",October_2022,G9899,None,0,0,0,0,,0,0,0,0,0,0,28,29,29,0,
"Dwyer, Camille ",October_2022,G9900,None,0,0,0,0,,0,0,0,0,0,0,25,25,25,0,
"Dwyer, Camille ",October_2022,G9902,None,0,0,0,0,,0,0,0,0,0,0,32,33,33,0,
"Dwyer, Camille ",October_2022,G9903,None,0,0,0,0,,0,0,0,0,0,0,243,248,248,0,
"Dwyer, Camille ",October_2022,G9905,None,0,0,0,0,,0,0,0,0,0,0,0,0,0,0,
"Dwyer, Camille ",October_2022,G9906,None,0,0,0,0,,0,0,0,0,0,0,29,30,30,0,
"Dwyer, Camille ",October_2022,G9907,None,0,0,0,0,,0,0,0,0,0,0,1,1,1,0,
"Dwyer, Camille ",October_2022,G9989,None,0,0,0,0,,0,0,0,0,0,0,2,2,2,0,
"Dwyer, Camille ",October_2022,G9990,None,0,0,0,0,,0,0,0,0,0,0,12,13,13,0,
"Dwyer, Camille ",October_2022,G9991,None,0,0,0,0,,0,0,0,0,0,0,32,33,33,0,
"Dwyer, Camille ",October_2022,G9997,None,0,0,0,0,,0,0,0,0,0,0,2,2,2,0,
"Dwyer, Camille ",October_2022,INTC,None,1.76,1.76,0,0,0,0,0,0,0,0,0,2,2,2,1.76,0
"Dwyer, Camille ",October_2022,INTVP,None,0.27,0.27,0,0,0,0,0,0,0,0,0,1,1,1,0.27,0
"Dwyer, Camille ",October_2022,J3301,None,31.12,31.12,0,10.84,0.34832905,8.26,2.58,26,0,0,0,1,1,8,-5.72,1.18380463
"Dwyer, Camille ",October_2022,J7620,None,12,12,0,0,0,0,0,0,0,0,0,1,1,1,12,0
"Dwyer, Camille ",November_2022,1036F,None,0,0,0,0,,0,0,0,0,0,0,264,271,271,0,
"Dwyer, Camille ",November_2022,1090F,None,0,0,0,0,,0,0,0,0,0,0,1,1,1,0,
"Dwyer, Camille ",November_2022,1100F,None,0,0,0,0,,0,0,0,0,0,0,2,2,2,0,
"Dwyer, Camille ",November_2022,1101F,None,0,0,0,0,,0,0,0,0,0,0,3,3,3,0,
"Dwyer, Camille ",November_2022,11200,None,200,200,0,75.77,0.37885,0,75.77,0,0,0,0,1,1,1,124.23,0.37885
"Dwyer, Camille ",November_2022,1123F,None,0,0,0,0,,0,0,0,0,0,0,13,15,15,0,
"Dwyer, Camille ",November_2022,1124F,None,0,0,0,0,,0,0,0,0,0,0,8,8,8,0,
"Dwyer, Camille ",November_2022,1125F,None,0,0,0,0,,0,0,0,0,0,0,4,4,4,0,
"Dwyer, Camille ",November_2022,1126F,None,0,0,0,0,,0,0,0,0,0,0,3,3,3,0,
"Dwyer, Camille ",November_2022,1158F,None,0,0,0,0,,0,0,0,0,0,0,6,6,6,0,
"Dwyer, Camille ",November_2022,1160F,None,0,0,0,0,,0,0,0,0,0,0,7,7,7,0,
"Dwyer, Camille ",November_2022,1170F,None,0,0,0,0,,0,0,0,0,0,0,7,7,7,0,
"Dwyer, Camille ",November_2022,17110,None,226,226,0,81.3,0.35973451,81.3,0,124.37,0,0,0,1,1,1,20.33,0.91004425
"Dwyer, Camille ",November_2022,2022F,None,0,0,0,0,,0,0,0,0,0,0,12,12,12,0,
"Dwyer, Camille ",November_2022,2023F,None,0,0,0,0,,0,0,0,0,0,0,4,4,4,0,
"Dwyer, Camille ",November_2022,2024F,None,0,0,0,0,,0,0,0,0,0,0,3,4,4,0,
"Dwyer, Camille ",November_2022,2025F,None,0,0,0,0,,0,0,0,0,0,0,1,1,1,0,
"Dwyer, Camille ",November_2022,2026F,None,0,0,0,0,,0,0,0,0,0,0,2,2,2,0,
"Dwyer, Camille ",November_2022,20610,None,122,122,0,56.87,0.46614754,51.18,5.69,65.13,0,0,0,1,1,1,0,1
"Dwyer, Camille ",November_2022,3017F,None,0,0,0,0,,0,0,0,0,0,0,100,102,102,0,
"Dwyer, Camille ",November_2022,3044F,None,0,0,0,0,,0,0,0,0,0,0,19,19,19,0,
"Dwyer, Camille ",November_2022,3046F,None,0,0,0,0,,0,0,0,0,0,0,9,9,9,0,
"Dwyer, Camille ",November_2022,3051F,None,0,0,0,0,,0,0,0,0,0,0,3,4,4,0,
"Dwyer, Camille ",November_2022,3052F,None,0,0,0,0,,0,0,0,0,0,0,4,4,4,0,
"Dwyer, Camille ",November_2022,3072F,None,0,0,0,0,,0,0,0,0,0,0,5,5,5,0,
"Dwyer, Camille ",November_2022,3284F,None,0,0,0,0,,0,0,0,0,0,0,1,1,1,0,
"Dwyer, Camille ",November_2022,3288F,None,0,0,0,0,,0,0,0,0,0,0,2,2,2,0,
"Dwyer, Camille ",November_2022,4004F,None,0,0,0,0,,0,0,0,0,0,0,1,1,1,0,
"Dwyer, Camille ",November_2022,4040F,None,0,0,0,0,,0,0,0,0,0,0,7,7,7,0,
"Dwyer, Camille ",November_2022,69209,None,0,0,0,0,,0,0,0,0,0,0,0,0,0,0,
"Dwyer, Camille ",November_2022,81003,None,72,72,0,14.34,0.19916667,12.68,1.66,70.66,0,0,0,4,6,6,-13,1.18055556
"Dwyer, Camille ",November_2022,82962,None,0,0,0,2.51,,2.51,0,7.21,0,0,0,0,0,0,-9.72,
"Dwyer, Camille ",November_2022,87426,None,2625,2550,75,1088.57,0.41469333,1013.57,75,1417.52,0,0,0,35,35,35,118.91,0.95470095
"Dwyer, Camille ",November_2022,87804,None,1440,1400,40,693.1,0.48131944,663.24,29.86,545.14,0,29.86,0,36,36,72,171.9,0.880625
"Dwyer, Camille ",November_2022,87880,None,480,480,0,187.07,0.38972917,177.15,9.92,403.09,0,9.92,0,15,15,15,-120.08,1.25016667
"Dwyer, Camille ",November_2022,90460,None,0,0,0,0,,0,0,0,0,0,0,0,0,0,0,
"Dwyer, Camille ",November_2022,90471,None,714,714,0,604.41,0.84651261,592.41,12,1003.59,0,0,0,17,17,17,-894,2.25210084
"Dwyer, Camille ",November_2022,90472,None,78,78,0,51,0.65384615,51,0,27,0,0,0,3,3,3,0,1
"Dwyer, Camille ",November_2022,90662,None,0,0,0,470.64,,470.64,0,54.36,0,0,0,0,0,0,-525,
"Dwyer, Camille ",November_2022,90688,None,480,480,0,800.56,1.66783333,800.56,0,399.44,0,0,0,16,16,16,-720,2.5
"Dwyer, Camille ",November_2022,90715,None,180,180,0,207,1.15,207,0,33,0,0,0,3,3,3,-60,1.33333333
"Dwyer, Camille ",November_2022,90732,None,320,320,0,514.07,1.60646875,514.07,0,125.93,0,0,0,2,2,2,-320,2
"Dwyer, Camille ",November_2022,90744,None,112,112,0,0,0,0,0,0,0,0,0,2,2,2,112,0
"Dwyer, Camille ",November_2022,93000,None,105,105,0,38.16,0.36342857,38.16,0,84.96,0,0,0,3,3,3,-18.12,1.17257143
"Dwyer, Camille ",November_2022,94010,None,0,0,0,2.54,,2.54,0,39.59,0,0,0,0,0,0,-42.13,
"Dwyer, Camille ",November_2022,95004,None,792,792,0,244.8,0.30909091,244.8,0,1050.48,0,0,0,1,1,72,-503.28,1.63545455
"Dwyer, Camille ",November_2022,96127,None,0,0,0,3.94,,0,3.94,0,0,0,0,0,0,0,-3.94,
"Dwyer, Camille ",November_2022,96160,None,400,400,0,300,0.75,300,0,100,0,0,0,2,2,2,0,1
"Dwyer, Camille ",November_2022,96372,None,0,0,0,13.36,,13.36,0,28.64,0,0,0,0,0,0,-42,
"Dwyer, Camille ",November_2022,99072,None,540,525,15,0,0,0,0,480,0,15,0,36,36,36,45,0.91666667
"Dwyer, Camille ",November_2022,99203,None,217,217,0,114.5,0.52764977,94.5,20,122.5,0,0,0,1,1,1,-20,1.0921659
"Dwyer, Camille ",November_2022,99204,None,4620,4620,0,1875.39,0.40592857,1830.39,45,2646.51,0,0,0,14,14,14,98.1,0.97876623
"Dwyer, Camille ",November_2022,99205,None,0,0,0,37.85,,0,37.85,0,0,0,0,0,0,0,-37.85,
"Dwyer, Camille ",November_2022,99213,None,9261,9261,0,3761.09,0.40612137,2919.92,841.17,4024.9,0,0,0,63,63,63,1475.01,0.84072886
"Dwyer, Camille ",November_2022,99214,None,41000,40750,250,16944.69,0.41328512,14344.22,2600.47,24997.6,0,140,0,160,164,164,-1082.29,1.02639732
"Dwyer, Camille ",November_2022,99385,None,6266,6025,241,4257.85,0.67951644,4027.85,230,4407.15,0,176,0,26,26,26,-2575,1.41094797
"Dwyer, Camille ",November_2022,99386,None,7344,7344,0,4194.32,0.571122,3999.32,195,4038.18,0,0,0,27,27,27,-888.5,1.12098312
"Dwyer, Camille ",November_2022,99387,None,302,302,0,157.68,0.52211921,157.68,0,144.32,0,0,0,1,1,1,0,1
"Dwyer, Camille ",November_2022,99395,None,0,0,0,232.52,,214.52,18,197.48,0,0,0,0,0,0,-430,
"Dwyer, Camille ",November_2022,99396,None,1130,1130,0,483.58,0.4279469,458.58,25,445.42,0,0,0,5,5,5,201,0.82212389
"Dwyer, Camille ",November_2022,99439,None,480,480,0,193.06,0.40220833,193.06,0,206.94,0,0,0,5,5,6,80,0.83333333
"Dwyer, Camille ",November_2022,99454,None,1170,1170,0,302.98,0.25895726,302.98,0,91.44,0,0,0,18,18,18,775.58,0.33711111
"Dwyer, Camille ",November_2022,99457,None,990,990,0,327.4,0.33070707,327.4,0,66.08,0,0,0,18,18,18,596.52,0.39745455
"Dwyer, Camille ",November_2022,99458,None,180,180,0,0,0,0,0,0,0,0,0,2,2,4,180,0
"Dwyer, Camille ",November_2022,99490,None,2805,2805,0,1462.86,0.52151872,1452.86,10,926.4,0,0,0,33,33,33,415.74,0.8517861
"Dwyer, Camille ",November_2022,99495,None,330,330,0,0,0,0,0,0,0,0,0,1,1,1,330,0
"Dwyer, Camille ",November_2022,99496,None,467,467,0,0,0,0,0,0,0,0,0,1,1,1,467,0
"Dwyer, Camille ",November_2022,99497,None,510,510,0,83.28,0.16329412,83.28,0,86.72,0,0,0,3,3,3,340,0.33333333
"Dwyer, Camille ",November_2022,A7004,None,0,0,0,0,,0,0,5,0,0,0,0,0,0,-5,
"Dwyer, Camille ",November_2022,COLF,None,34.87,34.87,0,0,0,0,0,0,0,0,0,1,1,1,34.87,0
"Dwyer, Camille ",November_2022,G0008,None,84,84,0,234.72,2.79428571,234.72,0,101.28,0,0,0,2,2,2,-252,4
"Dwyer, Camille ",November_2022,G0009,None,55,55,0,54.29,0.98709091,54.29,0,110.71,0,0,0,1,1,1,-110,3
"Dwyer, Camille ",November_2022,G0030,None,0,0,0,0,,0,0,0,0,0,0,3,3,3,0,
"Dwyer, Camille ",November_2022,G0439,None,1652,1652,0,699.94,0.42369249,699.94,0,716.06,0,0,0,7,7,7,236,0.85714286
"Dwyer, Camille ",November_2022,G0444,None,259,259,0,93.22,0.35992278,93.22,0,128.78,0,0,0,7,7,7,37,0.85714286
"Dwyer, Camille ",November_2022,G8399,None,0,0,0,0,,0,0,0,0,0,0,9,9,9,0,
"Dwyer, Camille ",November_2022,G8400,None,0,0,0,0,,0,0,0,0,0,0,3,3,3,0,
"Dwyer, Camille ",November_2022,G8417,None,0,0,0,0,,0,0,0,0,0,0,148,150,150,0,
"Dwyer, Camille ",November_2022,G8418,None,0,0,0,0,,0,0,0,0,0,0,5,5,5,0,
"Dwyer, Camille ",November_2022,G8419,None,0,0,0,0,,0,0,0,0,0,0,1,1,1,0,
"Dwyer, Camille ",November_2022,G8420,None,0,0,0,0,,0,0,0,0,0,0,137,140,140,0,
"Dwyer, Camille ",November_2022,G8427,None,0,0,0,0,,0,0,0,0,0,0,294,301,304,0,
"Dwyer, Camille ",November_2022,G8431,None,0,0,0,0,,0,0,0,0,0,0,43,43,43,0,
"Dwyer, Camille ",November_2022,G8482,None,0,0,0,0,,0,0,0,0,0,0,143,149,149,0,
"Dwyer, Camille ",November_2022,G8483,None,0,0,0,0,,0,0,0,0,0,0,152,153,153,0,
"Dwyer, Camille ",November_2022,G8484,None,0,0,0,0,,0,0,0,0,0,0,2,2,2,0,
"Dwyer, Camille ",November_2022,G8510,None,0,0,0,0,,0,0,0,0,0,0,235,242,242,0,
"Dwyer, Camille ",November_2022,G8511,None,0,0,0,0,,0,0,0,0,0,0,2,2,2,0,
"Dwyer, Camille ",November_2022,G8734,None,0,0,0,0,,0,0,0,0,0,0,14,14,14,0,
"Dwyer, Camille ",November_2022,G8752,None,0,0,0,0,,0,0,0,0,0,0,55,58,59,0,
"Dwyer, Camille ",November_2022,G8753,None,0,0,0,0,,0,0,0,0,0,0,29,29,29,0,
"Dwyer, Camille ",November_2022,G8754,None,0,0,0,0,,0,0,0,0,0,0,68,71,71,0,
"Dwyer, Camille ",November_2022,G8755,None,0,0,0,0,,0,0,0,0,0,0,16,16,16,0,
"Dwyer, Camille ",November_2022,G8756,None,0,0,0,0,,0,0,0,0,0,0,0,0,0,0,
"Dwyer, Camille ",November_2022,G8783,None,0,0,0,0,,0,0,0,0,0,0,234,238,238,0,
"Dwyer, Camille ",November_2022,G8950,None,0,0,0,0,,0,0,0,0,0,0,38,39,39,0,
"Dwyer, Camille ",November_2022,G8967,None,0,0,0,0,,0,0,0,0,0,0,1,1,1,0,
"Dwyer, Camille ",November_2022,G9708,None,0,0,0,0,,0,0,0,0,0,0,1,1,1,0,
"Dwyer, Camille ",November_2022,G9717,None,0,0,0,0,,0,0,0,0,0,0,19,19,19,0,
"Dwyer, Camille ",November_2022,G9744,None,0,0,0,0,,0,0,0,0,0,0,17,17,17,0,
"Dwyer, Camille ",November_2022,G9899,None,0,0,0,0,,0,0,0,0,0,0,35,35,35,0,
"Dwyer, Camille ",November_2022,G9900,None,0,0,0,0,,0,0,0,0,0,0,24,24,24,0,
"Dwyer, Camille ",November_2022,G9902,None,0,0,0,0,,0,0,0,0,0,0,29,29,29,0,
"Dwyer, Camille ",November_2022,G9903,None,0,0,0,0,,0,0,0,0,0,0,264,271,272,0,
"Dwyer, Camille ",November_2022,G9906,None,0,0,0,0,,0,0,0,0,0,0,23,23,23,0,
"Dwyer, Camille ",November_2022,G9907,None,0,0,0,0,,0,0,0,0,0,0,1,1,1,0,
"Dwyer, Camille ",November_2022,G9989,None,0,0,0,0,,0,0,0,0,0,0,3,3,3,0,
"Dwyer, Camille ",November_2022,G9990,None,0,0,0,0,,0,0,0,0,0,0,12,12,12,0,
"Dwyer, Camille ",November_2022,G9991,None,0,0,0,0,,0,0,0,0,0,0,36,42,42,0,
"Dwyer, Camille ",November_2022,G9997,None,0,0,0,0,,0,0,0,0,0,0,1,1,1,0,
"Dwyer, Camille ",November_2022,J3301,None,15.56,15.56,0,4.6,0.29562982,0,4.6,10.96,0,0,0,1,1,4,0,1
"Dwyer, Camille ",November_2022,J7620,None,0,0,0,0.1,,0.1,0,11.9,0,0,0,0,0,0,-12,
"Dwyer, Camille ",December_2022,1036F,None,0,0,0,0,,0,0,0,0,0,0,241,257,257,0,
"Dwyer, Camille ",December_2022,1090F,None,0,0,0,0,,0,0,0,0,0,0,0,0,0,0,
"Dwyer, Camille ",December_2022,1100F,None,0,0,0,0,,0,0,0,0,0,0,0,0,0,0,
"Dwyer, Camille ",December_2022,1101F,None,0,0,0,0,,0,0,0,0,0,0,4,5,5,0,
"Dwyer, Camille ",December_2022,11200,None,200,200,0,84.18,0.4209,84.18,0,115.82,0,0,0,1,1,1,0,1
"Dwyer, Camille ",December_2022,1123F,None,0,0,0,0,,0,0,0,0,0,0,14,16,16,0,
"Dwyer, Camille ",December_2022,1124F,None,0,0,0,0,,0,0,0,0,0,0,8,9,9,0,
"Dwyer, Camille ",December_2022,1125F,None,0,0,0,0,,0,0,0,0,0,0,4,4,4,0,
"Dwyer, Camille ",December_2022,1126F,None,0,0,0,0,,0,0,0,0,0,0,3,3,3,0,
"Dwyer, Camille ",December_2022,1158F,None,0,0,0,0,,0,0,0,0,0,0,6,6,6,0,
"Dwyer, Camille ",December_2022,1160F,None,0,0,0,0,,0,0,0,0,0,0,7,7,7,0,
"Dwyer, Camille ",December_2022,1170F,None,0,0,0,0,,0,0,0,0,0,0,7,7,7,0,
"Dwyer, Camille ",December_2022,17110,None,0,0,0,20.33,,0,20.33,0,0,0,0,0,0,0,-20.33,
"Dwyer, Camille ",December_2022,2022F,None,0,0,0,0,,0,0,0,0,0,0,12,14,15,0,
"Dwyer, Camille ",December_2022,2023F,None,0,0,0,0,,0,0,0,0,0,0,4,5,5,0,
"Dwyer, Camille ",December_2022,2024F,None,0,0,0,0,,0,0,0,0,0,0,3,5,5,0,
"Dwyer, Camille ",December_2022,2026F,None,0,0,0,0,,0,0,0,0,0,0,0,0,0,0,
"Dwyer, Camille ",December_2022,20610,None,244,244,0,0,0,0,0,0,0,0,0,2,2,2,244,0
"Dwyer, Camille ",December_2022,3017F,None,0,0,0,0,,0,0,0,0,0,0,75,85,85,0,
"Dwyer, Camille ",December_2022,3044F,None,0,0,0,10,,10,0,-10,0,0,0,13,14,14,0,
"Dwyer, Camille ",December_2022,3046F,None,0,0,0,0,,0,0,0,0,0,0,4,7,7,0,
"Dwyer, Camille ",December_2022,3051F,None,0,0,0,0,,0,0,0,0,0,0,6,7,7,0,
"Dwyer, Camille ",December_2022,3052F,None,0,0,0,0,,0,0,0,0,0,0,3,3,3,0,
"Dwyer, Camille ",December_2022,3072F,None,0,0,0,0,,0,0,0,0,0,0,3,4,4,0,
"Dwyer, Camille ",December_2022,3284F,None,0,0,0,0,,0,0,0,0,0,0,0,0,0,0,
"Dwyer, Camille ",December_2022,3288F,None,0,0,0,0,,0,0,0,0,0,0,0,0,0,0,
"Dwyer, Camille ",December_2022,4004F,None,0,0,0,0,,0,0,0,0,0,0,1,1,1,0,
"Dwyer, Camille ",December_2022,4040F,None,0,0,0,0,,0,0,0,0,0,0,7,8,8,0,
"Dwyer, Camille ",December_2022,58301,None,192,192,0,0,0,0,0,0,0,0,0,1,1,1,192,0
"Dwyer, Camille ",December_2022,69209,None,29,29,0,0,0,0,0,0,0,0,0,1,1,1,29,0
"Dwyer, Camille ",December_2022,69210,None,98,98,0,39.99,0.40806122,39.99,0,58.01,0,0,0,1,1,1,0,1
"Dwyer, Camille ",December_2022,81003,None,168,168,0,16.48,0.09809524,16.15,0.33,91.85,0,0,0,14,14,14,59.67,0.64482143
"Dwyer, Camille ",December_2022,81025,None,20,20,0,4.4,0.22,4.4,0,14.83,0,0,0,1,1,1,0.77,0.9615
"Dwyer, Camille ",December_2022,87426,None,2550,2400,150,1008.28,0.39540392,873.28,135,1451.72,0,0,0,34,34,34,90,0.96470588
"Dwyer, Camille ",December_2022,87804,None,1400,1320,80,638.12,0.4558,584.28,53.84,581.7,0,20,0,35,35,70,160.18,0.88558571
"Dwyer, Camille ",December_2022,87807,None,50,50,0,0,0,0,0,16.12,0,0,0,2,2,2,33.88,0.3224
"Dwyer, Camille ",December_2022,87811,None,75,75,0,36.41,0.48546667,36.41,0,38.59,0,0,0,1,1,1,0,1
"Dwyer, Camille ",December_2022,87880,None,544,512,32,144.61,0.26582721,142.63,1.98,307.61,0,0,0,17,17,17,91.78,0.83128676
"Dwyer, Camille ",December_2022,90460,None,0,0,0,0,,0,0,42,0,0,0,0,0,0,-42,
"Dwyer, Camille ",December_2022,90471,None,336,336,0,121.1,0.36041667,121.1,0,298.9,0,0,0,8,8,8,-84,1.25
"Dwyer, Camille ",December_2022,90472,None,0,0,0,10.94,,10.94,0,15.06,0,0,0,0,0,0,-26,
"Dwyer, Camille ",December_2022,90662,None,0,0,0,13.4,,13.4,0,0,0,0,0,0,0,0,-13.4,
"Dwyer, Camille ",December_2022,90670,None,460,460,0,0,0,0,0,0,0,0,0,1,1,1,460,0
"Dwyer, Camille ",December_2022,90688,None,30,30,0,80.25,2.675,80.25,0,39.75,0,0,0,1,1,1,-90,4
"Dwyer, Camille ",December_2022,90715,None,455,455,0,243.63,0.53545055,243.63,0,141.37,0,0,0,7,7,7,70,0.84615385
"Dwyer, Camille ",December_2022,90732,None,160,160,0,261.6,1.635,261.6,0,58.4,0,0,0,1,1,1,-160,2
"Dwyer, Camille ",December_2022,90744,None,0,0,0,55.5,,55.5,0,56.5,0,0,0,0,0,0,-112,
"Dwyer, Camille ",December_2022,93000,None,105,105,0,15.27,0.14542857,15.27,0,58.57,0,0,0,3,3,3,31.16,0.7032381
"Dwyer, Camille ",December_2022,94010,None,146,146,0,53.61,0.36719178,53.61,0,89.05,0,0,0,2,2,2,3.34,0.97712329
"Dwyer, Camille ",December_2022,95004,None,4752,4752,0,1809.72,0.38083333,1809.72,0,3160.08,0,0,0,6,6,432,-217.8,1.04583333
"Dwyer, Camille ",December_2022,96160,None,200,200,0,150,0.75,150,0,50,0,0,0,1,1,1,0,1
"Dwyer, Camille ",December_2022,96372,None,42,42,0,0,0,0,0,0,0,0,0,1,1,1,42,0
"Dwyer, Camille ",December_2022,99072,None,495,465,30,0,0,0,0,480,0,15,0,33,33,33,0,1
"Dwyer, Camille ",December_2022,99203,None,651,651,0,159.77,0.24542243,159.77,0,370.19,0,0,0,3,3,3,121.04,0.81407066
"Dwyer, Camille ",December_2022,99204,None,2640,2640,0,1727.92,0.65451515,1697.92,30,2245.7,0,0,0,8,8,8,-1333.62,1.50515909
"Dwyer, Camille ",December_2022,99213,None,7938,7791,147,4089.24,0.51514739,3213.96,875.28,4781.9,0,0,0,53,54,54,-933.14,1.11755354
"Dwyer, Camille ",December_2022,99214,None,43250,43000,250,18163.21,0.41995861,15678.53,2484.68,27251.45,0,195,0,165,173,173,-2359.66,1.05455861
"Dwyer, Camille ",December_2022,99215,None,584,584,0,176.54,0.30229452,151.54,25,140.46,0,0,0,2,2,2,267,0.54280822
"Dwyer, Camille ",December_2022,99384,None,216,216,0,159.28,0.73740741,129.28,30,86.72,0,0,0,1,1,1,-30,1.13888889
"Dwyer, Camille ",December_2022,99385,None,3374,3133,241,2409.85,0.71424126,2249.85,160,2329.15,0,0,0,14,14,14,-1365,1.40456432
"Dwyer, Camille ",December_2022,99386,None,4080,4080,0,3716.4,0.91088235,3361.4,355,3438.6,0,142,0,15,15,15,-3217,1.78848039
"Dwyer, Camille ",December_2022,99387,None,604,604,0,481.42,0.79705298,461.42,20,444.58,0,0,0,2,2,2,-322,1.53311258
"Dwyer, Camille ",December_2022,99395,None,824,824,0,433.55,0.52615291,408.55,25,415.45,0,0,0,4,4,4,-25,1.03033981
"Dwyer, Camille ",December_2022,99396,None,904,904,0,742.59,0.82144912,687.59,55,668.41,0,0,0,4,4,4,-507,1.56084071
"Dwyer, Camille ",December_2022,99439,None,320,320,0,208.57,0.65178125,208.57,0,199.62,0,0,0,4,4,4,-88.19,1.27559375
"Dwyer, Camille ",December_2022,99454,None,1170,1170,0,1163.46,0.99441026,1163.46,0,425.6,0,0,0,18,18,18,-419.06,1.35817094
"Dwyer, Camille ",December_2022,99457,None,990,990,0,1141.78,1.15331313,1141.78,0,321.9,0,0,0,18,18,18,-473.68,1.47846465
"Dwyer, Camille ",December_2022,99458,None,45,45,0,135.83,3.01844444,135.83,0,44.17,0,0,0,1,1,1,-135,4
"Dwyer, Camille ",December_2022,99490,None,2890,2890,0,1895.83,0.65599654,1895.83,0,1143.35,0,0,0,34,34,34,-149.18,1.05161938
"Dwyer, Camille ",December_2022,99495,None,330,330,0,176.64,0.53527273,176.64,0,153.36,0,0,0,1,1,1,0,1
"Dwyer, Camille ",December_2022,99496,None,1868,1868,0,238.11,0.12746788,238.11,0,228.89,0,0,0,2,4,4,1401,0.25
"Dwyer, Camille ",December_2022,99497,None,850,850,0,270.68,0.31844706,270.68,0,394.88,0,0,0,5,5,5,184.44,0.78301176
"Dwyer, Camille ",December_2022,G0008,None,0,0,0,34.21,,34.21,0,12.66,0,0,0,0,0,0,-46.87,
"Dwyer, Camille ",December_2022,G0009,None,110,110,0,58.68,0.53345455,58.68,0,51.32,0,0,0,2,2,2,0,1
"Dwyer, Camille ",December_2022,G0030,None,0,0,0,0,,0,0,0,0,0,0,1,1,1,0,
"Dwyer, Camille ",December_2022,G0439,None,1888,1888,0,658.79,0.34893538,658.79,0,1101.78,0,0,0,8,8,8,127.43,0.9325053
"Dwyer, Camille ",December_2022,G0444,None,259,259,0,95.78,0.36980695,95.78,0,163.22,0,0,0,7,7,7,0,1
"Dwyer, Camille ",December_2022,G8399,None,0,0,0,0,,0,0,0,0,0,0,8,9,9,0,
"Dwyer, Camille ",December_2022,G8400,None,0,0,0,0,,0,0,0,0,0,0,7,9,9,0,
"Dwyer, Camille ",December_2022,G8417,None,0,0,0,0,,0,0,0,0,0,0,143,150,150,0,
"Dwyer, Camille ",December_2022,G8418,None,0,0,0,0,,0,0,0,0,0,0,7,8,8,0,
"Dwyer, Camille ",December_2022,G8419,None,0,0,0,0,,0,0,0,0,0,0,2,2,2,0,
"Dwyer, Camille ",December_2022,G8420,None,0,0,0,0,,0,0,0,0,0,0,116,122,122,0,
"Dwyer, Camille ",December_2022,G8427,None,0,0,0,0,,0,0,0,0,0,0,266,282,283,0,
"Dwyer, Camille ",December_2022,G8430,None,0,0,0,0,,0,0,0,0,0,0,3,3,3,0,
"Dwyer, Camille ",December_2022,G8431,None,0,0,0,0,,0,0,0,0,0,0,34,38,38,0,
"Dwyer, Camille ",December_2022,G8432,None,0,0,0,0,,0,0,0,0,0,0,1,1,1,0,
"Dwyer, Camille ",December_2022,G8482,None,0,0,0,0,,0,0,0,0,0,0,124,135,135,0,
"Dwyer, Camille ",December_2022,G8483,None,0,0,0,0,,0,0,0,0,0,0,138,143,143,0,
"Dwyer, Camille ",December_2022,G8484,None,0,0,0,0,,0,0,0,0,0,0,0,0,0,0,
"Dwyer, Camille ",December_2022,G8510,None,0,0,0,0,,0,0,0,0,0,0,219,230,230,0,
"Dwyer, Camille ",December_2022,G8511,None,0,0,0,0,,0,0,0,0,0,0,1,1,1,0,
"Dwyer, Camille ",December_2022,G8734,None,0,0,0,0,,0,0,0,0,0,0,22,25,25,0,
"Dwyer, Camille ",December_2022,G8752,None,0,0,0,0,,0,0,0,0,0,0,65,67,68,0,
"Dwyer, Camille ",December_2022,G8753,None,0,0,0,0,,0,0,0,0,0,0,15,17,17,0,
"Dwyer, Camille ",December_2022,G8754,None,0,0,0,0,,0,0,0,0,0,0,71,74,75,0,
"Dwyer, Camille ",December_2022,G8755,None,0,0,0,0,,0,0,0,0,0,0,8,10,10,0,
"Dwyer, Camille ",December_2022,G8783,None,0,0,0,0,,0,0,0,0,0,0,226,238,238,0,
"Dwyer, Camille ",December_2022,G8950,None,0,0,0,0,,0,0,0,0,0,0,28,31,31,0,
"Dwyer, Camille ",December_2022,G8967,None,0,0,0,0,,0,0,0,0,0,0,0,0,0,0,
"Dwyer, Camille ",December_2022,G9708,None,0,0,0,0,,0,0,0,0,0,0,1,1,1,0,
"Dwyer, Camille ",December_2022,G9711,None,0,0,0,0,,0,0,0,0,0,0,1,1,1,0,
"Dwyer, Camille ",December_2022,G9717,None,0,0,0,0,,0,0,0,0,0,0,17,17,17,0,
"Dwyer, Camille ",December_2022,G9744,None,0,0,0,0,,0,0,0,0,0,0,11,11,11,0,
"Dwyer, Camille ",December_2022,G9899,None,0,0,0,0,,0,0,0,0,0,0,22,24,24,0,
"Dwyer, Camille ",December_2022,G9900,None,0,0,0,0,,0,0,0,0,0,0,20,23,23,0,
"Dwyer, Camille ",December_2022,G9902,None,0,0,0,0,,0,0,0,0,0,0,25,25,25,0,
"Dwyer, Camille ",December_2022,G9903,None,0,0,0,0,,0,0,0,0,0,0,240,256,256,0,
"Dwyer, Camille ",December_2022,G9906,None,0,0,0,0,,0,0,0,0,0,0,18,18,18,0,
"Dwyer, Camille ",December_2022,G9907,None,0,0,0,0,,0,0,0,0,0,0,1,1,1,0,
"Dwyer, Camille ",December_2022,G9908,None,0,0,0,0,,0,0,0,0,0,0,1,1,1,0,
"Dwyer, Camille ",December_2022,G9989,None,0,0,0,0,,0,0,0,0,0,0,4,5,5,0,
"Dwyer, Camille ",December_2022,G9990,None,0,0,0,0,,0,0,0,0,0,0,7,8,8,0,
"Dwyer, Camille ",December_2022,G9991,None,0,0,0,0,,0,0,0,0,0,0,37,46,46,0,
"Dwyer, Camille ",December_2022,G9997,None,0,0,0,0,,0,0,0,0,0,0,1,1,1,0,
"Dwyer, Camille ",December_2022,INTAT,None,0.03,0.03,0,0,0,0,0,0,0,0,0,1,1,1,0.03,0
"Dwyer, Camille ",December_2022,INTC,None,0,0,0,1.76,,1.76,0,0,0,0,0,0,0,0,-1.76,
"Dwyer, Camille ",December_2022,INTVP,None,0,0,0,0.27,,0.27,0,0,0,0,0,0,0,0,-0.27,
"Dwyer, Camille ",December_2022,J3301,None,31.12,31.12,0,3.42,0.10989717,3.42,0,11.27,0,0,0,2,2,8,16.43,0.4720437
"Dwyer, Camille ",December_2022,Nshow,None,0,0,0,15,,0,15,0,0,0,0,0,0,0,-15,
"Ellis-Johnson, Ashley ",September_2022,99214,None,0,0,0,25,,0,25,0,0,0,0,0,0,0,-25,
"Farquhar, Brooke ",January_2022,4131F,None,0,0,0,0,,0,0,0,0,0,0,1,1,1,0,
"Farquhar, Brooke ",January_2022,87426,None,975,975,0,0,0,0,0,0,0,0,0,12,13,13,975,0
"Farquhar, Brooke ",January_2022,87804,None,440,440,0,0,0,0,0,0,0,0,0,10,11,22,440,0
"Farquhar, Brooke ",January_2022,87880,None,64,64,0,0,0,0,0,0,0,0,0,2,2,2,64,0
"Farquhar, Brooke ",January_2022,90460,None,840,840,0,0,0,0,0,0,0,0,0,10,10,20,840,0
"Farquhar, Brooke ",January_2022,90461,None,156,156,0,0,0,0,0,0,0,0,0,3,3,6,156,0
"Farquhar, Brooke ",January_2022,90471,None,42,42,0,0,0,0,0,0,0,0,0,1,1,1,42,0
"Farquhar, Brooke ",January_2022,90647,None,294,294,0,0,0,0,0,0,0,0,0,3,3,3,294,0
"Farquhar, Brooke ",January_2022,90651,None,900,900,0,0,0,0,0,0,0,0,0,2,2,2,900,0
"Farquhar, Brooke ",January_2022,90670,None,1380,1380,0,0,0,0,0,0,0,0,0,3,3,3,1380,0
"Farquhar, Brooke ",January_2022,90688,None,240,240,0,0,0,0,0,0,0,0,0,8,8,8,240,0
"Farquhar, Brooke ",January_2022,90700,None,378,378,0,0,0,0,0,0,0,0,0,3,3,3,378,0
"Farquhar, Brooke ",January_2022,90713,None,224,224,0,0,0,0,0,0,0,0,0,2,2,2,224,0
"Farquhar, Brooke ",January_2022,92551,None,200,200,0,0,0,0,0,0,0,0,0,10,10,10,200,0
"Farquhar, Brooke ",January_2022,93000,None,35,35,0,0,0,0,0,0,0,0,0,1,1,1,35,0
"Farquhar, Brooke ",January_2022,99173,None,200,200,0,0,0,0,0,0,0,0,0,10,10,10,200,0
"Farquhar, Brooke ",January_2022,99202,None,151,151,0,0,0,0,0,0,0,0,0,1,1,1,151,0
"Farquhar, Brooke ",January_2022,99203,None,434,434,0,0,0,0,0,0,0,0,0,2,2,2,434,0
"Farquhar, Brooke ",January_2022,99212,None,178,178,0,0,0,0,0,0,0,0,0,2,2,2,178,0
"Farquhar, Brooke ",January_2022,99213,None,2352,2352,0,25,0.01062925,0,25,0,0,0,0,12,16,16,2327,0.01062925
"Farquhar, Brooke ",January_2022,99214,None,500,500,0,0,0,0,0,0,0,0,0,2,2,2,500,0
"Farquhar, Brooke ",January_2022,99381,None,320,320,0,0,0,0,0,0,0,0,0,1,1,1,320,0
"Farquhar, Brooke ",January_2022,99382,None,750,750,0,0,0,0,0,0,0,0,0,5,5,5,750,0
"Farquhar, Brooke ",January_2022,99383,None,1050,1050,0,0,0,0,0,0,0,0,0,7,7,7,1050,0
"Farquhar, Brooke ",January_2022,99384,None,1080,1080,0,0,0,0,0,0,0,0,0,5,5,5,1080,0
"Farquhar, Brooke ",January_2022,99391,None,220,220,0,0,0,0,0,0,0,0,0,1,1,1,220,0
"Farquhar, Brooke ",January_2022,99392,None,125,125,0,0,0,0,0,0,0,0,0,1,1,1,125,0
"Farquhar, Brooke ",January_2022,99394,None,186,186,0,0,0,0,0,0,0,0,0,1,1,1,186,0
"Farquhar, Brooke ",January_2022,G8417,None,0,0,0,0,,0,0,0,0,0,0,1,1,1,0,
"Farquhar, Brooke ",January_2022,G8420,None,0,0,0,0,,0,0,0,0,0,0,1,2,2,0,
"Farquhar, Brooke ",January_2022,G8427,None,0,0,0,0,,0,0,0,0,0,0,2,3,3,0,
"Farquhar, Brooke ",January_2022,G8431,None,0,0,0,0,,0,0,0,0,0,0,4,6,6,0,
"Farquhar, Brooke ",January_2022,G8482,None,0,0,0,0,,0,0,0,0,0,0,19,20,20,0,
"Farquhar, Brooke ",January_2022,G8483,None,0,0,0,0,,0,0,0,0,0,0,11,13,13,0,
"Farquhar, Brooke ",January_2022,G8484,None,0,0,0,0,,0,0,0,0,0,0,4,4,4,0,
"Farquhar, Brooke ",January_2022,G8510,None,0,0,0,0,,0,0,0,0,0,0,6,6,6,0,
"Farquhar, Brooke ",January_2022,G8783,None,0,0,0,0,,0,0,0,0,0,0,2,2,2,0,
"Farquhar, Brooke ",January_2022,G8950,None,0,0,0,0,,0,0,0,0,0,0,1,1,1,0,
"Farquhar, Brooke ",January_2022,G9902,None,0,0,0,0,,0,0,0,0,0,0,1,2,2,0,
"Farquhar, Brooke ",January_2022,G9903,None,0,0,0,0,,0,0,0,0,0,0,1,1,1,0,
"Farquhar, Brooke ",January_2022,INTOP,None,0.6,0.6,0,0,0,0,0,0,0,0,0,1,1,1,0.6,0
"Farquhar, Brooke ",February_2022,0072A,None,160,160,0,0,0,0,0,0,0,0,0,2,2,2,160,0
"Farquhar, Brooke ",February_2022,4131F,None,0,0,0,0,,0,0,0,0,0,0,0,0,0,0,
"Farquhar, Brooke ",February_2022,81003,None,36,36,0,2.25,0.0625,2.25,0,9.75,0,0,0,3,3,3,24,0.33333333
"Farquhar, Brooke ",February_2022,81025,None,20,20,0,13.3,0.665,7.3,6,12.7,0,0,0,1,1,1,-6,1.3
"Farquhar, Brooke ",February_2022,87426,None,975,975,0,569.02,0.58361026,569.02,0,930.98,0,0,0,13,13,13,-525,1.53846154
"Farquhar, Brooke ",February_2022,87804,None,480,480,0,319.22,0.66504167,304.22,15,321.3,0,0,0,12,12,24,-160.52,1.33441667
"Farquhar, Brooke ",February_2022,87880,None,192,192,0,28.35,0.14765625,28.35,0,109.04,0,0,0,6,6,6,54.61,0.71557292
"Farquhar, Brooke ",February_2022,90460,None,1638,1638,0,488.01,0.2979304,488.01,0,838.98,0,0,0,19,19,39,311.01,0.81012821
"Farquhar, Brooke ",February_2022,90461,None,416,416,0,157.88,0.37951923,157.88,0,102.12,0,0,0,8,8,16,156,0.625
"Farquhar, Brooke ",February_2022,90471,None,0,0,0,17.01,,17.01,0,24.99,0,0,0,0,0,0,-42,
"Farquhar, Brooke ",February_2022,90633,None,104,104,0,0,0,0,0,0,0,0,0,2,2,2,104,0
"Farquhar, Brooke ",February_2022,90647,None,98,98,0,60.42,0.61653061,60.42,0,135.58,0,0,0,1,1,1,-98,2
"Farquhar, Brooke ",February_2022,90651,None,4050,4050,0,1715,0.42345679,1715,0,1435,0,0,0,9,9,9,900,0.77777778
"Farquhar, Brooke ",February_2022,90670,None,920,920,0,450.28,0.48943478,450.28,0,469.72,0,0,0,2,2,2,0,1
"Farquhar, Brooke ",February_2022,90680,None,172,172,0,0,0,0,0,0,0,0,0,1,1,1,172,0
"Farquhar, Brooke ",February_2022,90688,None,150,150,0,220.83,1.4722,220.83,0,149.26,0,0,0,5,5,5,-220.09,2.46726667
"Farquhar, Brooke ",February_2022,90700,None,126,126,0,63.47,0.50373016,63.47,0,188.53,0,0,0,1,1,1,-126,2
"Farquhar, Brooke ",February_2022,90707,None,300,300,0,86,0.28666667,86,0,64,0,0,0,2,2,2,150,0.5
"Farquhar, Brooke ",February_2022,90713,None,336,336,0,74,0.2202381,74,0,150,0,0,0,3,3,3,112,0.66666667
"Farquhar, Brooke ",February_2022,90715,None,300,300,0,109,0.36333333,109,0,71,0,0,0,5,5,5,120,0.6
"Farquhar, Brooke ",February_2022,90716,None,520,520,0,148,0.28461538,148,0,112,0,0,0,2,2,2,260,0.5
"Farquhar, Brooke ",February_2022,90734,None,1005,1005,0,297,0.29552239,297,0,306,0,0,0,5,5,5,402,0.6
"Farquhar, Brooke ",February_2022,90744,None,56,56,0,0,0,0,0,0,0,0,0,1,1,1,56,0
"Farquhar, Brooke ",February_2022,91307,None,0,0,0,0,,0,0,0,0,0,0,2,2,2,0,
"Farquhar, Brooke ",February_2022,92551,None,540,540,0,203.85,0.3775,203.85,0,136.15,0,0,0,27,27,27,200,0.62962963
"Farquhar, Brooke ",February_2022,93000,None,0,0,0,18.86,,18.86,0,16.14,0,0,0,0,0,0,-35,
"Farquhar, Brooke ",February_2022,94640,None,38,38,0,0,0,0,0,18.35,0,0,0,1,1,1,19.65,0.48289474
"Farquhar, Brooke ",February_2022,99173,None,480,480,0,40.6,0.08458333,40.6,0,319.4,0,0,0,24,24,24,120,0.75
"Farquhar, Brooke ",February_2022,99202,None,0,0,0,58.1,,58.1,0,67.9,0,0,0,0,0,0,-126,
"Farquhar, Brooke ",February_2022,99203,None,868,868,0,269.8,0.31082949,269.8,0,381.2,0,0,0,4,4,4,217,0.75
"Farquhar, Brooke ",February_2022,99204,None,660,660,0,155.96,0.23630303,155.96,0,149.04,0,0,0,2,2,2,355,0.46212121
"Farquhar, Brooke ",February_2022,99212,None,0,0,0,49.3,,49.3,0,128.7,0,0,0,0,0,0,-178,
"Farquhar, Brooke ",February_2022,99213,None,4410,4410,0,1922.86,0.43602268,1780.67,142.19,2021.12,0,0,0,29,30,30,466.02,0.89432653
"Farquhar, Brooke ",February_2022,99214,None,750,750,0,295.14,0.39352,295.14,0,399.86,0,0,0,3,3,3,55,0.92666667
"Farquhar, Brooke ",February_2022,99382,None,150,150,0,429.33,2.8622,429.33,0,204.18,0,0,0,1,1,1,-483.51,4.2234
"Farquhar, Brooke ",February_2022,99383,None,1500,1500,0,1179.49,0.78632667,1179.49,0,320.51,0,0,0,10,10,10,0,1
"Farquhar, Brooke ",February_2022,99384,None,1296,1296,0,912.54,0.70412037,912.54,0,383.46,0,0,0,6,6,6,0,1
"Farquhar, Brooke ",February_2022,99391,None,220,220,0,111.22,0.50554545,111.22,0,108.78,0,0,0,1,1,1,0,1
"Farquhar, Brooke ",February_2022,99392,None,250,250,0,354.87,1.41948,354.87,0,20.13,0,0,0,2,2,2,-125,1.5
"Farquhar, Brooke ",February_2022,99393,None,664,664,0,195.11,0.29384036,195.11,0,136.89,0,0,0,4,4,4,332,0.5
"Farquhar, Brooke ",February_2022,99394,None,1488,1488,0,233.66,0.15702957,233.66,0,138.34,0,0,0,8,8,8,1116,0.25
"Farquhar, Brooke ",February_2022,A7004,None,5,5,0,1.23,0.246,1.23,0,3.77,0,0,0,1,1,1,0,1
"Farquhar, Brooke ",February_2022,G8417,None,0,0,0,0,,0,0,0,0,0,0,0,0,0,0,
"Farquhar, Brooke ",February_2022,G8420,None,0,0,0,0,,0,0,0,0,0,0,0,0,0,0,
"Farquhar, Brooke ",February_2022,G8427,None,0,0,0,0,,0,0,0,0,0,0,2,2,2,0,
"Farquhar, Brooke ",February_2022,G8431,None,0,0,0,0,,0,0,0,0,0,0,8,9,9,0,
"Farquhar, Brooke ",February_2022,G8433,None,0,0,0,0,,0,0,0,0,0,0,1,1,1,0,
"Farquhar, Brooke ",February_2022,G8482,None,0,0,0,0,,0,0,0,0,0,0,27,27,27,0,
"Farquhar, Brooke ",February_2022,G8483,None,0,0,0,0,,0,0,0,0,0,0,30,30,30,0,
"Farquhar, Brooke ",February_2022,G8484,None,0,0,0,0,,0,0,0,0,0,0,7,7,7,0,
"Farquhar, Brooke ",February_2022,G8510,None,0,0,0,0,,0,0,0,0,0,0,20,20,20,0,
"Farquhar, Brooke ",February_2022,G8783,None,0,0,0,0,,0,0,0,0,0,0,0,0,0,0,
"Farquhar, Brooke ",February_2022,G8950,None,0,0,0,0,,0,0,0,0,0,0,0,0,0,0,
"Farquhar, Brooke ",February_2022,G9902,None,0,0,0,0,,0,0,0,0,0,0,0,0,0,0,
"Farquhar, Brooke ",February_2022,G9903,None,0,0,0,0,,0,0,0,0,0,0,1,1,1,0,
"Farquhar, Brooke ",February_2022,G9905,None,0,0,0,0,,0,0,0,0,0,0,1,1,1,0,
"Farquhar, Brooke ",February_2022,INTOP,None,1.42,1.42,0,0,0,0,0,0,0,0,0,4,4,4,1.42,0
"Farquhar, Brooke ",February_2022,J7620,None,12,12,0,0.12,0.01,0.12,0,11.88,0,0,0,1,1,1,0,1
"Farquhar, Brooke ",March_2022,0071A,None,80,80,0,40,0.5,40,0,40,0,0,0,1,1,1,0,1
"Farquhar, Brooke ",March_2022,0072A,None,80,80,0,82,1.025,82,0,40,0,0,0,1,1,1,-42,1.525
"Farquhar, Brooke ",March_2022,17000,None,134,134,0,0,0,0,0,61.29,0,0,0,1,1,1,72.71,0.45738806
"Farquhar, Brooke ",March_2022,81003,None,12,12,0,0,0,0,0,31.28,0,0,0,1,1,1,-19.28,2.60666667
"Farquhar, Brooke ",March_2022,81025,None,20,0,20,20,1,0,20,0,0,0,0,1,1,1,0,1
"Farquhar, Brooke ",March_2022,87426,None,750,750,0,352.18,0.46957333,327.18,25,410,0,0,0,10,10,10,-12.18,1.01624
"Farquhar, Brooke ",March_2022,87804,None,400,400,0,226.4,0.566,226.32,0.08,149.4,0,0,0,10,10,20,24.2,0.9395
"Farquhar, Brooke ",March_2022,87880,None,320,320,0,85.39,0.26684375,75.47,9.92,124.41,0,0,0,10,10,10,110.2,0.655625
"Farquhar, Brooke ",March_2022,90460,None,1806,1806,0,846,0.46843854,846,0,1800,0,0,0,15,15,43,-840,1.46511628
"Farquhar, Brooke ",March_2022,90461,None,624,624,0,354,0.56730769,354,0,426,0,0,0,10,10,24,-156,1.25
"Farquhar, Brooke ",March_2022,90633,None,260,260,0,192,0.73846154,192,0,120,0,0,0,5,5,5,-52,1.2
"Farquhar, Brooke ",March_2022,90647,None,294,294,0,146,0.49659864,146,0,344,0,0,0,3,3,3,-196,1.66666667
"Farquhar, Brooke ",March_2022,90651,None,2700,2700,0,1535.54,0.56871852,1535.54,0,1625.46,0,0,0,6,6,6,-461,1.17074074
"Farquhar, Brooke ",March_2022,90670,None,1380,1380,0,1292,0.93623188,1292,0,1468,0,0,0,3,3,3,-1380,2
"Farquhar, Brooke ",March_2022,90680,None,344,344,0,281,0.81686047,281,0,235,0,0,0,2,2,2,-172,1.5
"Farquhar, Brooke ",March_2022,90688,None,0,0,0,0,,0,0,0,0,0,0,0,0,0,0,
"Farquhar, Brooke ",March_2022,90700,None,882,882,0,193,0.21882086,193,0,574,0,0,0,7,7,7,115,0.86961451
"Farquhar, Brooke ",March_2022,90707,None,450,450,0,269,0.59777778,269,0,192,0,0,0,3,3,3,-11,1.02444444
"Farquhar, Brooke ",March_2022,90713,None,448,448,0,234,0.52232143,234,0,449,0,0,0,4,4,4,-235,1.52455357
"Farquhar, Brooke ",March_2022,90715,None,120,120,0,134.16,1.118,134.16,0,45.84,0,0,0,2,2,2,-60,1.5
"Farquhar, Brooke ",March_2022,90716,None,520,520,0,332,0.63846154,307,25,224,0,0,0,2,2,2,-36,1.06923077
"Farquhar, Brooke ",March_2022,90734,None,603,603,0,570.33,0.9458209,570.33,0,233.67,0,0,0,3,3,3,-201,1.33333333
"Farquhar, Brooke ",March_2022,90744,None,168,168,0,89,0.5297619,89,0,135,0,0,0,3,3,3,-56,1.33333333
"Farquhar, Brooke ",March_2022,91307,None,0,0,0,0,,0,0,0,0,0,0,1,2,2,0,
"Farquhar, Brooke ",March_2022,92551,None,420,420,0,284.44,0.6772381,284.44,0,215.56,0,0,0,21,21,21,-80,1.19047619
"Farquhar, Brooke ",March_2022,99173,None,260,260,0,48.68,0.18723077,48.68,0,308.36,0,0,0,13,13,13,-97.04,1.37323077
"Farquhar, Brooke ",March_2022,99202,None,453,453,0,0,0,0,0,0,0,0,0,3,3,3,453,0
"Farquhar, Brooke ",March_2022,99203,None,1302,1302,0,345.66,0.26548387,345.66,0,731.73,0,0,0,6,6,6,224.61,0.82748848
"Farquhar, Brooke ",March_2022,99204,None,0,0,0,180.96,,155.96,25,149.04,0,0,0,0,0,0,-330,
"Farquhar, Brooke ",March_2022,99213,None,6321,6174,147,2637.62,0.41727891,2345.7,291.92,2777.82,0,82,0,39,43,43,823.56,0.86971049
"Farquhar, Brooke ",March_2022,99214,None,0,0,0,121.88,,91.88,30,0,0,0,0,0,0,0,-121.88,
"Farquhar, Brooke ",March_2022,99381,None,320,320,0,0,0,0,0,0,0,0,0,1,1,1,320,0
"Farquhar, Brooke ",March_2022,99382,None,450,450,0,257.8,0.57288889,257.8,0,42.2,0,0,0,3,3,3,150,0.66666667
"Farquhar, Brooke ",March_2022,99383,None,1350,1350,0,874.12,0.6474963,874.12,0,325.88,0,0,0,9,9,9,150,0.88888889
"Farquhar, Brooke ",March_2022,99384,None,2160,2160,0,956.97,0.44304167,956.97,0,555.03,0,0,0,10,10,10,648,0.7
"Farquhar, Brooke ",March_2022,99391,None,660,660,0,433.76,0.65721212,433.76,0,446.24,0,0,0,3,3,3,-220,1.33333333
"Farquhar, Brooke ",March_2022,99393,None,332,332,0,209.28,0.63036145,209.28,0,122.72,0,0,0,2,2,2,0,1
"Farquhar, Brooke ",March_2022,99394,None,372,372,0,1055.29,2.83680108,1055.29,0,618.71,0,0,0,2,2,2,-1302,4.5
"Farquhar, Brooke ",March_2022,G8420,None,0,0,0,0,,0,0,0,0,0,0,2,2,2,0,
"Farquhar, Brooke ",March_2022,G8427,None,0,0,0,0,,0,0,0,0,0,0,2,2,2,0,
"Farquhar, Brooke ",March_2022,G8431,None,0,0,0,0,,0,0,0,0,0,0,8,8,8,0,
"Farquhar, Brooke ",March_2022,G8432,None,0,0,0,0,,0,0,0,0,0,0,2,3,3,0,
"Farquhar, Brooke ",March_2022,G8433,None,0,0,0,0,,0,0,0,0,0,0,0,0,0,0,
"Farquhar, Brooke ",March_2022,G8482,None,0,0,0,0,,0,0,0,0,0,0,29,30,30,0,
"Farquhar, Brooke ",March_2022,G8483,None,0,0,0,0,,0,0,0,0,0,0,40,43,43,0,
"Farquhar, Brooke ",March_2022,G8484,None,0,0,0,0,,0,0,0,0,0,0,4,4,4,0,
"Farquhar, Brooke ",March_2022,G8510,None,0,0,0,0,,0,0,0,0,0,0,27,29,29,0,
"Farquhar, Brooke ",March_2022,G8511,None,0,0,0,0,,0,0,0,0,0,0,1,1,1,0,
"Farquhar, Brooke ",March_2022,G8783,None,0,0,0,0,,0,0,0,0,0,0,2,2,2,0,
"Farquhar, Brooke ",March_2022,G9903,None,0,0,0,0,,0,0,0,0,0,0,2,2,2,0,
"Farquhar, Brooke ",March_2022,INTOP,None,0.19,0.19,0,0,0,0,0,0,0,0,0,4,4,4,0.19,0
"Farquhar, Brooke ",March_2022,NOC,None,0,0,0,0,,0,0,0,0,0,0,1,1,1,0,
"Farquhar, Brooke ",April_2022,0072A,None,0,0,0,40,,40,0,40,0,0,0,0,0,0,-80,
"Farquhar, Brooke ",April_2022,17000,None,0,0,0,12.71,,0,12.71,0,0,0,0,0,0,0,-12.71,
"Farquhar, Brooke ",April_2022,81003,None,48,48,0,7.95,0.165625,5.83,2.12,29.84,0,0,0,4,4,4,10.21,0.78729167
"Farquhar, Brooke ",April_2022,81025,None,20,20,0,0,0,0,0,0,0,0,0,1,1,1,20,0
"Farquhar, Brooke ",April_2022,87426,None,975,975,0,241.75,0.24794872,241.75,0,308.55,0,0,0,13,13,13,424.7,0.56441026
"Farquhar, Brooke ",April_2022,87804,None,520,520,0,178.12,0.34253846,163.44,14.68,116.56,0,0,0,13,13,26,225.32,0.56669231
"Farquhar, Brooke ",April_2022,87807,None,25,25,0,0,0,0,0,0,0,0,0,1,1,1,25,0
"Farquhar, Brooke ",April_2022,87880,None,224,224,0,92.92,0.41482143,85.58,7.34,138.42,0,0,0,7,7,7,-7.34,1.03276786
"Farquhar, Brooke ",April_2022,90460,None,1134,1134,0,126.3,0.11137566,126.3,0,419.7,0,0,0,11,11,27,588,0.48148148
"Farquhar, Brooke ",April_2022,90461,None,416,416,0,47.6,0.11442308,47.6,0,160.4,0,0,0,6,6,16,208,0.5
"Farquhar, Brooke ",April_2022,90633,None,104,104,0,0,0,0,0,0,0,0,0,2,2,2,104,0
"Farquhar, Brooke ",April_2022,90647,None,0,0,0,0,,0,0,0,0,0,0,0,0,0,0,
"Farquhar, Brooke ",April_2022,90651,None,2250,2250,0,277,0.12311111,277,0,1073,0,0,0,5,5,5,900,0.6
"Farquhar, Brooke ",April_2022,90670,None,0,0,0,0,,0,0,0,0,0,0,0,0,0,0,
"Farquhar, Brooke ",April_2022,90680,None,172,172,0,95,0.55232558,95,0,77,0,0,0,1,1,1,0,1
"Farquhar, Brooke ",April_2022,90700,None,504,504,0,83.3,0.16527778,83.3,0,305.7,0,0,0,4,4,4,115,0.7718254
"Farquhar, Brooke ",April_2022,90707,None,300,300,0,93.49,0.31163333,93.49,0,67.51,0,0,0,2,2,2,139,0.53666667
"Farquhar, Brooke ",April_2022,90713,None,224,224,0,22,0.09821429,22,0,101,0,0,0,2,2,2,101,0.54910714
"Farquhar, Brooke ",April_2022,90715,None,180,180,0,11,0.06111111,11,0,49,0,0,0,3,3,3,120,0.33333333
"Farquhar, Brooke ",April_2022,90716,None,1040,1040,0,306.47,0.29468269,306.47,0,224.53,0,0,0,4,4,4,509,0.51057692
"Farquhar, Brooke ",April_2022,90734,None,201,201,0,11,0.05472637,11,0,190,0,0,0,1,1,1,0,1
"Farquhar, Brooke ",April_2022,90744,None,336,336,0,93.69,0.27883929,93.69,0,130.31,0,0,0,6,6,6,112,0.66666667
"Farquhar, Brooke ",April_2022,91307,None,0,0,0,0,,0,0,0,0,0,0,0,0,0,0,
"Farquhar, Brooke ",April_2022,92551,None,420,420,0,218.7,0.52071429,218.7,0,161.3,0,0,0,21,21,21,40,0.9047619
"Farquhar, Brooke ",April_2022,99173,None,300,300,0,24.28,0.08093333,24.28,0,232.58,0,0,0,15,15,15,43.14,0.8562
"Farquhar, Brooke ",April_2022,99202,None,906,906,0,257.4,0.28410596,237.4,20,339.5,0,0,0,6,6,6,309.1,0.65883002
"Farquhar, Brooke ",April_2022,99203,None,1736,1736,0,718.63,0.41395737,688.63,30,868.45,0,0,0,8,8,8,148.92,0.91421659
"Farquhar, Brooke ",April_2022,99204,None,330,330,0,155.96,0.47260606,155.96,0,149.04,0,0,0,1,1,1,25,0.92424242
"Farquhar, Brooke ",April_2022,99212,None,0,0,0,24.65,,24.65,0,0,0,0,0,0,0,0,-24.65,
"Farquhar, Brooke ",April_2022,99213,None,6321,6321,0,2641.74,0.41793071,1843.88,797.86,2274.43,0,0,0,41,43,43,1404.83,0.77775194
"Farquhar, Brooke ",April_2022,99214,None,0,0,0,107.03,,0,107.03,0,0,0,0,0,0,0,-107.03,
"Farquhar, Brooke ",April_2022,99381,None,320,320,0,203.73,0.63665625,203.73,0,436.27,0,0,0,1,1,1,-320,2
"Farquhar, Brooke ",April_2022,99382,None,900,900,0,237.34,0.26371111,217.34,20,0,0,0,0,6,6,6,662.66,0.26371111
"Farquhar, Brooke ",April_2022,99383,None,2250,2250,0,1163.21,0.51698222,1138.21,25,361.79,0,0,0,15,15,15,725,0.67777778
"Farquhar, Brooke ",April_2022,99384,None,864,864,0,792.47,0.91721065,792.47,0,719.53,0,0,0,4,4,4,-648,1.75
"Farquhar, Brooke ",April_2022,99391,None,220,220,0,111.22,0.50554545,111.22,0,108.78,0,0,0,1,1,1,0,1
"Farquhar, Brooke ",April_2022,99392,None,125,125,0,77.46,0.61968,77.46,0,47.54,0,0,0,1,1,1,0,1
"Farquhar, Brooke ",April_2022,99393,None,332,332,0,353.7,1.06536145,353.7,0,144.3,0,0,0,2,2,2,-166,1.5
"Farquhar, Brooke ",April_2022,G0030,None,0,0,0,0,,0,0,0,0,0,0,1,1,1,0,
"Farquhar, Brooke ",April_2022,G8420,None,0,0,0,0,,0,0,0,0,0,0,3,3,3,0,
"Farquhar, Brooke ",April_2022,G8427,None,0,0,0,0,,0,0,0,0,0,0,3,3,3,0,
"Farquhar, Brooke ",April_2022,G8431,None,0,0,0,0,,0,0,0,0,0,0,9,9,9,0,
"Farquhar, Brooke ",April_2022,G8432,None,0,0,0,0,,0,0,0,0,0,0,2,2,2,0,
"Farquhar, Brooke ",April_2022,G8433,None,0,0,0,0,,0,0,0,0,0,0,1,1,1,0,
"Farquhar, Brooke ",April_2022,G8482,None,0,0,0,0,,0,0,0,0,0,0,0,0,0,0,
"Farquhar, Brooke ",April_2022,G8483,None,0,0,0,0,,0,0,0,0,0,0,0,0,0,0,
"Farquhar, Brooke ",April_2022,G8484,None,0,0,0,0,,0,0,0,0,0,0,0,0,0,0,
"Farquhar, Brooke ",April_2022,G8510,None,0,0,0,0,,0,0,0,0,0,0,13,14,14,0,
"Farquhar, Brooke ",April_2022,G8511,None,0,0,0,0,,0,0,0,0,0,0,1,1,1,0,
"Farquhar, Brooke ",April_2022,G8783,None,0,0,0,0,,0,0,0,0,0,0,1,1,1,0,
"Farquhar, Brooke ",April_2022,G8952,None,0,0,0,0,,0,0,0,0,0,0,1,1,1,0,
"Farquhar, Brooke ",April_2022,G9902,None,0,0,0,0,,0,0,0,0,0,0,1,1,1,0,
"Farquhar, Brooke ",April_2022,G9903,None,0,0,0,0,,0,0,0,0,0,0,2,2,2,0,
"Farquhar, Brooke ",April_2022,G9906,None,0,0,0,0,,0,0,0,0,0,0,1,1,1,0,
"Farquhar, Brooke ",April_2022,INTOP,None,0,0,0,0,,0,0,0,0,0,0,0,0,0,0,
"Farquhar, Brooke ",May_2022,0071A,None,80,80,0,40,0.5,40,0,40,0,0,0,1,1,1,0,1
"Farquhar, Brooke ",May_2022,0072A,None,0,0,0,42,,42,0,38,0,0,0,0,0,0,-80,
"Farquhar, Brooke ",May_2022,81003,None,48,36,12,6.45,0.134375,4.79,1.66,19.21,0,6,0,4,4,4,16.34,0.65958333
"Farquhar, Brooke ",May_2022,81025,None,80,60,20,14.46,0.18075,14.46,0,25.54,0,10,0,4,4,4,30,0.625
"Farquhar, Brooke ",May_2022,87426,None,1275,1200,75,617.83,0.48457255,512.83,105,774.99,0,0,0,16,17,17,-117.82,1.09240784
"Farquhar, Brooke ",May_2022,87804,None,640,600,40,232.06,0.36259375,222.06,10,293.7,0,15,0,15,16,32,99.24,0.8449375
"Farquhar, Brooke ",May_2022,87807,None,50,50,0,5.5,0.11,5.5,0,19.5,0,0,0,2,2,2,25,0.5
"Farquhar, Brooke ",May_2022,87811,None,75,75,0,5.92,0.07893333,5.92,0,69.08,0,0,0,1,1,1,0,1
"Farquhar, Brooke ",May_2022,87880,None,192,192,0,39.4,0.20520833,39.4,0,186.36,0,0,0,6,6,6,-33.76,1.17583333
"Farquhar, Brooke ",May_2022,90460,None,2604,2268,336,606.4,0.2328725,480.4,126,1073.6,0,110,0,30,30,62,814,0.68740399
"Farquhar, Brooke ",May_2022,90461,None,884,832,52,322.42,0.36472851,270.42,52,353.58,0,0,0,15,15,34,208,0.76470588
"Farquhar, Brooke ",May_2022,90633,None,364,312,52,100,0.27472527,48,52,56,0,0,0,7,7,7,208,0.42857143
"Farquhar, Brooke ",May_2022,90647,None,98,98,0,11,0.1122449,11,0,87,0,0,0,1,1,1,0,1
"Farquhar, Brooke ",May_2022,90651,None,6750,6750,0,1850.3,0.27411852,1850.3,0,2490.09,0,0,0,15,15,15,2409.61,0.64302074
"Farquhar, Brooke ",May_2022,90670,None,460,460,0,238,0.5173913,238,0,682,0,0,0,1,1,1,-460,2
"Farquhar, Brooke ",May_2022,90680,None,344,344,0,190,0.55232558,190,0,154,0,0,0,2,2,2,0,1
"Farquhar, Brooke ",May_2022,90700,None,882,630,252,298,0.33786848,127,171,618,0,62,0,7,7,7,-96,1.10884354
"Farquhar, Brooke ",May_2022,90707,None,1050,900,150,264,0.25142857,264,0,325,0,80,0,7,7,7,381,0.63714286
"Farquhar, Brooke ",May_2022,90713,None,336,224,112,49,0.14583333,49,0,276,0,80,0,3,3,3,-69,1.20535714
"Farquhar, Brooke ",May_2022,90715,None,300,300,0,66.02,0.22006667,66.02,0,53.98,0,0,0,5,5,5,180,0.4
"Farquhar, Brooke ",May_2022,90716,None,1820,1300,520,719,0.39505495,459,260,570,0,130,0,7,7,7,401,0.77967033
"Farquhar, Brooke ",May_2022,90734,None,1005,1005,0,164.87,0.16404975,164.87,0,36.13,0,0,0,5,5,5,804,0.2
"Farquhar, Brooke ",May_2022,90744,None,168,112,56,37,0.2202381,37,0,75,0,0,0,3,3,3,56,0.66666667
"Farquhar, Brooke ",May_2022,91307,None,0,0,0,0,,0,0,0,0,0,0,0,0,0,0,
"Farquhar, Brooke ",May_2022,92551,None,560,540,20,278.43,0.49719643,258.43,20,188.6,0,0,0,28,28,28,92.97,0.83398214
"Farquhar, Brooke ",May_2022,99173,None,300,280,20,45.54,0.1518,25.54,20,231.32,0,0,0,15,15,15,23.14,0.92286667
"Farquhar, Brooke ",May_2022,99202,None,302,302,0,441.47,1.46182119,441.47,0,449.53,0,0,0,2,2,2,-589,2.95033113
"Farquhar, Brooke ",May_2022,99203,None,1085,1085,0,355.47,0.32762212,276.85,78.62,350.53,0,0,0,5,5,5,379,0.65069124
"Farquhar, Brooke ",May_2022,99204,None,0,0,0,25,,0,25,0,0,0,0,0,0,0,-25,
"Farquhar, Brooke ",May_2022,99213,None,7497,7203,294,3417.1,0.45579565,2819.56,597.54,3900.9,0,255,0,44,51,51,-76,1.01013739
"Farquhar, Brooke ",May_2022,99214,None,0,0,0,116.88,,91.88,25,158.12,0,0,0,0,0,0,-275,
"Farquhar, Brooke ",May_2022,99381,None,640,640,0,0,0,0,0,0,0,160,0,2,2,2,480,0.25
"Farquhar, Brooke ",May_2022,99382,None,450,300,150,629.89,1.39975556,629.89,0,270.11,0,150,0,3,3,3,-600,2.33333333
"Farquhar, Brooke ",May_2022,99383,None,1050,1050,0,1166.47,1.11092381,1166.47,0,333.53,0,0,0,7,7,7,-450,1.42857143
"Farquhar, Brooke ",May_2022,99384,None,1512,1512,0,1122.54,0.74242063,1102.54,20,625.46,0,0,0,7,7,7,-236,1.15608466
"Farquhar, Brooke ",May_2022,99391,None,220,220,0,111.22,0.50554545,111.22,0,108.78,0,0,0,1,1,1,0,1
"Farquhar, Brooke ",May_2022,99392,None,250,250,0,118.29,0.47316,118.29,0,6.71,0,0,0,2,2,2,125,0.5
"Farquhar, Brooke ",May_2022,99393,None,1494,1494,0,426.19,0.28526774,411.19,15,252.81,0,0,0,9,9,9,815,0.45448461
"Farquhar, Brooke ",May_2022,99394,None,1302,1302,0,116.72,0.0896467,116.72,0,69.28,0,0,0,7,7,7,1116,0.14285714
"Farquhar, Brooke ",May_2022,G0030,None,0,0,0,0,,0,0,0,0,0,0,0,0,0,0,
"Farquhar, Brooke ",May_2022,G8417,None,0,0,0,0,,0,0,0,0,0,0,0,0,0,0,
"Farquhar, Brooke ",May_2022,G8420,None,0,0,0,0,,0,0,0,0,0,0,1,2,2,0,
"Farquhar, Brooke ",May_2022,G8427,None,0,0,0,0,,0,0,0,0,0,0,1,2,2,0,
"Farquhar, Brooke ",May_2022,G8431,None,0,0,0,0,,0,0,0,0,0,0,8,9,9,0,
"Farquhar, Brooke ",May_2022,G8432,None,0,0,0,0,,0,0,0,0,0,0,5,5,5,0,
"Farquhar, Brooke ",May_2022,G8482,None,0,0,0,0,,0,0,0,0,0,0,0,0,0,0,
"Farquhar, Brooke ",May_2022,G8483,None,0,0,0,0,,0,0,0,0,0,0,0,0,0,0,
"Farquhar, Brooke ",May_2022,G8484,None,0,0,0,0,,0,0,0,0,0,0,0,0,0,0,
"Farquhar, Brooke ",May_2022,G8510,None,0,0,0,0,,0,0,0,0,0,0,22,22,22,0,
"Farquhar, Brooke ",May_2022,G8783,None,0,0,0,0,,0,0,0,0,0,0,1,2,2,0,
"Farquhar, Brooke ",May_2022,G9902,None,0,0,0,0,,0,0,0,0,0,0,1,1,1,0,
"Farquhar, Brooke ",May_2022,G9903,None,0,0,0,0,,0,0,0,0,0,0,1,1,1,0,
"Farquhar, Brooke ",May_2022,G9906,None,0,0,0,0,,0,0,0,0,0,0,0,0,0,0,
"Farquhar, Brooke ",May_2022,INTBL,None,0.16,0.16,0,0,0,0,0,0,0,0,0,1,1,1,0.16,0
"Farquhar, Brooke ",May_2022,INTOP,None,0,0,0,2.21,,2.21,0,0,0,0,0,0,0,0,-2.21,
"Farquhar, Brooke ",May_2022,INTUC,None,0.56,0.56,0,0,0,0,0,0,0,0,0,1,1,1,0.56,0
"Farquhar, Brooke ",June_2022,0072A,None,80,80,0,0,0,0,0,0,0,0,0,1,1,1,80,0
"Farquhar, Brooke ",June_2022,17110,None,226,226,0,0,0,0,0,0,0,0,0,1,1,1,226,0
"Farquhar, Brooke ",June_2022,69210,None,196,196,0,0,0,0,0,0,0,0,0,1,1,1,196,0
"Farquhar, Brooke ",June_2022,81003,None,12,12,0,2.27,0.18916667,1.33,0.94,10.34,0,0,0,1,1,1,-0.61,1.05083333
"Farquhar, Brooke ",June_2022,81025,None,0,0,0,4.14,,4.14,0,14.83,0,0,0,0,0,0,-18.97,
"Farquhar, Brooke ",June_2022,87426,None,750,750,0,532.8,0.7104,507.8,25,767.2,0,0,0,10,10,10,-550,1.73333333
"Farquhar, Brooke ",June_2022,87804,None,400,400,0,418.78,1.04695,384.24,34.54,275.9,0,0,0,10,10,20,-294.68,1.7367
"Farquhar, Brooke ",June_2022,87807,None,0,0,0,8.88,,8.88,0,16.12,0,0,0,0,0,0,-25,
"Farquhar, Brooke ",June_2022,87880,None,64,64,0,70.8,1.10625,53.54,17.26,106.46,0,0,0,2,2,2,-113.26,2.7696875
"Farquhar, Brooke ",June_2022,90460,None,3696,3696,0,858.1,0.23216991,841.09,17.01,1972.91,0,0,0,40,40,88,864.99,0.76596591
"Farquhar, Brooke ",June_2022,90461,None,1352,1352,0,398.98,0.29510355,398.98,0,537.02,0,0,0,20,20,52,416,0.69230769
"Farquhar, Brooke ",June_2022,90633,None,364,364,0,269.46,0.74027473,269.46,0,250.54,0,0,0,7,7,7,-156,1.42857143
"Farquhar, Brooke ",June_2022,90647,None,294,294,0,41,0.13945578,41,0,155,0,0,0,3,3,3,98,0.66666667
"Farquhar, Brooke ",June_2022,90651,None,7650,7650,0,3192.67,0.41734248,3192.67,0,3107.33,0,0,0,17,17,17,1350,0.82352941
"Farquhar, Brooke ",June_2022,90670,None,920,920,0,238,0.25869565,238,0,682,0,0,0,2,2,2,0,1
"Farquhar, Brooke ",June_2022,90680,None,344,344,0,95,0.27616279,95,0,77,0,0,0,2,2,2,172,0.5
"Farquhar, Brooke ",June_2022,90688,None,0,0,0,19.91,,0,19.91,0,0,0,0,0,0,0,-19.91,
"Farquhar, Brooke ",June_2022,90700,None,1386,1386,0,272.47,0.1965873,272.47,0,861.53,0,0,0,11,11,11,252,0.81818182
"Farquhar, Brooke ",June_2022,90707,None,1050,1050,0,372.79,0.3550381,372.79,0,377.21,0,0,0,7,7,7,300,0.71428571
"Farquhar, Brooke ",June_2022,90713,None,896,896,0,217.17,0.24237723,217.17,0,454.83,0,0,0,8,8,8,224,0.75
"Farquhar, Brooke ",June_2022,90715,None,480,480,0,153.28,0.31933333,153.28,0,206.72,0,0,0,8,8,8,120,0.75
"Farquhar, Brooke ",June_2022,90716,None,2600,2600,0,972.75,0.37413462,972.75,0,1107.25,0,0,0,10,10,10,520,0.8
"Farquhar, Brooke ",June_2022,90734,None,2211,2211,0,931.15,0.42114428,931.15,0,877.85,0,0,0,11,11,11,402,0.81818182
"Farquhar, Brooke ",June_2022,90744,None,112,112,0,37,0.33035714,37,0,75,0,0,0,2,2,2,0,1
"Farquhar, Brooke ",June_2022,91307,None,0,0,0,0,,0,0,0,0,0,0,1,1,1,0,
"Farquhar, Brooke ",June_2022,92551,None,960,960,0,226.88,0.23633333,215.2,11.68,199.61,0,0,0,48,48,48,533.51,0.44426042
"Farquhar, Brooke ",June_2022,93000,None,35,35,0,18.79,0.53685714,18.79,0,16.21,0,0,0,1,1,1,0,1
"Farquhar, Brooke ",June_2022,99173,None,940,940,0,51.04,0.05429787,51.04,0,326,0,0,0,47,47,47,562.96,0.40110638
"Farquhar, Brooke ",June_2022,99202,None,1359,1359,0,274.08,0.2016777,145.98,128.1,156.02,0,0,0,9,9,9,928.9,0.31648271
"Farquhar, Brooke ",June_2022,99203,None,1736,1736,0,767.14,0.44190092,560.61,206.53,716.39,0,0,0,8,8,8,252.47,0.85456797
"Farquhar, Brooke ",June_2022,99212,None,89,89,0,0,0,0,0,0,0,0,0,1,1,1,89,0
"Farquhar, Brooke ",June_2022,99213,None,8673,8673,0,4229.8,0.48769745,3076.15,1153.65,3906.58,0,71,0,53,59,59,465.62,0.94631385
"Farquhar, Brooke ",June_2022,99381,None,1280,1280,0,280.47,0.21911719,195.47,85,444.53,0,0,0,4,4,4,555,0.56640625
"Farquhar, Brooke ",June_2022,99382,None,1050,1050,0,776.64,0.73965714,635.15,141.49,264.85,0,0,0,7,7,7,8.51,0.99189524
"Farquhar, Brooke ",June_2022,99383,None,3000,3000,0,1301.78,0.43392667,1261.78,40,538.22,0,0,0,20,20,20,1160,0.61333333
"Farquhar, Brooke ",June_2022,99384,None,3456,3456,0,1191.32,0.34471065,1171.32,20,772.68,0,0,0,16,16,16,1492,0.56828704
"Farquhar, Brooke ",June_2022,99391,None,660,660,0,161.22,0.24427273,111.22,50,108.78,0,0,0,3,3,3,390,0.40909091
"Farquhar, Brooke ",June_2022,99392,None,250,250,0,118.29,0.47316,118.29,0,6.71,0,0,0,2,2,2,125,0.5
"Farquhar, Brooke ",June_2022,99393,None,2158,2158,0,633.74,0.29367006,633.74,0,362.26,0,0,0,13,13,13,1162,0.46153846
"Farquhar, Brooke ",June_2022,99394,None,930,930,0,791.69,0.85127957,791.69,0,510.31,0,0,0,5,5,5,-372,1.4
"Farquhar, Brooke ",June_2022,G8420,None,0,0,0,0,,0,0,0,0,0,0,1,1,1,0,
"Farquhar, Brooke ",June_2022,G8427,None,0,0,0,0,,0,0,0,0,0,0,1,1,1,0,
"Farquhar, Brooke ",June_2022,G8431,None,0,0,0,0,,0,0,0,0,0,0,15,15,15,0,
"Farquhar, Brooke ",June_2022,G8432,None,0,0,0,0,,0,0,0,0,0,0,5,6,6,0,
"Farquhar, Brooke ",June_2022,G8482,None,0,0,0,0,,0,0,0,0,0,0,0,0,0,0,
"Farquhar, Brooke ",June_2022,G8510,None,0,0,0,0,,0,0,0,0,0,0,27,28,28,0,
"Farquhar, Brooke ",June_2022,G8511,None,0,0,0,0,,0,0,0,0,0,0,1,1,1,0,
"Farquhar, Brooke ",June_2022,G8783,None,0,0,0,0,,0,0,0,0,0,0,1,1,1,0,
"Farquhar, Brooke ",June_2022,G9902,None,0,0,0,0,,0,0,0,0,0,0,1,1,1,0,
"Farquhar, Brooke ",June_2022,G9907,None,0,0,0,0,,0,0,0,0,0,0,1,1,1,0,
"Farquhar, Brooke ",June_2022,INTBL,None,0,0,0,0.16,,0.16,0,0,0,0,0,0,0,0,-0.16,
"Farquhar, Brooke ",June_2022,INTC,None,0.07,0.07,0,0,0,0,0,0,0,0,0,1,1,1,0.07,0
"Farquhar, Brooke ",June_2022,INTUC,None,0.05,0.05,0,0,0,0,0,0,0,0,0,1,1,1,0.05,0
"Farquhar, Brooke ",July_2022,0001A,None,42,42,0,40,0.95238095,40,0,2,0,0,0,1,1,1,0,1
"Farquhar, Brooke ",July_2022,0072A,None,0,0,0,40,,40,0,40,0,0,0,0,0,0,-80,
"Farquhar, Brooke ",July_2022,1036F,None,0,0,0,0,,0,0,0,0,0,0,1,1,1,0,
"Farquhar, Brooke ",July_2022,17110,None,0,0,0,0,,0,0,101.42,0,0,0,0,0,0,-101.42,
"Farquhar, Brooke ",July_2022,69210,None,0,0,0,52.5,,52.5,0,143.5,0,0,0,0,0,0,-196,
"Farquhar, Brooke ",July_2022,81003,None,12,12,0,5.68,0.47333333,5.68,0,30.32,0,0,0,1,1,1,-24,3
"Farquhar, Brooke ",July_2022,81025,None,20,20,0,10.34,0.517,10.34,0,29.66,0,0,0,1,1,1,-20,2
"Farquhar, Brooke ",July_2022,87426,None,825,825,0,267.08,0.32373333,267.08,0,182.92,0,0,0,11,11,11,375,0.54545455
"Farquhar, Brooke ",July_2022,87804,None,440,440,0,245.1,0.55704545,146.02,99.08,74.12,0,0,0,11,11,22,120.78,0.7255
"Farquhar, Brooke ",July_2022,87811,None,375,375,0,54.17,0.14445333,54.17,0,245.83,0,0,0,5,5,5,75,0.8
"Farquhar, Brooke ",July_2022,87880,None,96,96,0,33.7,0.35104167,13.86,19.84,18.14,0,0,0,3,3,3,44.16,0.54
"Farquhar, Brooke ",July_2022,90460,None,4074,3948,126,913.37,0.22419489,913.37,0,2992.63,0,0,0,39,39,97,168,0.95876289
"Farquhar, Brooke ",July_2022,90461,None,1430,1378,52,560.02,0.39162238,560.02,0,947.98,0,0,0,23,23,55,-78,1.05454545
"Farquhar, Brooke ",July_2022,90471,None,42,42,0,0,0,0,0,42,0,0,0,1,1,1,0,1
"Farquhar, Brooke ",July_2022,90619,None,610,305,305,151.56,0.24845902,151.56,0,153.44,0,0,0,2,2,2,305,0.5
"Farquhar, Brooke ",July_2022,90633,None,416,416,0,165.25,0.39723558,165.25,0,250.75,0,0,0,8,8,8,0,1
"Farquhar, Brooke ",July_2022,90647,None,490,490,0,116.12,0.23697959,116.12,0,373.88,0,0,0,5,5,5,0,1
"Farquhar, Brooke ",July_2022,90651,None,6750,6300,450,4255.35,0.63042222,4255.35,0,3844.65,0,0,0,15,15,15,-1350,1.2
"Farquhar, Brooke ",July_2022,90670,None,3220,3220,0,480.6,0.14925466,480.6,0,439.4,0,0,0,7,7,7,2300,0.28571429
"Farquhar, Brooke ",July_2022,90680,None,516,516,0,196.36,0.38054264,196.36,0,147.64,0,0,0,3,3,3,172,0.66666667
"Farquhar, Brooke ",July_2022,90700,None,2016,2016,0,247.82,0.12292659,247.82,0,1264.18,0,0,0,16,16,16,504,0.75
"Farquhar, Brooke ",July_2022,90707,None,900,900,0,253.55,0.28172222,253.55,0,946.45,0,0,0,6,6,6,-300,1.33333333
"Farquhar, Brooke ",July_2022,90713,None,1008,1008,0,163.39,0.16209325,163.39,0,620.61,0,0,0,9,9,9,224,0.77777778
"Farquhar, Brooke ",July_2022,90715,None,420,360,60,441.83,1.05197619,441.83,0,98.17,0,0,0,7,7,7,-120,1.28571429
"Farquhar, Brooke ",July_2022,90716,None,1300,1300,0,379.51,0.29193077,379.51,0,1440.49,0,0,0,5,5,5,-520,1.4
"Farquhar, Brooke ",July_2022,90732,None,160,160,0,0,0,0,0,0,0,0,0,1,1,1,160,0
"Farquhar, Brooke ",July_2022,90734,None,1809,1809,0,1395.97,0.77168049,1395.97,0,614.03,0,0,0,9,9,9,-201,1.11111111
"Farquhar, Brooke ",July_2022,90744,None,280,280,0,50.67,0.18096429,50.67,0,117.33,0,0,0,5,5,5,112,0.6
"Farquhar, Brooke ",July_2022,91307,None,0,0,0,0,,0,0,0,0,0,0,0,0,0,0,
"Farquhar, Brooke ",July_2022,92551,None,940,920,20,713.78,0.75934043,634.87,78.91,439.29,0,0,0,47,47,47,-213.07,1.22667021
"Farquhar, Brooke ",July_2022,99173,None,1020,1000,20,160.13,0.1569902,120.13,40,956.91,0,0,0,51,51,51,-97.04,1.09513725
"Farquhar, Brooke ",July_2022,99202,None,906,906,0,684.02,0.75498896,609.02,75,845.49,0,0,0,6,6,6,-623.51,1.68820088
"Farquhar, Brooke ",July_2022,99203,None,434,434,0,695.01,1.60140553,488.01,207,647.29,0,0,0,2,2,2,-908.3,3.09285714
"Farquhar, Brooke ",July_2022,99212,None,0,0,0,44.37,,44.37,0,44.63,0,0,0,0,0,0,-89,
"Farquhar, Brooke ",July_2022,99213,None,9261,9261,0,4173.99,0.45070619,3031.98,1142.01,4080.62,0,0,0,60,63,63,1006.39,0.89133031
"Farquhar, Brooke ",July_2022,99381,None,1920,1920,0,410.44,0.21377083,410.44,0,869.56,0,0,0,6,6,6,640,0.66666667
"Farquhar, Brooke ",July_2022,99382,None,900,900,0,961.56,1.0684,961.56,0,388.44,0,0,0,6,6,6,-450,1.5
"Farquhar, Brooke ",July_2022,99383,None,3300,3300,0,2177.41,0.65982121,2087.41,90,462.59,0,0,0,22,22,22,660,0.8
"Farquhar, Brooke ",July_2022,99384,None,2160,1944,216,1983.4,0.91824074,1983.4,0,1040.6,0,0,0,10,10,10,-864,1.4
"Farquhar, Brooke ",July_2022,99391,None,880,880,0,480.75,0.54630682,480.75,0,619.25,0,0,0,4,4,4,-220,1.25
"Farquhar, Brooke ",July_2022,99392,None,875,875,0,342.71,0.39166857,342.71,0,157.29,0,0,0,7,7,7,375,0.57142857
"Farquhar, Brooke ",July_2022,99393,None,2324,2324,0,1512.77,0.65093373,1512.77,0,1090.43,0,0,0,14,14,14,-279.2,1.12013769
"Farquhar, Brooke ",July_2022,99394,None,1488,1488,0,979.23,0.65808468,979.23,0,694.77,0,0,0,8,8,8,-186,1.125
"Farquhar, Brooke ",July_2022,G8419,None,0,0,0,0,,0,0,0,0,0,0,1,1,1,0,
"Farquhar, Brooke ",July_2022,G8420,None,0,0,0,0,,0,0,0,0,0,0,1,1,1,0,
"Farquhar, Brooke ",July_2022,G8427,None,0,0,0,0,,0,0,0,0,0,0,2,2,2,0,
"Farquhar, Brooke ",July_2022,G8431,None,0,0,0,0,,0,0,0,0,0,0,6,6,6,0,
"Farquhar, Brooke ",July_2022,G8432,None,0,0,0,0,,0,0,0,0,0,0,5,5,5,0,
"Farquhar, Brooke ",July_2022,G8483,None,0,0,0,0,,0,0,0,0,0,0,0,0,0,0,
"Farquhar, Brooke ",July_2022,G8510,None,0,0,0,0,,0,0,0,0,0,0,31,31,31,0,
"Farquhar, Brooke ",July_2022,G8511,None,0,0,0,0,,0,0,0,0,0,0,0,0,0,0,
"Farquhar, Brooke ",July_2022,G8783,None,0,0,0,0,,0,0,0,0,0,0,1,1,1,0,
"Farquhar, Brooke ",July_2022,G8950,None,0,0,0,0,,0,0,0,0,0,0,1,1,1,0,
"Farquhar, Brooke ",July_2022,G9903,None,0,0,0,0,,0,0,0,0,0,0,1,1,1,0,
"Farquhar, Brooke ",July_2022,G9905,None,0,0,0,0,,0,0,0,0,0,0,1,1,1,0,
"Farquhar, Brooke ",July_2022,INTC,None,0,0,0,0.07,,0.07,0,0,0,0,0,0,0,0,-0.07,
"Farquhar, Brooke ",July_2022,INTUC,None,0,0,0,0.61,,0.61,0,0,0,0,0,0,0,0,-0.61,
"Farquhar, Brooke ",August_2022,0001A,None,42,42,0,40,0.95238095,40,0,2,0,0,0,1,1,1,0,1
"Farquhar, Brooke ",August_2022,1036F,None,0,0,0,0,,0,0,0,0,0,0,1,1,1,0,
"Farquhar, Brooke ",August_2022,17000,None,268,268,0,75.36,0.28119403,52.4,22.96,61.6,0,0,0,1,2,2,131.04,0.51104478
"Farquhar, Brooke ",August_2022,17110,None,0,0,0,124.58,,0,124.58,0,0,0,0,0,0,0,-124.58,
"Farquhar, Brooke ",August_2022,81003,None,24,24,0,2.25,0.09375,2.25,0,9.75,0,0,0,2,2,2,12,0.5
"Farquhar, Brooke ",August_2022,87426,None,525,525,0,338.21,0.64420952,338.21,0,561.79,0,0,0,7,7,7,-375,1.71428571
"Farquhar, Brooke ",August_2022,87804,None,280,280,0,215.43,0.76939286,175.71,39.72,214.92,0,0,0,7,7,14,-150.35,1.53696429
"Farquhar, Brooke ",August_2022,87811,None,450,450,0,102.42,0.2276,102.42,0,422.58,0,0,0,6,6,6,-75,1.16666667
"Farquhar, Brooke ",August_2022,87880,None,256,256,0,67.59,0.26402344,67.59,0,190.65,0,0,0,8,8,8,-2.24,1.00875
"Farquhar, Brooke ",August_2022,90460,None,4956,4914,42,1136.92,0.22940274,1136.92,0,3147.08,0,42,0,53,55,118,630,0.87288136
"Farquhar, Brooke ",August_2022,90461,None,1430,1430,0,462.57,0.32347552,462.57,0,837.43,0,0,0,23,23,55,130,0.90909091
"Farquhar, Brooke ",August_2022,90471,None,42,0,42,0,0,0,0,0,0,42,0,1,1,1,0,1
"Farquhar, Brooke ",August_2022,90619,None,1525,1525,0,441.43,0.2894623,441.43,0,168.57,0,0,0,5,5,5,915,0.4
"Farquhar, Brooke ",August_2022,90633,None,468,416,52,220.81,0.47181624,220.81,0,143.19,0,52,0,9,9,9,52,0.88888889
"Farquhar, Brooke ",August_2022,90647,None,882,882,0,139.82,0.15852608,129.82,10,360.18,0,0,0,9,9,9,382,0.56689342
"Farquhar, Brooke ",August_2022,90651,None,6300,6300,0,3855,0.61190476,3855,0,4695,0,0,0,14,14,14,-2250,1.35714286
"Farquhar, Brooke ",August_2022,90670,None,3680,3680,0,1898.16,0.51580435,1898.16,0,2004.29,0,0,0,8,8,8,-222.45,1.06044837
"Farquhar, Brooke ",August_2022,90680,None,688,688,0,296,0.43023256,296,0,392,0,0,0,4,4,4,0,1
"Farquhar, Brooke ",August_2022,90700,None,1512,1512,0,375.2,0.24814815,375.2,0,1262.8,0,0,0,12,12,12,-126,1.08333333
"Farquhar, Brooke ",August_2022,90707,None,1200,1200,0,300.89,0.25074167,300.89,0,449.11,0,0,0,8,8,8,450,0.625
"Farquhar, Brooke ",August_2022,90713,None,1456,1456,0,385.84,0.265,385.84,0,778.73,0,0,0,13,13,13,291.43,0.79984203
"Farquhar, Brooke ",August_2022,90715,None,540,540,0,251.08,0.46496296,251.08,0,228.92,0,0,0,9,9,9,60,0.88888889
"Farquhar, Brooke ",August_2022,90716,None,2340,2080,260,693.69,0.29644872,493.69,200,546.31,0,60,0,9,9,9,1040,0.55555556
"Farquhar, Brooke ",August_2022,90732,None,0,0,0,119,,119,0,41,0,0,0,0,0,0,-160,
"Farquhar, Brooke ",August_2022,90734,None,3417,3417,0,1295.97,0.37927129,1295.97,0,1518.03,0,0,0,17,17,17,603,0.82352941
"Farquhar, Brooke ",August_2022,90744,None,448,448,0,63,0.140625,63,0,105,0,0,0,8,8,8,280,0.375
"Farquhar, Brooke ",August_2022,92551,None,640,640,0,632.55,0.98835938,617.95,14.6,470.37,0,0,0,32,32,32,-462.92,1.7233125
"Farquhar, Brooke ",August_2022,99173,None,680,680,0,138.27,0.20333824,138.27,0,981.55,0,0,0,34,34,34,-439.82,1.64679412
"Farquhar, Brooke ",August_2022,99202,None,302,302,0,324.3,1.07384106,166.2,158.1,160.8,0,0,0,2,2,2,-183.1,1.60629139
"Farquhar, Brooke ",August_2022,99203,None,217,217,0,487.58,2.24691244,209.61,277.97,537.12,0,0,0,1,1,1,-807.7,4.72211982
"Farquhar, Brooke ",August_2022,99204,None,0,0,0,25,,0,25,0,0,0,0,0,0,0,-25,
"Farquhar, Brooke ",August_2022,99213,None,7056,7056,0,4909.17,0.69574405,3589.02,1320.15,4617.14,0,91.89,0,44,48,48,-2562.2,1.36312358
"Farquhar, Brooke ",August_2022,99381,None,1280,1280,0,317.01,0.24766406,317.01,0,642.99,0,0,0,4,4,4,320,0.75
"Farquhar, Brooke ",August_2022,99382,None,1350,1350,0,396.75,0.29388889,396.75,0,203.25,0,0,0,9,9,9,750,0.44444444
"Farquhar, Brooke ",August_2022,99383,None,3000,2850,150,3274.2,1.0914,3274.2,0,1225.8,0,150,0,20,20,20,-1650,1.55
"Farquhar, Brooke ",August_2022,99384,None,3456,3456,0,1719.03,0.49740451,1719.03,0,1304.97,0,0,0,16,16,16,432,0.875
"Farquhar, Brooke ",August_2022,99391,None,1980,1980,0,443.76,0.22412121,433.76,10,446.24,0,0,0,9,9,9,1090,0.44949495
"Farquhar, Brooke ",August_2022,99392,None,250,250,0,553.31,2.21324,553.31,0,196.69,0,0,0,2,2,2,-500,3
"Farquhar, Brooke ",August_2022,99393,None,1494,1494,0,1427.32,0.95536814,1400.92,26.4,1089.08,0,0,0,9,9,9,-1022.4,1.68433735
"Farquhar, Brooke ",August_2022,99394,None,558,558,0,748.86,1.34204301,723.86,25,392.14,0,0,0,3,3,3,-583,2.04480287
"Farquhar, Brooke ",August_2022,99395,None,206,206,0,0,0,0,0,0,0,0,0,1,1,1,206,0
"Farquhar, Brooke ",August_2022,99492,None,325,325,0,0,0,0,0,0,0,0,0,1,1,1,325,0
"Farquhar, Brooke ",August_2022,G0029,None,0,0,0,0,,0,0,0,0,0,0,1,1,1,0,
"Farquhar, Brooke ",August_2022,G8420,None,0,0,0,0,,0,0,0,0,0,0,2,2,2,0,
"Farquhar, Brooke ",August_2022,G8427,None,0,0,0,0,,0,0,0,0,0,0,2,2,2,0,
"Farquhar, Brooke ",August_2022,G8431,None,0,0,0,0,,0,0,0,0,0,0,5,5,5,0,
"Farquhar, Brooke ",August_2022,G8432,None,0,0,0,0,,0,0,0,0,0,0,5,6,6,0,
"Farquhar, Brooke ",August_2022,G8483,None,0,0,0,0,,0,0,0,0,0,0,0,0,0,0,
"Farquhar, Brooke ",August_2022,G8484,None,0,0,0,0,,0,0,0,0,0,0,0,0,0,0,
"Farquhar, Brooke ",August_2022,G8510,None,0,0,0,0,,0,0,0,0,0,0,30,30,30,0,
"Farquhar, Brooke ",August_2022,G8511,None,0,0,0,0,,0,0,0,0,0,0,1,1,1,0,
"Farquhar, Brooke ",August_2022,G8783,None,0,0,0,0,,0,0,0,0,0,0,1,1,1,0,
"Farquhar, Brooke ",August_2022,G8950,None,0,0,0,0,,0,0,0,0,0,0,1,1,1,0,
"Farquhar, Brooke ",August_2022,G9902,None,0,0,0,0,,0,0,0,0,0,0,1,1,1,0,
"Farquhar, Brooke ",August_2022,G9903,None,0,0,0,0,,0,0,0,0,0,0,0,0,0,0,
"Farquhar, Brooke ",August_2022,INTMG,None,0.03,0.03,0,0,0,0,0,0,0,0,0,1,1,1,0.03,0
"Farquhar, Brooke ",August_2022,INTVP,None,0.05,0.05,0,0,0,0,0,0,0,0,0,1,1,1,0.05,0
"Farquhar, Brooke ",September_2022,1036F,None,0,0,0,0,,0,0,0,0,0,0,0,0,0,0,
"Farquhar, Brooke ",September_2022,17000,None,0,0,0,52.4,,52.4,0,61.6,0,0,0,0,0,0,-114,
"Farquhar, Brooke ",September_2022,69210,None,196,196,0,0,0,0,0,0,0,0,0,1,1,1,196,0
"Farquhar, Brooke ",September_2022,81003,None,12,12,0,2.91,0.2425,2.25,0.66,20.09,0,0,0,1,1,1,-11,1.91666667
"Farquhar, Brooke ",September_2022,81025,None,0,0,0,1.03,,0,1.03,0,0,0,0,0,0,0,-1.03,
"Farquhar, Brooke ",September_2022,87426,None,1800,1800,0,441.85,0.24547222,441.85,0,458.15,0,0,0,23,24,24,900,0.5
"Farquhar, Brooke ",September_2022,87804,None,960,960,0,307.88,0.32070833,288.02,19.86,172.12,0,0,0,22,24,48,480,0.5
"Farquhar, Brooke ",September_2022,87807,None,0,0,0,13.76,,13.76,0,11.24,0,0,0,0,0,0,-25,
"Farquhar, Brooke ",September_2022,87880,None,544,544,0,128.96,0.23705882,109.12,19.84,168.96,0,0,0,16,17,17,246.08,0.54764706
"Farquhar, Brooke ",September_2022,90460,None,4158,4158,0,1291.02,0.31049062,1291.02,0,3370.98,0,0,0,43,43,99,-504,1.12121212
"Farquhar, Brooke ",September_2022,90461,None,1248,1248,0,578.16,0.46326923,578.16,0,877.84,0,0,0,20,20,48,-208,1.16666667
"Farquhar, Brooke ",September_2022,90471,None,546,546,0,88.77,0.16258242,88.77,0,205.23,0,0,0,13,13,13,252,0.53846154
"Farquhar, Brooke ",September_2022,90619,None,610,610,0,1069.88,1.75390164,1069.88,0,291.55,0,0,0,2,2,2,-751.43,2.23185246
"Farquhar, Brooke ",September_2022,90633,None,468,468,0,233.88,0.49974359,233.88,0,130.12,0,0,0,9,9,9,104,0.77777778
"Farquhar, Brooke ",September_2022,90647,None,980,980,0,253.78,0.25895918,253.78,0,628.22,0,0,0,10,10,10,98,0.9
"Farquhar, Brooke ",September_2022,90651,None,2250,2250,0,1322.37,0.58772,1322.37,0,1987.24,0,0,0,5,5,5,-1059.61,1.47093778
"Farquhar, Brooke ",September_2022,90670,None,3220,3220,0,1435.71,0.44587267,1435.71,0,2244.29,0,0,0,7,7,7,-460,1.14285714
"Farquhar, Brooke ",September_2022,90680,None,688,688,0,311.44,0.45267442,311.44,0,376.56,0,0,0,4,4,4,0,1
"Farquhar, Brooke ",September_2022,90688,None,810,810,0,244.08,0.30133333,244.08,0,145.92,0,0,0,27,27,27,420,0.48148148
"Farquhar, Brooke ",September_2022,90700,None,1764,1764,0,382.88,0.21705215,382.88,0,1381.12,0,0,0,14,14,14,0,1
"Farquhar, Brooke ",September_2022,90707,None,1350,1350,0,511.77,0.37908889,511.77,0,988.23,0,0,0,9,9,9,-150,1.11111111
"Farquhar, Brooke ",September_2022,90713,None,896,896,0,513.76,0.57339286,513.76,0,1054.24,0,0,0,8,8,8,-672,1.75
"Farquhar, Brooke ",September_2022,90715,None,60,60,0,147,2.45,147,0,93,0,0,0,1,1,1,-180,4
"Farquhar, Brooke ",September_2022,90716,None,2340,2340,0,1143.18,0.48853846,1143.18,0,1716.82,0,0,0,9,9,9,-520,1.22222222
"Farquhar, Brooke ",September_2022,90734,None,201,201,0,1333.37,6.63368159,1333.37,0,676.63,0,0,0,1,1,1,-1809,10
"Farquhar, Brooke ",September_2022,90744,None,336,336,0,201.14,0.59863095,176.14,25,215.86,0,0,0,6,6,6,-81,1.24107143
"Farquhar, Brooke ",September_2022,92551,None,340,340,0,261.46,0.769,261.46,0,212.6,0,0,0,17,17,17,-134.06,1.39429412
"Farquhar, Brooke ",September_2022,99173,None,400,400,0,66.87,0.167175,66.87,0,473.13,0,0,0,20,20,20,-140,1.35
"Farquhar, Brooke ",September_2022,99202,None,1359,1359,0,498.03,0.36646799,419.64,78.39,607.36,0,0,0,9,9,9,253.61,0.81338484
"Farquhar, Brooke ",September_2022,99203,None,1085,1085,0,40,0.03686636,0,40,0,0,0,0,5,5,5,1045,0.03686636
"Farquhar, Brooke ",September_2022,99213,None,11466,11466,0,4251.27,0.37077185,3074.37,1176.9,3575.57,0,0,0,69,78,78,3639.16,0.68261294
"Farquhar, Brooke ",September_2022,99381,None,640,640,0,560.3,0.87546875,560.3,0,1039.7,0,0,0,2,2,2,-960,2.5
"Farquhar, Brooke ",September_2022,99382,None,1800,1650,150,964,0.53555556,879,85,471,0,65,0,12,12,12,300,0.83333333
"Farquhar, Brooke ",September_2022,99383,None,2550,2550,0,2658.95,1.04272549,2638.95,20,811.05,0,0,0,17,17,17,-920,1.36078431
"Farquhar, Brooke ",September_2022,99384,None,1944,1944,0,1898.69,0.97669239,1898.69,0,1440.69,0,0,0,10,10,10,-1395.38,1.71778807
"Farquhar, Brooke ",September_2022,99391,None,1540,1540,0,759.93,0.49346104,669.93,90,870.07,0,0,0,7,7,7,-90,1.05844156
"Farquhar, Brooke ",September_2022,99392,None,1000,1000,0,643.12,0.64312,643.12,0,106.88,0,0,0,8,8,8,250,0.75
"Farquhar, Brooke ",September_2022,99393,None,664,664,0,546.76,0.82343373,516.76,30,313.24,0,0,0,4,4,4,-196,1.29518072
"Farquhar, Brooke ",September_2022,99394,None,558,558,0,84.32,0.15111111,84.32,0,101.68,0,0,0,3,3,3,372,0.33333333
"Farquhar, Brooke ",September_2022,99395,None,0,0,0,0,,0,0,0,0,0,0,0,0,0,0,
"Farquhar, Brooke ",September_2022,99492,None,0,0,0,170.96,,0,170.96,154.04,0,0,0,0,0,0,-325,
"Farquhar, Brooke ",September_2022,G0029,None,0,0,0,0,,0,0,0,0,0,0,0,0,0,0,
"Farquhar, Brooke ",September_2022,G0030,None,0,0,0,0,,0,0,0,0,0,0,1,1,1,0,
"Farquhar, Brooke ",September_2022,G8420,None,0,0,0,0,,0,0,0,0,0,0,1,2,2,0,
"Farquhar, Brooke ",September_2022,G8427,None,0,0,0,0,,0,0,0,0,0,0,1,2,2,0,
"Farquhar, Brooke ",September_2022,G8431,None,0,0,0,0,,0,0,0,0,0,0,8,8,8,0,
"Farquhar, Brooke ",September_2022,G8432,None,0,0,0,0,,0,0,0,0,0,0,15,15,15,0,
"Farquhar, Brooke ",September_2022,G8482,None,0,0,0,0,,0,0,0,0,0,0,15,15,15,0,
"Farquhar, Brooke ",September_2022,G8510,None,0,0,0,0,,0,0,0,0,0,0,27,28,28,0,
"Farquhar, Brooke ",September_2022,G8783,None,0,0,0,0,,0,0,0,0,0,0,1,1,1,0,
"Farquhar, Brooke ",September_2022,G8950,None,0,0,0,0,,0,0,0,0,0,0,0,0,0,0,
"Farquhar, Brooke ",September_2022,G8952,None,0,0,0,0,,0,0,0,0,0,0,1,1,1,0,
"Farquhar, Brooke ",September_2022,G9902,None,0,0,0,0,,0,0,0,0,0,0,1,1,1,0,
"Farquhar, Brooke ",September_2022,G9905,None,0,0,0,0,,0,0,0,0,0,0,1,1,1,0,
"Farquhar, Brooke ",September_2022,G9906,None,0,0,0,0,,0,0,0,0,0,0,1,1,1,0,
"Farquhar, Brooke ",September_2022,INTMG,None,0,0,0,0.03,,0.03,0,0,0,0,0,0,0,0,-0.03,
"Farquhar, Brooke ",October_2022,1036F,None,0,0,0,0,,0,0,0,0,0,0,0,0,0,0,
"Farquhar, Brooke ",October_2022,69210,None,0,0,0,39.72,,39.72,0,156.28,0,0,0,0,0,0,-196,
"Farquhar, Brooke ",October_2022,87426,None,2550,2475,75,643.54,0.25236863,568.54,75,712.25,0,0,0,34,34,34,1194.21,0.53168235
"Farquhar, Brooke ",October_2022,87804,None,1360,1320,40,349.8,0.25720588,339.8,10,265.4,0,10,0,34,34,68,734.8,0.45970588
"Farquhar, Brooke ",October_2022,87807,None,75,75,0,0,0,0,0,0,0,0,0,3,3,3,75,0
"Farquhar, Brooke ",October_2022,87880,None,448,448,0,95.31,0.21274554,95.31,0,186.71,0,0,0,14,14,14,165.98,0.62950893
"Farquhar, Brooke ",October_2022,90460,None,5838,5838,0,765.91,0.1311939,765.91,0,2090.09,0,0,0,61,63,139,2982,0.48920863
"Farquhar, Brooke ",October_2022,90461,None,1170,1170,0,280.24,0.23952137,280.24,0,551.76,0,0,0,20,20,45,338,0.71111111
"Farquhar, Brooke ",October_2022,90471,None,504,504,0,142.3,0.28234127,142.3,0,403.7,0,0,0,12,12,12,-42,1.08333333
"Farquhar, Brooke ",October_2022,90619,None,2745,2745,0,150,0.05464481,150,0,155,0,0,0,9,9,9,2440,0.11111111
"Farquhar, Brooke ",October_2022,90633,None,572,572,0,142.01,0.24826923,142.01,0,169.99,0,0,0,11,11,11,260,0.54545455
"Farquhar, Brooke ",October_2022,90647,None,980,980,0,211.58,0.21589796,211.58,0,572.42,0,0,0,10,10,10,196,0.8
"Farquhar, Brooke ",October_2022,90651,None,4950,4950,0,0,0,0,0,0,0,0,0,11,11,11,4950,0
"Farquhar, Brooke ",October_2022,90670,None,5060,5060,0,1044.63,0.20644862,1044.63,0,806.37,0,0,0,11,11,11,3209,0.36581028
"Farquhar, Brooke ",October_2022,90680,None,1376,1376,0,294.08,0.21372093,294.08,0,221.92,0,0,0,8,8,8,860,0.375
"Farquhar, Brooke ",October_2022,90688,None,1200,1200,0,435.38,0.36281667,435.38,0,314.62,0,0,0,40,40,40,450,0.625
"Farquhar, Brooke ",October_2022,90700,None,2142,2142,0,291.9,0.13627451,291.9,0,1220.1,0,0,0,17,17,17,630,0.70588235
"Farquhar, Brooke ",October_2022,90707,None,900,900,0,289.54,0.32171111,289.54,0,460.46,0,0,0,6,6,6,150,0.83333333
"Farquhar, Brooke ",October_2022,90713,None,1232,1232,0,131.55,0.1067776,131.55,0,316.45,0,0,0,11,11,11,784,0.36363636
"Farquhar, Brooke ",October_2022,90715,None,240,240,0,0,0,0,0,0,0,0,0,4,4,4,240,0
"Farquhar, Brooke ",October_2022,90716,None,2080,2080,0,620.61,0.29837019,620.61,0,939.39,0,0,0,8,8,8,520,0.75
"Farquhar, Brooke ",October_2022,90734,None,201,201,0,0,0,0,0,0,0,0,0,1,1,1,201,0
"Farquhar, Brooke ",October_2022,90744,None,280,280,0,149.44,0.53371429,129.44,20,206.56,0,0,0,5,5,5,-76,1.27142857
"Farquhar, Brooke ",October_2022,92551,None,100,100,0,47.66,0.4766,47.66,0,32.34,0,0,0,5,5,5,20,0.8
"Farquhar, Brooke ",October_2022,99173,None,160,160,0,17.26,0.107875,14.12,3.14,85.88,0,0,0,8,8,8,56.86,0.644625
"Farquhar, Brooke ",October_2022,99202,None,906,906,0,307.76,0.33969095,262.76,45,437.24,0,0,0,6,6,6,161,0.82229581
"Farquhar, Brooke ",October_2022,99203,None,868,868,0,505.84,0.58276498,505.84,0,716.16,0,0,0,4,4,4,-354,1.4078341
"Farquhar, Brooke ",October_2022,99213,None,13671,13524,147,5556.21,0.40642309,4478.73,1077.48,4944.59,0,102,0,84,93,93,3068.2,0.77556872
"Farquhar, Brooke ",October_2022,99381,None,960,960,0,161.12,0.16783333,161.12,0,478.88,0,0,0,3,3,3,320,0.66666667
"Farquhar, Brooke ",October_2022,99382,None,600,600,0,1045.47,1.74245,1045.47,0,454.53,0,0,0,4,4,4,-900,2.5
"Farquhar, Brooke ",October_2022,99383,None,2400,2400,0,855.59,0.35649583,790.59,65,259.41,0,0,0,16,16,16,1285,0.46458333
"Farquhar, Brooke ",October_2022,99384,None,2376,2376,0,329.18,0.13854377,304.18,25,127.82,0,0,0,11,11,11,1919,0.19234007
"Farquhar, Brooke ",October_2022,99391,None,2420,2420,0,723.76,0.29907438,703.76,20,836.24,0,0,0,11,11,11,860,0.6446281
"Farquhar, Brooke ",October_2022,99392,None,625,625,0,201.56,0.322496,201.56,0,48.44,0,0,0,5,5,5,375,0.4
"Farquhar, Brooke ",October_2022,99393,None,664,664,0,175.69,0.26459337,175.69,0,156.31,0,0,0,4,4,4,332,0.5
"Farquhar, Brooke ",October_2022,99394,None,372,372,0,188.29,0.50615591,188.29,0,183.71,0,0,0,2,2,2,0,1
"Farquhar, Brooke ",October_2022,99395,None,0,0,0,102.09,,102.09,0,103.91,0,0,0,0,0,0,-206,
"Farquhar, Brooke ",October_2022,G8420,None,0,0,0,0,,0,0,0,0,0,0,0,0,0,0,
"Farquhar, Brooke ",October_2022,G8427,None,0,0,0,0,,0,0,0,0,0,0,0,0,0,0,
"Farquhar, Brooke ",October_2022,G8431,None,0,0,0,0,,0,0,0,0,0,0,9,9,9,0,
"Farquhar, Brooke ",October_2022,G8432,None,0,0,0,0,,0,0,0,0,0,0,4,4,4,0,
"Farquhar, Brooke ",October_2022,G8482,None,0,0,0,0,,0,0,0,0,0,0,55,59,59,0,
"Farquhar, Brooke ",October_2022,G8483,None,0,0,0,0,,0,0,0,0,0,0,73,79,82,0,
"Farquhar, Brooke ",October_2022,G8484,None,0,0,0,0,,0,0,0,0,0,0,6,6,6,0,
"Farquhar, Brooke ",October_2022,G8510,None,0,0,0,0,,0,0,0,0,0,0,35,36,36,0,
"Farquhar, Brooke ",October_2022,G8950,None,0,0,0,0,,0,0,0,0,0,0,0,0,0,0,
"Farquhar, Brooke ",October_2022,G9902,None,0,0,0,0,,0,0,0,0,0,0,0,0,0,0,
"Farquhar, Brooke ",October_2022,INTAT,None,0.65,0.65,0,0,0,0,0,0,0,0,0,1,1,1,0.65,0
"Farquhar, Brooke ",October_2022,INTMG,None,0,0,0,0,,0,0,0,0,0,0,0,0,0,0,
"Farquhar, Brooke ",October_2022,INTVP,None,0,0,0,0.05,,0.05,0,0,0,0,0,0,0,0,-0.05,
"Farquhar, Brooke ",November_2022,11740,None,102,102,0,0,0,0,0,0,0,0,0,1,1,1,102,0
"Farquhar, Brooke ",November_2022,81003,None,12,12,0,1.33,0.11083333,1.33,0,10.34,0,0,0,1,1,1,0.33,0.9725
"Farquhar, Brooke ",November_2022,81025,None,20,20,0,0,0,0,0,0,0,0,0,1,1,1,20,0
"Farquhar, Brooke ",November_2022,87426,None,5625,5625,0,2187.15,0.38882667,2142.29,44.86,2732.71,0,0,0,69,75,75,705.14,0.87464178
"Farquhar, Brooke ",November_2022,87804,None,3000,3000,0,1364.54,0.45484667,1263.98,100.56,1078.76,0,0,0,69,75,150,556.7,0.81443333
"Farquhar, Brooke ",November_2022,87807,None,225,225,0,80.01,0.3556,71.13,8.88,111.11,0,0,0,8,9,9,33.88,0.84942222
"Farquhar, Brooke ",November_2022,87880,None,960,960,0,289.53,0.30159375,289.53,0,620,0,0,0,29,30,30,50.47,0.94742708
"Farquhar, Brooke ",November_2022,90460,None,3360,3360,0,1962.34,0.58402976,1962.34,0,4253.66,0,0,0,40,41,80,-2856,1.85
"Farquhar, Brooke ",November_2022,90461,None,832,832,0,422.84,0.50822115,422.84,0,747.16,0,0,0,14,14,32,-338,1.40625
"Farquhar, Brooke ",November_2022,90471,None,42,42,0,61,1.45238095,61,0,149,0,0,0,1,1,1,-168,5
"Farquhar, Brooke ",November_2022,90619,None,2135,2135,0,1901.97,0.89085246,1901.97,0,1453.03,0,0,0,7,7,7,-1220,1.57142857
"Farquhar, Brooke ",November_2022,90633,None,260,260,0,328.26,1.26253846,328.26,0,191.74,0,0,0,5,5,5,-260,2
"Farquhar, Brooke ",November_2022,90647,None,686,686,0,298.04,0.43446064,298.04,0,681.96,0,0,0,7,7,7,-294,1.42857143
"Farquhar, Brooke ",November_2022,90651,None,3150,3150,0,2907.75,0.92309524,2907.75,0,2492.25,0,0,0,7,7,7,-2250,1.71428571
"Farquhar, Brooke ",November_2022,90670,None,3220,3220,0,2211.02,0.68665217,2211.02,0,3086.53,0,0,0,7,7,7,-2077.55,1.64520186
"Farquhar, Brooke ",November_2022,90680,None,1032,1032,0,781.8,0.75755814,781.8,0,594.2,0,0,0,6,6,6,-344,1.33333333
"Farquhar, Brooke ",November_2022,90688,None,420,420,0,730.05,1.73821429,730.05,0,499.95,0,0,0,14,14,14,-810,2.92857143
"Farquhar, Brooke ",November_2022,90700,None,1260,1260,0,406.92,0.32295238,406.92,0,1357.08,0,0,0,10,10,10,-504,1.4
"Farquhar, Brooke ",November_2022,90707,None,600,600,0,305.31,0.50885,305.31,0,744.69,0,0,0,4,4,4,-450,1.75
"Farquhar, Brooke ",November_2022,90713,None,784,784,0,368.01,0.46940051,368.01,0,830.42,0,0,0,7,7,7,-414.43,1.52860969
"Farquhar, Brooke ",November_2022,90715,None,120,120,0,260.65,2.17208333,260.65,0,99.35,0,0,0,2,2,2,-240,3
"Farquhar, Brooke ",November_2022,90716,None,1040,1040,0,490.47,0.47160577,490.47,0,1329.53,0,0,0,4,4,4,-780,1.75
"Farquhar, Brooke ",November_2022,90734,None,0,0,0,145,,145,0,56,0,0,0,0,0,0,-201,
"Farquhar, Brooke ",November_2022,90744,None,56,56,0,131.34,2.34535714,131.34,0,204.66,0,0,0,1,1,1,-280,6
"Farquhar, Brooke ",November_2022,92551,None,40,40,0,96.9,2.4225,81.01,15.89,58.99,0,0,0,2,2,2,-115.89,3.89725
"Farquhar, Brooke ",November_2022,96372,None,84,84,0,15.72,0.18714286,15.72,0,26.28,0,0,0,2,2,2,42,0.5
"Farquhar, Brooke ",November_2022,99173,None,60,60,0,24.96,0.416,24.96,0,195.04,0,0,0,3,3,3,-160,3.66666667
"Farquhar, Brooke ",November_2022,99202,None,2114,2114,0,714.29,0.33788553,604.29,110,729.71,0,0,0,14,14,14,670,0.68306528
"Farquhar, Brooke ",November_2022,99203,None,1085,1085,0,331,0.30506912,281,50,340,0,0,0,5,5,5,414,0.61843318
"Farquhar, Brooke ",November_2022,99212,None,89,89,0,0,0,0,0,0,0,0,0,1,1,1,89,0
"Farquhar, Brooke ",November_2022,99213,None,15288,15288,0,8816.57,0.57669872,7665.31,1151.26,8383.41,0,0,0,92,104,104,-1911.98,1.1250641
"Farquhar, Brooke ",November_2022,99381,None,640,640,0,422.12,0.6595625,422.12,0,857.88,0,0,0,2,2,2,-640,2
"Farquhar, Brooke ",November_2022,99382,None,1050,900,150,717.85,0.68366667,577.16,140.69,172.15,0,0,0,7,7,7,160,0.84761905
"Farquhar, Brooke ",November_2022,99383,None,2250,2100,150,2101.25,0.93388889,2016.25,85,683.75,0,65,0,15,15,15,-600,1.26666667
"Farquhar, Brooke ",November_2022,99384,None,1080,1080,0,1761.95,1.63143519,1721.95,40,1086.05,0,0,0,5,5,5,-1768,2.63703704
"Farquhar, Brooke ",November_2022,99391,None,1540,1540,0,1104.67,0.71731818,1084.67,20,1335.33,0,0,0,6,7,7,-900,1.58441558
"Farquhar, Brooke ",November_2022,99392,None,500,500,0,683.23,1.36646,683.23,0,191.77,0,0,0,4,4,4,-375,1.75
"Farquhar, Brooke ",November_2022,99393,None,166,166,0,565.91,3.40909639,539.51,26.4,290.49,0,0,0,1,1,1,-690.4,5.15903614
"Farquhar, Brooke ",November_2022,99394,None,558,558,0,454.83,0.81510753,454.83,0,289.17,0,0,0,3,3,3,-186,1.33333333
"Farquhar, Brooke ",November_2022,G8431,None,0,0,0,0,,0,0,0,0,0,0,7,8,8,0,
"Farquhar, Brooke ",November_2022,G8432,None,0,0,0,0,,0,0,0,0,0,0,8,8,8,0,
"Farquhar, Brooke ",November_2022,G8482,None,0,0,0,0,,0,0,0,0,0,0,36,40,40,0,
"Farquhar, Brooke ",November_2022,G8483,None,0,0,0,0,,0,0,0,0,0,0,101,113,113,0,
"Farquhar, Brooke ",November_2022,G8484,None,0,0,0,0,,0,0,0,0,0,0,2,2,2,0,
"Farquhar, Brooke ",November_2022,G8510,None,0,0,0,0,,0,0,0,0,0,0,32,34,34,0,
"Farquhar, Brooke ",November_2022,INTBL,None,6.79,6.79,0,0,0,0,0,0,0,0,0,2,2,2,6.79,0
"Farquhar, Brooke ",December_2022,11740,None,0,0,0,0,,0,0,42.26,0,0,0,0,0,0,-42.26,
"Farquhar, Brooke ",December_2022,81003,None,0,0,0,0.33,,0,0.33,0,0,0,0,0,0,0,-0.33,
"Farquhar, Brooke ",December_2022,87426,None,0,0,0,1062.58,,1062.58,0,1712.42,0,0,0,0,0,0,-2775,
"Farquhar, Brooke ",December_2022,87804,None,0,0,0,725.82,,701.98,23.84,665.12,0,0,0,0,0,0,-1390.94,
"Farquhar, Brooke ",December_2022,87807,None,0,0,0,32.7,,32.7,0,42.3,0,0,0,0,0,0,-75,
"Farquhar, Brooke ",December_2022,87880,None,32,32,0,86.29,2.6965625,79.53,6.76,238.75,0,0,0,1,1,1,-293.04,10.1575
"Farquhar, Brooke ",December_2022,90460,None,630,630,0,696.07,1.10487302,696.07,0,1739.93,0,0,0,8,8,15,-1806,3.86666667
"Farquhar, Brooke ",December_2022,90461,None,156,156,0,260,1.66666667,260,0,416,0,0,0,2,2,6,-520,4.33333333
"Farquhar, Brooke ",December_2022,90471,None,0,0,0,0,,0,0,42,0,0,0,0,0,0,-42,
"Farquhar, Brooke ",December_2022,90619,None,305,305,0,282.86,0.92740984,282.86,0,327.14,0,0,0,1,1,1,-305,2
"Farquhar, Brooke ",December_2022,90633,None,52,52,0,167.59,3.22288462,167.59,0,144.41,0,0,0,1,1,1,-260,6
"Farquhar, Brooke ",December_2022,90647,None,0,0,0,145.2,,145.2,0,442.8,0,0,0,0,0,0,-588,
"Farquhar, Brooke ",December_2022,90651,None,450,450,0,1305.02,2.90004444,1305.02,0,1394.98,0,0,0,1,1,1,-2250,6
"Farquhar, Brooke ",December_2022,90670,None,0,0,0,963.39,,963.39,0,1796.61,0,0,0,0,0,0,-2760,
"Farquhar, Brooke ",December_2022,90680,None,0,0,0,400.08,,400.08,0,459.92,0,0,0,0,0,0,-860,
"Farquhar, Brooke ",December_2022,90688,None,180,180,0,104.42,0.58011111,104.42,0,45.58,0,0,0,6,6,6,30,0.83333333
"Farquhar, Brooke ",December_2022,90700,None,126,126,0,228.08,1.81015873,228.08,0,779.92,0,0,0,1,1,1,-882,8
"Farquhar, Brooke ",December_2022,90707,None,150,150,0,187,1.24666667,187,0,263,0,0,0,1,1,1,-300,3
"Farquhar, Brooke ",December_2022,90713,None,224,224,0,239.52,1.06928571,239.52,0,544.48,0,0,0,2,2,2,-560,3.5
"Farquhar, Brooke ",December_2022,90715,None,65,65,0,11,0.16923077,11,0,54,0,0,0,1,1,1,0,1
"Farquhar, Brooke ",December_2022,90716,None,260,260,0,317,1.21923077,317,0,463,0,0,0,1,1,1,-520,3
"Farquhar, Brooke ",December_2022,92551,None,0,0,0,0,,0,0,0,0,0,0,0,0,0,0,
"Farquhar, Brooke ",December_2022,96372,None,0,0,0,12.48,,12.48,0,29.52,0,0,0,0,0,0,-42,
"Farquhar, Brooke ",December_2022,99173,None,0,0,0,0,,0,0,0,0,0,0,0,0,0,0,
"Farquhar, Brooke ",December_2022,99202,None,0,0,0,480.54,,480.54,0,576.46,0,0,0,0,0,0,-1057,
"Farquhar, Brooke ",December_2022,99203,None,0,0,0,258.73,,218.73,40,319.19,0,0,0,0,0,0,-577.92,
"Farquhar, Brooke ",December_2022,99212,None,0,0,0,49.3,,49.3,0,39.7,0,0,0,0,0,0,-89,
"Farquhar, Brooke ",December_2022,99213,None,147,147,0,3960.93,26.94510204,3787.88,173.05,3785.81,0,0,0,1,1,1,-7599.74,52.69891156
"Farquhar, Brooke ",December_2022,99381,None,0,0,0,176.1,,176.1,0,463.9,0,0,0,0,0,0,-640,
"Farquhar, Brooke ",December_2022,99382,None,0,0,0,457.88,,457.88,0,142.12,0,65,0,0,0,0,-665,
"Farquhar, Brooke ",December_2022,99383,None,0,0,0,714.26,,714.26,0,366.02,0,0,0,0,0,0,-1080.28,
"Farquhar, Brooke ",December_2022,99384,None,0,0,0,251.47,,251.47,0,180.53,0,0,0,0,0,0,-432,
"Farquhar, Brooke ",December_2022,99391,None,0,0,0,499.49,,499.49,0,600.51,0,0,0,0,0,0,-1100,
"Farquhar, Brooke ",December_2022,99392,None,0,0,0,272.89,,272.89,0,102.11,0,0,0,0,0,0,-375,
"Farquhar, Brooke ",December_2022,99393,None,0,0,0,117.9,,117.9,0,48.1,0,0,0,0,0,0,-166,
"Farquhar, Brooke ",December_2022,99394,None,0,0,0,129.69,,129.69,0,56.31,0,0,0,0,0,0,-186,
"Farquhar, Brooke ",December_2022,G8431,None,0,0,0,0,,0,0,0,0,0,0,0,0,0,0,
"Farquhar, Brooke ",December_2022,G8432,None,0,0,0,0,,0,0,0,0,0,0,0,0,0,0,
"Farquhar, Brooke ",December_2022,G8482,None,0,0,0,0,,0,0,0,0,0,0,3,3,3,0,
"Farquhar, Brooke ",December_2022,G8483,None,0,0,0,0,,0,0,0,0,0,0,0,0,0,0,
"Farquhar, Brooke ",December_2022,G8510,None,0,0,0,0,,0,0,0,0,0,0,0,0,0,0,
"Farquhar, Brooke ",December_2022,INTBL,None,0,0,0,0.13,,0.13,0,0,0,0,0,0,0,0,-0.13,
"Feinman, Caroline C",April_2022,99214,None,0,0,0,30,,0,30,0,0,0,0,0,0,0,-30,
"Feinman, Caroline C",May_2022,99213,None,0,0,0,10,,0,10,0,0,0,0,0,0,0,-10,
"Feinman, Caroline C",May_2022,99214,None,0,0,0,70,,0,70,0,0,0,0,0,0,0,-70,
"Feinman, Caroline C",June_2022,99214,None,0,0,0,40,,0,40,0,0,0,0,0,0,0,-40,
"Feinman, Caroline C",June_2022,99215,None,0,0,0,25,,0,25,0,0,0,0,0,0,0,-25,
"Feinman, Caroline C",June_2022,99454,None,0,0,0,35,,0,35,0,0,0,0,0,0,0,-35,
"Feinman, Caroline C",June_2022,99490,None,0,0,0,3,,0,3,0,0,0,0,0,0,0,-3,
"Feinman, Caroline C",July_2022,99214,None,0,0,0,25,,0,25,0,0,0,0,0,0,0,-25,
"Feinman, Caroline C",July_2022,99454,None,0,0,0,9.44,,0,9.44,0,0,0,0,0,0,0,-9.44,
"Feinman, Caroline C",July_2022,99457,None,0,0,0,30.56,,0,30.56,0,0,0,0,0,0,0,-30.56,
"Feinman, Caroline C",August_2022,1036F,None,0,0,0,0,,0,0,0,0,0,0,22,22,22,0,
"Feinman, Caroline C",August_2022,1123F,None,0,0,0,0,,0,0,0,0,0,0,1,1,1,0,
"Feinman, Caroline C",August_2022,2024F,None,0,0,0,0,,0,0,0,0,0,0,2,2,2,0,
"Feinman, Caroline C",August_2022,3017F,None,0,0,0,0,,0,0,0,0,0,0,5,5,5,0,
"Feinman, Caroline C",August_2022,3046F,None,0,0,0,0,,0,0,0,0,0,0,2,2,2,0,
"Feinman, Caroline C",August_2022,81025,None,40,40,0,0,0,0,0,0,0,0,0,2,2,2,40,0
"Feinman, Caroline C",August_2022,90471,None,84,84,0,0,0,0,0,0,0,0,0,2,2,2,84,0
"Feinman, Caroline C",August_2022,90670,None,460,460,0,0,0,0,0,0,0,0,0,1,1,1,460,0
"Feinman, Caroline C",August_2022,90715,None,60,60,0,0,0,0,0,0,0,0,0,1,1,1,60,0
"Feinman, Caroline C",August_2022,93000,None,35,35,0,0,0,0,0,0,0,0,0,1,1,1,35,0
"Feinman, Caroline C",August_2022,94010,None,73,73,0,0,0,0,0,0,0,0,0,1,1,1,73,0
"Feinman, Caroline C",August_2022,99203,None,868,868,0,0,0,0,0,0,0,0,0,4,4,4,868,0
"Feinman, Caroline C",August_2022,99214,None,0,0,0,35,,0,35,0,0,0,0,0,0,0,-35,
"Feinman, Caroline C",August_2022,99215,None,0,0,0,70,,0,70,0,0,0,0,0,0,0,-70,
"Feinman, Caroline C",August_2022,99385,None,3615,3615,0,0,0,0,0,0,0,0,0,15,15,15,3615,0
"Feinman, Caroline C",August_2022,99386,None,2448,2448,0,10,0.00408497,0,10,0,0,0,0,9,9,9,2438,0.00408497
"Feinman, Caroline C",August_2022,99395,None,206,206,0,0,0,0,0,0,0,0,0,1,1,1,206,0
"Feinman, Caroline C",August_2022,G0030,None,0,0,0,0,,0,0,0,0,0,0,1,1,1,0,
"Feinman, Caroline C",August_2022,G8400,None,0,0,0,0,,0,0,0,0,0,0,2,2,2,0,
"Feinman, Caroline C",August_2022,G8417,None,0,0,0,0,,0,0,0,0,0,0,13,13,13,0,
"Feinman, Caroline C",August_2022,G8419,None,0,0,0,0,,0,0,0,0,0,0,1,1,1,0,
"Feinman, Caroline C",August_2022,G8420,None,0,0,0,0,,0,0,0,0,0,0,14,14,14,0,
"Feinman, Caroline C",August_2022,G8421,None,0,0,0,0,,0,0,0,0,0,0,1,1,1,0,
"Feinman, Caroline C",August_2022,G8427,None,0,0,0,0,,0,0,0,0,0,0,29,29,29,0,
"Feinman, Caroline C",August_2022,G8431,None,0,0,0,0,,0,0,0,0,0,0,3,3,3,0,
"Feinman, Caroline C",August_2022,G8510,None,0,0,0,0,,0,0,0,0,0,0,26,26,26,0,
"Feinman, Caroline C",August_2022,G8752,None,0,0,0,0,,0,0,0,0,0,0,2,2,2,0,
"Feinman, Caroline C",August_2022,G8753,None,0,0,0,0,,0,0,0,0,0,0,1,1,1,0,
"Feinman, Caroline C",August_2022,G8754,None,0,0,0,0,,0,0,0,0,0,0,3,3,3,0,
"Feinman, Caroline C",August_2022,G8783,None,0,0,0,0,,0,0,0,0,0,0,26,26,26,0,
"Feinman, Caroline C",August_2022,G8950,None,0,0,0,0,,0,0,0,0,0,0,2,2,2,0,
"Feinman, Caroline C",August_2022,G9899,None,0,0,0,0,,0,0,0,0,0,0,2,2,2,0,
"Feinman, Caroline C",August_2022,G9902,None,0,0,0,0,,0,0,0,0,0,0,8,8,8,0,
"Feinman, Caroline C",August_2022,G9903,None,0,0,0,0,,0,0,0,0,0,0,21,21,21,0,
"Feinman, Caroline C",August_2022,G9906,None,0,0,0,0,,0,0,0,0,0,0,3,3,3,0,
"Feinman, Caroline C",August_2022,G9908,None,0,0,0,0,,0,0,0,0,0,0,3,3,3,0,
"Feinman, Caroline C",August_2022,G9990,None,0,0,0,0,,0,0,0,0,0,0,2,2,2,0,
"Feinman, Caroline C",August_2022,G9991,None,0,0,0,0,,0,0,0,0,0,0,1,1,1,0,
"Feinman, Caroline C",September_2022,1036F,None,0,0,0,0,,0,0,0,0,0,0,111,113,113,0,
"Feinman, Caroline C",September_2022,1123F,None,0,0,0,0,,0,0,0,0,0,0,2,2,2,0,
"Feinman, Caroline C",September_2022,17110,None,226,226,0,0,0,0,0,0,0,0,0,1,1,1,226,0
"Feinman, Caroline C",September_2022,2022F,None,0,0,0,0,,0,0,0,0,0,0,3,3,3,0,
"Feinman, Caroline C",September_2022,2023F,None,0,0,0,0,,0,0,0,0,0,0,1,1,1,0,
"Feinman, Caroline C",September_2022,2024F,None,0,0,0,0,,0,0,0,0,0,0,5,5,5,0,
"Feinman, Caroline C",September_2022,20526,None,314,314,0,0,0,0,0,0,0,0,0,1,1,1,314,0
"Feinman, Caroline C",September_2022,20610,None,488,488,0,0,0,0,0,161.5,0,0,0,3,3,3,326.5,0.33094262
"Feinman, Caroline C",September_2022,3017F,None,0,0,0,0,,0,0,0,0,0,0,34,36,36,0,
"Feinman, Caroline C",September_2022,3046F,None,0,0,0,0,,0,0,0,0,0,0,5,5,5,0,
"Feinman, Caroline C",September_2022,3051F,None,0,0,0,0,,0,0,0,0,0,0,2,2,2,0,
"Feinman, Caroline C",September_2022,81003,None,24,24,0,0,0,0,0,0,0,0,0,2,2,2,24,0
"Feinman, Caroline C",September_2022,81025,None,0,0,0,5.17,,5.17,0,29.66,0,0,0,0,0,0,-34.83,
"Feinman, Caroline C",September_2022,87426,None,150,150,0,0,0,0,0,0,0,0,0,2,2,2,150,0
"Feinman, Caroline C",September_2022,87804,None,120,120,0,0,0,0,0,0,0,0,0,3,3,6,120,0
"Feinman, Caroline C",September_2022,87811,None,75,75,0,0,0,0,0,0,0,0,0,1,1,1,75,0
"Feinman, Caroline C",September_2022,87880,None,32,32,0,0,0,0,0,0,0,0,0,1,1,1,32,0
"Feinman, Caroline C",September_2022,90471,None,840,840,0,99.5,0.11845238,99.5,0,152.5,0,0,0,20,20,20,588,0.3
"Feinman, Caroline C",September_2022,90633,None,52,52,0,37,0.71153846,37,0,15,0,0,0,1,1,1,0,1
"Feinman, Caroline C",September_2022,90662,None,75,75,0,0,0,0,0,0,0,0,0,1,1,1,75,0
"Feinman, Caroline C",September_2022,90670,None,0,0,0,211.86,,211.86,0,248.14,0,0,0,0,0,0,-460,
"Feinman, Caroline C",September_2022,90688,None,570,570,0,99.7,0.17491228,99.7,0,50.3,0,0,0,19,19,19,420,0.26315789
"Feinman, Caroline C",September_2022,90715,None,60,60,0,0,0,0,0,0,0,0,0,1,1,1,60,0
"Feinman, Caroline C",September_2022,93000,None,70,70,0,11.92,0.17028571,11.92,0,23.08,0,0,0,2,2,2,35,0.5
"Feinman, Caroline C",September_2022,94010,None,0,0,0,0,,0,0,35.66,0,0,0,0,0,0,-35.66,
"Feinman, Caroline C",September_2022,94761,None,10,10,0,0,0,0,0,0,0,0,0,1,1,1,10,0
"Feinman, Caroline C",September_2022,99203,None,1085,1085,0,537.6,0.49548387,527.6,10,730.19,0,0,0,5,5,5,-182.79,1.16847005
"Feinman, Caroline C",September_2022,99204,None,1650,1650,0,142.2,0.08618182,112.2,30,189.18,0,0,0,5,5,5,1318.62,0.20083636
"Feinman, Caroline C",September_2022,99205,None,2080,2080,0,0,0,0,0,0,0,0,0,5,5,5,2080,0
"Feinman, Caroline C",September_2022,99213,None,588,588,0,164.81,0.28028912,164.81,0,200.64,0,0,0,4,4,4,222.55,0.62151361
"Feinman, Caroline C",September_2022,99214,None,7000,6750,250,1234.87,0.17641,701.59,533.28,1128.45,0,0,0,28,28,28,4636.68,0.33761714
"Feinman, Caroline C",September_2022,99215,None,876,876,0,156.23,0.17834475,126.23,30,165.77,0,0,0,3,3,3,554,0.36757991
"Feinman, Caroline C",September_2022,99385,None,8676,8676,0,4439.1,0.51165284,4374.1,65,3819.9,0,0,0,36,36,36,417,0.95193638
"Feinman, Caroline C",September_2022,99386,None,10336,10336,0,4641.65,0.44907604,4364.04,277.61,3915.35,0,0,0,38,38,38,1779,0.82788313
"Feinman, Caroline C",September_2022,99395,None,412,412,0,239.66,0.58169903,219.66,20,192.34,0,0,0,2,2,2,-20,1.04854369
"Feinman, Caroline C",September_2022,99396,None,226,226,0,0,0,0,0,0,0,0,0,1,1,1,226,0
"Feinman, Caroline C",September_2022,99490,None,85,85,0,42.4,0.49882353,42.4,0,31.78,0,0,0,1,1,1,10.82,0.87270588
"Feinman, Caroline C",September_2022,G0008,None,84,84,0,0,0,0,0,0,0,0,0,2,2,2,84,0
"Feinman, Caroline C",September_2022,G0030,None,0,0,0,0,,0,0,0,0,0,0,0,0,0,0,
"Feinman, Caroline C",September_2022,G8399,None,0,0,0,0,,0,0,0,0,0,0,2,2,2,0,
"Feinman, Caroline C",September_2022,G8400,None,0,0,0,0,,0,0,0,0,0,0,5,5,5,0,
"Feinman, Caroline C",September_2022,G8417,None,0,0,0,0,,0,0,0,0,0,0,44,44,44,0,
"Feinman, Caroline C",September_2022,G8418,None,0,0,0,0,,0,0,0,0,0,0,6,6,6,0,
"Feinman, Caroline C",September_2022,G8419,None,0,0,0,0,,0,0,0,0,0,0,4,5,5,0,
"Feinman, Caroline C",September_2022,G8420,None,0,0,0,0,,0,0,0,0,0,0,71,71,71,0,
"Feinman, Caroline C",September_2022,G8421,None,0,0,0,0,,0,0,0,0,0,0,0,0,0,0,
"Feinman, Caroline C",September_2022,G8427,None,0,0,0,0,,0,0,0,0,0,0,124,126,126,0,
"Feinman, Caroline C",September_2022,G8431,None,0,0,0,0,,0,0,0,0,0,0,16,16,16,0,
"Feinman, Caroline C",September_2022,G8482,None,0,0,0,0,,0,0,0,0,0,0,17,17,17,0,
"Feinman, Caroline C",September_2022,G8510,None,0,0,0,0,,0,0,0,0,0,0,106,108,108,0,
"Feinman, Caroline C",September_2022,G8752,None,0,0,0,0,,0,0,0,0,0,0,2,2,2,0,
"Feinman, Caroline C",September_2022,G8753,None,0,0,0,0,,0,0,0,0,0,0,3,3,3,0,
"Feinman, Caroline C",September_2022,G8754,None,0,0,0,0,,0,0,0,0,0,0,1,1,1,0,
"Feinman, Caroline C",September_2022,G8755,None,0,0,0,0,,0,0,0,0,0,0,4,4,4,0,
"Feinman, Caroline C",September_2022,G8783,None,0,0,0,0,,0,0,0,0,0,0,112,113,113,0,
"Feinman, Caroline C",September_2022,G8785,None,0,0,0,0,,0,0,0,0,0,0,1,1,1,0,
"Feinman, Caroline C",September_2022,G8950,None,0,0,0,0,,0,0,0,0,0,0,4,5,5,0,
"Feinman, Caroline C",September_2022,G9708,None,0,0,0,0,,0,0,0,0,0,0,1,1,1,0,
"Feinman, Caroline C",September_2022,G9711,None,0,0,0,0,,0,0,0,0,0,0,1,1,1,0,
"Feinman, Caroline C",September_2022,G9899,None,0,0,0,0,,0,0,0,0,0,0,1,1,1,0,
"Feinman, Caroline C",September_2022,G9900,None,0,0,0,0,,0,0,0,0,0,0,20,21,21,0,
"Feinman, Caroline C",September_2022,G9902,None,0,0,0,0,,0,0,0,0,0,0,12,12,12,0,
"Feinman, Caroline C",September_2022,G9903,None,0,0,0,0,,0,0,0,0,0,0,113,114,114,0,
"Feinman, Caroline C",September_2022,G9906,None,0,0,0,0,,0,0,0,0,0,0,7,7,7,0,
"Feinman, Caroline C",September_2022,G9908,None,0,0,0,0,,0,0,0,0,0,0,4,4,4,0,
"Feinman, Caroline C",September_2022,G9990,None,0,0,0,0,,0,0,0,0,0,0,9,9,9,0,
"Feinman, Caroline C",September_2022,G9991,None,0,0,0,0,,0,0,0,0,0,0,4,4,4,0,
"Feinman, Caroline C",September_2022,INTBL,None,0.01,0.01,0,0,0,0,0,0,0,0,0,1,1,1,0.01,0
"Feinman, Caroline C",September_2022,J3301,None,77.8,77.8,0,0,0,0,0,32.56,0,0,0,4,4,20,45.24,0.418509
"Feinman, Caroline C",October_2022,1036F,None,0,0,0,0,,0,0,0,0,0,0,137,139,139,0,
"Feinman, Caroline C",October_2022,1123F,None,0,0,0,0,,0,0,0,0,0,0,1,1,1,0,
"Feinman, Caroline C",October_2022,1126F,None,0,0,0,0,,0,0,0,0,0,0,1,1,1,0,
"Feinman, Caroline C",October_2022,1158F,None,0,0,0,0,,0,0,0,0,0,0,1,1,1,0,
"Feinman, Caroline C",October_2022,1160F,None,0,0,0,0,,0,0,0,0,0,0,1,1,1,0,
"Feinman, Caroline C",October_2022,1170F,None,0,0,0,0,,0,0,0,0,0,0,1,1,1,0,
"Feinman, Caroline C",October_2022,17110,None,0,0,0,105.89,,105.89,0,120.11,0,0,0,0,0,0,-226,
"Feinman, Caroline C",October_2022,2022F,None,0,0,0,0,,0,0,0,0,0,0,7,7,7,0,
"Feinman, Caroline C",October_2022,2023F,None,0,0,0,0,,0,0,0,0,0,0,2,2,2,0,
"Feinman, Caroline C",October_2022,2024F,None,0,0,0,0,,0,0,0,0,0,0,7,7,7,0,
"Feinman, Caroline C",October_2022,2026F,None,0,0,0,0,,0,0,0,0,0,0,1,1,1,0,
"Feinman, Caroline C",October_2022,20526,None,0,0,0,89.31,,89.31,0,184.69,0,0,0,0,0,0,-274,
"Feinman, Caroline C",October_2022,20610,None,488,488,0,176.88,0.36245902,166.88,10,199.12,0,0,0,3,3,3,112,0.7704918
"Feinman, Caroline C",October_2022,3017F,None,0,0,0,0,,0,0,0,0,0,0,41,43,43,0,
"Feinman, Caroline C",October_2022,3044F,None,0,0,0,0,,0,0,0,0,0,0,2,2,2,0,
"Feinman, Caroline C",October_2022,3046F,None,0,0,0,0,,0,0,0,0,0,0,2,3,3,0,
"Feinman, Caroline C",October_2022,3051F,None,0,0,0,0,,0,0,0,0,0,0,3,3,3,0,
"Feinman, Caroline C",October_2022,3052F,None,0,0,0,0,,0,0,0,0,0,0,3,3,3,0,
"Feinman, Caroline C",October_2022,81003,None,24,24,0,2.59,0.10791667,2.59,0,31.28,0,0,0,2,2,2,-9.87,1.41125
"Feinman, Caroline C",October_2022,81025,None,0,0,0,5.17,,0,5.17,0,0,0,0,0,0,0,-5.17,
"Feinman, Caroline C",October_2022,87426,None,375,375,0,195.43,0.52114667,195.43,0,179.57,0,0,0,5,5,5,0,1
"Feinman, Caroline C",October_2022,87804,None,240,240,0,147.38,0.61408333,127.52,19.86,89.68,0,0,0,6,6,12,2.94,0.98775
"Feinman, Caroline C",October_2022,87811,None,75,75,0,24.34,0.32453333,24.34,0,50.66,0,0,0,1,1,1,0,1
"Feinman, Caroline C",October_2022,87880,None,0,0,0,16.2,,16.2,0,15.8,0,0,0,0,0,0,-32,
"Feinman, Caroline C",October_2022,90471,None,882,882,0,305.43,0.34629252,305.43,0,576.57,0,0,0,21,21,21,0,1
"Feinman, Caroline C",October_2022,90472,None,26,26,0,0,0,0,0,0,0,0,0,1,1,1,26,0
"Feinman, Caroline C",October_2022,90662,None,525,525,0,274.16,0.52220952,274.16,0,100.84,0,0,0,7,7,7,150,0.71428571
"Feinman, Caroline C",October_2022,90670,None,460,460,0,0,0,0,0,0,0,0,0,1,1,1,460,0
"Feinman, Caroline C",October_2022,90688,None,660,660,0,428.3,0.64893939,428.3,0,201.7,0,0,0,22,22,22,30,0.95454545
"Feinman, Caroline C",October_2022,90715,None,60,60,0,49,0.81666667,49,0,11,0,0,0,1,1,1,0,1
"Feinman, Caroline C",October_2022,93000,None,105,105,0,28.09,0.26752381,28.09,0,41.91,0,0,0,3,3,3,35,0.66666667
"Feinman, Caroline C",October_2022,94010,None,0,0,0,37.34,,0,37.34,0,0,0,0,0,0,0,-37.34,
"Feinman, Caroline C",October_2022,94761,None,0,0,0,0,,0,0,10,0,0,0,0,0,0,-10,
"Feinman, Caroline C",October_2022,99000,None,15,15,0,0,0,0,0,15,0,0,0,1,1,1,0,1
"Feinman, Caroline C",October_2022,99203,None,434,434,0,329.18,0.75847926,304.18,25,336.82,0,0,0,2,2,2,-232,1.53456221
"Feinman, Caroline C",October_2022,99204,None,4950,4950,0,1449.8,0.29288889,1424.8,25,2087.2,0,0,0,15,15,15,1413,0.71454545
"Feinman, Caroline C",October_2022,99205,None,416,416,0,887.38,2.133125,887.38,0,1116.92,0,0,0,1,1,1,-1588.3,4.81802885
"Feinman, Caroline C",October_2022,99213,None,294,294,0,128.22,0.43612245,53.22,75,84.33,0,0,0,2,2,2,81.45,0.72295918
"Feinman, Caroline C",October_2022,99214,None,19500,19500,0,4054.74,0.20793538,2830,1224.74,5720.1,0,140,0,78,78,78,9585.16,0.50845333
"Feinman, Caroline C",October_2022,99215,None,5548,5548,0,765.09,0.13790375,565.25,199.84,703.91,0,0,0,18,19,19,4079,0.2647801
"Feinman, Caroline C",October_2022,99385,None,3856,3856,0,2397.9,0.62186203,2367.9,30,2693.1,0,0,0,16,16,16,-1235,1.32028008
"Feinman, Caroline C",October_2022,99386,None,4352,4352,0,3081.62,0.70809283,3011.62,70,2972.38,0,0,0,16,16,16,-1702,1.39108456
"Feinman, Caroline C",October_2022,99395,None,824,824,0,352.91,0.42828883,327.91,25,290.09,0,0,0,4,4,4,181,0.78033981
"Feinman, Caroline C",October_2022,99396,None,904,904,0,110.36,0.12207965,110.36,0,115.64,0,0,0,4,4,4,678,0.25
"Feinman, Caroline C",October_2022,99439,None,80,80,0,48.16,0.602,48.16,0,31.84,0,0,0,1,1,1,0,1
"Feinman, Caroline C",October_2022,99454,None,0,0,0,22.79,,0,22.79,0,0,0,0,0,0,0,-22.79,
"Feinman, Caroline C",October_2022,99457,None,0,0,0,17.21,,0,17.21,0,0,0,0,0,0,0,-17.21,
"Feinman, Caroline C",October_2022,99490,None,425,425,0,257.54,0.60597647,254.48,3.06,148.88,0,0,0,5,5,5,18.58,0.95628235
"Feinman, Caroline C",October_2022,99497,None,170,170,0,84.97,0.49982353,84.97,0,85.03,0,0,0,1,1,1,0,1
"Feinman, Caroline C",October_2022,G0008,None,336,336,0,170.87,0.50854167,170.87,0,81.13,0,0,0,8,8,8,84,0.75
"Feinman, Caroline C",October_2022,G0009,None,55,55,0,0,0,0,0,0,0,0,0,1,1,1,55,0
"Feinman, Caroline C",October_2022,G0439,None,236,236,0,131.84,0.55864407,131.84,0,104.16,0,0,0,1,1,1,0,1
"Feinman, Caroline C",October_2022,G0444,None,37,37,0,18.59,0.50243243,18.59,0,18.41,0,0,0,1,1,1,0,1
"Feinman, Caroline C",October_2022,G8399,None,0,0,0,0,,0,0,0,0,0,0,3,3,3,0,
"Feinman, Caroline C",October_2022,G8400,None,0,0,0,0,,0,0,0,0,0,0,12,12,12,0,
"Feinman, Caroline C",October_2022,G8417,None,0,0,0,0,,0,0,0,0,0,0,57,59,59,0,
"Feinman, Caroline C",October_2022,G8418,None,0,0,0,0,,0,0,0,0,0,0,8,8,8,0,
"Feinman, Caroline C",October_2022,G8419,None,0,0,0,0,,0,0,0,0,0,0,2,2,2,0,
"Feinman, Caroline C",October_2022,G8420,None,0,0,0,0,,0,0,0,0,0,0,79,80,80,0,
"Feinman, Caroline C",October_2022,G8421,None,0,0,0,0,,0,0,0,0,0,0,0,0,0,0,
"Feinman, Caroline C",October_2022,G8427,None,0,0,0,0,,0,0,0,0,0,0,150,153,153,0,
"Feinman, Caroline C",October_2022,G8431,None,0,0,0,0,,0,0,0,0,0,0,16,16,16,0,
"Feinman, Caroline C",October_2022,G8482,None,0,0,0,0,,0,0,0,0,0,0,65,67,67,0,
"Feinman, Caroline C",October_2022,G8483,None,0,0,0,0,,0,0,0,0,0,0,65,65,65,0,
"Feinman, Caroline C",October_2022,G8484,None,0,0,0,0,,0,0,0,0,0,0,17,17,17,0,
"Feinman, Caroline C",October_2022,G8510,None,0,0,0,0,,0,0,0,0,0,0,135,137,137,0,
"Feinman, Caroline C",October_2022,G8734,None,0,0,0,0,,0,0,0,0,0,0,1,1,1,0,
"Feinman, Caroline C",October_2022,G8752,None,0,0,0,0,,0,0,0,0,0,0,0,0,0,0,
"Feinman, Caroline C",October_2022,G8753,None,0,0,0,0,,0,0,0,0,0,0,5,5,6,0,
"Feinman, Caroline C",October_2022,G8754,None,0,0,0,0,,0,0,0,0,0,0,3,3,3,0,
"Feinman, Caroline C",October_2022,G8755,None,0,0,0,0,,0,0,0,0,0,0,2,2,2,0,
"Feinman, Caroline C",October_2022,G8783,None,0,0,0,0,,0,0,0,0,0,0,134,137,137,0,
"Feinman, Caroline C",October_2022,G8785,None,0,0,0,0,,0,0,0,0,0,0,0,0,0,0,
"Feinman, Caroline C",October_2022,G8950,None,0,0,0,0,,0,0,0,0,0,0,7,7,7,0,
"Feinman, Caroline C",October_2022,G9708,None,0,0,0,0,,0,0,0,0,0,0,0,0,0,0,
"Feinman, Caroline C",October_2022,G9711,None,0,0,0,0,,0,0,0,0,0,0,1,1,1,0,
"Feinman, Caroline C",October_2022,G9716,None,0,0,0,0,,0,0,0,0,0,0,1,1,1,0,
"Feinman, Caroline C",October_2022,G9745,None,0,0,0,0,,0,0,0,0,0,0,3,3,3,0,
"Feinman, Caroline C",October_2022,G9899,None,0,0,0,0,,0,0,0,0,0,0,9,9,9,0,
"Feinman, Caroline C",October_2022,G9900,None,0,0,0,0,,0,0,0,0,0,0,20,20,20,0,
"Feinman, Caroline C",October_2022,G9902,None,0,0,0,0,,0,0,0,0,0,0,17,18,18,0,
"Feinman, Caroline C",October_2022,G9903,None,0,0,0,0,,0,0,0,0,0,0,136,138,138,0,
"Feinman, Caroline C",October_2022,G9906,None,0,0,0,0,,0,0,0,0,0,0,7,8,8,0,
"Feinman, Caroline C",October_2022,G9907,None,0,0,0,0,,0,0,0,0,0,0,4,4,4,0,
"Feinman, Caroline C",October_2022,G9908,None,0,0,0,0,,0,0,0,0,0,0,3,3,3,0,
"Feinman, Caroline C",October_2022,G9989,None,0,0,0,0,,0,0,0,0,0,0,2,2,2,0,
"Feinman, Caroline C",October_2022,G9990,None,0,0,0,0,,0,0,0,0,0,0,16,16,16,0,
"Feinman, Caroline C",October_2022,G9991,None,0,0,0,0,,0,0,0,0,0,0,5,5,5,0,
"Feinman, Caroline C",October_2022,G9996,None,0,0,0,0,,0,0,0,0,0,0,1,1,1,0,
"Feinman, Caroline C",October_2022,J3301,None,62.24,62.24,0,18.66,0.2998072,18.66,0,43.58,0,0,0,3,3,16,0,1
"Feinman, Caroline C",November_2022,1036F,None,0,0,0,0,,0,0,0,0,0,0,126,130,130,0,
"Feinman, Caroline C",November_2022,1123F,None,0,0,0,0,,0,0,0,0,0,0,3,3,3,0,
"Feinman, Caroline C",November_2022,1124F,None,0,0,0,0,,0,0,0,0,0,0,1,1,1,0,
"Feinman, Caroline C",November_2022,1125F,None,0,0,0,0,,0,0,0,0,0,0,3,3,3,0,
"Feinman, Caroline C",November_2022,1126F,None,0,0,0,0,,0,0,0,0,0,0,1,1,1,0,
"Feinman, Caroline C",November_2022,1158F,None,0,0,0,0,,0,0,0,0,0,0,2,2,2,0,
"Feinman, Caroline C",November_2022,1160F,None,0,0,0,0,,0,0,0,0,0,0,4,4,4,0,
"Feinman, Caroline C",November_2022,1170F,None,0,0,0,0,,0,0,0,0,0,0,4,4,4,0,
"Feinman, Caroline C",November_2022,17110,None,226,226,0,0,0,0,0,0,0,0,0,1,1,1,226,0
"Feinman, Caroline C",November_2022,2022F,None,0,0,0,0,,0,0,0,0,0,0,3,3,3,0,
"Feinman, Caroline C",November_2022,2023F,None,0,0,0,0,,0,0,0,0,0,0,2,2,2,0,
"Feinman, Caroline C",November_2022,2024F,None,0,0,0,0,,0,0,0,0,0,0,1,1,1,0,
"Feinman, Caroline C",November_2022,2026F,None,0,0,0,0,,0,0,0,0,0,0,3,3,3,0,
"Feinman, Caroline C",November_2022,20526,None,314,314,0,130.21,0.41468153,90.21,40,201.24,0,0,0,1,1,1,-17.45,1.05557325
"Feinman, Caroline C",November_2022,20610,None,244,244,0,120.37,0.49331967,120.37,0,205.63,0,0,0,2,2,2,-82,1.33606557
"Feinman, Caroline C",November_2022,3017F,None,0,0,0,0,,0,0,0,0,0,0,40,41,41,0,
"Feinman, Caroline C",November_2022,3044F,None,0,0,0,0,,0,0,0,0,0,0,3,3,3,0,
"Feinman, Caroline C",November_2022,3046F,None,0,0,0,0,,0,0,0,0,0,0,2,2,2,0,
"Feinman, Caroline C",November_2022,3051F,None,0,0,0,0,,0,0,0,0,0,0,2,2,2,0,
"Feinman, Caroline C",November_2022,3052F,None,0,0,0,0,,0,0,0,0,0,0,1,1,1,0,
"Feinman, Caroline C",November_2022,81003,None,24,24,0,3.91,0.16291667,2.25,1.66,9.75,0,0,0,2,2,2,10.34,0.56916667
"Feinman, Caroline C",November_2022,81025,None,20,20,0,5.17,0.2585,0,5.17,0,0,0,0,1,1,1,14.83,0.2585
"Feinman, Caroline C",November_2022,87426,None,1275,1275,0,209.73,0.16449412,209.73,0,390.27,0,0,0,17,17,17,675,0.47058824
"Feinman, Caroline C",November_2022,87804,None,680,680,0,193.6,0.28470588,190.66,2.94,169.34,0,0,0,17,17,34,317.06,0.53373529
"Feinman, Caroline C",November_2022,87811,None,75,75,0,74.64,0.9952,74.64,0,75.36,0,0,0,1,1,1,-75,2
"Feinman, Caroline C",November_2022,87880,None,480,480,0,41.18,0.08579167,41.18,0,147.98,0,0,0,15,15,15,290.84,0.39408333
"Feinman, Caroline C",November_2022,90471,None,462,462,0,240.37,0.52028139,240.37,0,501.53,0,0,0,11,11,11,-279.9,1.60584416
"Feinman, Caroline C",November_2022,90472,None,0,0,0,0,,0,0,13.29,0,0,0,0,0,0,-13.29,
"Feinman, Caroline C",November_2022,90662,None,0,0,0,207.02,,207.02,0,17.98,0,0,0,0,0,0,-225,
"Feinman, Caroline C",November_2022,90670,None,460,460,0,252.83,0.54963043,252.83,0,207.17,0,0,0,1,1,1,0,1
"Feinman, Caroline C",November_2022,90688,None,300,300,0,406.09,1.35363333,406.09,0,193.91,0,0,0,10,10,10,-300,2
"Feinman, Caroline C",November_2022,90715,None,120,120,0,0,0,0,0,2.83,0,0,0,2,2,2,117.17,0.02358333
"Feinman, Caroline C",November_2022,90732,None,320,320,0,261.6,0.8175,261.6,0,58.4,0,0,0,2,2,2,0,1
"Feinman, Caroline C",November_2022,93000,None,0,0,0,32.66,,15.97,16.69,62.34,0,0,0,0,0,0,-95,
"Feinman, Caroline C",November_2022,99203,None,0,0,0,176.32,,176.32,0,232.68,0,0,0,0,0,0,-409,
"Feinman, Caroline C",November_2022,99204,None,1320,1320,0,1093.02,0.82804545,1043.02,50,1294.22,0,0,0,4,4,4,-1067.24,1.80851515
"Feinman, Caroline C",November_2022,99205,None,0,0,0,256.05,,256.05,0,235.65,0,0,0,0,0,0,-491.7,
"Feinman, Caroline C",November_2022,99213,None,147,147,0,45,0.30612245,0,45,0,0,0,0,1,1,1,102,0.30612245
"Feinman, Caroline C",November_2022,99214,None,22000,22000,0,8476.9,0.38531364,7000.19,1476.71,13439.85,0,0,0,85,88,88,83.25,0.99621591
"Feinman, Caroline C",November_2022,99215,None,4964,4964,0,2942.44,0.59275584,2775.75,166.69,3332.32,0,0,0,17,17,17,-1310.76,1.26405318
"Feinman, Caroline C",November_2022,99384,None,216,216,0,25,0.11574074,0,25,0,0,0,0,1,1,1,191,0.11574074
"Feinman, Caroline C",November_2022,99385,None,2892,2892,0,2280.43,0.78853043,2190.43,90,2388.57,0,0,0,12,12,12,-1777,1.61445367
"Feinman, Caroline C",November_2022,99386,None,3536,3536,0,2349.41,0.6644259,2329.41,20,2294.59,0,0,0,13,13,13,-1108,1.31334842
"Feinman, Caroline C",November_2022,99395,None,412,412,0,137.91,0.33473301,112.91,25,93.09,0,0,0,2,2,2,181,0.56067961
"Feinman, Caroline C",November_2022,99396,None,0,0,0,338.85,,338.85,0,339.15,0,0,0,0,0,0,-678,
"Feinman, Caroline C",November_2022,99439,None,80,80,0,32.09,0.401125,32.09,0,39.72,0,0,0,1,1,1,8.19,0.897625
"Feinman, Caroline C",November_2022,99490,None,680,680,0,361.3,0.53132353,361.3,0,222.88,0,0,0,8,8,8,95.82,0.85908824
"Feinman, Caroline C",November_2022,99497,None,170,170,0,71.06,0.418,56.62,14.44,98.94,0,0,0,1,1,1,0,1
"Feinman, Caroline C",November_2022,COLF,None,122.6,122.6,0,0,0,0,0,0,0,0,0,1,1,1,122.6,0
"Feinman, Caroline C",November_2022,G0008,None,42,42,0,137.14,3.2652381,137.14,0,72.86,0,0,0,1,1,1,-168,5
"Feinman, Caroline C",November_2022,G0009,None,165,165,0,88.02,0.53345455,88.02,0,76.98,0,0,0,3,3,3,0,1
"Feinman, Caroline C",November_2022,G0438,None,346,346,0,0,0,0,0,0,0,0,0,1,1,1,346,0
"Feinman, Caroline C",November_2022,G0439,None,708,708,0,0,0,0,0,236,0,0,0,3,3,3,472,0.33333333
"Feinman, Caroline C",November_2022,G0444,None,148,148,0,15.48,0.10459459,15.48,0,21.52,0,0,0,4,4,4,111,0.25
"Feinman, Caroline C",November_2022,G2181,None,0,0,0,0,,0,0,0,0,0,0,2,2,2,0,
"Feinman, Caroline C",November_2022,G8399,None,0,0,0,0,,0,0,0,0,0,0,7,7,7,0,
"Feinman, Caroline C",November_2022,G8400,None,0,0,0,0,,0,0,0,0,0,0,7,7,7,0,
"Feinman, Caroline C",November_2022,G8417,None,0,0,0,0,,0,0,0,0,0,0,53,54,54,0,
"Feinman, Caroline C",November_2022,G8418,None,0,0,0,0,,0,0,0,0,0,0,4,4,4,0,
"Feinman, Caroline C",November_2022,G8419,None,0,0,0,0,,0,0,0,0,0,0,0,0,0,0,
"Feinman, Caroline C",November_2022,G8420,None,0,0,0,0,,0,0,0,0,0,0,73,76,76,0,
"Feinman, Caroline C",November_2022,G8421,None,0,0,0,0,,0,0,0,0,0,0,0,0,0,0,
"Feinman, Caroline C",November_2022,G8427,None,0,0,0,0,,0,0,0,0,0,0,135,140,140,0,
"Feinman, Caroline C",November_2022,G8431,None,0,0,0,0,,0,0,0,0,0,0,13,13,13,0,
"Feinman, Caroline C",November_2022,G8433,None,0,0,0,0,,0,0,0,0,0,0,1,1,1,0,
"Feinman, Caroline C",November_2022,G8482,None,0,0,0,0,,0,0,0,0,0,0,65,67,67,0,
"Feinman, Caroline C",November_2022,G8483,None,0,0,0,0,,0,0,0,0,0,0,72,72,72,0,
"Feinman, Caroline C",November_2022,G8484,None,0,0,0,0,,0,0,0,0,0,0,2,3,3,0,
"Feinman, Caroline C",November_2022,G8510,None,0,0,0,0,,0,0,0,0,0,0,124,127,127,0,
"Feinman, Caroline C",November_2022,G8734,None,0,0,0,0,,0,0,0,0,0,0,4,4,4,0,
"Feinman, Caroline C",November_2022,G8752,None,0,0,0,0,,0,0,0,0,0,0,1,1,1,0,
"Feinman, Caroline C",November_2022,G8753,None,0,0,0,0,,0,0,0,0,0,0,5,5,5,0,
"Feinman, Caroline C",November_2022,G8754,None,0,0,0,0,,0,0,0,0,0,0,2,2,2,0,
"Feinman, Caroline C",November_2022,G8755,None,0,0,0,0,,0,0,0,0,0,0,4,4,4,0,
"Feinman, Caroline C",November_2022,G8756,None,0,0,0,0,,0,0,0,0,0,0,1,1,1,0,
"Feinman, Caroline C",November_2022,G8783,None,0,0,0,0,,0,0,0,0,0,0,117,122,122,0,
"Feinman, Caroline C",November_2022,G8785,None,0,0,0,0,,0,0,0,0,0,0,3,3,3,0,
"Feinman, Caroline C",November_2022,G8950,None,0,0,0,0,,0,0,0,0,0,0,1,1,1,0,
"Feinman, Caroline C",November_2022,G9708,None,0,0,0,0,,0,0,0,0,0,0,1,1,1,0,
"Feinman, Caroline C",November_2022,G9716,None,0,0,0,0,,0,0,0,0,0,0,1,1,1,0,
"Feinman, Caroline C",November_2022,G9745,None,0,0,0,0,,0,0,0,0,0,0,4,4,4,0,
"Feinman, Caroline C",November_2022,G9899,None,0,0,0,0,,0,0,0,0,0,0,9,9,9,0,
"Feinman, Caroline C",November_2022,G9900,None,0,0,0,0,,0,0,0,0,0,0,11,11,11,0,
"Feinman, Caroline C",November_2022,G9902,None,0,0,0,0,,0,0,0,0,0,0,10,10,10,0,
"Feinman, Caroline C",November_2022,G9903,None,0,0,0,0,,0,0,0,0,0,0,126,130,130,0,
"Feinman, Caroline C",November_2022,G9906,None,0,0,0,0,,0,0,0,0,0,0,4,4,4,0,
"Feinman, Caroline C",November_2022,G9907,None,0,0,0,0,,0,0,0,0,0,0,0,0,0,0,
"Feinman, Caroline C",November_2022,G9908,None,0,0,0,0,,0,0,0,0,0,0,6,6,6,0,
"Feinman, Caroline C",November_2022,G9989,None,0,0,0,0,,0,0,0,0,0,0,0,0,0,0,
"Feinman, Caroline C",November_2022,G9990,None,0,0,0,0,,0,0,0,0,0,0,12,13,13,0,
"Feinman, Caroline C",November_2022,G9991,None,0,0,0,0,,0,0,0,0,0,0,8,8,8,0,
"Feinman, Caroline C",November_2022,G9996,None,0,0,0,0,,0,0,0,0,0,0,0,0,0,0,
"Feinman, Caroline C",November_2022,INTBL,None,0.92,0.92,0,0.01,0.01086957,0.01,0,0,0,0,0,1,1,1,0.91,0.01086957
"Feinman, Caroline C",November_2022,J3301,None,38.9,38.9,0,10.47,0.26915167,8.73,1.74,28,0,0,0,3,3,10,0.43,0.98894602
"Feinman, Caroline C",December_2022,1036F,None,0,0,0,0,,0,0,0,0,0,0,185,198,198,0,
"Feinman, Caroline C",December_2022,1123F,None,0,0,0,0,,0,0,0,0,0,0,0,0,0,0,
"Feinman, Caroline C",December_2022,1125F,None,0,0,0,0,,0,0,0,0,0,0,0,0,0,0,
"Feinman, Caroline C",December_2022,1126F,None,0,0,0,0,,0,0,0,0,0,0,0,0,0,0,
"Feinman, Caroline C",December_2022,1158F,None,0,0,0,0,,0,0,0,0,0,0,0,0,0,0,
"Feinman, Caroline C",December_2022,1160F,None,0,0,0,0,,0,0,0,0,0,0,0,0,0,0,
"Feinman, Caroline C",December_2022,1170F,None,0,0,0,0,,0,0,0,0,0,0,0,0,0,0,
"Feinman, Caroline C",December_2022,17110,None,226,226,0,201.2,0.89026549,201.2,0,240.22,0,0,0,1,1,1,-215.42,1.95318584
"Feinman, Caroline C",December_2022,2022F,None,0,0,0,0,,0,0,0,0,0,0,10,10,10,0,
"Feinman, Caroline C",December_2022,2023F,None,0,0,0,0,,0,0,0,0,0,0,2,2,2,0,
"Feinman, Caroline C",December_2022,2024F,None,0,0,0,0,,0,0,0,0,0,0,6,6,6,0,
"Feinman, Caroline C",December_2022,2026F,None,0,0,0,0,,0,0,0,0,0,0,5,5,5,0,
"Feinman, Caroline C",December_2022,20526,None,0,0,0,22.55,,0,22.55,0,0,0,0,0,0,0,-22.55,
"Feinman, Caroline C",December_2022,20610,None,122,122,0,151.56,1.24229508,151.56,0,203.25,0,0,0,1,1,1,-232.81,2.90827869
"Feinman, Caroline C",December_2022,3017F,None,0,0,0,0,,0,0,0,0,0,0,69,73,73,0,
"Feinman, Caroline C",December_2022,3044F,None,0,0,0,0,,0,0,0,0,0,0,7,7,7,0,
"Feinman, Caroline C",December_2022,3046F,None,0,0,0,0,,0,0,0,0,0,0,6,6,6,0,
"Feinman, Caroline C",December_2022,3051F,None,0,0,0,10,,10,0,-10,0,0,0,4,5,5,0,
"Feinman, Caroline C",December_2022,3052F,None,0,0,0,0,,0,0,0,0,0,0,4,4,4,0,
"Feinman, Caroline C",December_2022,81003,None,120,120,0,9.9,0.0825,9.9,0,51.73,0,0,0,10,10,10,58.37,0.51358333
"Feinman, Caroline C",December_2022,81025,None,0,0,0,5.17,,5.17,0,14.83,0,0,0,0,0,0,-20,
"Feinman, Caroline C",December_2022,87426,None,1800,1800,0,652.58,0.36254444,652.58,0,1147.42,0,0,0,24,24,24,0,1
"Feinman, Caroline C",December_2022,87804,None,1040,1040,0,512.62,0.49290385,512.62,0,445.96,0,0,0,26,26,52,81.42,0.92171154
"Feinman, Caroline C",December_2022,87811,None,75,75,0,41.38,0.55173333,41.38,0,33.62,0,0,0,1,1,1,0,1
"Feinman, Caroline C",December_2022,87880,None,512,512,0,185.34,0.36199219,170.34,15,387.07,0,0,0,16,16,16,-60.41,1.11798828
"Feinman, Caroline C",December_2022,90471,None,84,84,0,152.36,1.81380952,138.26,14.1,276,0,0,0,2,2,2,-344.36,5.09952381
"Feinman, Caroline C",December_2022,90472,None,0,0,0,12.71,,0,12.71,0,0,0,0,0,0,0,-12.71,
"Feinman, Caroline C",December_2022,90662,None,0,0,0,0,,0,0,0,0,0,0,0,0,0,0,
"Feinman, Caroline C",December_2022,90670,None,460,460,0,551.78,1.19952174,551.78,0,368.22,0,0,0,1,1,1,-460,2
"Feinman, Caroline C",December_2022,90688,None,0,0,0,80.98,,80.98,0,39.02,0,0,0,0,0,0,-120,
"Feinman, Caroline C",December_2022,90715,None,65,65,0,156.35,2.40538462,99.18,57.17,145.82,0,0,0,1,1,1,-237.17,4.64876923
"Feinman, Caroline C",December_2022,90744,None,56,56,0,26,0.46428571,26,0,30,0,0,0,1,1,1,0,1
"Feinman, Caroline C",December_2022,93000,None,35,35,0,0,0,0,0,0,0,0,0,1,1,1,35,0
"Feinman, Caroline C",December_2022,99203,None,868,868,0,218.38,0.25158986,168.38,50,259.83,0,0,0,4,4,4,389.79,0.55093318
"Feinman, Caroline C",December_2022,99204,None,1980,1980,0,1050.11,0.53035859,979.35,70.76,1295.65,0,0,0,6,6,6,-365.76,1.18472727
"Feinman, Caroline C",December_2022,99205,None,832,832,0,366.57,0.44058894,366.57,0,427.58,0,0,0,2,2,2,37.85,0.95450721
"Feinman, Caroline C",December_2022,99213,None,0,0,0,62.67,,62.67,0,84.33,0,0,0,0,0,0,-147,
"Feinman, Caroline C",December_2022,99214,None,40750,40750,0,14013.7,0.34389448,11931.11,2082.59,22885.06,0,0,0,153,163,163,3851.24,0.90549104
"Feinman, Caroline C",December_2022,99215,None,7008,7008,0,2812.62,0.40134418,2612.62,200,3014.58,0,0,0,22,24,24,1180.8,0.83150685
"Feinman, Caroline C",December_2022,99384,None,216,216,0,235.18,1.0887963,235.18,0,196.82,0,0,0,1,1,1,-216,2
"Feinman, Caroline C",December_2022,99385,None,1928,1687,241,1219.95,0.63275415,1149.95,70,1260.05,0,121,0,8,8,8,-673,1.34906639
"Feinman, Caroline C",December_2022,99386,None,1632,1632,0,1136.48,0.69637255,1096.48,40,1079.52,0,0,0,6,6,6,-584,1.35784314
"Feinman, Caroline C",December_2022,99395,None,1236,1236,0,837.07,0.6772411,837.07,0,810.93,0,0,0,6,6,6,-412,1.33333333
"Feinman, Caroline C",December_2022,99396,None,678,678,0,300.83,0.44370206,300.83,0,377.17,0,0,0,3,3,3,0,1
"Feinman, Caroline C",December_2022,99439,None,160,160,0,72.37,0.4523125,72.37,0,79.44,0,0,0,2,2,2,8.19,0.9488125
"Feinman, Caroline C",December_2022,99453,None,50,50,0,25.2,0.504,25.2,0,18.38,0,0,0,2,2,2,6.42,0.8716
"Feinman, Caroline C",December_2022,99457,None,55,55,0,33.26,0.60472727,33.26,0,13.26,0,0,0,1,1,1,8.48,0.84581818
"Feinman, Caroline C",December_2022,99490,None,1275,1275,0,766.74,0.60136471,766.74,0,475.8,0,0,0,15,15,15,32.46,0.97454118
"Feinman, Caroline C",December_2022,G0008,None,0,0,0,0,,0,0,0,0,0,0,0,0,0,0,
"Feinman, Caroline C",December_2022,G0009,None,55,55,0,58.68,1.06690909,58.68,0,51.32,0,0,0,1,1,1,-55,2
"Feinman, Caroline C",December_2022,G0438,None,0,0,0,140.44,,140.44,0,205.56,0,0,0,0,0,0,-346,
"Feinman, Caroline C",December_2022,G0439,None,0,0,0,221.88,,221.88,0,250.12,0,0,0,0,0,0,-472,
"Feinman, Caroline C",December_2022,G0444,None,0,0,0,31.28,,31.28,0,79.72,0,0,0,0,0,0,-111,
"Feinman, Caroline C",December_2022,G2181,None,0,0,0,0,,0,0,0,0,0,0,0,0,0,0,
"Feinman, Caroline C",December_2022,G8399,None,0,0,0,0,,0,0,0,0,0,0,15,15,15,0,
"Feinman, Caroline C",December_2022,G8400,None,0,0,0,0,,0,0,0,0,0,0,9,9,9,0,
"Feinman, Caroline C",December_2022,G8417,None,0,0,0,0,,0,0,0,0,0,0,70,74,74,0,
"Feinman, Caroline C",December_2022,G8418,None,0,0,0,0,,0,0,0,0,0,0,6,7,7,0,
"Feinman, Caroline C",December_2022,G8419,None,0,0,0,0,,0,0,0,0,0,0,1,1,1,0,
"Feinman, Caroline C",December_2022,G8420,None,0,0,0,0,,0,0,0,0,0,0,105,110,110,0,
"Feinman, Caroline C",December_2022,G8421,None,0,0,0,0,,0,0,0,0,0,0,5,5,5,0,
"Feinman, Caroline C",December_2022,G8427,None,0,0,0,0,,0,0,0,0,0,0,200,217,217,0,
"Feinman, Caroline C",December_2022,G8428,None,0,0,0,0,,0,0,0,0,0,0,1,1,1,0,
"Feinman, Caroline C",December_2022,G8431,None,0,0,0,0,,0,0,0,0,0,0,16,18,18,0,
"Feinman, Caroline C",December_2022,G8432,None,0,0,0,0,,0,0,0,0,0,0,2,2,2,0,
"Feinman, Caroline C",December_2022,G8433,None,0,0,0,0,,0,0,0,0,0,0,1,1,1,0,
"Feinman, Caroline C",December_2022,G8482,None,0,0,0,0,,0,0,0,0,0,0,113,122,122,0,
"Feinman, Caroline C",December_2022,G8483,None,0,0,0,0,,0,0,0,0,0,0,93,97,97,0,
"Feinman, Caroline C",December_2022,G8484,None,0,0,0,0,,0,0,0,0,0,0,3,3,3,0,
"Feinman, Caroline C",December_2022,G8510,None,0,0,0,0,,0,0,0,0,0,0,185,196,196,0,
"Feinman, Caroline C",December_2022,G8734,None,0,0,0,0,,0,0,0,0,0,0,0,0,0,0,
"Feinman, Caroline C",December_2022,G8752,None,0,0,0,0,,0,0,0,0,0,0,11,12,12,0,
"Feinman, Caroline C",December_2022,G8753,None,0,0,0,0,,0,0,0,0,0,0,14,15,15,0,
"Feinman, Caroline C",December_2022,G8754,None,0,0,0,0,,0,0,0,0,0,0,14,16,16,0,
"Feinman, Caroline C",December_2022,G8755,None,0,0,0,0,,0,0,0,0,0,0,10,11,11,0,
"Feinman, Caroline C",December_2022,G8756,None,0,0,0,0,,0,0,0,0,0,0,3,3,3,0,
"Feinman, Caroline C",December_2022,G8783,None,0,0,0,0,,0,0,0,0,0,0,162,169,169,0,
"Feinman, Caroline C",December_2022,G8785,None,0,0,0,0,,0,0,0,0,0,0,10,10,10,0,
"Feinman, Caroline C",December_2022,G8950,None,0,0,0,0,,0,0,0,0,0,0,7,7,7,0,
"Feinman, Caroline C",December_2022,G8952,None,0,0,0,0,,0,0,0,0,0,0,1,1,1,0,
"Feinman, Caroline C",December_2022,G9716,None,0,0,0,0,,0,0,0,0,0,0,0,0,0,0,
"Feinman, Caroline C",December_2022,G9717,None,0,0,0,0,,0,0,0,0,0,0,1,1,1,0,
"Feinman, Caroline C",December_2022,G9745,None,0,0,0,0,,0,0,0,0,0,0,0,0,0,0,
"Feinman, Caroline C",December_2022,G9899,None,0,0,0,0,,0,0,0,0,0,0,19,19,19,0,
"Feinman, Caroline C",December_2022,G9900,None,0,0,0,0,,0,0,0,0,0,0,19,20,20,0,
"Feinman, Caroline C",December_2022,G9902,None,0,0,0,0,,0,0,0,0,0,0,16,20,20,0,
"Feinman, Caroline C",December_2022,G9903,None,0,0,0,0,,0,0,0,0,0,0,184,197,197,0,
"Feinman, Caroline C",December_2022,G9906,None,0,0,0,0,,0,0,0,0,0,0,8,9,9,0,
"Feinman, Caroline C",December_2022,G9907,None,0,0,0,0,,0,0,0,0,0,0,0,0,0,0,
"Feinman, Caroline C",December_2022,G9908,None,0,0,0,0,,0,0,0,0,0,0,7,10,10,0,
"Feinman, Caroline C",December_2022,G9989,None,0,0,0,0,,0,0,0,0,0,0,1,1,1,0,
"Feinman, Caroline C",December_2022,G9990,None,0,0,0,0,,0,0,0,0,0,0,17,18,18,0,
"Feinman, Caroline C",December_2022,G9991,None,0,0,0,0,,0,0,0,0,0,0,10,10,10,0,
"Feinman, Caroline C",December_2022,J3301,None,15.56,15.56,0,12.58,0.80848329,12.15,0.43,33.66,0,0,0,1,1,4,-30.68,2.97172237
"Garrett, Amanda ",August_2022,99214,None,0,0,0,30,,0,30,0,0,0,0,0,0,0,-30,
"Garrett, Amanda ",August_2022,99395,None,0,0,0,15,,0,15,0,0,0,0,0,0,0,-15,
"Garrett, Amanda ",September_2022,99213,None,0,0,0,3.22,,0,3.22,0,0,0,0,0,0,0,-3.22,
"Garrett, Amanda ",October_2022,99213,None,0,0,0,10.08,,0,10.08,0,0,0,0,0,0,0,-10.08,
"Garrett, Amanda ",November_2022,99214,None,0,0,0,25,,0,25,0,0,0,0,0,0,0,-25,
"Garrett, Amanda ",December_2022,96127,None,0,0,0,5,,0,5,0,0,0,0,0,0,0,-5,
"Garrett, Amanda ",December_2022,99213,None,0,0,0,25,,0,25,0,0,0,0,0,0,0,-25,
"Garrett, Amanda ",December_2022,Nshow,None,0,0,0,50,,0,50,0,0,0,0,0,0,0,-50,
"Gill, Mankanchan ",April_2022,99215,None,0,0,0,10,,0,10,0,0,0,0,0,0,0,-10,
"Gill, Mankanchan ",July_2022,81003,None,0,0,0,6,,0,6,0,0,0,0,0,0,0,-6,
"Gill, Mankanchan ",July_2022,81025,None,0,0,0,3,,0,3,0,0,0,0,0,0,0,-3,
"Gill, Mankanchan ",July_2022,99213,None,0,0,0,1,,0,1,0,0,0,0,0,0,0,-1,
"Gill, Mankanchan ",July_2022,99214,None,0,0,0,10,,0,10,0,0,0,0,0,0,0,-10,
"Gill, Mankanchan ",September_2022,99213,None,0,0,0,5,,0,5,0,0,0,0,0,0,0,-5,
"Gill, Mankanchan ",September_2022,99214,None,0,0,0,10,,0,10,0,0,0,0,0,0,0,-10,
"Gill, Mankanchan ",November_2022,99214,None,0,0,0,40,,0,40,0,0,0,0,0,0,0,-40,
"Goodman, KiArra ",March_2022,99213,None,0,0,0,15,,0,15,0,0,0,0,0,0,0,-15,
"Goodman, KiArra ",September_2022,99214,None,0,0,0,20,,0,20,0,0,0,0,0,0,0,-20,
"Haffizulla, Hope ",January_2022,0509F,None,0,0,0,0,,0,0,0,0,0,0,0,0,0,0,
"Haffizulla, Hope ",January_2022,1036F,None,0,0,0,0,,0,0,0,0,0,0,23,23,23,0,
"Haffizulla, Hope ",January_2022,1100F,None,0,0,0,0,,0,0,0,0,0,0,0,0,0,0,
"Haffizulla, Hope ",January_2022,2026F,None,0,0,0,0,,0,0,0,0,0,0,0,0,0,0,
"Haffizulla, Hope ",January_2022,3017F,None,0,0,0,0,,0,0,0,0,0,0,5,5,5,0,
"Haffizulla, Hope ",January_2022,3044F,None,0,0,0,0,,0,0,0,0,0,0,1,1,1,0,
"Haffizulla, Hope ",January_2022,3046F,None,0,0,0,0,,0,0,0,0,0,0,1,1,1,0,
"Haffizulla, Hope ",January_2022,3051F,None,0,0,0,0,,0,0,0,0,0,0,0,0,0,0,
"Haffizulla, Hope ",January_2022,3052F,None,0,0,0,0,,0,0,0,0,0,0,0,0,0,0,
"Haffizulla, Hope ",January_2022,3288F,None,0,0,0,0,,0,0,0,0,0,0,0,0,0,0,
"Haffizulla, Hope ",January_2022,4004F,None,0,0,0,0,,0,0,0,0,0,0,3,3,3,0,
"Haffizulla, Hope ",January_2022,4040F,None,0,0,0,0,,0,0,0,0,0,0,0,0,0,0,
"Haffizulla, Hope ",January_2022,81003,None,60,60,0,21.69,0.3615,21.11,0.58,122.89,0,6,0,5,5,5,-90.58,2.50966667
"Haffizulla, Hope ",January_2022,83036,None,0,0,0,9.81,,9.81,0,60.19,0,0,0,0,0,0,-70,
"Haffizulla, Hope ",January_2022,87426,None,1500,1500,0,900.15,0.6001,900.15,0,1150.15,0,0,0,20,20,20,-550.3,1.36686667
"Haffizulla, Hope ",January_2022,87804,None,840,840,0,535.1,0.63702381,510.38,24.72,451.4,0,30,0,21,21,42,-176.5,1.21011905
"Haffizulla, Hope ",January_2022,87811,None,525,450,75,204.7,0.38990476,204.7,0,245.3,0,10,0,7,7,7,65,0.87619048
"Haffizulla, Hope ",January_2022,87880,None,64,64,0,56.21,0.87828125,46.29,9.92,164.08,0,0,0,2,2,2,-156.29,3.44203125
"Haffizulla, Hope ",January_2022,90460,None,168,168,0,75,0.44642857,75,0,303,0,0,0,2,2,4,-210,2.25
"Haffizulla, Hope ",January_2022,90461,None,52,52,0,43.76,0.84153846,43.76,0,112.24,0,0,0,1,1,2,-104,3
"Haffizulla, Hope ",January_2022,90471,None,126,126,0,140.7,1.11666667,140.7,0,237.3,0,0,0,3,3,3,-252,3
"Haffizulla, Hope ",January_2022,90647,None,98,98,0,11,0.1122449,11,0,87,0,0,0,1,1,1,0,1
"Haffizulla, Hope ",January_2022,90649,None,0,0,0,176,,176,0,274,0,0,0,0,0,0,-450,
"Haffizulla, Hope ",January_2022,90662,None,0,0,0,133.86,,133.86,0,19.4,0,0,0,0,0,0,-153.26,
"Haffizulla, Hope ",January_2022,90670,None,0,0,0,229.31,,229.31,0,230.69,0,0,0,0,0,0,-460,
"Haffizulla, Hope ",January_2022,90688,None,90,90,0,170.6,1.89555556,170.6,0,99.4,0,0,0,3,3,3,-180,3
"Haffizulla, Hope ",January_2022,90700,None,126,126,0,40.47,0.32119048,40.47,0,211.53,0,0,0,1,1,1,-126,2
"Haffizulla, Hope ",January_2022,90707,None,0,0,0,97.79,,97.79,0,52.21,0,0,0,0,0,0,-150,
"Haffizulla, Hope ",January_2022,90713,None,112,112,0,52.32,0.46714286,52.32,0,171.68,0,0,0,1,1,1,-112,2
"Haffizulla, Hope ",January_2022,90715,None,60,60,0,49,0.81666667,49,0,11,0,0,0,1,1,1,0,1
"Haffizulla, Hope ",January_2022,90716,None,0,0,0,169.1,,169.1,0,90.9,0,0,0,0,0,0,-260,
"Haffizulla, Hope ",January_2022,90732,None,0,0,0,125.92,,125.92,0,34.08,0,0,0,0,0,0,-160,
"Haffizulla, Hope ",January_2022,93000,None,245,245,0,240.08,0.97991837,182.62,57.46,278.48,0,0,0,7,7,7,-273.56,2.11657143
"Haffizulla, Hope ",January_2022,96160,None,400,400,0,300,0.75,300,0,100,0,0,0,2,2,2,0,1
"Haffizulla, Hope ",January_2022,99072,None,15,15,0,0,0,0,0,45,0,0,0,1,1,1,-30,3
"Haffizulla, Hope ",January_2022,99202,None,151,151,0,204.44,1.35390728,174.44,30,233.56,0,0,0,1,1,1,-287,2.90066225
"Haffizulla, Hope ",January_2022,99203,None,2387,2387,0,1697.71,0.71123167,1389.38,308.33,1853.52,0,0,0,11,11,11,-1164.23,1.48773775
"Haffizulla, Hope ",January_2022,99204,None,990,990,0,1404.92,1.41911111,1235.47,169.45,1368.41,0,0,0,3,3,3,-1783.33,2.80134343
"Haffizulla, Hope ",January_2022,99212,None,1068,1068,0,523.01,0.48970974,468.08,54.93,465.92,0,0,0,12,12,12,79.07,0.92596442
"Haffizulla, Hope ",January_2022,99213,None,6321,6174,147,5378.83,0.85094605,5008.1,370.73,5276.66,0,357,0,43,43,43,-4691.49,1.74220693
"Haffizulla, Hope ",January_2022,99214,None,4500,4500,0,6438.26,1.43072444,6084.48,353.78,6577.69,0,140,0,18,18,18,-8655.95,2.92354444
"Haffizulla, Hope ",January_2022,99382,None,300,300,0,276.59,0.92196667,276.59,0,173.41,0,0,0,2,2,2,-150,1.5
"Haffizulla, Hope ",January_2022,99385,None,723,723,0,890.27,1.23135546,890.27,0,796.73,0,0,0,3,3,3,-964,2.33333333
"Haffizulla, Hope ",January_2022,99386,None,0,0,0,170.56,,170.56,0,101.44,0,0,0,0,0,0,-272,
"Haffizulla, Hope ",January_2022,99395,None,0,0,0,205.85,,205.85,0,206.15,0,0,0,0,0,0,-412,
"Haffizulla, Hope ",January_2022,99396,None,678,678,0,473.27,0.69803835,473.27,0,430.73,0,0,0,3,3,3,-226,1.33333333
"Haffizulla, Hope ",January_2022,G0008,None,0,0,0,28.92,,28.92,0,55.08,0,0,0,0,0,0,-84,
"Haffizulla, Hope ",January_2022,G0009,None,0,0,0,31.47,,31.47,0,78.53,0,0,0,0,0,0,-110,
"Haffizulla, Hope ",January_2022,G0439,None,472,472,0,391.87,0.83023305,391.87,0,316.13,0,0,0,2,2,2,-236,1.5
"Haffizulla, Hope ",January_2022,G8399,None,0,0,0,0,,0,0,0,0,0,0,1,1,1,0,
"Haffizulla, Hope ",January_2022,G8400,None,0,0,0,0,,0,0,0,0,0,0,0,0,0,0,
"Haffizulla, Hope ",January_2022,G8417,None,0,0,0,0,,0,0,0,0,0,0,14,14,14,0,
"Haffizulla, Hope ",January_2022,G8419,None,0,0,0,0,,0,0,0,0,0,0,3,3,3,0,
"Haffizulla, Hope ",January_2022,G8420,None,0,0,0,0,,0,0,0,0,0,0,13,13,13,0,
"Haffizulla, Hope ",January_2022,G8427,None,0,0,0,0,,0,0,0,0,0,0,38,38,38,0,
"Haffizulla, Hope ",January_2022,G8431,None,0,0,0,0,,0,0,0,0,0,0,3,3,3,0,
"Haffizulla, Hope ",January_2022,G8432,None,0,0,0,0,,0,0,0,0,0,0,0,0,0,0,
"Haffizulla, Hope ",January_2022,G8482,None,0,0,0,0,,0,0,0,0,0,0,2,2,2,0,
"Haffizulla, Hope ",January_2022,G8483,None,0,0,0,0,,0,0,0,0,0,0,0,0,0,0,
"Haffizulla, Hope ",January_2022,G8484,None,0,0,0,0,,0,0,0,0,0,0,2,2,2,0,
"Haffizulla, Hope ",January_2022,G8510,None,0,0,0,0,,0,0,0,0,0,0,26,26,26,0,
"Haffizulla, Hope ",January_2022,G8752,None,0,0,0,0,,0,0,0,0,0,0,4,4,4,0,
"Haffizulla, Hope ",January_2022,G8753,None,0,0,0,0,,0,0,0,0,0,0,2,2,2,0,
"Haffizulla, Hope ",January_2022,G8754,None,0,0,0,0,,0,0,0,0,0,0,6,6,6,0,
"Haffizulla, Hope ",January_2022,G8755,None,0,0,0,0,,0,0,0,0,0,0,0,0,0,0,
"Haffizulla, Hope ",January_2022,G8783,None,0,0,0,0,,0,0,0,0,0,0,21,21,21,0,
"Haffizulla, Hope ",January_2022,G8938,None,0,0,0,0,,0,0,0,0,0,0,0,0,0,0,
"Haffizulla, Hope ",January_2022,G8950,None,0,0,0,0,,0,0,0,0,0,0,4,4,4,0,
"Haffizulla, Hope ",January_2022,G8952,None,0,0,0,0,,0,0,0,0,0,0,1,1,1,0,
"Haffizulla, Hope ",January_2022,G8967,None,0,0,0,0,,0,0,0,0,0,0,1,1,1,0,
"Haffizulla, Hope ",January_2022,G9716,None,0,0,0,0,,0,0,0,0,0,0,0,0,0,0,
"Haffizulla, Hope ",January_2022,G9899,None,0,0,0,0,,0,0,0,0,0,0,0,0,0,0,
"Haffizulla, Hope ",January_2022,G9900,None,0,0,0,0,,0,0,0,0,0,0,1,1,1,0,
"Haffizulla, Hope ",January_2022,G9902,None,0,0,0,0,,0,0,0,0,0,0,10,10,10,0,
"Haffizulla, Hope ",January_2022,G9903,None,0,0,0,0,,0,0,0,0,0,0,25,25,25,0,
"Haffizulla, Hope ",January_2022,G9905,None,0,0,0,0,,0,0,0,0,0,0,0,0,0,0,
"Haffizulla, Hope ",January_2022,G9906,None,0,0,0,0,,0,0,0,0,0,0,0,0,0,0,
"Haffizulla, Hope ",January_2022,G9908,None,0,0,0,0,,0,0,0,0,0,0,4,4,4,0,
"Haffizulla, Hope ",January_2022,INTBL,None,0,0,0,1.09,,1.09,0,0,0,0,0,0,0,0,-1.09,
"Haffizulla, Hope ",February_2022,1036F,None,0,0,0,0,,0,0,0,0,0,0,0,0,0,0,
"Haffizulla, Hope ",February_2022,1101F,None,0,0,0,0,,0,0,0,0,0,0,0,0,0,0,
"Haffizulla, Hope ",February_2022,1123F,None,0,0,0,0,,0,0,0,0,0,0,0,0,0,0,
"Haffizulla, Hope ",February_2022,3017F,None,0,0,0,0,,0,0,0,0,0,0,0,0,0,0,
"Haffizulla, Hope ",February_2022,3044F,None,0,0,0,0,,0,0,0,0,0,0,0,0,0,0,
"Haffizulla, Hope ",February_2022,3046F,None,0,0,0,0,,0,0,0,0,0,0,0,0,0,0,
"Haffizulla, Hope ",February_2022,4004F,None,0,0,0,0,,0,0,0,0,0,0,0,0,0,0,
"Haffizulla, Hope ",February_2022,4040F,None,0,0,0,0,,0,0,0,0,0,0,0,0,0,0,
"Haffizulla, Hope ",February_2022,81003,None,0,0,0,5.9,,1.66,4.24,34.34,0,0,0,0,0,0,-40.24,
"Haffizulla, Hope ",February_2022,83036,None,0,0,0,0,,0,0,27.81,0,0,0,0,0,0,-27.81,
"Haffizulla, Hope ",February_2022,87426,None,0,0,0,120.28,,90.28,30,59.72,0,0,0,0,0,0,-180,
"Haffizulla, Hope ",February_2022,87804,None,0,0,0,24.68,,0,24.68,25.32,0,40,0,0,0,0,-90,
"Haffizulla, Hope ",February_2022,90471,None,0,0,0,0,,0,0,42,0,0,0,0,0,0,-42,
"Haffizulla, Hope ",February_2022,90662,None,0,0,0,0,,0,0,0,0,0,0,0,0,0,0,
"Haffizulla, Hope ",February_2022,90670,None,0,0,0,0,,0,0,0,0,0,0,0,0,0,0,
"Haffizulla, Hope ",February_2022,90688,None,0,0,0,18.13,,18.13,0,11.87,0,0,0,0,0,0,-30,
"Haffizulla, Hope ",February_2022,90732,None,0,0,0,125.92,,125.92,0,34.08,0,0,0,0,0,0,-160,
"Haffizulla, Hope ",February_2022,93000,None,0,0,0,21.71,,17.94,3.77,71.03,0,0,0,0,0,0,-92.74,
"Haffizulla, Hope ",February_2022,94010,None,0,0,0,32.29,,0,32.29,33.7,0,0,0,0,0,0,-65.99,
"Haffizulla, Hope ",February_2022,94640,None,0,0,0,16.54,,0,16.54,0,0,0,0,0,0,0,-16.54,
"Haffizulla, Hope ",February_2022,99202,None,0,0,0,60,,0,60,0,0,0,0,0,0,0,-60,
"Haffizulla, Hope ",February_2022,99203,None,0,0,0,816.49,,656.49,160,699.31,0,0,0,0,0,0,-1515.8,
"Haffizulla, Hope ",February_2022,99204,None,0,0,0,200.81,,200.81,0,330.94,0,0,0,0,0,0,-531.75,
"Haffizulla, Hope ",February_2022,99212,None,0,0,0,66.7,,46.7,20,86.3,0,14,0,0,0,0,-167,
"Haffizulla, Hope ",February_2022,99213,None,0,0,0,992.47,,717.58,274.89,422.17,0,0,0,0,0,0,-1414.64,
"Haffizulla, Hope ",February_2022,99214,None,0,0,0,1260.34,,939.74,320.6,1058.82,0,0,0,0,0,0,-2319.16,
"Haffizulla, Hope ",February_2022,99386,None,0,0,0,170.56,,170.56,0,101.44,0,0,0,0,0,0,-272,
"Haffizulla, Hope ",February_2022,99396,None,0,0,0,251.84,,251.84,0,200.16,0,0,0,0,0,0,-452,
"Haffizulla, Hope ",February_2022,99497,None,0,0,0,85.33,,85.33,0,84.67,0,0,0,0,0,0,-170,
"Haffizulla, Hope ",February_2022,G0009,None,0,0,0,14.46,,14.46,0,40.54,0,0,0,0,0,0,-55,
"Haffizulla, Hope ",February_2022,G0439,None,0,0,0,265.72,,265.72,0,206.28,0,0,0,0,0,0,-472,
"Haffizulla, Hope ",February_2022,G8417,None,0,0,0,0,,0,0,0,0,0,0,0,0,0,0,
"Haffizulla, Hope ",February_2022,G8420,None,0,0,0,0,,0,0,0,0,0,0,0,0,0,0,
"Haffizulla, Hope ",February_2022,G8427,None,0,0,0,0,,0,0,0,0,0,0,0,0,0,0,
"Haffizulla, Hope ",February_2022,G8431,None,0,0,0,0,,0,0,0,0,0,0,0,0,0,0,
"Haffizulla, Hope ",February_2022,G8482,None,0,0,0,0,,0,0,0,0,0,0,0,0,0,0,
"Haffizulla, Hope ",February_2022,G8510,None,0,0,0,0,,0,0,0,0,0,0,0,0,0,0,
"Haffizulla, Hope ",February_2022,G8752,None,0,0,0,0,,0,0,0,0,0,0,0,0,0,0,
"Haffizulla, Hope ",February_2022,G8753,None,0,0,0,0,,0,0,0,0,0,0,0,0,0,0,
"Haffizulla, Hope ",February_2022,G8754,None,0,0,0,0,,0,0,0,0,0,0,0,0,0,0,
"Haffizulla, Hope ",February_2022,G8755,None,0,0,0,0,,0,0,0,0,0,0,0,0,0,0,
"Haffizulla, Hope ",February_2022,G8783,None,0,0,0,0,,0,0,0,0,0,0,0,0,0,0,
"Haffizulla, Hope ",February_2022,G8950,None,0,0,0,0,,0,0,0,0,0,0,0,0,0,0,
"Haffizulla, Hope ",February_2022,G8967,None,0,0,0,0,,0,0,0,0,0,0,0,0,0,0,
"Haffizulla, Hope ",February_2022,G9902,None,0,0,0,0,,0,0,0,0,0,0,0,0,0,0,
"Haffizulla, Hope ",February_2022,G9903,None,0,0,0,0,,0,0,0,0,0,0,0,0,0,0,
"Haffizulla, Hope ",February_2022,G9909,None,0,0,0,0,,0,0,0,0,0,0,0,0,0,0,
"Haffizulla, Hope ",February_2022,INTBL,None,0,0,0,0.01,,0.01,0,0,0,0,0,0,0,0,-0.01,
"Haffizulla, Hope ",February_2022,J7620,None,0,0,0,0.12,,0,0.12,0,0,0,0,0,0,0,-0.12,
"Haffizulla, Hope ",March_2022,1036F,None,0,0,0,0,,0,0,0,0,0,0,0,0,0,0,
"Haffizulla, Hope ",March_2022,3051F,None,0,0,0,0,,0,0,0,0,0,0,0,0,0,0,
"Haffizulla, Hope ",March_2022,4040F,None,0,0,0,0,,0,0,0,0,0,0,0,0,0,0,
"Haffizulla, Hope ",March_2022,81003,None,0,0,0,2.79,,0,2.79,1.8,0,0,0,0,0,0,-4.59,
"Haffizulla, Hope ",March_2022,82962,None,0,0,0,1.97,,0,1.97,0,0,0,0,0,0,0,-1.97,
"Haffizulla, Hope ",March_2022,83036,None,0,0,0,7.3,,0,7.3,0,0,0,0,0,0,0,-7.3,
"Haffizulla, Hope ",March_2022,87426,None,0,0,0,25.3,,25.3,0,49.7,0,0,0,0,0,0,-75,
"Haffizulla, Hope ",March_2022,87804,None,0,0,0,19.86,,0,19.86,20.14,0,0,0,0,0,0,-40,
"Haffizulla, Hope ",March_2022,87880,None,0,0,0,9.92,,0,9.92,0,0,0,0,0,0,0,-9.92,
"Haffizulla, Hope ",March_2022,90471,None,0,0,0,0,,0,0,0,0,0,0,0,0,0,0,
"Haffizulla, Hope ",March_2022,90662,None,0,0,0,65.26,,65.26,0,9.74,0,0,0,0,0,0,-75,
"Haffizulla, Hope ",March_2022,90688,None,0,0,0,0,,0,0,0,0,0,0,0,0,0,0,
"Haffizulla, Hope ",March_2022,93000,None,0,0,0,55.39,,0,55.39,0,0,0,0,0,0,0,-55.39,
"Haffizulla, Hope ",March_2022,94010,None,0,0,0,59.3,,0,59.3,0,0,0,0,0,0,0,-59.3,
"Haffizulla, Hope ",March_2022,99202,None,0,0,0,106.41,,74.79,31.62,76.21,0,0,0,0,0,0,-182.62,
"Haffizulla, Hope ",March_2022,99203,None,0,0,0,447.43,,0,447.43,0,0,0,0,0,0,0,-447.43,
"Haffizulla, Hope ",March_2022,99204,None,0,0,0,30,,0,30,0,0,0,0,0,0,0,-30,
"Haffizulla, Hope ",March_2022,99213,None,0,0,0,304.31,,0,304.31,0,0,0,0,0,0,0,-304.31,
"Haffizulla, Hope ",March_2022,99214,None,0,0,0,457.79,,407.79,50,629.71,0,35.78,0,0,0,0,-1123.28,
"Haffizulla, Hope ",March_2022,99386,None,0,0,0,146.86,,146.86,0,125.14,0,0,0,0,0,0,-272,
"Haffizulla, Hope ",March_2022,99396,None,0,0,0,0,,0,0,0,0,0,0,0,0,0,0,
"Haffizulla, Hope ",March_2022,G0008,None,0,0,0,17.01,,17.01,0,24.99,0,0,0,0,0,0,-42,
"Haffizulla, Hope ",March_2022,G8399,None,0,0,0,0,,0,0,0,0,0,0,0,0,0,0,
"Haffizulla, Hope ",March_2022,G8417,None,0,0,0,0,,0,0,0,0,0,0,0,0,0,0,
"Haffizulla, Hope ",March_2022,G8420,None,0,0,0,0,,0,0,0,0,0,0,0,0,0,0,
"Haffizulla, Hope ",March_2022,G8427,None,0,0,0,0,,0,0,0,0,0,0,0,0,0,0,
"Haffizulla, Hope ",March_2022,G8482,None,0,0,0,0,,0,0,0,0,0,0,0,0,0,0,
"Haffizulla, Hope ",March_2022,G8510,None,0,0,0,0,,0,0,0,0,0,0,0,0,0,0,
"Haffizulla, Hope ",March_2022,G8752,None,0,0,0,0,,0,0,0,0,0,0,0,0,0,0,
"Haffizulla, Hope ",March_2022,G8753,None,0,0,0,0,,0,0,0,0,0,0,0,0,0,0,
"Haffizulla, Hope ",March_2022,G8754,None,0,0,0,0,,0,0,0,0,0,0,0,0,0,0,
"Haffizulla, Hope ",March_2022,G8783,None,0,0,0,0,,0,0,0,0,0,0,0,0,0,0,
"Haffizulla, Hope ",March_2022,G8950,None,0,0,0,0,,0,0,0,0,0,0,0,0,0,0,
"Haffizulla, Hope ",March_2022,G9903,None,0,0,0,0,,0,0,0,0,0,0,0,0,0,0,
"Haffizulla, Hope ",March_2022,INTBL,None,0,0,0,0.03,,0.03,0,0,0,0,0,0,0,0,-0.03,
"Haffizulla, Hope ",April_2022,1036F,None,0,0,0,0,,0,0,0,0,0,0,0,0,0,0,
"Haffizulla, Hope ",April_2022,3052F,None,0,0,0,0,,0,0,0,0,0,0,0,0,0,0,
"Haffizulla, Hope ",April_2022,4040F,None,0,0,0,0,,0,0,0,0,0,0,0,0,0,0,
"Haffizulla, Hope ",April_2022,81003,None,0,0,0,12,,12,0,12,0,0,0,0,0,0,-24,
"Haffizulla, Hope ",April_2022,83036,None,0,0,0,0,,0,0,0,0,0,0,0,0,0,0,
"Haffizulla, Hope ",April_2022,87426,None,0,0,0,225,,225,0,0,0,0,0,0,0,0,-225,
"Haffizulla, Hope ",April_2022,87804,None,0,0,0,139.86,,139.86,0,20.14,0,0,0,0,0,0,-160,
"Haffizulla, Hope ",April_2022,87811,None,0,0,0,24.83,,24.83,0,50.17,0,0,0,0,0,0,-75,
"Haffizulla, Hope ",April_2022,87880,None,0,0,0,32,,32,0,0,0,0,0,0,0,0,-32,
"Haffizulla, Hope ",April_2022,90662,None,0,0,0,0,,0,0,0,0,0,0,0,0,0,0,
"Haffizulla, Hope ",April_2022,93000,None,0,0,0,54.1,,0,54.1,35,0,0,0,0,0,0,-89.1,
"Haffizulla, Hope ",April_2022,94010,None,0,0,0,39.3,,0,39.3,0,0,0,0,0,0,0,-39.3,
"Haffizulla, Hope ",April_2022,95800,None,0,0,0,176.18,,0,176.18,0,0,0,0,0,0,0,-176.18,
"Haffizulla, Hope ",April_2022,99072,None,0,0,0,0,,0,0,15,0,0,0,0,0,0,-15,
"Haffizulla, Hope ",April_2022,99202,None,0,0,0,20,,0,20,0,0,0,0,0,0,0,-20,
"Haffizulla, Hope ",April_2022,99203,None,0,0,0,285.38,,107.3,178.08,0,0,0,0,0,0,0,-285.38,
"Haffizulla, Hope ",April_2022,99204,None,0,0,0,185.31,,0,185.31,0,0,0,0,0,0,0,-185.31,
"Haffizulla, Hope ",April_2022,99212,None,0,0,0,119.5,,75.15,44.35,102.85,0,0,0,0,0,0,-222.35,
"Haffizulla, Hope ",April_2022,99213,None,0,0,0,477.66,,244.38,233.28,321.08,0,0,0,0,0,0,-798.74,
"Haffizulla, Hope ",April_2022,99214,None,0,0,0,394.54,,220.91,173.63,354.49,0,0,0,0,0,0,-749.03,
"Haffizulla, Hope ",April_2022,99385,None,0,0,0,0,,0,0,241,0,0,0,0,0,0,-241,
"Haffizulla, Hope ",April_2022,G0008,None,0,0,0,0.23,,0.23,0,-0.23,0,0,0,0,0,0,0,
"Haffizulla, Hope ",April_2022,G8399,None,0,0,0,0,,0,0,0,0,0,0,0,0,0,0,
"Haffizulla, Hope ",April_2022,G8417,None,0,0,0,0,,0,0,0,0,0,0,0,0,0,0,
"Haffizulla, Hope ",April_2022,G8420,None,0,0,0,0,,0,0,0,0,0,0,0,0,0,0,
"Haffizulla, Hope ",April_2022,G8427,None,0,0,0,0,,0,0,0,0,0,0,0,0,0,0,
"Haffizulla, Hope ",April_2022,G8431,None,0,0,0,0,,0,0,0,0,0,0,0,0,0,0,
"Haffizulla, Hope ",April_2022,G8482,None,0,0,0,0,,0,0,0,0,0,0,0,0,0,0,
"Haffizulla, Hope ",April_2022,G8510,None,0,0,0,0,,0,0,0,0,0,0,0,0,0,0,
"Haffizulla, Hope ",April_2022,G8752,None,0,0,0,0,,0,0,0,0,0,0,0,0,0,0,
"Haffizulla, Hope ",April_2022,G8753,None,0,0,0,0,,0,0,0,0,0,0,0,0,0,0,
"Haffizulla, Hope ",April_2022,G8754,None,0,0,0,0,,0,0,0,0,0,0,0,0,0,0,
"Haffizulla, Hope ",April_2022,G8755,None,0,0,0,0,,0,0,0,0,0,0,0,0,0,0,
"Haffizulla, Hope ",April_2022,G8783,None,0,0,0,0,,0,0,0,0,0,0,0,0,0,0,
"Haffizulla, Hope ",April_2022,G8950,None,0,0,0,0,,0,0,0,0,0,0,0,0,0,0,
"Haffizulla, Hope ",April_2022,G9900,None,0,0,0,0,,0,0,0,0,0,0,0,0,0,0,
"Haffizulla, Hope ",April_2022,G9902,None,0,0,0,0,,0,0,0,0,0,0,0,0,0,0,
"Haffizulla, Hope ",April_2022,G9903,None,0,0,0,0,,0,0,0,0,0,0,0,0,0,0,
"Haffizulla, Hope ",April_2022,G9908,None,0,0,0,0,,0,0,0,0,0,0,0,0,0,0,
"Haffizulla, Hope ",April_2022,INTBL,None,0,0,0,0,,0,0,0,0,0,0,0,0,0,0,
"Haffizulla, Hope ",May_2022,1036F,None,0,0,0,0,,0,0,0,0,0,0,0,0,0,0,
"Haffizulla, Hope ",May_2022,3017F,None,0,0,0,0,,0,0,0,0,0,0,0,0,0,0,
"Haffizulla, Hope ",May_2022,3044F,None,0,0,0,0,,0,0,0,0,0,0,0,0,0,0,
"Haffizulla, Hope ",May_2022,3051F,None,0,0,0,0,,0,0,0,0,0,0,0,0,0,0,
"Haffizulla, Hope ",May_2022,4004F,None,0,0,0,0,,0,0,0,0,0,0,0,0,0,0,
"Haffizulla, Hope ",May_2022,81003,None,0,0,0,10.2,,0,10.2,0,0,0,0,0,0,0,-10.2,
"Haffizulla, Hope ",May_2022,87426,None,0,0,0,450,,450,0,0,0,0,0,0,0,0,-450,
"Haffizulla, Hope ",May_2022,87804,None,0,0,0,14.68,,0,14.68,40,0,0,0,0,0,0,-54.68,
"Haffizulla, Hope ",May_2022,87811,None,0,0,0,65,,0,65,0,0,0,0,0,0,0,-65,
"Haffizulla, Hope ",May_2022,94010,None,0,0,0,25.6,,25.6,0,47.4,0,0,0,0,0,0,-73,
"Haffizulla, Hope ",May_2022,99072,None,0,0,0,0,,0,0,60,0,0,0,0,0,0,-60,
"Haffizulla, Hope ",May_2022,99202,None,0,0,0,150,,150,0,152,0,0,0,0,0,0,-302,
"Haffizulla, Hope ",May_2022,99203,None,0,0,0,75,,10,65,207,0,0,0,0,0,0,-282,
"Haffizulla, Hope ",May_2022,99204,None,0,0,0,25,,0,25,0,0,0,0,0,0,0,-25,
"Haffizulla, Hope ",May_2022,99212,None,0,0,0,150,,150,0,28,0,0,0,0,0,0,-178,
"Haffizulla, Hope ",May_2022,99213,None,0,0,0,396.1,,328.03,68.07,376.97,0,0,0,0,0,0,-773.07,
"Haffizulla, Hope ",May_2022,99214,None,0,0,0,212.5,,0,212.5,376.12,0,0,0,0,0,0,-588.62,
"Haffizulla, Hope ",May_2022,G8417,None,0,0,0,0,,0,0,0,0,0,0,0,0,0,0,
"Haffizulla, Hope ",May_2022,G8418,None,0,0,0,0,,0,0,0,0,0,0,0,0,0,0,
"Haffizulla, Hope ",May_2022,G8419,None,0,0,0,0,,0,0,0,0,0,0,0,0,0,0,
"Haffizulla, Hope ",May_2022,G8420,None,0,0,0,0,,0,0,0,0,0,0,0,0,0,0,
"Haffizulla, Hope ",May_2022,G8427,None,0,0,0,0,,0,0,0,0,0,0,0,0,0,0,
"Haffizulla, Hope ",May_2022,G8431,None,0,0,0,0,,0,0,0,0,0,0,0,0,0,0,
"Haffizulla, Hope ",May_2022,G8510,None,0,0,0,0,,0,0,0,0,0,0,0,0,0,0,
"Haffizulla, Hope ",May_2022,G8752,None,0,0,0,0,,0,0,0,0,0,0,0,0,0,0,
"Haffizulla, Hope ",May_2022,G8754,None,0,0,0,0,,0,0,0,0,0,0,0,0,0,0,
"Haffizulla, Hope ",May_2022,G8783,None,0,0,0,0,,0,0,0,0,0,0,0,0,0,0,
"Haffizulla, Hope ",May_2022,G8950,None,0,0,0,0,,0,0,0,0,0,0,0,0,0,0,
"Haffizulla, Hope ",May_2022,G9716,None,0,0,0,0,,0,0,0,0,0,0,0,0,0,0,
"Haffizulla, Hope ",May_2022,G9902,None,0,0,0,0,,0,0,0,0,0,0,0,0,0,0,
"Haffizulla, Hope ",May_2022,G9903,None,0,0,0,0,,0,0,0,0,0,0,0,0,0,0,
"Haffizulla, Hope ",May_2022,G9906,None,0,0,0,0,,0,0,0,0,0,0,0,0,0,0,
"Haffizulla, Hope ",May_2022,G9907,None,0,0,0,0,,0,0,0,0,0,0,0,0,0,0,
"Haffizulla, Hope ",May_2022,G9909,None,0,0,0,0,,0,0,0,0,0,0,0,0,0,0,
"Haffizulla, Hope ",May_2022,INTBL,None,0,0,0,0.03,,0.03,0,0,0,0,0,0,0,0,-0.03,
"Haffizulla, Hope ",June_2022,1036F,None,0,0,0,0,,0,0,0,0,0,0,0,0,0,0,
"Haffizulla, Hope ",June_2022,2026F,None,0,0,0,0,,0,0,0,0,0,0,0,0,0,0,
"Haffizulla, Hope ",June_2022,3044F,None,0,0,0,0,,0,0,0,0,0,0,0,0,0,0,
"Haffizulla, Hope ",June_2022,3051F,None,0,0,0,0,,0,0,0,0,0,0,0,0,0,0,
"Haffizulla, Hope ",June_2022,4004F,None,0,0,0,0,,0,0,0,0,0,0,0,0,0,0,
"Haffizulla, Hope ",June_2022,81003,None,0,0,0,4.41,,4.41,0,19.59,0,0,0,0,0,0,-24,
"Haffizulla, Hope ",June_2022,87426,None,0,0,0,-25.3,,-25.3,0,0,0,450,0,0,0,0,-424.7,
"Haffizulla, Hope ",June_2022,87804,None,0,0,0,-19.86,,-19.86,0,0,0,120,0,0,0,0,-100.14,
"Haffizulla, Hope ",June_2022,93000,None,0,0,0,48.12,,0,48.12,20.85,0,0,0,0,0,0,-68.97,
"Haffizulla, Hope ",June_2022,99072,None,0,0,0,0,,0,0,0,0,75,0,0,0,0,-75,
"Haffizulla, Hope ",June_2022,99202,None,0,0,0,0,,0,0,0,0,453,0,0,0,0,-453,
"Haffizulla, Hope ",June_2022,99203,None,0,0,0,211.95,,186.95,25,38.43,0,0,0,0,0,0,-250.38,
"Haffizulla, Hope ",June_2022,99204,None,0,0,0,30,,0,30,0,0,0,0,0,0,0,-30,
"Haffizulla, Hope ",June_2022,99212,None,0,0,0,0,,0,0,0,0,89,0,0,0,0,-89,
"Haffizulla, Hope ",June_2022,99213,None,0,0,0,42.83,,-17.17,60,47.17,0,294,0,0,0,0,-384,
"Haffizulla, Hope ",June_2022,99214,None,0,0,0,247.36,,247.36,0,563.92,0,0,0,0,0,0,-811.28,
"Haffizulla, Hope ",June_2022,99386,None,0,0,0,241.56,,241.56,0,302.44,0,0,0,0,0,0,-544,
"Haffizulla, Hope ",June_2022,99393,None,0,0,0,35,,0,35,0,0,0,0,0,0,0,-35,
"Haffizulla, Hope ",June_2022,G8417,None,0,0,0,0,,0,0,0,0,0,0,0,0,0,0,
"Haffizulla, Hope ",June_2022,G8419,None,0,0,0,0,,0,0,0,0,0,0,0,0,0,0,
"Haffizulla, Hope ",June_2022,G8420,None,0,0,0,0,,0,0,0,0,0,0,0,0,0,0,
"Haffizulla, Hope ",June_2022,G8421,None,0,0,0,0,,0,0,0,0,0,0,0,0,0,0,
"Haffizulla, Hope ",June_2022,G8427,None,0,0,0,0,,0,0,0,0,0,0,0,0,0,0,
"Haffizulla, Hope ",June_2022,G8431,None,0,0,0,0,,0,0,0,0,0,0,0,0,0,0,
"Haffizulla, Hope ",June_2022,G8484,None,0,0,0,0,,0,0,0,0,0,0,0,0,0,0,
"Haffizulla, Hope ",June_2022,G8510,None,0,0,0,0,,0,0,0,0,0,0,0,0,0,0,
"Haffizulla, Hope ",June_2022,G8752,None,0,0,0,0,,0,0,0,0,0,0,0,0,0,0,
"Haffizulla, Hope ",June_2022,G8753,None,0,0,0,0,,0,0,0,0,0,0,0,0,0,0,
"Haffizulla, Hope ",June_2022,G8754,None,0,0,0,0,,0,0,0,0,0,0,0,0,0,0,
"Haffizulla, Hope ",June_2022,G8755,None,0,0,0,0,,0,0,0,0,0,0,0,0,0,0,
"Haffizulla, Hope ",June_2022,G8783,None,0,0,0,0,,0,0,0,0,0,0,0,0,0,0,
"Haffizulla, Hope ",June_2022,G8950,None,0,0,0,0,,0,0,0,0,0,0,0,0,0,0,
"Haffizulla, Hope ",June_2022,G8952,None,0,0,0,0,,0,0,0,0,0,0,0,0,0,0,
"Haffizulla, Hope ",June_2022,G9902,None,0,0,0,0,,0,0,0,0,0,0,0,0,0,0,
"Haffizulla, Hope ",June_2022,G9903,None,0,0,0,0,,0,0,0,0,0,0,0,0,0,0,
"Haffizulla, Hope ",June_2022,G9906,None,0,0,0,0,,0,0,0,0,0,0,0,0,0,0,
"Haffizulla, Hope ",June_2022,G9907,None,0,0,0,0,,0,0,0,0,0,0,0,0,0,0,
"Haffizulla, Hope ",June_2022,INTBL,None,0,0,0,-0.29,,-0.29,0,0,0,0,0,0,0,0,0.29,
"Haffizulla, Hope ",July_2022,2026F,None,0,0,0,0,,0,0,0,0,0,0,0,0,0,0,
"Haffizulla, Hope ",July_2022,4004F,None,0,0,0,0,,0,0,0,0,0,0,0,0,0,0,
"Haffizulla, Hope ",July_2022,87426,None,0,0,0,0,,0,0,0,0,0,0,0,0,0,0,
"Haffizulla, Hope ",July_2022,87804,None,0,0,0,-13.86,,-13.86,0,-6,0,0,0,0,0,0,19.86,
"Haffizulla, Hope ",July_2022,90471,None,0,0,0,0,,0,0,0,0,0,0,0,0,0,0,
"Haffizulla, Hope ",July_2022,90688,None,0,0,0,11.55,,11.55,0,0,0,0,0,0,0,0,-11.55,
"Haffizulla, Hope ",July_2022,99202,None,0,0,0,0,,0,0,0,0,0,0,0,0,0,0,
"Haffizulla, Hope ",July_2022,99203,None,0,0,0,114.95,,0,114.95,0,0,0,0,0,0,0,-114.95,
"Haffizulla, Hope ",July_2022,99204,None,0,0,0,280,,0,280,0,0,0,0,0,0,0,-280,
"Haffizulla, Hope ",July_2022,99212,None,0,0,0,25,,0,25,0,0,0,0,0,0,0,-25,
"Haffizulla, Hope ",July_2022,99213,None,0,0,0,215.05,,64.75,150.3,17.17,0,0,0,0,0,0,-232.22,
"Haffizulla, Hope ",July_2022,99214,None,0,0,0,117.8,,97.8,20,119.6,0,0,0,0,0,0,-237.4,
"Haffizulla, Hope ",July_2022,G8417,None,0,0,0,0,,0,0,0,0,0,0,0,0,0,0,
"Haffizulla, Hope ",July_2022,G8420,None,0,0,0,0,,0,0,0,0,0,0,0,0,0,0,
"Haffizulla, Hope ",July_2022,G8427,None,0,0,0,0,,0,0,0,0,0,0,0,0,0,0,
"Haffizulla, Hope ",July_2022,G8432,None,0,0,0,0,,0,0,0,0,0,0,0,0,0,0,
"Haffizulla, Hope ",July_2022,G8482,None,0,0,0,0,,0,0,0,0,0,0,0,0,0,0,
"Haffizulla, Hope ",July_2022,G8510,None,0,0,0,0,,0,0,0,0,0,0,0,0,0,0,
"Haffizulla, Hope ",July_2022,G8752,None,0,0,0,0,,0,0,0,0,0,0,0,0,0,0,
"Haffizulla, Hope ",July_2022,G8753,None,0,0,0,0,,0,0,0,0,0,0,0,0,0,0,
"Haffizulla, Hope ",July_2022,G8754,None,0,0,0,0,,0,0,0,0,0,0,0,0,0,0,
"Haffizulla, Hope ",July_2022,G8783,None,0,0,0,0,,0,0,0,0,0,0,0,0,0,0,
"Haffizulla, Hope ",July_2022,G8950,None,0,0,0,0,,0,0,0,0,0,0,0,0,0,0,
"Haffizulla, Hope ",July_2022,G9902,None,0,0,0,0,,0,0,0,0,0,0,0,0,0,0,
"Haffizulla, Hope ",July_2022,G9906,None,0,0,0,0,,0,0,0,0,0,0,0,0,0,0,
"Haffizulla, Hope ",July_2022,INTBL,None,0,0,0,0,,0,0,0,0,0,0,0,0,0,0,
"Haffizulla, Hope ",August_2022,1036F,None,0,0,0,0,,0,0,0,0,0,0,0,0,0,0,
"Haffizulla, Hope ",August_2022,3017F,None,0,0,0,0,,0,0,0,0,0,0,0,0,0,0,
"Haffizulla, Hope ",August_2022,3044F,None,0,0,0,0,,0,0,0,0,0,0,0,0,0,0,
"Haffizulla, Hope ",August_2022,4040F,None,0,0,0,0,,0,0,0,0,0,0,0,0,0,0,
"Haffizulla, Hope ",August_2022,87426,None,0,0,0,0,,0,0,0,0,0,0,0,0,0,0,
"Haffizulla, Hope ",August_2022,87804,None,0,0,0,0,,0,0,0,0,0,0,0,0,0,0,
"Haffizulla, Hope ",August_2022,93000,None,0,0,0,2.83,,0,2.83,0,0,0,0,0,0,0,-2.83,
"Haffizulla, Hope ",August_2022,99072,None,0,0,0,0,,0,0,0,0,0,0,0,0,0,0,
"Haffizulla, Hope ",August_2022,99203,None,0,0,0,11.31,,-10,21.31,0,0,0,0,0,0,0,-11.31,
"Haffizulla, Hope ",August_2022,99213,None,0,0,0,-1.12,,-57.88,56.76,0,0,0,0,0,0,0,1.12,
"Haffizulla, Hope ",August_2022,99214,None,0,0,0,159.56,,0,159.56,0,0,0,0,0,0,0,-159.56,
"Haffizulla, Hope ",August_2022,G8417,None,0,0,0,0,,0,0,0,0,0,0,0,0,0,0,
"Haffizulla, Hope ",August_2022,G8420,None,0,0,0,0,,0,0,0,0,0,0,0,0,0,0,
"Haffizulla, Hope ",August_2022,G8427,None,0,0,0,0,,0,0,0,0,0,0,0,0,0,0,
"Haffizulla, Hope ",August_2022,G8431,None,0,0,0,0,,0,0,0,0,0,0,0,0,0,0,
"Haffizulla, Hope ",August_2022,G8510,None,0,0,0,0,,0,0,0,0,0,0,0,0,0,0,
"Haffizulla, Hope ",August_2022,G8752,None,0,0,0,0,,0,0,0,0,0,0,0,0,0,0,
"Haffizulla, Hope ",August_2022,G8753,None,0,0,0,0,,0,0,0,0,0,0,0,0,0,0,
"Haffizulla, Hope ",August_2022,G8754,None,0,0,0,0,,0,0,0,0,0,0,0,0,0,0,
"Haffizulla, Hope ",August_2022,G8783,None,0,0,0,0,,0,0,0,0,0,0,0,0,0,0,
"Haffizulla, Hope ",August_2022,G8950,None,0,0,0,0,,0,0,0,0,0,0,0,0,0,0,
"Haffizulla, Hope ",August_2022,G9902,None,0,0,0,0,,0,0,0,0,0,0,0,0,0,0,
"Haffizulla, Hope ",August_2022,G9903,None,0,0,0,0,,0,0,0,0,0,0,0,0,0,0,
"Haffizulla, Hope ",August_2022,G9907,None,0,0,0,0,,0,0,0,0,0,0,0,0,0,0,
"Haffizulla, Hope ",August_2022,G9909,None,0,0,0,0,,0,0,0,0,0,0,0,0,0,0,
"Haffizulla, Hope ",August_2022,INTBL,None,0,0,0,0,,0,0,0,0,0,0,0,0,0,0,
"Haffizulla, Hope ",September_2022,1036F,None,0,0,0,0,,0,0,0,0,0,0,0,0,0,0,
"Haffizulla, Hope ",September_2022,4040F,None,0,0,0,0,,0,0,0,0,0,0,0,0,0,0,
"Haffizulla, Hope ",September_2022,81003,None,0,0,0,0,,0,0,10.34,0,0,0,0,0,0,-10.34,
"Haffizulla, Hope ",September_2022,87426,None,0,0,0,0,,0,0,0,0,72,0,0,0,0,-72,
"Haffizulla, Hope ",September_2022,87804,None,0,0,0,0,,0,0,0,0,40,0,0,0,0,-40,
"Haffizulla, Hope ",September_2022,90662,None,0,0,0,-65.26,,-65.26,0,0,0,0,0,0,0,0,65.26,
"Haffizulla, Hope ",September_2022,99072,None,0,0,0,0,,0,0,0,0,0,0,0,0,0,0,
"Haffizulla, Hope ",September_2022,99213,None,0,0,0,0,,0,0,0,0,142,0,0,0,0,-142,
"Haffizulla, Hope ",September_2022,99214,None,0,0,0,-114.48,,-164.26,49.78,0,0,0,0,0,0,0,114.48,
"Haffizulla, Hope ",September_2022,99385,None,0,0,0,-147.38,,-147.38,0,241,0,0,0,0,0,0,-93.62,
"Haffizulla, Hope ",September_2022,99395,None,0,0,0,147.38,,147.38,0,73.17,0,0,0,0,0,0,-220.55,
"Haffizulla, Hope ",September_2022,G0008,None,0,0,0,0,,0,0,0,0,0,0,0,0,0,0,
"Haffizulla, Hope ",September_2022,G8417,None,0,0,0,0,,0,0,0,0,0,0,0,0,0,0,
"Haffizulla, Hope ",September_2022,G8419,None,0,0,0,0,,0,0,0,0,0,0,0,0,0,0,
"Haffizulla, Hope ",September_2022,G8427,None,0,0,0,0,,0,0,0,0,0,0,0,0,0,0,
"Haffizulla, Hope ",September_2022,G8431,None,0,0,0,0,,0,0,0,0,0,0,0,0,0,0,
"Haffizulla, Hope ",September_2022,G8482,None,0,0,0,0,,0,0,0,0,0,0,0,0,0,0,
"Haffizulla, Hope ",September_2022,G8510,None,0,0,0,0,,0,0,0,0,0,0,0,0,0,0,
"Haffizulla, Hope ",September_2022,G8752,None,0,0,0,0,,0,0,0,0,0,0,0,0,0,0,
"Haffizulla, Hope ",September_2022,G8755,None,0,0,0,0,,0,0,0,0,0,0,0,0,0,0,
"Haffizulla, Hope ",September_2022,G8783,None,0,0,0,0,,0,0,0,0,0,0,0,0,0,0,
"Haffizulla, Hope ",September_2022,G8950,None,0,0,0,0,,0,0,0,0,0,0,0,0,0,0,
"Haffizulla, Hope ",September_2022,G9902,None,0,0,0,0,,0,0,0,0,0,0,0,0,0,0,
"Haffizulla, Hope ",September_2022,G9903,None,0,0,0,0,,0,0,0,0,0,0,0,0,0,0,
"Haffizulla, Hope ",September_2022,G9906,None,0,0,0,0,,0,0,0,0,0,0,0,0,0,0,
"Haffizulla, Hope ",September_2022,G9907,None,0,0,0,0,,0,0,0,0,0,0,0,0,0,0,
"Haffizulla, Hope ",September_2022,INTBL,None,0,0,0,0,,0,0,0,0,0,0,0,0,0,0,
"Haffizulla, Hope ",October_2022,1036F,None,0,0,0,0,,0,0,0,0,0,0,0,0,0,0,
"Haffizulla, Hope ",October_2022,81003,None,0,0,0,0,,0,0,0,0,0,0,0,0,0,0,
"Haffizulla, Hope ",October_2022,83036,None,0,0,0,1.44,,0,1.44,0,0,0,0,0,0,0,-1.44,
"Haffizulla, Hope ",October_2022,87426,None,0,0,0,-19.51,,-19.51,0,0,0,0,0,0,0,0,19.51,
"Haffizulla, Hope ",October_2022,87804,None,0,0,0,7.86,,7.86,0,0,0,0,0,0,0,0,-7.86,
"Haffizulla, Hope ",October_2022,99072,None,0,0,0,0,,0,0,0,0,0,0,0,0,0,0,
"Haffizulla, Hope ",October_2022,99202,None,0,0,0,0,,0,0,0,0,0,0,0,0,0,0,
"Haffizulla, Hope ",October_2022,99203,None,0,0,0,23.62,,0,23.62,0,0,0,0,0,0,0,-23.62,
"Haffizulla, Hope ",October_2022,99213,None,0,0,0,-81.92,,-81.92,0,0,0,0,0,0,0,0,81.92,
"Haffizulla, Hope ",October_2022,99214,None,0,0,0,57.56,,0,57.56,0,0,0,0,0,0,0,-57.56,
"Haffizulla, Hope ",October_2022,99385,None,0,0,0,0,,0,0,0,0,0,0,0,0,0,0,
"Haffizulla, Hope ",October_2022,99395,None,0,0,0,0,,0,0,0,0,0,0,0,0,0,0,
"Haffizulla, Hope ",October_2022,G8417,None,0,0,0,0,,0,0,0,0,0,0,0,0,0,0,
"Haffizulla, Hope ",October_2022,G8419,None,0,0,0,0,,0,0,0,0,0,0,0,0,0,0,
"Haffizulla, Hope ",October_2022,G8427,None,0,0,0,0,,0,0,0,0,0,0,0,0,0,0,
"Haffizulla, Hope ",October_2022,G8510,None,0,0,0,0,,0,0,0,0,0,0,0,0,0,0,
"Haffizulla, Hope ",October_2022,G8783,None,0,0,0,0,,0,0,0,0,0,0,0,0,0,0,
"Haffizulla, Hope ",October_2022,G9902,None,0,0,0,0,,0,0,0,0,0,0,0,0,0,0,
"Haffizulla, Hope ",October_2022,G9903,None,0,0,0,0,,0,0,0,0,0,0,0,0,0,0,
"Haffizulla, Hope ",October_2022,G9907,None,0,0,0,0,,0,0,0,0,0,0,0,0,0,0,
"Haffizulla, Hope ",November_2022,1036F,None,0,0,0,0,,0,0,0,0,0,0,0,0,0,0,
"Haffizulla, Hope ",November_2022,99213,None,0,0,0,25,,0,25,0,0,0,0,0,0,0,-25,
"Haffizulla, Hope ",November_2022,99214,None,0,0,0,103.55,,103.55,0,0,0,0,0,0,0,0,-103.55,
"Haffizulla, Hope ",November_2022,G8417,None,0,0,0,0,,0,0,0,0,0,0,0,0,0,0,
"Haffizulla, Hope ",November_2022,G8427,None,0,0,0,0,,0,0,0,0,0,0,0,0,0,0,
"Haffizulla, Hope ",November_2022,G8510,None,0,0,0,0,,0,0,0,0,0,0,0,0,0,0,
"Haffizulla, Hope ",November_2022,G8753,None,0,0,0,0,,0,0,0,0,0,0,0,0,0,0,
"Haffizulla, Hope ",November_2022,G8754,None,0,0,0,0,,0,0,0,0,0,0,0,0,0,0,
"Haffizulla, Hope ",November_2022,G8950,None,0,0,0,0,,0,0,0,0,0,0,0,0,0,0,
"Haffizulla, Hope ",November_2022,G9900,None,0,0,0,0,,0,0,0,0,0,0,0,0,0,0,
"Haffizulla, Hope ",November_2022,G9903,None,0,0,0,0,,0,0,0,0,0,0,0,0,0,0,
"Haffizulla, Hope ",December_2022,1036F,None,0,0,0,0,,0,0,0,0,0,0,0,0,0,0,
"Haffizulla, Hope ",December_2022,87804,None,0,0,0,19.86,,0,19.86,0,0,0,0,0,0,0,-19.86,
"Haffizulla, Hope ",December_2022,99203,None,0,0,0,30,,0,30,0,0,0,0,0,0,0,-30,
"Haffizulla, Hope ",December_2022,99214,None,0,0,0,50,,0,50,0,0,0,0,0,0,0,-50,
"Haffizulla, Hope ",December_2022,99385,None,0,0,0,-147.38,,-147.38,0,-93.62,0,0,0,0,0,0,241,
"Haffizulla, Hope ",December_2022,99395,None,0,0,0,0,,0,0,0,0,0,0,0,0,0,0,
"Haffizulla, Hope ",December_2022,G8417,None,0,0,0,0,,0,0,0,0,0,0,0,0,0,0,
"Haffizulla, Hope ",December_2022,G8427,None,0,0,0,0,,0,0,0,0,0,0,0,0,0,0,
"Haffizulla, Hope ",December_2022,G8510,None,0,0,0,0,,0,0,0,0,0,0,0,0,0,0,
"Haffizulla, Hope ",December_2022,G8783,None,0,0,0,0,,0,0,0,0,0,0,0,0,0,0,
"Haffizulla, Hope ",December_2022,G9903,None,0,0,0,0,,0,0,0,0,0,0,0,0,0,0,
"Kissick, Leila ",January_2022,99214,None,0,0,0,25,,0,25,0,0,0,0,0,0,0,-25,
"Kissick, Leila ",March_2022,99213,None,0,0,0,15,,0,15,0,0,0,0,0,0,0,-15,
"Kissick, Leila ",April_2022,99214,None,0,0,0,25,,0,25,0,0,0,0,0,0,0,-25,
"Kissick, Leila ",May_2022,99213,None,0,0,0,4.04,,0,4.04,0,0,0,0,0,0,0,-4.04,
"Kissick, Leila ",June_2022,99213,None,0,0,0,10,,0,10,0,0,0,0,0,0,0,-10,
"Kissick, Leila ",November_2022,99214,None,0,0,0,19.5,,0,19.5,0,0,0,0,0,0,0,-19.5,
"Kissick, Leila ",November_2022,99395,None,0,0,0,25,,0,25,0,0,0,0,0,0,0,-25,
"Kissick, Leila ",December_2022,99214,None,0,0,0,30,,0,30,0,0,0,0,0,0,0,-30,
"Maggi, Michelle ",January_2022,0011A,None,0,0,0,23.13,,23.13,0,-23.13,0,0,0,0,0,0,0,
"Maggi, Michelle ",January_2022,0012A,None,0,0,0,120,,120,0,6,0,0,0,0,0,0,-126,
"Maggi, Michelle ",January_2022,1036F,None,0,0,0,0,,0,0,0,0,0,0,0,0,0,0,
"Maggi, Michelle ",January_2022,3017F,None,0,0,0,0,,0,0,0,0,0,0,0,0,0,0,
"Maggi, Michelle ",January_2022,3046F,None,0,0,0,0,,0,0,0,0,0,0,0,0,0,0,
"Maggi, Michelle ",January_2022,4004F,None,0,0,0,0,,0,0,0,0,0,0,0,0,0,0,
"Maggi, Michelle ",January_2022,4040F,None,0,0,0,0,,0,0,0,0,0,0,0,0,0,0,
"Maggi, Michelle ",January_2022,81003,None,0,0,0,0,,0,0,9.88,0,0,0,0,0,0,-9.88,
"Maggi, Michelle ",January_2022,83036,None,0,0,0,0,,0,0,0,0,0,0,0,0,0,0,
"Maggi, Michelle ",January_2022,87426,None,0,0,0,121.23,,121.23,0,253.77,0,0,0,0,0,0,-375,
"Maggi, Michelle ",January_2022,87804,None,0,0,0,119.16,,99.3,19.86,120.84,0,0,0,0,0,0,-240,
"Maggi, Michelle ",January_2022,87811,None,0,0,0,24.83,,24.83,0,50.17,0,0,0,0,0,0,-75,
"Maggi, Michelle ",January_2022,87880,None,0,0,0,31.74,,29.76,1.98,66.24,0,0,0,0,0,0,-97.98,
"Maggi, Michelle ",January_2022,90471,None,0,0,0,0,,0,0,42,0,0,0,0,0,0,-42,
"Maggi, Michelle ",January_2022,90472,None,0,0,0,0,,0,0,26,0,0,0,0,0,0,-26,
"Maggi, Michelle ",January_2022,90715,None,0,0,0,11,,11,0,49,0,0,0,0,0,0,-60,
"Maggi, Michelle ",January_2022,90734,None,0,0,0,11,,11,0,190,0,0,0,0,0,0,-201,
"Maggi, Michelle ",January_2022,99072,None,0,0,0,0,,0,0,45,0,0,0,0,0,0,-45,
"Maggi, Michelle ",January_2022,99202,None,0,0,0,83.1,,83.1,0,67.9,0,0,0,0,0,0,-151,
"Maggi, Michelle ",January_2022,99203,None,0,0,0,374.95,,179.62,195.33,352.65,0,0,0,0,0,0,-727.6,
"Maggi, Michelle ",January_2022,99213,None,0,0,0,946.58,,479.78,466.8,784.7,0,0,0,0,0,0,-1731.28,
"Maggi, Michelle ",January_2022,99214,None,0,0,0,1795.46,,1230.18,565.28,1970.34,0,0,0,0,0,0,-3765.8,
"Maggi, Michelle ",January_2022,99215,None,0,0,0,0,,0,0,0,0,0,0,0,0,0,0,
"Maggi, Michelle ",January_2022,G8399,None,0,0,0,0,,0,0,0,0,0,0,0,0,0,0,
"Maggi, Michelle ",January_2022,G8417,None,0,0,0,0,,0,0,0,0,0,0,0,0,0,0,
"Maggi, Michelle ",January_2022,G8419,None,0,0,0,0,,0,0,0,0,0,0,0,0,0,0,
"Maggi, Michelle ",January_2022,G8420,None,0,0,0,0,,0,0,0,0,0,0,0,0,0,0,
"Maggi, Michelle ",January_2022,G8427,None,0,0,0,0,,0,0,0,0,0,0,0,0,0,0,
"Maggi, Michelle ",January_2022,G8432,None,0,0,0,0,,0,0,0,0,0,0,0,0,0,0,
"Maggi, Michelle ",January_2022,G8482,None,0,0,0,0,,0,0,0,0,0,0,0,0,0,0,
"Maggi, Michelle ",January_2022,G8483,None,0,0,0,0,,0,0,0,0,0,0,0,0,0,0,
"Maggi, Michelle ",January_2022,G8510,None,0,0,0,0,,0,0,0,0,0,0,0,0,0,0,
"Maggi, Michelle ",January_2022,G8752,None,0,0,0,0,,0,0,0,0,0,0,0,0,0,0,
"Maggi, Michelle ",January_2022,G8753,None,0,0,0,0,,0,0,0,0,0,0,0,0,0,0,
"Maggi, Michelle ",January_2022,G8754,None,0,0,0,0,,0,0,0,0,0,0,0,0,0,0,
"Maggi, Michelle ",January_2022,G8755,None,0,0,0,0,,0,0,0,0,0,0,0,0,0,0,
"Maggi, Michelle ",January_2022,G8756,None,0,0,0,0,,0,0,0,0,0,0,0,0,0,0,
"Maggi, Michelle ",January_2022,G8783,None,0,0,0,0,,0,0,0,0,0,0,0,0,0,0,
"Maggi, Michelle ",January_2022,G8950,None,0,0,0,0,,0,0,0,0,0,0,0,0,0,0,
"Maggi, Michelle ",January_2022,G8952,None,0,0,0,0,,0,0,0,0,0,0,0,0,0,0,
"Maggi, Michelle ",January_2022,G9899,None,0,0,0,0,,0,0,0,0,0,0,0,0,0,0,
"Maggi, Michelle ",January_2022,G9900,None,0,0,0,0,,0,0,0,0,0,0,0,0,0,0,
"Maggi, Michelle ",January_2022,G9902,None,0,0,0,0,,0,0,0,0,0,0,0,0,0,0,
"Maggi, Michelle ",January_2022,G9903,None,0,0,0,0,,0,0,0,0,0,0,0,0,0,0,
"Maggi, Michelle ",January_2022,G9905,None,0,0,0,0,,0,0,0,0,0,0,0,0,0,0,
"Maggi, Michelle ",January_2022,G9908,None,0,0,0,0,,0,0,0,0,0,0,0,0,0,0,
"Maggi, Michelle ",February_2022,0011A,None,0,0,0,0,,0,0,0,0,0,0,0,0,0,0,
"Maggi, Michelle ",February_2022,0012A,None,0,0,0,79.86,,79.86,0,4.14,0,0,0,0,0,0,-84,
"Maggi, Michelle ",February_2022,1036F,None,0,0,0,0,,0,0,0,0,0,0,0,0,0,0,
"Maggi, Michelle ",February_2022,1100F,None,0,0,0,0,,0,0,0,0,0,0,0,0,0,0,
"Maggi, Michelle ",February_2022,1123F,None,0,0,0,0,,0,0,0,0,0,0,0,0,0,0,
"Maggi, Michelle ",February_2022,2022F,None,0,0,0,0,,0,0,0,0,0,0,0,0,0,0,
"Maggi, Michelle ",February_2022,3044F,None,0,0,0,0,,0,0,0,0,0,0,0,0,0,0,
"Maggi, Michelle ",February_2022,3288F,None,0,0,0,0,,0,0,0,0,0,0,0,0,0,0,
"Maggi, Michelle ",February_2022,4040F,None,0,0,0,0,,0,0,0,0,0,0,0,0,0,0,
"Maggi, Michelle ",February_2022,81003,None,0,0,0,1.66,,0,1.66,0,0,0,0,0,0,0,-1.66,
"Maggi, Michelle ",February_2022,81025,None,0,0,0,5.17,,0,5.17,0,0,0,0,0,0,0,-5.17,
"Maggi, Michelle ",February_2022,87426,None,0,0,0,60,,0,60,0,0,0,0,0,0,0,-60,
"Maggi, Michelle ",February_2022,87804,None,0,0,0,19.86,,0,19.86,0,0,59.86,0,0,0,0,-79.72,
"Maggi, Michelle ",February_2022,87880,None,0,0,0,4.78,,0,4.78,0,0,0,0,0,0,0,-4.78,
"Maggi, Michelle ",February_2022,90460,None,0,0,0,0,,0,0,0,0,0,0,0,0,0,0,
"Maggi, Michelle ",February_2022,90461,None,0,0,0,0,,0,0,0,0,0,0,0,0,0,0,
"Maggi, Michelle ",February_2022,90707,None,0,0,0,0,,0,0,0,0,0,0,0,0,0,0,
"Maggi, Michelle ",February_2022,90713,None,0,0,0,-11,,-11,0,-101,0,0,0,0,0,0,112,
"Maggi, Michelle ",February_2022,90715,None,0,0,0,0,,0,0,0,0,0,0,0,0,0,0,
"Maggi, Michelle ",February_2022,90716,None,0,0,0,0,,0,0,0,0,0,0,0,0,0,0,
"Maggi, Michelle ",February_2022,93000,None,0,0,0,0,,0,0,0,0,0,0,0,0,0,0,
"Maggi, Michelle ",February_2022,99072,None,0,0,0,0,,0,0,0,0,15,0,0,0,0,-15,
"Maggi, Michelle ",February_2022,99202,None,0,0,0,30,,30,0,0,0,0,0,0,0,0,-30,
"Maggi, Michelle ",February_2022,99203,None,0,0,0,354.09,,81.93,272.16,135.07,0,0,0,0,0,0,-489.16,
"Maggi, Michelle ",February_2022,99204,None,0,0,0,60,,0,60,0,0,0,0,0,0,0,-60,
"Maggi, Michelle ",February_2022,99213,None,0,0,0,287.79,,15.62,272.17,0,0,72,0,0,0,0,-359.79,
"Maggi, Michelle ",February_2022,99214,None,0,0,0,548.62,,161.41,387.21,173.59,0,0,0,0,0,0,-722.21,
"Maggi, Michelle ",February_2022,99215,None,0,0,0,0,,0,0,0,0,0,0,0,0,0,0,
"Maggi, Michelle ",February_2022,G8399,None,0,0,0,0,,0,0,0,0,0,0,0,0,0,0,
"Maggi, Michelle ",February_2022,G8417,None,0,0,0,0,,0,0,0,0,0,0,0,0,0,0,
"Maggi, Michelle ",February_2022,G8420,None,0,0,0,0,,0,0,0,0,0,0,0,0,0,0,
"Maggi, Michelle ",February_2022,G8427,None,0,0,0,0,,0,0,0,0,0,0,0,0,0,0,
"Maggi, Michelle ",February_2022,G8482,None,0,0,0,0,,0,0,0,0,0,0,0,0,0,0,
"Maggi, Michelle ",February_2022,G8483,None,0,0,0,0,,0,0,0,0,0,0,0,0,0,0,
"Maggi, Michelle ",February_2022,G8510,None,0,0,0,0,,0,0,0,0,0,0,0,0,0,0,
"Maggi, Michelle ",February_2022,G8752,None,0,0,0,0,,0,0,0,0,0,0,0,0,0,0,
"Maggi, Michelle ",February_2022,G8753,None,0,0,0,0,,0,0,0,0,0,0,0,0,0,0,
"Maggi, Michelle ",February_2022,G8754,None,0,0,0,0,,0,0,0,0,0,0,0,0,0,0,
"Maggi, Michelle ",February_2022,G8783,None,0,0,0,0,,0,0,0,0,0,0,0,0,0,0,
"Maggi, Michelle ",February_2022,G8924,None,0,0,0,0,,0,0,0,0,0,0,0,0,0,0,
"Maggi, Michelle ",February_2022,G8967,None,0,0,0,0,,0,0,0,0,0,0,0,0,0,0,
"Maggi, Michelle ",February_2022,G9695,None,0,0,0,0,,0,0,0,0,0,0,0,0,0,0,
"Maggi, Michelle ",February_2022,G9899,None,0,0,0,0,,0,0,0,0,0,0,0,0,0,0,
"Maggi, Michelle ",February_2022,G9903,None,0,0,0,0,,0,0,0,0,0,0,0,0,0,0,
"Maggi, Michelle ",February_2022,INTM,None,0,0,0,0.31,,0.31,0,0,0,0,0,0,0,0,-0.31,
"Maggi, Michelle ",March_2022,0012A,None,0,0,0,0,,0,0,0,0,0,0,0,0,0,0,
"Maggi, Michelle ",March_2022,1036F,None,0,0,0,0,,0,0,0,0,0,0,0,0,0,0,
"Maggi, Michelle ",March_2022,4004F,None,0,0,0,0,,0,0,0,0,0,0,0,0,0,0,
"Maggi, Michelle ",March_2022,81003,None,0,0,0,1.35,,0,1.35,0,0,0,0,0,0,0,-1.35,
"Maggi, Michelle ",March_2022,87426,None,0,0,0,79.3,,44.3,35,105.7,0,1025,0,0,0,0,-1210,
"Maggi, Michelle ",March_2022,87804,None,0,0,0,23.82,,0,23.82,0,0,40,0,0,0,0,-63.82,
"Maggi, Michelle ",March_2022,87811,None,0,0,0,35,,0,35,0,0,75,0,0,0,0,-110,
"Maggi, Michelle ",March_2022,87880,None,0,0,0,4.78,,0,4.78,0,0,17,0,0,0,0,-21.78,
"Maggi, Michelle ",March_2022,90460,None,0,0,0,0,,0,0,0,0,0,0,0,0,0,0,
"Maggi, Michelle ",March_2022,90461,None,0,0,0,0,,0,0,0,0,0,0,0,0,0,0,
"Maggi, Michelle ",March_2022,90707,None,0,0,0,0,,0,0,0,0,0,0,0,0,0,0,
"Maggi, Michelle ",March_2022,90713,None,0,0,0,11,,11,0,101,0,0,0,0,0,0,-112,
"Maggi, Michelle ",March_2022,90715,None,0,0,0,0,,0,0,0,0,0,0,0,0,0,0,
"Maggi, Michelle ",March_2022,90716,None,0,0,0,0,,0,0,0,0,0,0,0,0,0,0,
"Maggi, Michelle ",March_2022,93000,None,0,0,0,0,,0,0,0,0,0,0,0,0,0,0,
"Maggi, Michelle ",March_2022,99072,None,0,0,0,0,,0,0,30,0,240,0,0,0,0,-270,
"Maggi, Michelle ",March_2022,99202,None,0,0,0,148.1,,83.1,65,67.9,0,1535,0,0,0,0,-1751,
"Maggi, Michelle ",March_2022,99203,None,0,0,0,55,,0,55,0,0,0,0,0,0,0,-55,
"Maggi, Michelle ",March_2022,99213,None,0,0,0,432.75,,216.89,215.86,224.11,0,907,0,0,0,0,-1563.86,
"Maggi, Michelle ",March_2022,99214,None,0,0,0,599.15,,119.26,479.89,130.74,0,140,0,0,0,0,-869.89,
"Maggi, Michelle ",March_2022,99396,None,0,0,0,0,,0,0,0,0,226,0,0,0,0,-226,
"Maggi, Michelle ",March_2022,G8417,None,0,0,0,0,,0,0,0,0,0,0,0,0,0,0,
"Maggi, Michelle ",March_2022,G8419,None,0,0,0,0,,0,0,0,0,0,0,0,0,0,0,
"Maggi, Michelle ",March_2022,G8420,None,0,0,0,0,,0,0,0,0,0,0,0,0,0,0,
"Maggi, Michelle ",March_2022,G8421,None,0,0,0,0,,0,0,0,0,0,0,0,0,0,0,
"Maggi, Michelle ",March_2022,G8427,None,0,0,0,0,,0,0,0,0,0,0,0,0,0,0,
"Maggi, Michelle ",March_2022,G8431,None,0,0,0,0,,0,0,0,0,0,0,0,0,0,0,
"Maggi, Michelle ",March_2022,G8432,None,0,0,0,0,,0,0,0,0,0,0,0,0,0,0,
"Maggi, Michelle ",March_2022,G8482,None,0,0,0,0,,0,0,0,0,0,0,0,0,0,0,
"Maggi, Michelle ",March_2022,G8483,None,0,0,0,0,,0,0,0,0,0,0,0,0,0,0,
"Maggi, Michelle ",March_2022,G8484,None,0,0,0,0,,0,0,0,0,0,0,0,0,0,0,
"Maggi, Michelle ",March_2022,G8510,None,0,0,0,0,,0,0,0,0,0,0,0,0,0,0,
"Maggi, Michelle ",March_2022,G8752,None,0,0,0,0,,0,0,0,0,0,0,0,0,0,0,
"Maggi, Michelle ",March_2022,G8754,None,0,0,0,0,,0,0,0,0,0,0,0,0,0,0,
"Maggi, Michelle ",March_2022,G8783,None,0,0,0,0,,0,0,0,0,0,0,0,0,0,0,
"Maggi, Michelle ",March_2022,G8952,None,0,0,0,0,,0,0,0,0,0,0,0,0,0,0,
"Maggi, Michelle ",March_2022,G9899,None,0,0,0,0,,0,0,0,0,0,0,0,0,0,0,
"Maggi, Michelle ",March_2022,G9903,None,0,0,0,0,,0,0,0,0,0,0,0,0,0,0,
"Maggi, Michelle ",March_2022,G9905,None,0,0,0,0,,0,0,0,0,0,0,0,0,0,0,
"Maggi, Michelle ",April_2022,1036F,None,0,0,0,0,,0,0,0,0,0,0,0,0,0,0,
"Maggi, Michelle ",April_2022,3017F,None,0,0,0,0,,0,0,0,0,0,0,0,0,0,0,
"Maggi, Michelle ",April_2022,4004F,None,0,0,0,0,,0,0,0,0,0,0,0,0,0,0,
"Maggi, Michelle ",April_2022,4040F,None,0,0,0,0,,0,0,0,0,0,0,0,0,0,0,
"Maggi, Michelle ",April_2022,83036,None,0,0,0,1,,0,1,0,0,0,0,0,0,0,-1,
"Maggi, Michelle ",April_2022,87426,None,0,0,0,-92.99,,-92.99,0,-59.54,0,70,0,0,0,0,82.53,
"Maggi, Michelle ",April_2022,87804,None,0,0,0,-30.12,,-30.12,0,-11.86,0,0,0,0,0,0,41.98,
"Maggi, Michelle ",April_2022,87880,None,0,0,0,14.01,,-0.99,15,0,0,0,0,0,0,0,-14.01,
"Maggi, Michelle ",April_2022,90460,None,0,0,0,0,,0,0,0,0,0,0,0,0,0,0,
"Maggi, Michelle ",April_2022,90461,None,0,0,0,0,,0,0,0,0,0,0,0,0,0,0,
"Maggi, Michelle ",April_2022,90471,None,0,0,0,0,,0,0,42,0,0,0,0,0,0,-42,
"Maggi, Michelle ",April_2022,90649,None,0,0,0,136.01,,136.01,0,0,0,0,0,0,0,0,-136.01,
"Maggi, Michelle ",April_2022,90682,None,0,0,0,0,,0,0,90,0,0,0,0,0,0,-90,
"Maggi, Michelle ",April_2022,90707,None,0,0,0,0,,0,0,0,0,0,0,0,0,0,0,
"Maggi, Michelle ",April_2022,90713,None,0,0,0,0,,0,0,0,0,0,0,0,0,0,0,
"Maggi, Michelle ",April_2022,90715,None,0,0,0,0,,0,0,0,0,0,0,0,0,0,0,
"Maggi, Michelle ",April_2022,90716,None,0,0,0,0,,0,0,0,0,0,0,0,0,0,0,
"Maggi, Michelle ",April_2022,99072,None,0,0,0,0,,0,0,0,0,0,0,0,0,0,0,
"Maggi, Michelle ",April_2022,99202,None,0,0,0,0,,0,0,0,0,0,0,0,0,0,0,
"Maggi, Michelle ",April_2022,99203,None,0,0,0,49.2,,0,49.2,217,0,0,0,0,0,0,-266.2,
"Maggi, Michelle ",April_2022,99212,None,0,0,0,0,,0,0,0,0,0,0,0,0,0,0,
"Maggi, Michelle ",April_2022,99213,None,0,0,0,80.35,,-62.11,142.46,-84.89,0,0,0,0,0,0,4.54,
"Maggi, Michelle ",April_2022,99214,None,0,0,0,563.22,,92.77,470.45,136.31,9,0,0,0,0,0,-708.53,
"Maggi, Michelle ",April_2022,99385,None,0,0,0,0,,0,0,241,0,0,0,0,0,0,-241,
"Maggi, Michelle ",April_2022,99394,None,0,0,0,0,,0,0,0,0,0,0,0,0,0,0,
"Maggi, Michelle ",April_2022,G8400,None,0,0,0,0,,0,0,0,0,0,0,0,0,0,0,
"Maggi, Michelle ",April_2022,G8417,None,0,0,0,0,,0,0,0,0,0,0,0,0,0,0,
"Maggi, Michelle ",April_2022,G8419,None,0,0,0,0,,0,0,0,0,0,0,0,0,0,0,
"Maggi, Michelle ",April_2022,G8420,None,0,0,0,0,,0,0,0,0,0,0,0,0,0,0,
"Maggi, Michelle ",April_2022,G8427,None,0,0,0,0,,0,0,0,0,0,0,0,0,0,0,
"Maggi, Michelle ",April_2022,G8432,None,0,0,0,0,,0,0,0,0,0,0,0,0,0,0,
"Maggi, Michelle ",April_2022,G8482,None,0,0,0,0,,0,0,0,0,0,0,0,0,0,0,
"Maggi, Michelle ",April_2022,G8483,None,0,0,0,0,,0,0,0,0,0,0,0,0,0,0,
"Maggi, Michelle ",April_2022,G8484,None,0,0,0,0,,0,0,0,0,0,0,0,0,0,0,
"Maggi, Michelle ",April_2022,G8510,None,0,0,0,0,,0,0,0,0,0,0,0,0,0,0,
"Maggi, Michelle ",April_2022,G8752,None,0,0,0,0,,0,0,0,0,0,0,0,0,0,0,
"Maggi, Michelle ",April_2022,G8753,None,0,0,0,0,,0,0,0,0,0,0,0,0,0,0,
"Maggi, Michelle ",April_2022,G8754,None,0,0,0,0,,0,0,0,0,0,0,0,0,0,0,
"Maggi, Michelle ",April_2022,G8755,None,0,0,0,0,,0,0,0,0,0,0,0,0,0,0,
"Maggi, Michelle ",April_2022,G8783,None,0,0,0,0,,0,0,0,0,0,0,0,0,0,0,
"Maggi, Michelle ",April_2022,G8950,None,0,0,0,0,,0,0,0,0,0,0,0,0,0,0,
"Maggi, Michelle ",April_2022,G8952,None,0,0,0,0,,0,0,0,0,0,0,0,0,0,0,
"Maggi, Michelle ",April_2022,G9903,None,0,0,0,0,,0,0,0,0,0,0,0,0,0,0,
"Maggi, Michelle ",April_2022,G9905,None,0,0,0,0,,0,0,0,0,0,0,0,0,0,0,
"Maggi, Michelle ",April_2022,INTBL,None,0,0,0,3.63,,3.63,0,0,0,0,0,0,0,0,-3.63,
"Maggi, Michelle ",May_2022,0011A,None,0,0,0,16.94,,16.94,0,25.06,0,0,0,0,0,0,-42,
"Maggi, Michelle ",May_2022,0012A,None,0,0,0,0,,0,0,0,0,0,0,0,0,0,0,
"Maggi, Michelle ",May_2022,1036F,None,0,0,0,0,,0,0,0,0,0,0,0,0,0,0,
"Maggi, Michelle ",May_2022,3017F,None,0,0,0,0,,0,0,0,0,0,0,0,0,0,0,
"Maggi, Michelle ",May_2022,87426,None,0,0,0,1018.91,,1018.91,0,0,0,75,0,0,0,0,-1093.91,
"Maggi, Michelle ",May_2022,87804,None,0,0,0,0,,0,0,480,0,40,0,0,0,0,-520,
"Maggi, Michelle ",May_2022,87811,None,0,0,0,40,,0,40,0,0,0,0,0,0,0,-40,
"Maggi, Michelle ",May_2022,87880,None,0,0,0,0,,0,0,0,0,0,0,0,0,0,0,
"Maggi, Michelle ",May_2022,90460,None,0,0,0,53.25,,53.25,0,114.75,0,0,0,0,0,0,-168,
"Maggi, Michelle ",May_2022,90649,None,0,0,0,179.39,,179.39,0,270.61,0,0,0,0,0,0,-450,
"Maggi, Michelle ",May_2022,90651,None,0,0,0,284.03,,284.03,0,165.97,0,0,0,0,0,0,-450,
"Maggi, Michelle ",May_2022,90688,None,0,0,0,19.7,,19.7,0,10.3,0,0,0,0,0,0,-30,
"Maggi, Michelle ",May_2022,90734,None,0,0,0,150.94,,150.94,0,50.06,0,0,0,0,0,0,-201,
"Maggi, Michelle ",May_2022,91301,None,0,0,0,0,,0,0,0,0,0,0,0,0,0,0,
"Maggi, Michelle ",May_2022,99072,None,0,0,0,0,,0,0,225,0,15,0,0,0,0,-240,
"Maggi, Michelle ",May_2022,99202,None,0,0,0,478.69,,478.69,0,532,0,0,0,0,0,0,-1010.69,
"Maggi, Michelle ",May_2022,99203,None,0,0,0,130.37,,75.37,55,116.63,0,0,0,0,0,0,-247,
"Maggi, Michelle ",May_2022,99204,None,0,0,0,186.86,,161.86,25,0,0,0,0,0,0,0,-186.86,
"Maggi, Michelle ",May_2022,99212,None,0,0,0,0,,0,0,89,0,0,0,0,0,0,-89,
"Maggi, Michelle ",May_2022,99213,None,0,0,0,639.63,,594.63,45,581.37,0,147,0,0,0,0,-1368,
"Maggi, Michelle ",May_2022,99214,None,0,0,0,280.13,,82.13,198,167.87,0,0,0,0,0,0,-448,
"Maggi, Michelle ",May_2022,99384,None,0,0,0,111.4,,111.4,0,104.6,0,0,0,0,0,0,-216,
"Maggi, Michelle ",May_2022,99495,None,0,0,0,0,,0,0,173.37,0,0,0,0,0,0,-173.37,
"Maggi, Michelle ",May_2022,G8417,None,0,0,0,0,,0,0,0,0,0,0,0,0,0,0,
"Maggi, Michelle ",May_2022,G8419,None,0,0,0,0,,0,0,0,0,0,0,0,0,0,0,
"Maggi, Michelle ",May_2022,G8420,None,0,0,0,0,,0,0,0,0,0,0,0,0,0,0,
"Maggi, Michelle ",May_2022,G8427,None,0,0,0,0,,0,0,0,0,0,0,0,0,0,0,
"Maggi, Michelle ",May_2022,G8431,None,0,0,0,0,,0,0,0,0,0,0,0,0,0,0,
"Maggi, Michelle ",May_2022,G8432,None,0,0,0,0,,0,0,0,0,0,0,0,0,0,0,
"Maggi, Michelle ",May_2022,G8482,None,0,0,0,0,,0,0,0,0,0,0,0,0,0,0,
"Maggi, Michelle ",May_2022,G8483,None,0,0,0,0,,0,0,0,0,0,0,0,0,0,0,
"Maggi, Michelle ",May_2022,G8484,None,0,0,0,0,,0,0,0,0,0,0,0,0,0,0,
"Maggi, Michelle ",May_2022,G8510,None,0,0,0,0,,0,0,0,0,0,0,0,0,0,0,
"Maggi, Michelle ",May_2022,G8752,None,0,0,0,0,,0,0,0,0,0,0,0,0,0,0,
"Maggi, Michelle ",May_2022,G8753,None,0,0,0,0,,0,0,0,0,0,0,0,0,0,0,
"Maggi, Michelle ",May_2022,G8754,None,0,0,0,0,,0,0,0,0,0,0,0,0,0,0,
"Maggi, Michelle ",May_2022,G8755,None,0,0,0,0,,0,0,0,0,0,0,0,0,0,0,
"Maggi, Michelle ",May_2022,G8783,None,0,0,0,0,,0,0,0,0,0,0,0,0,0,0,
"Maggi, Michelle ",May_2022,G8950,None,0,0,0,0,,0,0,0,0,0,0,0,0,0,0,
"Maggi, Michelle ",May_2022,G8952,None,0,0,0,0,,0,0,0,0,0,0,0,0,0,0,
"Maggi, Michelle ",May_2022,G9902,None,0,0,0,0,,0,0,0,0,0,0,0,0,0,0,
"Maggi, Michelle ",May_2022,G9903,None,0,0,0,0,,0,0,0,0,0,0,0,0,0,0,
"Maggi, Michelle ",May_2022,G9908,None,0,0,0,0,,0,0,0,0,0,0,0,0,0,0,
"Maggi, Michelle ",June_2022,0011A,None,0,0,0,0,,0,0,0,0,210,0,0,0,0,-210,
"Maggi, Michelle ",June_2022,0012A,None,0,0,0,0,,0,0,0,0,168,0,0,0,0,-168,
"Maggi, Michelle ",June_2022,1036F,None,0,0,0,0,,0,0,0,0,0,0,0,0,0,0,
"Maggi, Michelle ",June_2022,2022F,None,0,0,0,0,,0,0,0,0,0,0,0,0,0,0,
"Maggi, Michelle ",June_2022,3017F,None,0,0,0,0,,0,0,0,0,0,0,0,0,0,0,
"Maggi, Michelle ",June_2022,3046F,None,0,0,0,0,,0,0,0,0,0,0,0,0,0,0,
"Maggi, Michelle ",June_2022,87426,None,0,0,0,19,,19,0,131,0,75,0,0,0,0,-225,
"Maggi, Michelle ",June_2022,87804,None,0,0,0,0,,0,0,40,0,40,0,0,0,0,-80,
"Maggi, Michelle ",June_2022,87811,None,0,0,0,0,,0,0,0,0,150,0,0,0,0,-150,
"Maggi, Michelle ",June_2022,87880,None,0,0,0,0,,0,0,32,0,0,0,0,0,0,-32,
"Maggi, Michelle ",June_2022,91301,None,0,0,0,0,,0,0,0,0,0,0,0,0,0,0,
"Maggi, Michelle ",June_2022,99072,None,0,0,0,0,,0,0,15,0,30,0,0,0,0,-45,
"Maggi, Michelle ",June_2022,99202,None,0,0,0,0,,0,0,0,0,755,0,0,0,0,-755,
"Maggi, Michelle ",June_2022,99203,None,0,0,0,138.73,,0,138.73,217,0,0,0,0,0,0,-355.73,
"Maggi, Michelle ",June_2022,99204,None,0,0,0,0,,0,0,0,0,0,0,0,0,0,0,
"Maggi, Michelle ",June_2022,99212,None,0,0,0,0,,0,0,0,0,356,0,0,0,0,-356,
"Maggi, Michelle ",June_2022,99213,None,0,0,0,152.61,,117.61,35,252.98,0,294,0,0,0,0,-699.59,
"Maggi, Michelle ",June_2022,99214,None,0,0,0,78.73,,0,78.73,17.89,0,250,0,0,0,0,-346.62,
"Maggi, Michelle ",June_2022,99385,None,0,0,0,94.78,,0,94.78,0,0,0,0,0,0,0,-94.78,
"Maggi, Michelle ",June_2022,G8417,None,0,0,0,0,,0,0,0,0,0,0,0,0,0,0,
"Maggi, Michelle ",June_2022,G8419,None,0,0,0,0,,0,0,0,0,0,0,0,0,0,0,
"Maggi, Michelle ",June_2022,G8420,None,0,0,0,0,,0,0,0,0,0,0,0,0,0,0,
"Maggi, Michelle ",June_2022,G8427,None,0,0,0,0,,0,0,0,0,0,0,0,0,0,0,
"Maggi, Michelle ",June_2022,G8431,None,0,0,0,0,,0,0,0,0,0,0,0,0,0,0,
"Maggi, Michelle ",June_2022,G8482,None,0,0,0,0,,0,0,0,0,0,0,0,0,0,0,
"Maggi, Michelle ",June_2022,G8483,None,0,0,0,0,,0,0,0,0,0,0,0,0,0,0,
"Maggi, Michelle ",June_2022,G8510,None,0,0,0,0,,0,0,0,0,0,0,0,0,0,0,
"Maggi, Michelle ",June_2022,G8783,None,0,0,0,0,,0,0,0,0,0,0,0,0,0,0,
"Maggi, Michelle ",June_2022,G8926,None,0,0,0,0,,0,0,0,0,0,0,0,0,0,0,
"Maggi, Michelle ",June_2022,G9900,None,0,0,0,0,,0,0,0,0,0,0,0,0,0,0,
"Maggi, Michelle ",June_2022,G9902,None,0,0,0,0,,0,0,0,0,0,0,0,0,0,0,
"Maggi, Michelle ",June_2022,G9903,None,0,0,0,0,,0,0,0,0,0,0,0,0,0,0,
"Maggi, Michelle ",June_2022,G9908,None,0,0,0,0,,0,0,0,0,0,0,0,0,0,0,
"Maggi, Michelle ",July_2022,1036F,None,0,0,0,0,,0,0,0,0,0,0,0,0,0,0,
"Maggi, Michelle ",July_2022,3017F,None,0,0,0,0,,0,0,0,0,0,0,0,0,0,0,
"Maggi, Michelle ",July_2022,87426,None,0,0,0,6.78,,0,6.78,0,0,0,0,0,0,0,-6.78,
"Maggi, Michelle ",July_2022,87804,None,0,0,0,3.42,,0,3.42,0,0,0,0,0,0,0,-3.42,
"Maggi, Michelle ",July_2022,90716,None,0,0,0,10,,0,10,0,0,0,0,0,0,0,-10,
"Maggi, Michelle ",July_2022,93000,None,0,0,0,17.67,,0,17.67,0,0,0,0,0,0,0,-17.67,
"Maggi, Michelle ",July_2022,99203,None,0,0,0,17.43,,0,17.43,0,0,0,0,0,0,0,-17.43,
"Maggi, Michelle ",July_2022,99213,None,0,0,0,135.98,,15,120.98,0,0,25,0,0,0,0,-160.98,
"Maggi, Michelle ",July_2022,99214,None,0,0,0,182.78,,5,177.78,0,0,0,0,0,0,0,-182.78,
"Maggi, Michelle ",July_2022,99394,None,0,0,0,10,,0,10,0,0,0,0,0,0,0,-10,
"Maggi, Michelle ",July_2022,99495,None,0,0,0,191.43,,106.43,85,0,0,0,0,0,0,0,-191.43,
"Maggi, Michelle ",July_2022,G8420,None,0,0,0,0,,0,0,0,0,0,0,0,0,0,0,
"Maggi, Michelle ",July_2022,G8427,None,0,0,0,0,,0,0,0,0,0,0,0,0,0,0,
"Maggi, Michelle ",July_2022,G8431,None,0,0,0,0,,0,0,0,0,0,0,0,0,0,0,
"Maggi, Michelle ",July_2022,G8482,None,0,0,0,0,,0,0,0,0,0,0,0,0,0,0,
"Maggi, Michelle ",July_2022,G8483,None,0,0,0,0,,0,0,0,0,0,0,0,0,0,0,
"Maggi, Michelle ",July_2022,G8783,None,0,0,0,0,,0,0,0,0,0,0,0,0,0,0,
"Maggi, Michelle ",July_2022,G9903,None,0,0,0,0,,0,0,0,0,0,0,0,0,0,0,
"Maggi, Michelle ",August_2022,0011A,None,0,0,0,0,,0,0,0,0,0,0,0,0,0,0,
"Maggi, Michelle ",August_2022,0012A,None,0,0,0,0,,0,0,0,0,0,0,0,0,0,0,
"Maggi, Michelle ",August_2022,1036F,None,0,0,0,0,,0,0,0,0,0,0,0,0,0,0,
"Maggi, Michelle ",August_2022,4004F,None,0,0,0,0,,0,0,0,0,0,0,0,0,0,0,
"Maggi, Michelle ",August_2022,4040F,None,0,0,0,0,,0,0,0,0,0,0,0,0,0,0,
"Maggi, Michelle ",August_2022,81025,None,0,0,0,0,,0,0,0,0,0,0,0,0,0,0,
"Maggi, Michelle ",August_2022,87426,None,0,0,0,0,,0,0,0,0,0,0,0,0,0,0,
"Maggi, Michelle ",August_2022,96372,None,0,0,0,-11.62,,-11.62,0,0,0,0,0,0,0,0,11.62,
"Maggi, Michelle ",August_2022,99072,None,0,0,0,0,,0,0,0,0,0,0,0,0,0,0,
"Maggi, Michelle ",August_2022,99202,None,0,0,0,0,,0,0,0,0,0,0,0,0,0,0,
"Maggi, Michelle ",August_2022,99204,None,0,0,0,5,,0,5,0,0,0,0,0,0,0,-5,
"Maggi, Michelle ",August_2022,99212,None,0,0,0,0,,0,0,0,0,0,0,0,0,0,0,
"Maggi, Michelle ",August_2022,99213,None,0,0,0,25,,0,25,0,0,0,0,0,0,0,-25,
"Maggi, Michelle ",August_2022,99214,None,0,0,0,-158.54,,-158.54,0,0,0,0,0,0,0,0,158.54,
"Maggi, Michelle ",August_2022,99381,None,0,0,0,0,,0,0,0,0,0,0,0,0,0,0,
"Maggi, Michelle ",August_2022,99385,None,0,0,0,-187.28,,-187.28,0,-147.36,0,0,0,0,0,0,334.64,
"Maggi, Michelle ",August_2022,99394,None,0,0,0,10,,0,10,0,0,0,0,0,0,0,-10,
"Maggi, Michelle ",August_2022,G8400,None,0,0,0,0,,0,0,0,0,0,0,0,0,0,0,
"Maggi, Michelle ",August_2022,G8417,None,0,0,0,0,,0,0,0,0,0,0,0,0,0,0,
"Maggi, Michelle ",August_2022,G8419,None,0,0,0,0,,0,0,0,0,0,0,0,0,0,0,
"Maggi, Michelle ",August_2022,G8421,None,0,0,0,0,,0,0,0,0,0,0,0,0,0,0,
"Maggi, Michelle ",August_2022,G8427,None,0,0,0,0,,0,0,0,0,0,0,0,0,0,0,
"Maggi, Michelle ",August_2022,G8431,None,0,0,0,0,,0,0,0,0,0,0,0,0,0,0,
"Maggi, Michelle ",August_2022,G8432,None,0,0,0,0,,0,0,0,0,0,0,0,0,0,0,
"Maggi, Michelle ",August_2022,G8482,None,0,0,0,0,,0,0,0,0,0,0,0,0,0,0,
"Maggi, Michelle ",August_2022,G8483,None,0,0,0,0,,0,0,0,0,0,0,0,0,0,0,
"Maggi, Michelle ",August_2022,G8484,None,0,0,0,0,,0,0,0,0,0,0,0,0,0,0,
"Maggi, Michelle ",August_2022,G8510,None,0,0,0,0,,0,0,0,0,0,0,0,0,0,0,
"Maggi, Michelle ",August_2022,G8783,None,0,0,0,0,,0,0,0,0,0,0,0,0,0,0,
"Maggi, Michelle ",August_2022,G9903,None,0,0,0,0,,0,0,0,0,0,0,0,0,0,0,
"Maggi, Michelle ",August_2022,G9905,None,0,0,0,0,,0,0,0,0,0,0,0,0,0,0,
"Maggi, Michelle ",September_2022,1036F,None,0,0,0,0,,0,0,0,0,0,0,0,0,0,0,
"Maggi, Michelle ",September_2022,3017F,None,0,0,0,0,,0,0,0,0,0,0,0,0,0,0,
"Maggi, Michelle ",September_2022,4004F,None,0,0,0,0,,0,0,0,0,0,0,0,0,0,0,
"Maggi, Michelle ",September_2022,87426,None,0,0,0,45.23,,45.23,0,29.77,0,0,0,0,0,0,-75,
"Maggi, Michelle ",September_2022,87880,None,0,0,0,9.92,,0,9.92,0,0,0,0,0,0,0,-9.92,
"Maggi, Michelle ",September_2022,99072,None,0,0,0,0,,0,0,15,0,0,0,0,0,0,-15,
"Maggi, Michelle ",September_2022,99202,None,0,0,0,0,,0,0,0,0,0,0,0,0,0,0,
"Maggi, Michelle ",September_2022,99212,None,0,0,0,65.98,,65.98,0,23.02,0,0,0,0,0,0,-89,
"Maggi, Michelle ",September_2022,99213,None,0,0,0,25,,0,25,0,0,0,0,0,0,0,-25,
"Maggi, Michelle ",September_2022,99214,None,0,0,0,99.89,,35,64.89,0,0,0,0,0,0,0,-99.89,
"Maggi, Michelle ",September_2022,G8417,None,0,0,0,0,,0,0,0,0,0,0,0,0,0,0,
"Maggi, Michelle ",September_2022,G8419,None,0,0,0,0,,0,0,0,0,0,0,0,0,0,0,
"Maggi, Michelle ",September_2022,G8427,None,0,0,0,0,,0,0,0,0,0,0,0,0,0,0,
"Maggi, Michelle ",September_2022,G8431,None,0,0,0,0,,0,0,0,0,0,0,0,0,0,0,
"Maggi, Michelle ",September_2022,G8432,None,0,0,0,0,,0,0,0,0,0,0,0,0,0,0,
"Maggi, Michelle ",September_2022,G8484,None,0,0,0,0,,0,0,0,0,0,0,0,0,0,0,
"Maggi, Michelle ",September_2022,G8783,None,0,0,0,0,,0,0,0,0,0,0,0,0,0,0,
"Maggi, Michelle ",September_2022,G9900,None,0,0,0,0,,0,0,0,0,0,0,0,0,0,0,
"Maggi, Michelle ",September_2022,G9903,None,0,0,0,0,,0,0,0,0,0,0,0,0,0,0,
"Maggi, Michelle ",September_2022,G9905,None,0,0,0,0,,0,0,0,0,0,0,0,0,0,0,
"Maggi, Michelle ",September_2022,INTBL,None,0,0,0,0.09,,0.09,0,0,0,0,0,0,0,0,-0.09,
"Maggi, Michelle ",October_2022,1036F,None,0,0,0,0,,0,0,0,0,0,0,0,0,0,0,
"Maggi, Michelle ",October_2022,87426,None,0,0,0,31.09,,31.09,0,0,0,0,0,0,0,0,-31.09,
"Maggi, Michelle ",October_2022,87804,None,0,0,0,27.72,,27.72,0,0,0,0,0,0,0,0,-27.72,
"Maggi, Michelle ",October_2022,99072,None,0,0,0,0,,0,0,0,0,0,0,0,0,0,0,
"Maggi, Michelle ",October_2022,99203,None,0,0,0,35,,0,35,0,0,0,0,0,0,0,-35,
"Maggi, Michelle ",October_2022,99213,None,0,0,0,30,,0,30,0,0,0,0,0,0,0,-30,
"Maggi, Michelle ",October_2022,99214,None,0,0,0,111.41,,76.41,35,0,0,0,0,0,0,0,-111.41,
"Maggi, Michelle ",October_2022,G8419,None,0,0,0,0,,0,0,0,0,0,0,0,0,0,0,
"Maggi, Michelle ",October_2022,G8427,None,0,0,0,0,,0,0,0,0,0,0,0,0,0,0,
"Maggi, Michelle ",October_2022,G8482,None,0,0,0,0,,0,0,0,0,0,0,0,0,0,0,
"Maggi, Michelle ",October_2022,G8510,None,0,0,0,0,,0,0,0,0,0,0,0,0,0,0,
"Maggi, Michelle ",October_2022,G8783,None,0,0,0,0,,0,0,0,0,0,0,0,0,0,0,
"Maggi, Michelle ",October_2022,G9903,None,0,0,0,0,,0,0,0,0,0,0,0,0,0,0,
"Maggi, Michelle ",November_2022,11200,None,0,0,0,24.86,,0,24.86,0,0,0,0,0,0,0,-24.86,
"Maggi, Michelle ",November_2022,87804,None,0,0,0,9.86,,0,9.86,0,0,0,0,0,0,0,-9.86,
"Maggi, Michelle ",November_2022,94010,None,0,0,0,62.05,,0,62.05,0,0,0,0,0,0,0,-62.05,
"Maggi, Michelle ",November_2022,99203,None,0,0,0,129.61,,0,129.61,0,0,0,0,0,0,0,-129.61,
"Maggi, Michelle ",November_2022,99204,None,0,0,0,5,,0,5,0,0,0,0,0,0,0,-5,
"Maggi, Michelle ",November_2022,99212,None,0,0,0,25,,0,25,0,0,0,0,0,0,0,-25,
"Maggi, Michelle ",November_2022,99213,None,0,0,0,10.48,,0,10.48,0,0,0,0,0,0,0,-10.48,
"Maggi, Michelle ",November_2022,99214,None,0,0,0,485.45,,0,485.45,0,0,0,0,0,0,0,-485.45,
"Maggi, Michelle ",December_2022,0011A,None,0,0,0,16.94,,16.94,0,25.06,0,0,0,0,0,0,-42,
"Maggi, Michelle ",December_2022,1036F,None,0,0,0,0,,0,0,0,0,0,0,0,0,0,0,
"Maggi, Michelle ",December_2022,81003,None,0,0,0,3.8,,0,3.8,0,0,0,0,0,0,0,-3.8,
"Maggi, Michelle ",December_2022,81025,None,0,0,0,7.32,,0,7.32,0,0,0,0,0,0,0,-7.32,
"Maggi, Michelle ",December_2022,91301,None,0,0,0,0,,0,0,0,0,0,0,0,0,0,0,
"Maggi, Michelle ",December_2022,99214,None,0,0,0,32.03,,0,32.03,0,0,0,0,0,0,0,-32.03,
"Maggi, Michelle ",December_2022,99381,None,0,0,0,123.01,,123.01,0,196.99,0,0,0,0,0,0,-320,
"Maggi, Michelle ",December_2022,G8417,None,0,0,0,0,,0,0,0,0,0,0,0,0,0,0,
"Maggi, Michelle ",December_2022,G8427,None,0,0,0,0,,0,0,0,0,0,0,0,0,0,0,
"Maggi, Michelle ",December_2022,G8482,None,0,0,0,0,,0,0,0,0,0,0,0,0,0,0,
"Maggi, Michelle ",December_2022,G8510,None,0,0,0,0,,0,0,0,0,0,0,0,0,0,0,
"Maggi, Michelle ",December_2022,G8752,None,0,0,0,0,,0,0,0,0,0,0,0,0,0,0,
"Maggi, Michelle ",December_2022,G8754,None,0,0,0,0,,0,0,0,0,0,0,0,0,0,0,
"Maggi, Michelle ",December_2022,G8783,None,0,0,0,0,,0,0,0,0,0,0,0,0,0,0,
"Maggi, Michelle ",December_2022,G9903,None,0,0,0,0,,0,0,0,0,0,0,0,0,0,0,
"Moyer, Ying C",September_2022,99393,None,0,0,0,35,,0,35,0,0,0,0,0,0,0,-35,
"Moyer, Ying C",November_2022,99392,None,0,0,0,20,,0,20,0,0,0,0,0,0,0,-20,
"Nolden, Dakota ",January_2022,1036F,None,0,0,0,0,,0,0,0,0,0,0,272,290,290,0,
"Nolden, Dakota ",January_2022,1090F,None,0,0,0,0,,0,0,0,0,0,0,0,0,0,0,
"Nolden, Dakota ",January_2022,1100F,None,0,0,0,0,,0,0,0,0,0,0,9,10,10,0,
"Nolden, Dakota ",January_2022,1101F,None,0,0,0,0,,0,0,0,0,0,0,28,29,29,0,
"Nolden, Dakota ",January_2022,1123F,None,0,0,0,0,,0,0,0,0,0,0,33,35,35,0,
"Nolden, Dakota ",January_2022,1124F,None,0,0,0,0,,0,0,0,0,0,0,2,2,2,0,
"Nolden, Dakota ",January_2022,11750,None,0,0,0,139.9,,139.9,0,171.1,0,0,0,0,0,0,-311,
"Nolden, Dakota ",January_2022,2022F,None,0,0,0,0,,0,0,0,0,0,0,14,16,16,0,
"Nolden, Dakota ",January_2022,2023F,None,0,0,0,0,,0,0,0,0,0,0,2,2,2,0,
"Nolden, Dakota ",January_2022,2024F,None,0,0,0,0,,0,0,0,0,0,0,3,3,3,0,
"Nolden, Dakota ",January_2022,2026F,None,0,0,0,0,,0,0,0,0,0,0,1,1,1,0,
"Nolden, Dakota ",January_2022,20610,None,0,0,0,11.04,,11.04,0,0,0,0,0,0,0,0,-11.04,
"Nolden, Dakota ",January_2022,20611,None,183,183,0,82.22,0.44928962,82.22,0,100.78,0,0,0,1,1,1,0,1
"Nolden, Dakota ",January_2022,3017F,None,0,0,0,0,,0,0,0,0,0,0,79,84,84,0,
"Nolden, Dakota ",January_2022,3044F,None,0,0,0,0,,0,0,0,0,0,0,11,11,11,0,
"Nolden, Dakota ",January_2022,3046F,None,0,0,0,10,,10,0,-10,0,0,0,12,14,14,0,
"Nolden, Dakota ",January_2022,3051F,None,0,0,0,0,,0,0,0,0,0,0,4,4,4,0,
"Nolden, Dakota ",January_2022,3052F,None,0,0,0,0,,0,0,0,0,0,0,4,4,4,0,
"Nolden, Dakota ",January_2022,3072F,None,0,0,0,0,,0,0,0,0,0,0,10,10,10,0,
"Nolden, Dakota ",January_2022,3284F,None,0,0,0,0,,0,0,0,0,0,0,1,1,1,0,
"Nolden, Dakota ",January_2022,3288F,None,0,0,0,0,,0,0,0,0,0,0,9,10,10,0,
"Nolden, Dakota ",January_2022,4004F,None,0,0,0,0,,0,0,0,0,0,0,2,2,2,0,
"Nolden, Dakota ",January_2022,4040F,None,0,0,0,0,,0,0,0,0,0,0,41,43,43,0,
"Nolden, Dakota ",January_2022,4132F,None,0,0,0,0,,0,0,0,0,0,0,0,0,0,0,
"Nolden, Dakota ",January_2022,4340F,None,0,0,0,0,,0,0,0,0,0,0,1,1,1,0,
"Nolden, Dakota ",January_2022,69210,None,0,0,0,40.85,,40.85,0,57.15,0,0,0,0,0,0,-98,
"Nolden, Dakota ",January_2022,81003,None,72,72,0,10.44,0.145,8.76,1.68,51.24,0,0,0,6,6,6,10.32,0.85666667
"Nolden, Dakota ",January_2022,83036,None,140,140,0,9.71,0.06935714,9.71,0,25.29,0,0,0,4,4,4,105,0.25
"Nolden, Dakota ",January_2022,87426,None,3450,3300,150,1009.54,0.29262029,924.54,85,1475.46,0,75,0,44,46,46,890,0.74202899
"Nolden, Dakota ",January_2022,87804,None,1480,1440,40,594.28,0.40154054,561.48,32.8,567.04,0,59.86,0,35,37,74,258.82,0.82512162
"Nolden, Dakota ",January_2022,87811,None,1725,1650,75,307.18,0.17807536,307.18,0,1117.82,0,75,0,23,23,23,225,0.86956522
"Nolden, Dakota ",January_2022,87880,None,480,480,0,39.68,0.08266667,39.68,0,110.4,0,0,0,14,15,15,329.92,0.31266667
"Nolden, Dakota ",January_2022,90460,None,42,42,0,0,0,0,0,0,0,0,0,1,1,1,42,0
"Nolden, Dakota ",January_2022,90471,None,714,714,0,334.5,0.46848739,334.5,0,631.5,0,0,0,17,17,17,-252,1.35294118
"Nolden, Dakota ",January_2022,90472,None,52,52,0,10.32,0.19846154,10.32,0,15.68,0,0,0,2,2,2,26,0.5
"Nolden, Dakota ",January_2022,90651,None,0,0,0,245,,245,0,205,0,0,0,0,0,0,-450,
"Nolden, Dakota ",January_2022,90662,None,0,0,0,61.66,,61.66,0,13.34,0,0,0,0,0,0,-75,
"Nolden, Dakota ",January_2022,90688,None,420,420,0,430.22,1.02433333,430.22,0,229.78,0,0,0,14,14,14,-240,1.57142857
"Nolden, Dakota ",January_2022,90715,None,240,240,0,49,0.20416667,49,0,11,0,0,0,4,4,4,180,0.25
"Nolden, Dakota ",January_2022,90732,None,0,0,0,231.94,,231.94,0,88.06,0,0,0,0,0,0,-320,
"Nolden, Dakota ",January_2022,90734,None,402,402,0,0,0,0,0,0,0,0,0,2,2,2,402,0
"Nolden, Dakota ",January_2022,93000,None,210,210,0,46.42,0.22104762,30.39,16.03,78.47,0,0,0,6,6,6,85.11,0.59471429
"Nolden, Dakota ",January_2022,94010,None,146,146,0,94.61,0.6480137,84.61,10,177.33,0,0,0,2,2,2,-125.94,1.86260274
"Nolden, Dakota ",January_2022,95004,None,792,792,0,740.54,0.93502525,490.9,249.64,1541.56,0,0,0,1,1,72,-1490.1,2.88143939
"Nolden, Dakota ",January_2022,96160,None,200,200,0,152.34,0.7617,152.34,0,50,0,0,0,1,1,1,-2.34,1.0117
"Nolden, Dakota ",January_2022,99072,None,1020,975,45,0,0,0,0,720,0,75,0,65,68,68,225,0.77941176
"Nolden, Dakota ",January_2022,99203,None,6293,6076,217,1868.75,0.29695694,1471.51,397.24,2808.03,0,0,0,29,29,29,1616.22,0.74317178
"Nolden, Dakota ",January_2022,99204,None,1650,1650,0,402.07,0.24367879,316.31,85.76,865.26,0,0,0,5,5,5,382.67,0.76807879
"Nolden, Dakota ",January_2022,99212,None,89,89,0,37.38,0.42,37.38,0,51.62,0,0,0,1,1,1,0,1
"Nolden, Dakota ",January_2022,99213,None,20580,19845,735,6820.78,0.3314276,5459.09,1361.69,9217.82,0,652,0,135,140,140,3889.4,0.81101069
"Nolden, Dakota ",January_2022,99214,None,31750,31500,250,10283.8,0.32389921,8749.1,1534.7,17507.78,0,0,0,124,127,127,3958.42,0.87532535
"Nolden, Dakota ",January_2022,99215,None,2628,2628,0,2000.16,0.76109589,1965.16,35,2402.58,0,0,0,9,9,9,-1774.74,1.67531963
"Nolden, Dakota ",January_2022,99385,None,1446,1446,0,925.02,0.63970954,925.02,0,877.2,0,0,0,6,6,6,-356.22,1.24634855
"Nolden, Dakota ",January_2022,99386,None,1088,1088,0,209.98,0.19299632,144.98,65,127.02,0,0,0,4,4,4,751,0.30974265
"Nolden, Dakota ",January_2022,99387,None,0,0,0,133.09,,133.09,0,168.91,0,0,0,0,0,0,-302,
"Nolden, Dakota ",January_2022,99394,None,186,186,0,25,0.1344086,0,25,0,0,0,0,1,1,1,161,0.1344086
"Nolden, Dakota ",January_2022,99395,None,824,824,0,810.35,0.98343447,751.35,59,896.65,0,0,0,4,4,4,-883,2.07160194
"Nolden, Dakota ",January_2022,99396,None,1356,1356,0,579.08,0.42705015,579.08,0,550.92,0,0,0,6,6,6,226,0.83333333
"Nolden, Dakota ",January_2022,99406,None,0,0,0,0,,0,0,30,0,0,0,0,0,0,-30,
"Nolden, Dakota ",January_2022,99439,None,76,76,0,57.3,0.75394737,57.3,0,12.34,0,0,0,1,1,2,6.36,0.91631579
"Nolden, Dakota ",January_2022,99490,None,85,85,0,34.8,0.40941176,34.8,0,50.2,0,0,0,1,1,1,0,1
"Nolden, Dakota ",January_2022,99497,None,0,0,0,14.51,,14.51,0,0,0,0,0,0,0,0,-14.51,
"Nolden, Dakota ",January_2022,G0008,None,0,0,0,31.47,,31.47,0,52.53,0,0,0,0,0,0,-84,
"Nolden, Dakota ",January_2022,G0009,None,0,0,0,0,,0,0,0,0,0,0,0,0,0,0,
"Nolden, Dakota ",January_2022,G0439,None,1888,1888,0,490.71,0.25990996,490.71,0,453.29,0,0,0,8,8,8,944,0.5
"Nolden, Dakota ",January_2022,G8399,None,0,0,0,0,,0,0,0,0,0,0,6,6,6,0,
"Nolden, Dakota ",January_2022,G8400,None,0,0,0,0,,0,0,0,0,0,0,11,11,11,0,
"Nolden, Dakota ",January_2022,G8417,None,0,0,0,0,,0,0,0,0,0,0,140,147,147,0,
"Nolden, Dakota ",January_2022,G8418,None,0,0,0,0,,0,0,0,0,0,0,9,10,10,0,
"Nolden, Dakota ",January_2022,G8420,None,0,0,0,0,,0,0,0,0,0,0,115,126,126,0,
"Nolden, Dakota ",January_2022,G8421,None,0,0,0,0,,0,0,0,0,0,0,0,0,0,0,
"Nolden, Dakota ",January_2022,G8427,None,0,0,0,0,,0,0,0,0,0,0,307,330,330,0,
"Nolden, Dakota ",January_2022,G8430,None,0,0,0,0,,0,0,0,0,0,0,1,1,1,0,
"Nolden, Dakota ",January_2022,G8431,None,0,0,0,0,,0,0,0,0,0,0,26,27,27,0,
"Nolden, Dakota ",January_2022,G8482,None,0,0,0,0,,0,0,0,0,0,0,199,214,215,0,
"Nolden, Dakota ",January_2022,G8483,None,0,0,0,0,,0,0,0,0,0,0,114,120,120,0,
"Nolden, Dakota ",January_2022,G8484,None,0,0,0,0,,0,0,0,0,0,0,1,1,1,0,
"Nolden, Dakota ",January_2022,G8510,None,0,0,0,0,,0,0,0,0,0,0,233,249,249,0,
"Nolden, Dakota ",January_2022,G8734,None,0,0,0,0,,0,0,0,0,0,0,33,35,35,0,
"Nolden, Dakota ",January_2022,G8752,None,0,0,0,0,,0,0,0,0,0,0,47,47,49,0,
"Nolden, Dakota ",January_2022,G8753,None,0,0,0,0,,0,0,0,0,0,0,4,4,4,0,
"Nolden, Dakota ",January_2022,G8754,None,0,0,0,0,,0,0,0,0,0,0,46,46,48,0,
"Nolden, Dakota ",January_2022,G8755,None,0,0,0,0,,0,0,0,0,0,0,5,5,6,0,
"Nolden, Dakota ",January_2022,G8756,None,0,0,0,0,,0,0,0,0,0,0,17,17,17,0,
"Nolden, Dakota ",January_2022,G8783,None,0,0,0,0,,0,0,0,0,0,0,211,227,227,0,
"Nolden, Dakota ",January_2022,G8785,None,0,0,0,0,,0,0,0,0,0,0,2,2,2,0,
"Nolden, Dakota ",January_2022,G8950,None,0,0,0,0,,0,0,0,0,0,0,7,7,7,0,
"Nolden, Dakota ",January_2022,G8967,None,0,0,0,0,,0,0,0,0,0,0,2,2,2,0,
"Nolden, Dakota ",January_2022,G9711,None,0,0,0,0,,0,0,0,0,0,0,1,1,1,0,
"Nolden, Dakota ",January_2022,G9717,None,0,0,0,0,,0,0,0,0,0,0,58,61,61,0,
"Nolden, Dakota ",January_2022,G9744,None,0,0,0,0,,0,0,0,0,0,0,40,41,41,0,
"Nolden, Dakota ",January_2022,G9745,None,0,0,0,0,,0,0,0,0,0,0,2,2,2,0,
"Nolden, Dakota ",January_2022,G9899,None,0,0,0,0,,0,0,0,0,0,0,23,26,26,0,
"Nolden, Dakota ",January_2022,G9900,None,0,0,0,0,,0,0,0,0,0,0,27,27,27,0,
"Nolden, Dakota ",January_2022,G9902,None,0,0,0,0,,0,0,0,0,0,0,37,41,41,0,
"Nolden, Dakota ",January_2022,G9903,None,0,0,0,0,,0,0,0,0,0,0,271,289,289,0,
"Nolden, Dakota ",January_2022,G9906,None,0,0,0,0,,0,0,0,0,0,0,29,33,33,0,
"Nolden, Dakota ",January_2022,G9907,None,0,0,0,0,,0,0,0,0,0,0,0,0,0,0,
"Nolden, Dakota ",January_2022,G9908,None,0,0,0,0,,0,0,0,0,0,0,6,6,6,0,
"Nolden, Dakota ",January_2022,G9928,None,0,0,0,0,,0,0,0,0,0,0,1,1,1,0,
"Nolden, Dakota ",January_2022,INTBL,None,0,0,0,1.61,,1.61,0,0,0,0,0,0,0,0,-1.61,
"Nolden, Dakota ",January_2022,J3301,None,15.56,15.56,0,5.84,0.37532134,5.84,0,10.68,0,0,0,1,1,4,-0.96,1.06169666
"Nolden, Dakota ",February_2022,0011A,None,0,0,0,-33.88,,-33.88,0,-50.12,0,0,0,0,0,0,84,
"Nolden, Dakota ",February_2022,0012A,None,0,0,0,40,,40,0,2,0,0,0,0,0,0,-42,
"Nolden, Dakota ",February_2022,10060,None,240,240,0,107.76,0.449,107.76,0,132.24,0,0,0,1,1,1,0,1
"Nolden, Dakota ",February_2022,1036F,None,0,0,0,0,,0,0,0.01,0,0,0,253,274,274,-0.01,
"Nolden, Dakota ",February_2022,1090F,None,0,0,0,0,,0,0,0,0,0,0,1,1,1,0,
"Nolden, Dakota ",February_2022,1100F,None,0,0,0,0,,0,0,0,0,0,0,13,15,15,0,
"Nolden, Dakota ",February_2022,1101F,None,0,0,0,0,,0,0,0,0,0,0,37,39,39,0,
"Nolden, Dakota ",February_2022,1123F,None,0,0,0,0,,0,0,0,0,0,0,41,45,45,0,
"Nolden, Dakota ",February_2022,1124F,None,0,0,0,0,,0,0,0,0,0,0,4,4,4,0,
"Nolden, Dakota ",February_2022,1125F,None,0,0,0,0,,0,0,0,0,0,0,3,3,3,0,
"Nolden, Dakota ",February_2022,1158F,None,0,0,0,0,,0,0,0,0,0,0,4,4,4,0,
"Nolden, Dakota ",February_2022,1160F,None,0,0,0,0,,0,0,0,0,0,0,3,3,3,0,
"Nolden, Dakota ",February_2022,1170F,None,0,0,0,0,,0,0,0,0,0,0,3,3,3,0,
"Nolden, Dakota ",February_2022,2022F,None,0,0,0,0,,0,0,0,0,0,0,21,21,21,0,
"Nolden, Dakota ",February_2022,2023F,None,0,0,0,0,,0,0,0,0,0,0,2,2,2,0,
"Nolden, Dakota ",February_2022,2024F,None,0,0,0,0,,0,0,0,0,0,0,3,3,3,0,
"Nolden, Dakota ",February_2022,2025F,None,0,0,0,0,,0,0,0,0,0,0,2,2,2,0,
"Nolden, Dakota ",February_2022,2026F,None,0,0,0,0,,0,0,0,0,0,0,2,2,2,0,
"Nolden, Dakota ",February_2022,20610,None,122,122,0,55.96,0.45868852,55.96,0,66.04,0,0,0,1,1,1,0,1
"Nolden, Dakota ",February_2022,3017F,None,0,0,0,0,,0,0,0,0,0,0,102,111,111,0,
"Nolden, Dakota ",February_2022,3044F,None,0,0,0,0,,0,0,0,0,0,0,7,7,7,0,
"Nolden, Dakota ",February_2022,3046F,None,0,0,0,0,,0,0,0,0,0,0,12,12,12,0,
"Nolden, Dakota ",February_2022,3051F,None,0,0,0,0,,0,0,0,0,0,0,11,11,11,0,
"Nolden, Dakota ",February_2022,3052F,None,0,0,0,0,,0,0,0,0,0,0,6,6,6,0,
"Nolden, Dakota ",February_2022,3072F,None,0,0,0,0,,0,0,0,0,0,0,8,8,8,0,
"Nolden, Dakota ",February_2022,3284F,None,0,0,0,0,,0,0,0,0,0,0,0,0,0,0,
"Nolden, Dakota ",February_2022,3288F,None,0,0,0,0,,0,0,0,0,0,0,13,15,15,0,
"Nolden, Dakota ",February_2022,4004F,None,0,0,0,0,,0,0,0,0,0,0,4,4,4,0,
"Nolden, Dakota ",February_2022,4040F,None,0,0,0,0,,0,0,0,0,0,0,50,56,56,0,
"Nolden, Dakota ",February_2022,4340F,None,0,0,0,0,,0,0,0,0,0,0,0,0,0,0,
"Nolden, Dakota ",February_2022,69200,None,166,166,0,0,0,0,0,0,0,0,0,1,1,1,166,0
"Nolden, Dakota ",February_2022,69209,None,58,58,0,0,0,0,0,0,0,0,0,1,1,1,58,0
"Nolden, Dakota ",February_2022,69210,None,0,0,0,33.76,,33.76,0,153.8,0,0,0,0,0,0,-187.56,
"Nolden, Dakota ",February_2022,81003,None,144,144,0,15.92,0.11055556,14.26,1.66,119.19,0,0,0,12,12,12,8.89,0.93826389
"Nolden, Dakota ",February_2022,83036,None,245,245,0,43.51,0.17759184,43.51,0,159.3,0,0,0,7,7,7,42.19,0.82779592
"Nolden, Dakota ",February_2022,87426,None,1350,1350,0,1334.57,0.98857037,1334.57,0,1995.2,0,75,0,18,18,18,-2054.77,2.52205185
"Nolden, Dakota ",February_2022,87804,None,680,680,0,627.28,0.92247059,598.46,28.82,705.8,0,19.86,0,17,17,34,-672.94,1.98961765
"Nolden, Dakota ",February_2022,87811,None,0,0,0,89.63,,89.63,0,210.37,0,0,0,0,0,0,-300,
"Nolden, Dakota ",February_2022,87880,None,32,32,0,83.29,2.6028125,78.59,4.7,231.75,0,0,0,1,1,1,-283.04,9.845
"Nolden, Dakota ",February_2022,90460,None,42,42,0,0,0,0,0,84,0,0,0,1,1,1,-42,2
"Nolden, Dakota ",February_2022,90471,None,546,546,0,333.22,0.61029304,333.22,0,587.91,0,0,0,13,13,13,-375.13,1.68705128
"Nolden, Dakota ",February_2022,90472,None,0,0,0,17,,17,0,9,0,0,0,0,0,0,-26,
"Nolden, Dakota ",February_2022,90651,None,450,450,0,11,0.02444444,11,0,439,0,0,0,1,1,1,0,1
"Nolden, Dakota ",February_2022,90670,None,920,920,0,0,0,0,0,0,0,0,0,2,2,2,920,0
"Nolden, Dakota ",February_2022,90688,None,150,150,0,236.27,1.57513333,236.27,0,123.73,0,0,0,5,5,5,-210,2.4
"Nolden, Dakota ",February_2022,90715,None,360,360,0,342.79,0.95219444,342.79,0,77.21,0,0,0,6,6,6,-60,1.16666667
"Nolden, Dakota ",February_2022,90732,None,590,590,0,116,0.19661017,116,0,44,0,0,0,4,4,4,430,0.27118644
"Nolden, Dakota ",February_2022,90734,None,0,0,0,143,,143,0,58,0,0,0,0,0,0,-201,
"Nolden, Dakota ",February_2022,92551,None,20,20,0,0,0,0,0,0,0,0,0,1,1,1,20,0
"Nolden, Dakota ",February_2022,93000,None,140,140,0,58.32,0.41657143,43.29,15.03,81.25,0,0,0,4,4,4,0.43,0.99692857
"Nolden, Dakota ",February_2022,94010,None,365,365,0,59.01,0.16167123,59.01,0,126.58,0,0,0,5,5,5,179.41,0.50846575
"Nolden, Dakota ",February_2022,95004,None,4752,4752,0,288.72,0.06075758,288.72,0,1006.56,0,0,0,6,6,432,3456.72,0.27257576
"Nolden, Dakota ",February_2022,96160,None,400,400,0,0,0,0,0,0,0,0,0,2,2,2,400,0
"Nolden, Dakota ",February_2022,96372,None,42,42,0,13.36,0.31809524,13.36,0,28.64,0,0,0,1,1,1,0,1
"Nolden, Dakota ",February_2022,98960,None,0,0,0,0,,0,0,0,0,0,0,1,1,1,0,
"Nolden, Dakota ",February_2022,99072,None,240,240,0,0,0,0,0,675,0,15,0,16,16,16,-450,2.875
"Nolden, Dakota ",February_2022,99173,None,20,20,0,0,0,0,0,0,0,0,0,1,1,1,20,0
"Nolden, Dakota ",February_2022,99202,None,0,0,0,0,,0,0,0,0,0,0,0,0,0,0,
"Nolden, Dakota ",February_2022,99203,None,4991,4774,217,1826.76,0.36601082,1520.38,306.38,3770.93,0,324,0,23,23,23,-930.69,1.18647365
"Nolden, Dakota ",February_2022,99204,None,6930,6930,0,1861.93,0.26867677,1554.29,307.64,3342.32,0,0,0,21,21,21,1725.75,0.75097403
"Nolden, Dakota ",February_2022,99212,None,0,0,0,0,,0,0,0,0,0,0,0,0,0,0,
"Nolden, Dakota ",February_2022,99213,None,12201,12054,147,5542.98,0.45430538,4519.96,1023.02,8039.17,0,0,0,82,83,83,-1381.15,1.11319974
"Nolden, Dakota ",February_2022,99214,None,38250,38000,250,13113.64,0.34284026,11791.66,1321.98,24154.49,0,424.85,0,143,153,153,557.02,0.98543739
"Nolden, Dakota ",February_2022,99215,None,1168,1168,0,778.16,0.66623288,621.17,156.99,1045.83,0,0,0,4,4,4,-655.99,1.56163527
"Nolden, Dakota ",February_2022,99384,None,216,216,0,228.57,1.05819444,228.57,0,203.43,0,0,0,1,1,1,-216,2
"Nolden, Dakota ",February_2022,99385,None,1687,1687,0,860.47,0.51005928,860.47,0,1067.53,0,0,0,7,7,7,-241,1.14285714
"Nolden, Dakota ",February_2022,99386,None,816,816,0,675.72,0.82808824,675.72,0,684.28,0,0,0,3,3,3,-544,1.66666667
"Nolden, Dakota ",February_2022,99394,None,186,186,0,0,0,0,0,0,0,0,0,1,1,1,186,0
"Nolden, Dakota ",February_2022,99395,None,824,824,0,382.92,0.46470874,382.92,0,441.08,0,0,0,4,4,4,0,1
"Nolden, Dakota ",February_2022,99396,None,2034,2034,0,1034.21,0.50846116,1034.21,0,999.79,0,0,0,9,9,9,0,1
"Nolden, Dakota ",February_2022,99439,None,0,0,0,12.73,,12.73,0,0,0,0,0,0,0,0,-12.73,
"Nolden, Dakota ",February_2022,99490,None,0,0,0,6.96,,6.96,0,0,0,0,0,0,0,0,-6.96,
"Nolden, Dakota ",February_2022,99497,None,680,680,0,0,0,0,0,0,0,0,0,4,4,4,680,0
"Nolden, Dakota ",February_2022,G0008,None,0,0,0,0,,0,0,0,0,0,0,0,0,0,0,
"Nolden, Dakota ",February_2022,G0009,None,220,220,0,0,0,0,0,0,0,0,0,4,4,4,220,0
"Nolden, Dakota ",February_2022,G0402,None,672,672,0,143.31,0.21325893,143.31,0,192.69,0,0,0,2,2,2,336,0.5
"Nolden, Dakota ",February_2022,G0403,None,35,35,0,0,0,0,0,22.74,0,0,0,1,1,1,12.26,0.64971429
"Nolden, Dakota ",February_2022,G0439,None,3540,3540,0,1466.46,0.41425424,1466.46,0,1365.54,0,0,0,15,15,15,708,0.8
"Nolden, Dakota ",February_2022,G0444,None,111,111,0,0,0,0,0,0,0,0,0,3,3,3,111,0
"Nolden, Dakota ",February_2022,G8399,None,0,0,0,0,,0,0,0,0,0,0,8,10,10,0,
"Nolden, Dakota ",February_2022,G8400,None,0,0,0,0,,0,0,0,0,0,0,9,10,10,0,
"Nolden, Dakota ",February_2022,G8417,None,0,0,0,0,,0,0,0,0,0,0,153,165,165,0,
"Nolden, Dakota ",February_2022,G8418,None,0,0,0,0,,0,0,0,0,0,0,9,10,10,0,
"Nolden, Dakota ",February_2022,G8419,None,0,0,0,0,,0,0,0,0,0,0,4,4,4,0,
"Nolden, Dakota ",February_2022,G8420,None,0,0,0,0,,0,0,0.01,0,0,0,119,129,129,-0.01,
"Nolden, Dakota ",February_2022,G8422,None,0,0,0,0,,0,0,0,0,0,0,0,0,0,0,
"Nolden, Dakota ",February_2022,G8427,None,0,0,0,0,,0,0,0.01,0,0,0,295,320,320,-0.01,
"Nolden, Dakota ",February_2022,G8431,None,0,0,0,0,,0,0,0,0,0,0,23,24,24,0,
"Nolden, Dakota ",February_2022,G8482,None,0,0,0,0,,0,0,0.01,0,0,0,185,200,200,-0.01,
"Nolden, Dakota ",February_2022,G8483,None,0,0,0,0,,0,0,0,0,0,0,114,122,122,0,
"Nolden, Dakota ",February_2022,G8484,None,0,0,0,0,,0,0,0,0,0,0,1,1,1,0,
"Nolden, Dakota ",February_2022,G8510,None,0,0,0,0,,0,0,0,0,0,0,226,241,241,0,
"Nolden, Dakota ",February_2022,G8734,None,0,0,0,0,,0,0,0,0,0,0,47,51,51,0,
"Nolden, Dakota ",February_2022,G8752,None,0,0,0,0,,0,0,0,0,0,0,69,73,78,0,
"Nolden, Dakota ",February_2022,G8753,None,0,0,0,0,,0,0,0,0,0,0,16,17,17,0,
"Nolden, Dakota ",February_2022,G8754,None,0,0,0,0,,0,0,0,0,0,0,75,79,80,0,
"Nolden, Dakota ",February_2022,G8755,None,0,0,0,0,,0,0,0,0,0,0,10,11,11,0,
"Nolden, Dakota ",February_2022,G8756,None,0,0,0,0,,0,0,0,0,0,0,10,11,11,0,
"Nolden, Dakota ",February_2022,G8783,None,0,0,0,0,,0,0,0.01,0,0,0,208,226,226,-0.01,
"Nolden, Dakota ",February_2022,G8785,None,0,0,0,0,,0,0,0,0,0,0,0,0,0,0,
"Nolden, Dakota ",February_2022,G8950,None,0,0,0,0,,0,0,0,0,0,0,15,17,17,0,
"Nolden, Dakota ",February_2022,G8952,None,0,0,0,0,,0,0,0,0,0,0,2,2,2,0,
"Nolden, Dakota ",February_2022,G8967,None,0,0,0,0,,0,0,0,0,0,0,7,8,8,0,
"Nolden, Dakota ",February_2022,G9708,None,0,0,0,0,,0,0,0,0,0,0,1,1,1,0,
"Nolden, Dakota ",February_2022,G9711,None,0,0,0,0,,0,0,0,0,0,0,1,1,1,0,
"Nolden, Dakota ",February_2022,G9717,None,0,0,0,0,,0,0,0.01,0,0,0,53,59,59,-0.01,
"Nolden, Dakota ",February_2022,G9744,None,0,0,0,0,,0,0,0,0,0,0,60,63,63,0,
"Nolden, Dakota ",February_2022,G9745,None,0,0,0,0,,0,0,0,0,0,0,0,0,0,0,
"Nolden, Dakota ",February_2022,G9899,None,0,0,0,0,,0,0,0,0,0,0,16,17,17,0,
"Nolden, Dakota ",February_2022,G9900,None,0,0,0,0,,0,0,0,0,0,0,36,39,39,0,
"Nolden, Dakota ",February_2022,G9902,None,0,0,0,0,,0,0,0,0,0,0,41,45,45,0,
"Nolden, Dakota ",February_2022,G9903,None,0,0,0,0,,0,0,0.01,0,0,0,253,274,274,-0.01,
"Nolden, Dakota ",February_2022,G9906,None,0,0,0,0,,0,0,0,0,0,0,32,34,34,0,
"Nolden, Dakota ",February_2022,G9907,None,0,0,0,0,,0,0,0,0,0,0,1,1,1,0,
"Nolden, Dakota ",February_2022,G9908,None,0,0,0,0,,0,0,0,0,0,0,4,5,5,0,
"Nolden, Dakota ",February_2022,G9928,None,0,0,0,0,,0,0,0,0,0,0,0,0,0,0,
"Nolden, Dakota ",February_2022,INTBL,None,1.2,1.2,0,0.2,0.16666667,0.2,0,0,0,0,0,2,3,3,1,0.16666667
"Nolden, Dakota ",February_2022,INTOP,None,0.01,0.01,0,0,0,0,0,0,0,0,0,1,1,1,0.01,0
"Nolden, Dakota ",February_2022,J3301,None,15.56,15.56,0,4.44,0.28534704,4.44,0,11.12,0,0,0,1,1,4,0,1
"Nolden, Dakota ",March_2022,0011A,None,0,0,0,0,,0,0,0,0,0,0,0,0,0,0,
"Nolden, Dakota ",March_2022,0012A,None,0,0,0,28.39,,28.39,0,13.61,0,0,0,0,0,0,-42,
"Nolden, Dakota ",March_2022,1036F,None,0,0,0,0,,0,0,0,0,0,0,271,282,283,0,
"Nolden, Dakota ",March_2022,1090F,None,0,0,0,0,,0,0,0,0,0,0,1,1,1,0,
"Nolden, Dakota ",March_2022,1100F,None,0,0,0,0,,0,0,0,0,0,0,9,10,10,0,
"Nolden, Dakota ",March_2022,1101F,None,0,0,0,0,,0,0,0,0,0,0,35,36,36,0,
"Nolden, Dakota ",March_2022,1123F,None,0,0,0,0,,0,0,0,0,0,0,39,40,40,0,
"Nolden, Dakota ",March_2022,1124F,None,0,0,0,0,,0,0,0,0,0,0,8,9,9,0,
"Nolden, Dakota ",March_2022,1125F,None,0,0,0,0,,0,0,0,0,0,0,0,0,0,0,
"Nolden, Dakota ",March_2022,1158F,None,0,0,0,0,,0,0,0,0,0,0,0,0,0,0,
"Nolden, Dakota ",March_2022,1160F,None,0,0,0,0,,0,0,0,0,0,0,0,0,0,0,
"Nolden, Dakota ",March_2022,1170F,None,0,0,0,0,,0,0,0,0,0,0,0,0,0,0,
"Nolden, Dakota ",March_2022,17110,None,226,226,0,0,0,0,0,0,0,0,0,1,1,1,226,0
"Nolden, Dakota ",March_2022,2022F,None,0,0,0,0,,0,0,0,0,0,0,18,18,18,0,
"Nolden, Dakota ",March_2022,2023F,None,0,0,0,0,,0,0,0,0,0,0,3,3,3,0,
"Nolden, Dakota ",March_2022,2024F,None,0,0,0,0,,0,0,0,0,0,0,4,4,4,0,
"Nolden, Dakota ",March_2022,2025F,None,0,0,0,0,,0,0,0,0,0,0,0,0,0,0,
"Nolden, Dakota ",March_2022,2026F,None,0,0,0,0,,0,0,0,0,0,0,0,0,0,0,
"Nolden, Dakota ",March_2022,3017F,None,0,0,0,0,,0,0,0,0,0,0,122,126,126,0,
"Nolden, Dakota ",March_2022,3044F,None,0,0,0,0,,0,0,0,0,0,0,12,12,12,0,
"Nolden, Dakota ",March_2022,3046F,None,0,0,0,0,,0,0,0,0,0,0,6,7,7,0,
"Nolden, Dakota ",March_2022,3051F,None,0,0,0,0,,0,0,0,0,0,0,11,11,11,0,
"Nolden, Dakota ",March_2022,3052F,None,0,0,0,0,,0,0,0,0,0,0,4,4,4,0,
"Nolden, Dakota ",March_2022,3072F,None,0,0,0,0,,0,0,0,0,0,0,8,8,8,0,
"Nolden, Dakota ",March_2022,3284F,None,0,0,0,0,,0,0,0,0,0,0,1,1,1,0,
"Nolden, Dakota ",March_2022,3288F,None,0,0,0,0,,0,0,0,0,0,0,10,11,11,0,
"Nolden, Dakota ",March_2022,4004F,None,0,0,0,0,,0,0,0,0,0,0,4,4,4,0,
"Nolden, Dakota ",March_2022,4040F,None,0,0,0,0,,0,0,0,0,0,0,44,46,46,0,
"Nolden, Dakota ",March_2022,4132F,None,0,0,0,0,,0,0,0,0,0,0,0,0,0,0,
"Nolden, Dakota ",March_2022,69209,None,0,0,0,19.71,,19.71,0,38.29,0,0,0,0,0,0,-58,
"Nolden, Dakota ",March_2022,69210,None,196,196,0,38.52,0.19653061,38.52,0,82.3,0,0,0,2,2,2,75.18,0.61642857
"Nolden, Dakota ",March_2022,81003,None,84,84,0,12.31,0.14654762,9.3,3.01,104.45,0,0,0,7,7,7,-32.76,1.39
"Nolden, Dakota ",March_2022,83036,None,105,105,0,40.99,0.39038095,33.8,7.19,196.82,0,0,0,3,3,3,-132.81,2.26485714
"Nolden, Dakota ",March_2022,87426,None,375,375,0,370.97,0.98925333,370.97,0,454.03,0,525,0,5,5,5,-975,3.6
"Nolden, Dakota ",March_2022,87804,None,480,440,40,329.8,0.68708333,227.32,102.48,256.02,0,59.86,0,12,12,24,-165.68,1.34516667
"Nolden, Dakota ",March_2022,87811,None,675,600,75,189.72,0.28106667,189.72,0,410.28,0,185,0,9,9,9,-110,1.16296296
"Nolden, Dakota ",March_2022,87880,None,192,160,32,61.76,0.32166667,61.76,0,132.48,0,41.92,0,6,6,6,-44.16,1.23
"Nolden, Dakota ",March_2022,90460,None,0,0,0,0,,0,0,42,0,0,0,0,0,0,-42,
"Nolden, Dakota ",March_2022,90471,None,336,336,0,78.71,0.23425595,78.71,0,176.16,0,0,0,8,8,8,81.13,0.75854167
"Nolden, Dakota ",March_2022,90472,None,0,0,0,17,,17,0,9,0,0,0,0,0,0,-26,
"Nolden, Dakota ",March_2022,90651,None,0,0,0,11,,11,0,439,0,0,0,0,0,0,-450,
"Nolden, Dakota ",March_2022,90670,None,920,920,0,715.94,0.77819565,715.94,0,664.06,0,0,0,2,2,2,-460,1.5
"Nolden, Dakota ",March_2022,90688,None,0,0,0,18.13,,18.13,0,11.87,0,0,0,0,0,0,-30,
"Nolden, Dakota ",March_2022,90715,None,300,300,0,207,0.69,147,60,33,0,0,0,5,5,5,60,0.8
"Nolden, Dakota ",March_2022,90732,None,640,640,0,510.41,0.79751562,510.41,0,79.59,0,0,0,4,4,4,50,0.921875
"Nolden, Dakota ",March_2022,90734,None,0,0,0,143,,143,0,58,0,0,0,0,0,0,-201,
"Nolden, Dakota ",March_2022,93000,None,35,35,0,74.21,2.12028571,40.31,33.9,61.67,0,0,0,1,1,1,-100.88,3.88228571
"Nolden, Dakota ",March_2022,94010,None,438,438,0,154.22,0.35210046,95.46,58.76,266.97,0,0,0,6,6,6,16.81,0.961621
"Nolden, Dakota ",March_2022,95004,None,2376,2376,0,865.92,0.36444444,486.86,379.06,1585.44,0,0,0,3,3,216,-75.36,1.03171717
"Nolden, Dakota ",March_2022,96160,None,0,0,0,4.68,,4.68,0,197.66,0,0,0,0,0,0,-202.34,
"Nolden, Dakota ",March_2022,98960,None,0,0,0,0,,0,0,0,0,0,0,0,0,0,0,
"Nolden, Dakota ",March_2022,99072,None,180,180,0,0,0,0,0,255,0,135,0,12,12,12,-210,2.16666667
"Nolden, Dakota ",March_2022,99202,None,0,0,0,0,,0,0,0,0,755,0,0,0,0,-755,
"Nolden, Dakota ",March_2022,99203,None,6076,5859,217,2110.35,0.34732554,1450.17,660.18,2843.07,0,321,0,28,28,28,801.58,0.86807439
"Nolden, Dakota ",March_2022,99204,None,2310,2310,0,1553.02,0.67230303,1399.2,153.82,2495.66,0,160,0,7,7,7,-1898.68,1.82193939
"Nolden, Dakota ",March_2022,99212,None,89,89,0,0,0,0,0,0,0,252,0,1,1,1,-163,2.83146067
"Nolden, Dakota ",March_2022,99213,None,12495,12201,294,5836.71,0.46712365,4020.34,1816.37,7294.74,0,351,0,84,85,85,-987.45,1.07902761
"Nolden, Dakota ",March_2022,99214,None,40500,40250,250,14002.13,0.3457316,10177.84,3824.29,21472.96,0,590.41,0,157,162,162,4434.5,0.89050617
"Nolden, Dakota ",March_2022,99215,None,1168,1168,0,646.52,0.5535274,410.08,236.44,632.45,0,0,0,4,4,4,-110.97,1.09500856
"Nolden, Dakota ",March_2022,99385,None,1928,1928,0,894.43,0.46391598,894.43,0,1033.57,0,0,0,9,9,9,0,1
"Nolden, Dakota ",March_2022,99386,None,2720,2720,0,985.86,0.36244853,985.86,0,918.14,0,0,0,11,11,11,816,0.7
"Nolden, Dakota ",March_2022,99394,None,186,186,0,82.47,0.4433871,82.47,0,103.53,0,0,0,1,1,1,0,1
"Nolden, Dakota ",March_2022,99395,None,1236,1236,0,411.63,0.33303398,411.63,0,412.37,0,0,0,6,6,6,412,0.66666667
"Nolden, Dakota ",March_2022,99396,None,1130,1130,0,619.62,0.54833628,599.62,20,736.38,0,0,0,6,6,6,-226,1.2
"Nolden, Dakota ",March_2022,99439,None,228,228,0,220.4,0.96666667,220.4,0,0,0,0,0,6,6,6,7.6,0.96666667
"Nolden, Dakota ",March_2022,99454,None,325,325,0,142.43,0.43824615,122.43,20,53.73,0,0,0,5,5,5,128.84,0.60356923
"Nolden, Dakota ",March_2022,99457,None,275,275,0,110.3,0.40109091,110.3,0,37.74,0,0,0,5,5,5,126.96,0.53832727
"Nolden, Dakota ",March_2022,99490,None,1360,1360,0,663.98,0.48822059,663.98,0,470.38,0,54.09,0,16,16,16,171.55,0.87386029
"Nolden, Dakota ",March_2022,99492,None,325,325,0,150.96,0.46449231,150.96,0,154.04,0,0,0,1,1,1,20,0.93846154
"Nolden, Dakota ",March_2022,99497,None,0,0,0,202.22,,202.22,0,391.12,0,0,0,0,0,0,-593.34,
"Nolden, Dakota ",March_2022,G0009,None,165,165,0,132.04,0.80024242,132.04,0,142.96,0,0,0,3,3,3,-110,1.66666667
"Nolden, Dakota ",March_2022,G0402,None,336,336,0,143.31,0.42651786,143.31,0,192.69,0,0,0,1,1,1,0,1
"Nolden, Dakota ",March_2022,G0439,None,944,944,0,1160.16,1.22898305,1160.16,0,1199.84,0,0,0,4,4,4,-1416,2.5
"Nolden, Dakota ",March_2022,G0444,None,0,0,0,15.8,,15.8,0,58.2,0,0,0,0,0,0,-74,
"Nolden, Dakota ",March_2022,G8399,None,0,0,0,0,,0,0,0,0,0,0,15,16,16,0,
"Nolden, Dakota ",March_2022,G8400,None,0,0,0,0,,0,0,0,0,0,0,13,13,13,0,
"Nolden, Dakota ",March_2022,G8417,None,0,0,0,0,,0,0,0,0,0,0,151,155,156,0,
"Nolden, Dakota ",March_2022,G8418,None,0,0,0,0,,0,0,0,0,0,0,7,8,8,0,
"Nolden, Dakota ",March_2022,G8419,None,0,0,0,0,,0,0,0,0,0,0,3,3,3,0,
"Nolden, Dakota ",March_2022,G8420,None,0,0,0,0,,0,0,0,0,0,0,136,143,143,0,
"Nolden, Dakota ",March_2022,G8421,None,0,0,0,0,,0,0,0,0,0,0,1,1,1,0,
"Nolden, Dakota ",March_2022,G8422,None,0,0,0,0,,0,0,0,0,0,0,0,0,0,0,
"Nolden, Dakota ",March_2022,G8427,None,0,0,0,0,,0,0,0,0,0,0,304,317,318,0,
"Nolden, Dakota ",March_2022,G8431,None,0,0,0,0,,0,0,0,0,0,0,19,21,22,0,
"Nolden, Dakota ",March_2022,G8432,None,0,0,0,0,,0,0,0,0,0,0,1,1,1,0,
"Nolden, Dakota ",March_2022,G8433,None,0,0,0,0,,0,0,0,0,0,0,0,0,0,0,
"Nolden, Dakota ",March_2022,G8482,None,0,0,0,0,,0,0,0,0,0,0,219,229,229,0,
"Nolden, Dakota ",March_2022,G8483,None,0,0,0,0,,0,0,0,0,0,0,88,91,91,0,
"Nolden, Dakota ",March_2022,G8484,None,0,0,0,0,,0,0,0,0,0,0,0,0,0,0,
"Nolden, Dakota ",March_2022,G8510,None,0,0,0,0,,0,0,0,0,0,0,240,249,250,0,
"Nolden, Dakota ",March_2022,G8734,None,0,0,0,0,,0,0,0,0,0,0,49,51,51,0,
"Nolden, Dakota ",March_2022,G8752,None,0,0,0,0,,0,0,0,0,0,0,58,58,60,0,
"Nolden, Dakota ",March_2022,G8753,None,0,0,0,0,,0,0,0,0,0,0,21,21,21,0,
"Nolden, Dakota ",March_2022,G8754,None,0,0,0,0,,0,0,0,0,0,0,67,67,67,0,
"Nolden, Dakota ",March_2022,G8755,None,0,0,0,0,,0,0,0,0,0,0,12,12,12,0,
"Nolden, Dakota ",March_2022,G8756,None,0,0,0,0,,0,0,0,0,0,0,7,7,7,0,
"Nolden, Dakota ",March_2022,G8783,None,0,0,0,0,,0,0,0,0,0,0,220,231,232,0,
"Nolden, Dakota ",March_2022,G8785,None,0,0,0,0,,0,0,0,0,0,0,1,1,1,0,
"Nolden, Dakota ",March_2022,G8938,None,0,0,0,0,,0,0,0,0,0,0,0,0,0,0,
"Nolden, Dakota ",March_2022,G8950,None,0,0,0,0,,0,0,0,0,0,0,11,11,11,0,
"Nolden, Dakota ",March_2022,G8952,None,0,0,0,0,,0,0,0,0,0,0,0,0,0,0,
"Nolden, Dakota ",March_2022,G8967,None,0,0,0,0,,0,0,0,0,0,0,2,2,2,0,
"Nolden, Dakota ",March_2022,G9717,None,0,0,0,0,,0,0,0,0,0,0,48,50,50,0,
"Nolden, Dakota ",March_2022,G9744,None,0,0,0,0,,0,0,0,0,0,0,61,62,62,0,
"Nolden, Dakota ",March_2022,G9899,None,0,0,0,0,,0,0,0,0,0,0,32,33,33,0,
"Nolden, Dakota ",March_2022,G9900,None,0,0,0,0,,0,0,0,0,0,0,35,37,37,0,
"Nolden, Dakota ",March_2022,G9902,None,0,0,0,0,,0,0,0,0,0,0,31,33,33,0,
"Nolden, Dakota ",March_2022,G9903,None,0,0,0,0,,0,0,0,0,0,0,272,283,284,0,
"Nolden, Dakota ",March_2022,G9905,None,0,0,0,0,,0,0,0,0,0,0,1,1,1,0,
"Nolden, Dakota ",March_2022,G9906,None,0,0,0,0,,0,0,0,0,0,0,24,25,25,0,
"Nolden, Dakota ",March_2022,G9907,None,0,0,0,0,,0,0,0,0,0,0,2,2,2,0,
"Nolden, Dakota ",March_2022,G9908,None,0,0,0,0,,0,0,0,0,0,0,1,2,2,0,
"Nolden, Dakota ",March_2022,G9928,None,0,0,0,0,,0,0,0,0,0,0,1,1,1,0,
"Nolden, Dakota ",March_2022,G9989,None,0,0,0,0,,0,0,0,0,0,0,3,3,3,0,
"Nolden, Dakota ",March_2022,G9991,None,0,0,0,0,,0,0,0,0,0,0,20,20,20,0,
"Nolden, Dakota ",March_2022,INTBL,None,1.11,1.11,0,1.57,1.41441441,1.57,0,0,0,0,0,1,1,1,-0.46,1.41441441
"Nolden, Dakota ",April_2022,0011A,None,0,0,0,40.04,,40.04,0,1.96,0,0,0,0,0,0,-42,
"Nolden, Dakota ",April_2022,1036F,None,0,0,0,0,,0,0,0,0,0,0,242,256,257,0,
"Nolden, Dakota ",April_2022,1090F,None,0,0,0,0,,0,0,0,0,0,0,2,2,2,0,
"Nolden, Dakota ",April_2022,1100F,None,0,0,0,0,,0,0,0,0,0,0,8,10,10,0,
"Nolden, Dakota ",April_2022,1101F,None,0,0,0,0,,0,0,0,0,0,0,15,16,16,0,
"Nolden, Dakota ",April_2022,11200,None,200,200,0,149.07,0.74535,0,149.07,0,0,0,0,1,1,1,50.93,0.74535
"Nolden, Dakota ",April_2022,1123F,None,0,0,0,0,,0,0,0,0,0,0,31,34,34,0,
"Nolden, Dakota ",April_2022,1124F,None,0,0,0,0,,0,0,0,0,0,0,4,4,4,0,
"Nolden, Dakota ",April_2022,1125F,None,0,0,0,0,,0,0,0,0,0,0,0,0,0,0,
"Nolden, Dakota ",April_2022,1158F,None,0,0,0,0,,0,0,0,0,0,0,0,0,0,0,
"Nolden, Dakota ",April_2022,1160F,None,0,0,0,0,,0,0,0,0,0,0,0,0,0,0,
"Nolden, Dakota ",April_2022,1170F,None,0,0,0,0,,0,0,0,0,0,0,0,0,0,0,
"Nolden, Dakota ",April_2022,17110,None,0,0,0,59.09,,59.09,0,121.91,0,0,0,0,0,0,-181,
"Nolden, Dakota ",April_2022,2022F,None,0,0,0,0,,0,0,0,0,0,0,21,21,21,0,
"Nolden, Dakota ",April_2022,2023F,None,0,0,0,0,,0,0,0,0,0,0,0,0,0,0,
"Nolden, Dakota ",April_2022,2024F,None,0,0,0,0,,0,0,0,0,0,0,4,4,4,0,
"Nolden, Dakota ",April_2022,2026F,None,0,0,0,0,,0,0,0,0,0,0,1,1,1,0,
"Nolden, Dakota ",April_2022,20610,None,122,122,0,23.21,0.1902459,23.21,0,68.79,0,0,0,1,1,1,30,0.75409836
"Nolden, Dakota ",April_2022,3017F,None,0,0,0,0,,0,0,0,0,0,0,90,92,92,0,
"Nolden, Dakota ",April_2022,3044F,None,0,0,0,0,,0,0,0,0,0,0,13,14,14,0,
"Nolden, Dakota ",April_2022,3046F,None,0,0,0,0,,0,0,0,0,0,0,6,6,6,0,
"Nolden, Dakota ",April_2022,3051F,None,0,0,0,0,,0,0,0,0,0,0,10,10,10,0,
"Nolden, Dakota ",April_2022,3052F,None,0,0,0,0,,0,0,0,0,0,0,7,7,7,0,
"Nolden, Dakota ",April_2022,3072F,None,0,0,0,0,,0,0,0,0,0,0,8,9,9,0,
"Nolden, Dakota ",April_2022,3284F,None,0,0,0,0,,0,0,0,0,0,0,0,0,0,0,
"Nolden, Dakota ",April_2022,3288F,None,0,0,0,0,,0,0,0,0,0,0,8,10,10,0,
"Nolden, Dakota ",April_2022,4004F,None,0,0,0,0,,0,0,0,0,0,0,1,1,1,0,
"Nolden, Dakota ",April_2022,4040F,None,0,0,0,0,,0,0,0,0,0,0,26,29,29,0,
"Nolden, Dakota ",April_2022,69200,None,0,0,0,37.16,,37.16,0,88.84,0,0,0,0,0,0,-126,
"Nolden, Dakota ",April_2022,69210,None,98,98,0,8.16,0.08326531,8.16,0,119.12,0,0,0,1,1,1,-29.28,1.29877551
"Nolden, Dakota ",April_2022,81003,None,48,48,0,5.63,0.11729167,5.63,0,40.71,0,0,0,4,4,4,1.66,0.96541667
"Nolden, Dakota ",April_2022,81025,None,20,20,0,0,0,0,0,0,0,0,0,1,1,1,20,0
"Nolden, Dakota ",April_2022,83036,None,140,140,0,55.23,0.3945,13.04,42.19,125.52,0,0,0,4,4,4,-40.75,1.29107143
"Nolden, Dakota ",April_2022,86308,None,10,10,0,0,0,0,0,0,0,0,0,1,1,1,10,0
"Nolden, Dakota ",April_2022,87426,None,375,375,0,95.83,0.25554667,95.83,0,129.17,0,95,0,5,5,5,55,0.85333333
"Nolden, Dakota ",April_2022,87804,None,200,200,0,59.58,0.2979,19.86,39.72,20.14,0,20.14,0,5,5,10,100.14,0.4993
"Nolden, Dakota ",April_2022,87811,None,75,75,0,405.75,5.41,405.75,0,169.42,0,0,0,1,1,1,-500.17,7.66893333
"Nolden, Dakota ",April_2022,87880,None,128,128,0,61.76,0.4825,51.84,9.92,66.24,0,0,0,4,4,4,0,1
"Nolden, Dakota ",April_2022,90471,None,168,168,0,110.57,0.65815476,110.57,0,183.43,0,0,0,4,4,4,-126,1.75
"Nolden, Dakota ",April_2022,90670,None,0,0,0,0,,0,0,0,0,0,0,0,0,0,0,
"Nolden, Dakota ",April_2022,90715,None,180,180,0,153.02,0.85011111,153.02,0,86.98,0,0,0,3,3,3,-60,1.33333333
"Nolden, Dakota ",April_2022,90732,None,430,430,0,591.82,1.37632558,591.82,0,158.18,0,0,0,3,3,3,-320,1.74418605
"Nolden, Dakota ",April_2022,91301,None,0,0,0,0,,0,0,0,0,0,0,0,0,0,0,
"Nolden, Dakota ",April_2022,93000,None,105,105,0,29.83,0.28409524,0,29.83,38.92,0,0,0,3,3,3,36.25,0.6547619
"Nolden, Dakota ",April_2022,94010,None,511,511,0,157.15,0.30753425,121.02,36.13,361.7,0,0,0,7,7,7,-7.85,1.01536204
"Nolden, Dakota ",April_2022,95004,None,1584,1584,0,587.85,0.37111742,531.11,56.74,1437.84,0,0,0,2,2,144,-441.69,1.2788447
"Nolden, Dakota ",April_2022,96372,None,42,42,0,0,0,0,0,0,0,0,0,1,1,1,42,0
"Nolden, Dakota ",April_2022,99072,None,75,75,0,0,0,0,0,135,0,0,0,5,5,5,-60,1.8
"Nolden, Dakota ",April_2022,99202,None,0,0,0,39.28,,39.28,0,86.72,0,0,0,0,0,0,-126,
"Nolden, Dakota ",April_2022,99203,None,2387,2387,0,2111.47,0.88457059,1304.14,807.33,2269.58,0,25,0,11,11,11,-2019.05,1.84585253
"Nolden, Dakota ",April_2022,99204,None,1650,1650,0,1072.89,0.65023636,520.58,552.31,994.93,0,0,0,5,5,5,-417.82,1.25322424
"Nolden, Dakota ",April_2022,99212,None,0,0,0,0,,0,0,48.85,0,0,0,0,0,0,-48.85,
"Nolden, Dakota ",April_2022,99213,None,11466,11319,147,5336.21,0.46539421,3227.05,2109.16,5762.29,0,492.86,0,77,78,78,-125.36,1.01093319
"Nolden, Dakota ",April_2022,99214,None,34000,34000,0,15850.7,0.46619706,12533.02,3317.68,24591.91,0,0,0,131,136,136,-6442.61,1.18948853
"Nolden, Dakota ",April_2022,99215,None,4088,4088,0,1324.92,0.3240998,884.82,440.1,1392.94,0,0,0,14,14,14,1370.14,0.66483855
"Nolden, Dakota ",April_2022,99385,None,3856,3856,0,906.49,0.23508558,906.49,0,1021.51,0,0,0,16,16,16,1928,0.5
"Nolden, Dakota ",April_2022,99386,None,2992,2992,0,1389.63,0.46444853,1389.63,0,1330.37,0,0,0,11,11,11,272,0.90909091
"Nolden, Dakota ",April_2022,99387,None,302,302,0,144.67,0.47903974,144.67,0,157.33,0,0,0,1,1,1,0,1
"Nolden, Dakota ",April_2022,99394,None,0,0,0,0,,0,0,0,0,0,0,0,0,0,0,
"Nolden, Dakota ",April_2022,99395,None,1442,1442,0,614.74,0.42631068,614.74,0,621.26,0,0,0,7,7,7,206,0.85714286
"Nolden, Dakota ",April_2022,99396,None,2260,2260,0,1137.46,0.50330088,1112.46,25,1147.54,0,0,0,10,10,10,-25,1.01106195
"Nolden, Dakota ",April_2022,99406,None,60,60,0,24.69,0.4115,24.69,0,35.31,0,0,0,2,2,2,0,1
"Nolden, Dakota ",April_2022,99439,None,152,152,0,144.4,0.95,144.4,0,0,0,0,0,3,3,4,7.6,0.95
"Nolden, Dakota ",April_2022,99453,None,25,25,0,16.07,0.6428,16.07,0,8.93,0,0,0,1,1,1,0,1
"Nolden, Dakota ",April_2022,99454,None,195,195,0,18.84,0.09661538,18.84,0,120,0,0,0,3,3,3,56.16,0.712
"Nolden, Dakota ",April_2022,99457,None,220,220,0,151.7,0.68954545,151.7,0,30.26,0,0,0,4,4,4,38.04,0.82709091
"Nolden, Dakota ",April_2022,99490,None,1785,1785,0,795.79,0.44582073,795.79,0,582.1,0,0,0,21,21,21,407.11,0.77192717
"Nolden, Dakota ",April_2022,99497,None,0,0,0,0,,0,0,72.22,0,0,0,0,0,0,-72.22,
"Nolden, Dakota ",April_2022,G0009,None,110,110,0,55.09,0.50081818,55.09,0,54.91,0,0,0,2,2,2,0,1
"Nolden, Dakota ",April_2022,G0402,None,0,0,0,0,,0,0,0,0,0,0,0,0,0,0,
"Nolden, Dakota ",April_2022,G0439,None,1180,1180,0,821.74,0.69638983,821.74,0,830.26,0,0,0,5,5,5,-472,1.4
"Nolden, Dakota ",April_2022,G0444,None,0,0,0,15.8,,15.8,0,21.2,0,0,0,0,0,0,-37,
"Nolden, Dakota ",April_2022,G8399,None,0,0,0,0,,0,0,0,0,0,0,16,17,17,0,
"Nolden, Dakota ",April_2022,G8400,None,0,0,0,0,,0,0,0,0,0,0,9,9,9,0,
"Nolden, Dakota ",April_2022,G8417,None,0,0,0,0,,0,0,0,0,0,0,133,139,140,0,
"Nolden, Dakota ",April_2022,G8418,None,0,0,0,0,,0,0,0,0,0,0,9,9,9,0,
"Nolden, Dakota ",April_2022,G8419,None,0,0,0,0,,0,0,0,0,0,0,4,5,5,0,
"Nolden, Dakota ",April_2022,G8420,None,0,0,0,0,,0,0,0,0,0,0,122,128,128,0,
"Nolden, Dakota ",April_2022,G8421,None,0,0,0,0,,0,0,0,0,0,0,1,1,1,0,
"Nolden, Dakota ",April_2022,G8422,None,0,0,0,0,,0,0,0,0,0,0,0,0,0,0,
"Nolden, Dakota ",April_2022,G8427,None,0,0,0,0,,0,0,0,0,0,0,273,287,288,0,
"Nolden, Dakota ",April_2022,G8431,None,0,0,0,0,,0,0,0,0,0,0,21,22,23,0,
"Nolden, Dakota ",April_2022,G8432,None,0,0,0,0,,0,0,0,0,0,0,0,0,0,0,
"Nolden, Dakota ",April_2022,G8482,None,0,0,0,0,,0,0,0,0,0,0,113,121,121,0,
"Nolden, Dakota ",April_2022,G8483,None,0,0,0,0,,0,0,0,0,0,0,65,69,69,0,
"Nolden, Dakota ",April_2022,G8510,None,0,0,0,0,,0,0,0,0,0,0,203,213,213,0,
"Nolden, Dakota ",April_2022,G8734,None,0,0,0,0,,0,0,0,0,0,0,34,37,37,0,
"Nolden, Dakota ",April_2022,G8752,None,0,0,0,0,,0,0,0,0,0,0,59,60,61,0,
"Nolden, Dakota ",April_2022,G8753,None,0,0,0,0,,0,0,0,0,0,0,17,17,17,0,
"Nolden, Dakota ",April_2022,G8754,None,0,0,0,0,,0,0,0,0,0,0,64,65,65,0,
"Nolden, Dakota ",April_2022,G8755,None,0,0,0,0,,0,0,0,0,0,0,12,12,12,0,
"Nolden, Dakota ",April_2022,G8756,None,0,0,0,0,,0,0,0,0,0,0,9,9,9,0,
"Nolden, Dakota ",April_2022,G8783,None,0,0,0,0,,0,0,0,0,0,0,214,227,228,0,
"Nolden, Dakota ",April_2022,G8938,None,0,0,0,0,,0,0,0,0,0,0,0,0,0,0,
"Nolden, Dakota ",April_2022,G8950,None,0,0,0,0,,0,0,0,0,0,0,6,6,6,0,
"Nolden, Dakota ",April_2022,G8967,None,0,0,0,0,,0,0,0,0,0,0,1,2,2,0,
"Nolden, Dakota ",April_2022,G9708,None,0,0,0,0,,0,0,0,0,0,0,1,2,2,0,
"Nolden, Dakota ",April_2022,G9711,None,0,0,0,0,,0,0,0,0,0,0,0,0,0,0,
"Nolden, Dakota ",April_2022,G9717,None,0,0,0,0,,0,0,0,0,0,0,54,56,56,0,
"Nolden, Dakota ",April_2022,G9744,None,0,0,0,0,,0,0,0,0,0,0,47,47,47,0,
"Nolden, Dakota ",April_2022,G9899,None,0,0,0,0,,0,0,0,0,0,0,28,29,29,0,
"Nolden, Dakota ",April_2022,G9900,None,0,0,0,0,,0,0,0,0,0,0,32,32,32,0,
"Nolden, Dakota ",April_2022,G9902,None,0,0,0,0,,0,0,0,0,0,0,32,32,32,0,
"Nolden, Dakota ",April_2022,G9903,None,0,0,0,0,,0,0,0,0,0,0,241,255,256,0,
"Nolden, Dakota ",April_2022,G9905,None,0,0,0,0,,0,0,0,0,0,0,0,0,0,0,
"Nolden, Dakota ",April_2022,G9906,None,0,0,0,0,,0,0,0,0,0,0,25,25,25,0,
"Nolden, Dakota ",April_2022,G9907,None,0,0,0,0,,0,0,0,0,0,0,0,0,0,0,
"Nolden, Dakota ",April_2022,G9908,None,0,0,0,0,,0,0,0,0,0,0,3,3,3,0,
"Nolden, Dakota ",April_2022,G9928,None,0,0,0,0,,0,0,0,0,0,0,0,0,0,0,
"Nolden, Dakota ",April_2022,G9989,None,0,0,0,0,,0,0,0,0,0,0,4,4,4,0,
"Nolden, Dakota ",April_2022,G9991,None,0,0,0,0,,0,0,0,0,0,0,31,34,34,0,
"Nolden, Dakota ",April_2022,INTBL,None,0.04,0.04,0,0.53,13.25,0.53,0,0,0,0,0,1,1,1,-0.49,13.25
"Nolden, Dakota ",April_2022,INTOP,None,0,0,0,0.01,,0.01,0,0,0,0,0,0,0,0,-0.01,
"Nolden, Dakota ",April_2022,J3301,None,15.56,15.56,0,0,0,0,0,0,0,0,0,1,1,4,15.56,0
"Nolden, Dakota ",May_2022,1036F,None,0,0,0,0,,0,0,0,0,0,0,221,232,233,0,
"Nolden, Dakota ",May_2022,1090F,None,0,0,0,0,,0,0,0,0,0,0,0,0,0,0,
"Nolden, Dakota ",May_2022,1100F,None,0,0,0,0,,0,0,0,0,0,0,7,7,7,0,
"Nolden, Dakota ",May_2022,1101F,None,0,0,0,0,,0,0,0,0,0,0,12,12,12,0,
"Nolden, Dakota ",May_2022,11200,None,0,0,0,88.25,,88.25,0,111.75,0,0,0,0,0,0,-200,
"Nolden, Dakota ",May_2022,1123F,None,0,0,0,0,,0,0,0,0,0,0,33,34,34,0,
"Nolden, Dakota ",May_2022,1124F,None,0,0,0,0,,0,0,0,0,0,0,1,1,1,0,
"Nolden, Dakota ",May_2022,17110,None,452,452,0,150.89,0.33382743,105.89,45,120.11,0,0,0,2,2,2,181,0.59955752
"Nolden, Dakota ",May_2022,2022F,None,0,0,0,0,,0,0,0,0,0,0,12,12,12,0,
"Nolden, Dakota ",May_2022,2023F,None,0,0,0,0,,0,0,0,0,0,0,5,5,5,0,
"Nolden, Dakota ",May_2022,2024F,None,0,0,0,0,,0,0,0,0,0,0,0,0,0,0,
"Nolden, Dakota ",May_2022,2025F,None,0,0,0,0,,0,0,0,0,0,0,0,0,0,0,
"Nolden, Dakota ",May_2022,2026F,None,0,0,0,0,,0,0,0,0,0,0,0,0,0,0,
"Nolden, Dakota ",May_2022,20550,None,108,108,0,0,0,0,0,0,0,0,0,1,1,1,108,0
"Nolden, Dakota ",May_2022,20610,None,366,366,0,98.7,0.26967213,98.7,0,155.3,0,0,0,2,2,2,112,0.69398907
"Nolden, Dakota ",May_2022,3017F,None,0,0,0,0,,0,0,0,0,0,0,82,86,86,0,
"Nolden, Dakota ",May_2022,3044F,None,0,0,0,0,,0,0,0,0,0,0,14,14,14,0,
"Nolden, Dakota ",May_2022,3046F,None,0,0,0,0,,0,0,0,0,0,0,8,8,8,0,
"Nolden, Dakota ",May_2022,3051F,None,0,0,0,0,,0,0,0,0,0,0,6,6,6,0,
"Nolden, Dakota ",May_2022,3052F,None,0,0,0,0,,0,0,0,0,0,0,1,1,1,0,
"Nolden, Dakota ",May_2022,3072F,None,0,0,0,0,,0,0,0,0,0,0,9,9,9,0,
"Nolden, Dakota ",May_2022,3284F,None,0,0,0,0,,0,0,0,0,0,0,1,1,1,0,
"Nolden, Dakota ",May_2022,3288F,None,0,0,0,0,,0,0,0,0,0,0,7,7,7,0,
"Nolden, Dakota ",May_2022,4004F,None,0,0,0,0,,0,0,0,0,0,0,2,3,3,0,
"Nolden, Dakota ",May_2022,4040F,None,0,0,0,0,,0,0,0,0,0,0,19,19,19,0,
"Nolden, Dakota ",May_2022,69200,None,0,0,0,40,,0,40,0,0,0,0,0,0,0,-40,
"Nolden, Dakota ",May_2022,69210,None,294,196,98,0,0,0,0,0,0,49,0,3,3,3,245,0.16666667
"Nolden, Dakota ",May_2022,81003,None,48,48,0,12.92,0.26916667,10.62,2.3,60.8,0,0,0,4,4,4,-25.72,1.53583333
"Nolden, Dakota ",May_2022,81025,None,40,40,0,12.84,0.321,12.84,0,27.16,0,0,0,2,2,2,0,1
"Nolden, Dakota ",May_2022,82962,None,0,0,0,0,,0,0,0,0,0,0,0,0,0,0,
"Nolden, Dakota ",May_2022,83036,None,35,35,0,11.05,0.31571429,9.61,1.44,60.39,0,0,0,1,1,1,-36.44,2.04114286
"Nolden, Dakota ",May_2022,86308,None,0,0,0,0,,0,0,6.17,0,0,0,0,0,0,-6.17,
"Nolden, Dakota ",May_2022,87426,None,1050,900,150,380.62,0.36249524,355.62,25,394.38,0,50,0,14,14,14,225,0.78571429
"Nolden, Dakota ",May_2022,87804,None,360,320,40,166.6,0.46277778,144.76,21.84,173.26,0,30,0,9,9,18,-9.86,1.02738889
"Nolden, Dakota ",May_2022,87811,None,0,0,0,80.92,,5.92,75,69.08,0,0,0,0,0,0,-150,
"Nolden, Dakota ",May_2022,87880,None,96,96,0,26.28,0.27375,26.28,0,37.72,0,0,0,3,3,3,32,0.66666667
"Nolden, Dakota ",May_2022,90460,None,84,84,0,29.42,0.3502381,29.42,0,54.58,0,0,0,2,2,2,0,1
"Nolden, Dakota ",May_2022,90471,None,420,420,0,152.14,0.3622381,152.14,0,309.86,0,0,0,10,10,10,-42,1.1
"Nolden, Dakota ",May_2022,90619,None,305,305,0,150,0.49180328,150,0,155,0,0,0,1,1,1,0,1
"Nolden, Dakota ",May_2022,90670,None,0,0,0,241.38,,241.38,0,218.62,0,0,0,0,0,0,-460,
"Nolden, Dakota ",May_2022,90688,None,0,0,0,18.13,,18.13,0,11.87,0,0,0,0,0,0,-30,
"Nolden, Dakota ",May_2022,90715,None,600,600,0,509.03,0.84838333,509.03,0,150.97,0,0,0,10,10,10,-60,1.1
"Nolden, Dakota ",May_2022,90732,None,0,0,0,132.14,,132.14,0,27.86,0,0,0,0,0,0,-160,
"Nolden, Dakota ",May_2022,90734,None,201,201,0,158.7,0.78955224,158.7,0,42.3,0,0,0,1,1,1,0,1
"Nolden, Dakota ",May_2022,92551,None,0,0,0,9.18,,9.18,0,10.82,0,0,0,0,0,0,-20,
"Nolden, Dakota ",May_2022,93000,None,70,70,0,45.73,0.65328571,25.74,19.99,61.78,0,0,0,2,2,2,-37.51,1.53585714
"Nolden, Dakota ",May_2022,94010,None,73,73,0,33.41,0.45767123,33.41,0,39.59,0,0,0,1,1,1,0,1
"Nolden, Dakota ",May_2022,95004,None,3960,3960,0,1389.27,0.35082576,901.94,487.33,1509.84,0,0,0,5,5,360,1060.89,0.73209848
"Nolden, Dakota ",May_2022,96372,None,0,0,0,13.36,,13.36,0,28.64,0,0,0,0,0,0,-42,
"Nolden, Dakota ",May_2022,99072,None,180,150,30,30,0.16666667,0,30,165,0,15,0,12,12,12,-30,1.16666667
"Nolden, Dakota ",May_2022,99173,None,20,20,0,4.83,0.2415,4.83,0,35.17,0,0,0,1,1,1,-20,2
"Nolden, Dakota ",May_2022,99202,None,0,0,0,0,,0,0,0,0,0,0,0,0,0,0,
"Nolden, Dakota ",May_2022,99203,None,3255,3255,0,2062.67,0.63369278,1365.1,697.57,2114.01,0,0,0,15,15,15,-921.68,1.28315822
"Nolden, Dakota ",May_2022,99204,None,990,990,0,640.34,0.64680808,615.34,25,952.62,0,0,0,3,3,3,-602.96,1.60905051
"Nolden, Dakota ",May_2022,99205,None,1248,1248,0,10,0.00801282,0,10,0,0,0,0,3,3,3,1238,0.00801282
"Nolden, Dakota ",May_2022,99212,None,0,0,0,40.15,,0,40.15,0,0,0,0,0,0,0,-40.15,
"Nolden, Dakota ",May_2022,99213,None,8232,7791,441,6689.64,0.81263848,4505.26,2184.38,6234.98,0,133.67,0,55,56,56,-4826.29,1.58628401
"Nolden, Dakota ",May_2022,99214,None,36000,35750,250,16064.05,0.44622361,11870.37,4193.68,23452.16,0,135,0,140,144,144,-3651.21,1.1014225
"Nolden, Dakota ",May_2022,99215,None,4380,4380,0,1772.19,0.40460959,1648.99,123.2,2254.62,0,0,0,14,15,15,353.19,0.91936301
"Nolden, Dakota ",May_2022,99385,None,3374,3374,0,2227.88,0.66030824,2152.88,75,2426.12,0,0,0,14,14,14,-1280,1.37937167
"Nolden, Dakota ",May_2022,99386,None,544,544,0,787.73,1.44803309,787.73,0,653.15,0,0,0,3,3,3,-896.88,2.64867647
"Nolden, Dakota ",May_2022,99394,None,186,186,0,204.94,1.10182796,164.94,40,207.06,0,0,0,1,1,1,-226,2.21505376
"Nolden, Dakota ",May_2022,99395,None,1648,1648,0,765.79,0.4646784,725.79,40,922.21,0,0,0,8,8,8,-40,1.02427184
"Nolden, Dakota ",May_2022,99396,None,2712,2712,0,1084.8,0.4,1079.8,5,1165.2,0,0,0,12,12,12,462,0.82964602
"Nolden, Dakota ",May_2022,99439,None,114,114,0,83.11,0.72903509,83.11,0,0.49,0,0,0,3,3,3,30.4,0.73333333
"Nolden, Dakota ",May_2022,99453,None,50,50,0,0,0,0,0,0,0,0,0,2,2,2,50,0
"Nolden, Dakota ",May_2022,99454,None,325,325,0,140.13,0.43116923,140.13,0,54.87,0,0,0,5,5,5,130,0.6
"Nolden, Dakota ",May_2022,99457,None,275,275,0,127.26,0.46276364,127.26,0,37.74,0,0,0,5,5,5,110,0.6
"Nolden, Dakota ",May_2022,99458,None,90,90,0,0,0,0,0,0,0,0,0,1,1,2,90,0
"Nolden, Dakota ",May_2022,99490,None,1785,1785,0,1057.37,0.59236415,1057.37,0,603.02,0,0,0,21,21,21,124.61,0.93019048
"Nolden, Dakota ",May_2022,G0009,None,0,0,0,59.58,,59.58,0,50.42,0,0,0,0,0,0,-110,
"Nolden, Dakota ",May_2022,G0402,None,0,0,0,143.31,,143.31,0,192.69,0,0,0,0,0,0,-336,
"Nolden, Dakota ",May_2022,G0403,None,0,0,0,0,,0,0,0,0,0,0,0,0,0,0,
"Nolden, Dakota ",May_2022,G0439,None,472,472,0,575.6,1.21949153,575.6,0,604.4,0,0,0,2,2,2,-708,2.5
"Nolden, Dakota ",May_2022,G8399,None,0,0,0,0,,0,0,0,0,0,0,14,14,14,0,
"Nolden, Dakota ",May_2022,G8400,None,0,0,0,0,,0,0,0,0,0,0,9,9,9,0,
"Nolden, Dakota ",May_2022,G8417,None,0,0,0,0,,0,0,0,0,0,0,121,129,130,0,
"Nolden, Dakota ",May_2022,G8418,None,0,0,0,0,,0,0,0,0,0,0,9,9,9,0,
"Nolden, Dakota ",May_2022,G8419,None,0,0,0,0,,0,0,0,0,0,0,1,1,1,0,
"Nolden, Dakota ",May_2022,G8420,None,0,0,0,0,,0,0,0,0,0,0,119,123,124,0,
"Nolden, Dakota ",May_2022,G8421,None,0,0,0,0,,0,0,0,0,0,0,0,0,0,0,
"Nolden, Dakota ",May_2022,G8427,None,0,0,0,0,,0,0,0,0,0,0,256,269,270,0,
"Nolden, Dakota ",May_2022,G8431,None,0,0,0,0,,0,0,0,0,0,0,16,16,17,0,
"Nolden, Dakota ",May_2022,G8482,None,0,0,0,0,,0,0,0,0,0,0,92,96,96,0,
"Nolden, Dakota ",May_2022,G8483,None,0,0,0,0,,0,0,0,0,0,0,44,46,46,0,
"Nolden, Dakota ",May_2022,G8510,None,0,0,0,0,,0,0,0,0,0,0,196,207,207,0,
"Nolden, Dakota ",May_2022,G8734,None,0,0,0,0,,0,0,0,0,0,0,32,33,33,0,
"Nolden, Dakota ",May_2022,G8752,None,0,0,0,0,,0,0,0,0,0,0,41,42,42,0,
"Nolden, Dakota ",May_2022,G8753,None,0,0,0,0,,0,0,0,0,0,0,19,20,20,0,
"Nolden, Dakota ",May_2022,G8754,None,0,0,0,0,,0,0,0,0,0,0,46,47,47,0,
"Nolden, Dakota ",May_2022,G8755,None,0,0,0,0,,0,0,0,0,0,0,13,14,14,0,
"Nolden, Dakota ",May_2022,G8756,None,0,0,0,0,,0,0,0,0,0,0,6,6,6,0,
"Nolden, Dakota ",May_2022,G8783,None,0,0,0,0,,0,0,0,0,0,0,197,205,206,0,
"Nolden, Dakota ",May_2022,G8785,None,0,0,0,0,,0,0,0,0,0,0,1,1,1,0,
"Nolden, Dakota ",May_2022,G8950,None,0,0,0,0,,0,0,0,0,0,0,14,16,16,0,
"Nolden, Dakota ",May_2022,G8952,None,0,0,0,0,,0,0,0,0,0,0,1,1,1,0,
"Nolden, Dakota ",May_2022,G8967,None,0,0,0,0,,0,0,0,0,0,0,0,0,0,0,
"Nolden, Dakota ",May_2022,G9707,None,0,0,0,0,,0,0,0,0,0,0,1,1,1,0,
"Nolden, Dakota ",May_2022,G9708,None,0,0,0,0,,0,0,0,0,0,0,0,0,0,0,
"Nolden, Dakota ",May_2022,G9717,None,0,0,0,0,,0,0,0,0,0,0,49,51,51,0,
"Nolden, Dakota ",May_2022,G9744,None,0,0,0,0,,0,0,0,0,0,0,37,38,38,0,
"Nolden, Dakota ",May_2022,G9899,None,0,0,0,0,,0,0,0,0,0,0,26,26,26,0,
"Nolden, Dakota ",May_2022,G9900,None,0,0,0,0,,0,0,0,0,0,0,27,31,31,0,
"Nolden, Dakota ",May_2022,G9902,None,0,0,0,0,,0,0,0,0,0,0,34,36,36,0,
"Nolden, Dakota ",May_2022,G9903,None,0,0,0,0,,0,0,0,0,0,0,222,233,234,0,
"Nolden, Dakota ",May_2022,G9906,None,0,0,0,0,,0,0,0,0,0,0,28,28,28,0,
"Nolden, Dakota ",May_2022,G9907,None,0,0,0,0,,0,0,0,0,0,0,0,0,0,0,
"Nolden, Dakota ",May_2022,G9908,None,0,0,0,0,,0,0,0,0,0,0,2,2,2,0,
"Nolden, Dakota ",May_2022,G9989,None,0,0,0,0,,0,0,0,0,0,0,5,5,5,0,
"Nolden, Dakota ",May_2022,G9990,None,0,0,0,0,,0,0,0,0,0,0,2,2,2,0,
"Nolden, Dakota ",May_2022,G9991,None,0,0,0,0,,0,0,0,0,0,0,26,26,26,0,
"Nolden, Dakota ",May_2022,INTBL,None,1.93,1.93,0,0,0,0,0,0,0,0,0,4,4,4,1.93,0
"Nolden, Dakota ",May_2022,INTC,None,0.05,0.05,0,0.05,1,0.05,0,0,0,0,0,1,1,1,0,1
"Nolden, Dakota ",May_2022,J3301,None,54.46,54.46,0,9.83,0.18049945,9.83,0,33.28,0,0,0,3,3,14,11.35,0.79159016
"Nolden, Dakota ",May_2022,M1027,None,0,0,0,0,,0,0,0,0,0,0,0,0,0,0,
"Nolden, Dakota ",May_2022,M1031,None,0,0,0,0,,0,0,0,0,0,0,0,0,0,0,
"Nolden, Dakota ",June_2022,0011A,None,0,0,0,0,,0,0,0,0,84,0,0,0,0,-84,
"Nolden, Dakota ",June_2022,0012A,None,0,0,0,0,,0,0,0,0,42,0,0,0,0,-42,
"Nolden, Dakota ",June_2022,1036F,None,0.01,0.01,0,0,0,0,0,0.01,0,0,0,290,307,307,0,1
"Nolden, Dakota ",June_2022,1090F,None,0,0,0,0,,0,0,0,0,0,0,1,1,1,0,
"Nolden, Dakota ",June_2022,1100F,None,0,0,0,0,,0,0,0,0,0,0,7,7,7,0,
"Nolden, Dakota ",June_2022,1101F,None,0,0,0,0,,0,0,0,0,0,0,16,17,17,0,
"Nolden, Dakota ",June_2022,1123F,None,0,0,0,0,,0,0,0,0,0,0,33,35,35,0,
"Nolden, Dakota ",June_2022,1124F,None,0,0,0,0,,0,0,0,0,0,0,2,2,2,0,
"Nolden, Dakota ",June_2022,17110,None,678,678,0,189.98,0.28020649,189.98,0,242.02,0,0,0,3,3,3,246,0.63716814
"Nolden, Dakota ",June_2022,2022F,None,0,0,0,0,,0,0,0,0,0,0,15,15,15,0,
"Nolden, Dakota ",June_2022,2023F,None,0,0,0,0,,0,0,0,0,0,0,3,3,3,0,
"Nolden, Dakota ",June_2022,2024F,None,0,0,0,0,,0,0,0,0,0,0,2,2,2,0,
"Nolden, Dakota ",June_2022,2026F,None,0,0,0,0,,0,0,0,0,0,0,1,2,2,0,
"Nolden, Dakota ",June_2022,20550,None,0,0,0,49.18,,49.18,0,58.82,0,0,0,0,0,0,-108,
"Nolden, Dakota ",June_2022,20610,None,0,0,0,28.44,,28.44,0,93.56,0,0,0,0,0,0,-122,
"Nolden, Dakota ",June_2022,3017F,None,0,0,0,0,,0,0,0,0,0,0,85,91,91,0,
"Nolden, Dakota ",June_2022,3044F,None,0,0,0,0,,0,0,0,0,0,0,13,14,14,0,
"Nolden, Dakota ",June_2022,3046F,None,0,0,0,0,,0,0,0,0,0,0,5,6,6,0,
"Nolden, Dakota ",June_2022,3051F,None,0,0,0,0,,0,0,0,0,0,0,11,11,11,0,
"Nolden, Dakota ",June_2022,3052F,None,0,0,0,0,,0,0,0,0,0,0,4,4,4,0,
"Nolden, Dakota ",June_2022,3072F,None,0,0,0,0,,0,0,0,0,0,0,8,9,9,0,
"Nolden, Dakota ",June_2022,3288F,None,0,0,0,0,,0,0,0,0,0,0,7,7,7,0,
"Nolden, Dakota ",June_2022,4004F,None,0,0,0,0,,0,0,0,0,0,0,1,1,1,0,
"Nolden, Dakota ",June_2022,4040F,None,0,0,0,0,,0,0,0,0,0,0,26,27,27,0,
"Nolden, Dakota ",June_2022,69210,None,392,392,0,15.89,0.04053571,15.89,0,114.22,0,0,0,3,3,3,261.89,0.33191327
"Nolden, Dakota ",June_2022,81003,None,48,48,0,10.42,0.21708333,8.18,2.24,51.82,0,0,0,4,4,4,-14.24,1.29666667
"Nolden, Dakota ",June_2022,81025,None,40,40,0,5.17,0.12925,5.17,0,14.83,0,0,0,2,2,2,20,0.5
"Nolden, Dakota ",June_2022,83036,None,105,105,0,9.17,0.08733333,9.17,0,25.83,0,0,0,3,3,3,70,0.33333333
"Nolden, Dakota ",June_2022,87426,None,750,750,0,400.03,0.53337333,400.03,0,649.97,0,150,0,10,10,10,-450,1.6
"Nolden, Dakota ",June_2022,87804,None,360,360,0,262.24,0.72844444,182.8,79.44,229.2,0,80,0,9,9,18,-211.44,1.58733333
"Nolden, Dakota ",June_2022,87811,None,225,225,0,0,0,0,0,0,0,75,0,3,3,3,150,0.33333333
"Nolden, Dakota ",June_2022,87880,None,64,64,0,57.74,0.9021875,37.9,19.84,112.18,0,0,0,2,2,2,-105.92,2.655
"Nolden, Dakota ",June_2022,90471,None,336,294,42,76,0.22619048,51,25,75,0,45,0,8,8,8,140,0.58333333
"Nolden, Dakota ",June_2022,90670,None,460,460,0,0,0,0,0,0,0,0,0,1,1,1,460,0
"Nolden, Dakota ",June_2022,90688,None,30,30,0,0,0,0,0,0,0,0,0,1,1,1,30,0
"Nolden, Dakota ",June_2022,90715,None,420,360,60,207,0.49285714,147,60,33,0,12,0,7,7,7,168,0.6
"Nolden, Dakota ",June_2022,90732,None,110,110,0,108.9,0.99,108.9,0,1.1,0,0,0,1,1,1,0,1
"Nolden, Dakota ",June_2022,91301,None,0,0,0,0,,0,0,0,0,0,0,0,0,0,0,
"Nolden, Dakota ",June_2022,93000,None,210,210,0,29.82,0.142,29.82,0,61.76,0,0,0,6,6,6,118.42,0.43609524
"Nolden, Dakota ",June_2022,94010,None,292,219,73,215.3,0.73732877,54.44,160.86,177.44,0,110,0,4,4,4,-210.74,1.72171233
"Nolden, Dakota ",June_2022,95004,None,8712,8712,0,1356.05,0.15565312,1144.61,211.44,5150.87,0,0,0,11,11,792,2205.08,0.74689164
"Nolden, Dakota ",June_2022,96160,None,200,200,0,2.33,0.01165,2.33,0,0,0,0,0,1,1,1,197.67,0.01165
"Nolden, Dakota ",June_2022,99072,None,165,165,0,0,0,0,0,165,0,30,0,11,11,11,-30,1.18181818
"Nolden, Dakota ",June_2022,99202,None,0,0,0,25,,0,25,0,0,85.02,0,0,0,0,-110.02,
"Nolden, Dakota ",June_2022,99203,None,3255,3255,0,1639.89,0.50380645,944.71,695.18,1462.68,0,0,0,15,15,15,152.43,0.95317051
"Nolden, Dakota ",June_2022,99204,None,1980,1980,0,237.04,0.11971717,142.04,95,572.01,0,0,0,6,6,6,1170.95,0.40861111
"Nolden, Dakota ",June_2022,99205,None,832,832,0,473.67,0.5693149,473.67,0,764.33,0,0,0,2,2,2,-406,1.48798077
"Nolden, Dakota ",June_2022,99212,None,89,89,0,73.39,0.82460674,38.39,35,40.91,0,0,0,1,1,1,-25.3,1.28426966
"Nolden, Dakota ",June_2022,99213,None,8820,8820,0,3910.03,0.44331406,2376.53,1533.5,3676.58,0,730,0,60,60,60,503.39,0.9429263
"Nolden, Dakota ",June_2022,99214,None,46500,46250,250,14009.49,0.30127935,10552.08,3457.41,21758.41,1.29,280,0,176,186,186,10450.81,0.7752514
"Nolden, Dakota ",June_2022,99215,None,4088,4088,0,2068.7,0.50604207,1907.52,161.18,2625.1,0,0,0,13,14,14,-605.8,1.14818982
"Nolden, Dakota ",June_2022,99385,None,6266,6266,0,1616.5,0.25797957,1459.5,157,1673.5,0,0,0,26,26,26,2976,0.52505586
"Nolden, Dakota ",June_2022,99386,None,2720,2448,272,845.36,0.31079412,650.78,194.58,709.22,0,142,0,11,11,11,1023.42,0.62374265
"Nolden, Dakota ",June_2022,99394,None,186,186,0,0,0,0,0,0,0,0,0,1,1,1,186,0
"Nolden, Dakota ",June_2022,99395,None,2678,2678,0,547.65,0.20449963,519.31,28.34,510.69,0,0,0,13,13,13,1619.66,0.39519791
"Nolden, Dakota ",June_2022,99396,None,904,904,0,564.06,0.62396018,539.06,25,590.94,0,0,0,5,5,5,-251,1.27765487
"Nolden, Dakota ",June_2022,99439,None,228,228,0,264.1,1.15833333,264.1,0,1.9,0,0,0,4,4,6,-38,1.16666667
"Nolden, Dakota ",June_2022,99453,None,25,25,0,31.93,1.2772,31.93,0,18.07,0,0,0,1,1,1,-25,2
"Nolden, Dakota ",June_2022,99454,None,390,390,0,327.3,0.83923077,327.3,0,127.7,0,0,0,6,6,6,-65,1.16666667
"Nolden, Dakota ",June_2022,99457,None,440,440,0,294.87,0.67015909,294.87,0,90.13,0,0,0,8,8,8,55,0.875
"Nolden, Dakota ",June_2022,99458,None,135,135,0,102.83,0.7617037,102.83,0,32.17,0,0,0,3,3,3,0,1
"Nolden, Dakota ",June_2022,99490,None,2210,2210,0,1774.04,0.80273303,1774.04,0,924.32,0,0,0,26,26,26,-488.36,1.22097738
"Nolden, Dakota ",June_2022,A7004,None,5,0,5,0,0,0,0,0,0,5,0,1,1,1,0,1
"Nolden, Dakota ",June_2022,COLF,None,115.65,115.65,0,0,0,0,0,0,0,0,0,2,2,2,115.65,0
"Nolden, Dakota ",June_2022,G0009,None,110,110,0,29.64,0.26945455,29.64,0,25.36,0,0,0,2,2,2,55,0.5
"Nolden, Dakota ",June_2022,G0402,None,336,336,0,141.88,0.4222619,141.88,0,194.12,0,0,0,1,1,1,0,1
"Nolden, Dakota ",June_2022,G0403,None,0,0,0,12.26,,0,12.26,0,0,0,0,0,0,0,-12.26,
"Nolden, Dakota ",June_2022,G0438,None,346,346,0,141.88,0.4100578,141.88,0,204.12,0,0,0,1,1,1,0,1
"Nolden, Dakota ",June_2022,G0439,None,944,944,0,242.03,0.25638771,242.03,0,229.97,0,0,0,4,4,4,472,0.5
"Nolden, Dakota ",June_2022,G8399,None,0,0,0,0,,0,0,0,0,0,0,14,15,15,0,
"Nolden, Dakota ",June_2022,G8400,None,0,0,0,0,,0,0,0,0,0,0,10,10,10,0,
"Nolden, Dakota ",June_2022,G8417,None,0,0,0,0,,0,0,0,0,0,0,173,184,184,0,
"Nolden, Dakota ",June_2022,G8418,None,0,0,0,0,,0,0,0,0,0,0,6,8,8,0,
"Nolden, Dakota ",June_2022,G8419,None,0,0,0,0,,0,0,0,0,0,0,1,2,2,0,
"Nolden, Dakota ",June_2022,G8420,None,0.01,0.01,0,0,0,0,0,0.01,0,0,0,134,138,138,0,1
"Nolden, Dakota ",June_2022,G8427,None,0.01,0.01,0,0,0,0,0,0.01,0,0,0,319,337,337,0,1
"Nolden, Dakota ",June_2022,G8431,None,0.01,0.01,0,0,0,0,0,0.01,0,0,0,20,23,23,0,1
"Nolden, Dakota ",June_2022,G8482,None,0,0,0,0,,0,0,0,0,0,0,100,105,105,0,
"Nolden, Dakota ",June_2022,G8483,None,0.01,0.01,0,0,0,0,0,0.01,0,0,0,64,70,70,0,1
"Nolden, Dakota ",June_2022,G8484,None,0,0,0,0,,0,0,0,0,0,0,1,1,1,0,
"Nolden, Dakota ",June_2022,G8510,None,0,0,0,0,,0,0,0,0,0,0,252,263,264,0,
"Nolden, Dakota ",June_2022,G8535,None,0,0,0,0,,0,0,0,0,0,0,1,1,1,0,
"Nolden, Dakota ",June_2022,G8734,None,0,0,0,0,,0,0,0,0,0,0,41,43,43,0,
"Nolden, Dakota ",June_2022,G8752,None,0,0,0,0,,0,0,0,0,0,0,72,78,79,0,
"Nolden, Dakota ",June_2022,G8753,None,0,0,0,0,,0,0,0,0,0,0,15,15,15,0,
"Nolden, Dakota ",June_2022,G8754,None,0,0,0,0,,0,0,0,0,0,0,75,81,82,0,
"Nolden, Dakota ",June_2022,G8755,None,0,0,0,0,,0,0,0,0,0,0,11,11,11,0,
"Nolden, Dakota ",June_2022,G8756,None,0,0,0,0,,0,0,0,0,0,0,10,10,10,0,
"Nolden, Dakota ",June_2022,G8783,None,0.01,0.01,0,0,0,0,0,0.01,0,0,0,244,257,258,0,1
"Nolden, Dakota ",June_2022,G8785,None,0,0,0,0,,0,0,0,0,0,0,0,0,0,0,
"Nolden, Dakota ",June_2022,G8950,None,0,0,0,0,,0,0,0,0,0,0,8,8,8,0,
"Nolden, Dakota ",June_2022,G8952,None,0,0,0,0,,0,0,0,0,0,0,0,0,0,0,
"Nolden, Dakota ",June_2022,G8967,None,0,0,0,0,,0,0,0,0,0,0,4,5,5,0,
"Nolden, Dakota ",June_2022,G9708,None,0,0,0,0,,0,0,0,0,0,0,0,0,0,0,
"Nolden, Dakota ",June_2022,G9717,None,0,0,0,0,,0,0,0,0,0,0,50,54,54,0,
"Nolden, Dakota ",June_2022,G9744,None,0,0,0,0,,0,0,0,0,0,0,60,65,65,0,
"Nolden, Dakota ",June_2022,G9899,None,0,0,0,0,,0,0,0,0,0,0,19,19,19,0,
"Nolden, Dakota ",June_2022,G9900,None,0,0,0,0,,0,0,0,0,0,0,34,37,37,0,
"Nolden, Dakota ",June_2022,G9902,None,0,0,0,0,,0,0,0,0,0,0,29,30,30,0,
"Nolden, Dakota ",June_2022,G9903,None,0.01,0.01,0,0,0,0,0,0.01,0,0,0,290,307,307,0,1
"Nolden, Dakota ",June_2022,G9906,None,0,0,0,0,,0,0,0,0,0,0,24,25,25,0,
"Nolden, Dakota ",June_2022,G9908,None,0,0,0,0,,0,0,0,0,0,0,3,3,3,0,
"Nolden, Dakota ",June_2022,G9928,None,0,0,0,0,,0,0,0,0,0,0,1,1,1,0,
"Nolden, Dakota ",June_2022,G9989,None,0,0,0,0,,0,0,0,0,0,0,9,10,10,0,
"Nolden, Dakota ",June_2022,G9991,None,0,0,0,0,,0,0,0,0,0,0,32,34,34,0,
"Nolden, Dakota ",June_2022,INTBL,None,0,0,0,1,,1,0,0,0,0,0,0,0,0,-1,
"Nolden, Dakota ",June_2022,INTVP,None,0,0,0,0.21,,0.21,0,0,0,0,0,1,1,1,-0.21,
"Nolden, Dakota ",June_2022,J3301,None,0,0,0,9.62,,6.94,2.68,16.4,0,0,0,0,0,0,-26.02,
"Nolden, Dakota ",June_2022,J7620,None,12,0,12,0,0,0,0,0,0,12,0,1,1,1,0,1
"Nolden, Dakota ",July_2022,0011A,None,0,0,0,16.94,,16.94,0,25.06,0,0,0,0,0,0,-42,
"Nolden, Dakota ",July_2022,0012A,None,0,0,0,0,,0,0,0,0,0,0,0,0,0,0,
"Nolden, Dakota ",July_2022,1036F,None,0,0,0,0,,0,0,0,0,0,0,245,249,249,0,
"Nolden, Dakota ",July_2022,1090F,None,0,0,0,0,,0,0,0,0,0,0,1,1,1,0,
"Nolden, Dakota ",July_2022,1100F,None,0,0,0,0,,0,0,0,0,0,0,5,5,5,0,
"Nolden, Dakota ",July_2022,1101F,None,0,0,0,0,,0,0,0,0,0,0,11,11,11,0,
"Nolden, Dakota ",July_2022,1123F,None,0,0,0,0,,0,0,0,0,0,0,25,25,25,0,
"Nolden, Dakota ",July_2022,1124F,None,0,0,0,0,,0,0,0,0,0,0,4,4,4,0,
"Nolden, Dakota ",July_2022,17110,None,678,678,0,201.19,0.29674041,105.89,95.3,250.81,0,0,0,3,3,3,226,0.66666667
"Nolden, Dakota ",July_2022,2022F,None,0,0,0,0,,0,0,0,0,0,0,14,15,15,0,
"Nolden, Dakota ",July_2022,2023F,None,0,0,0,0,,0,0,0,0,0,0,0,0,0,0,
"Nolden, Dakota ",July_2022,2024F,None,0,0,0,0,,0,0,0,0,0,0,5,5,5,0,
"Nolden, Dakota ",July_2022,2026F,None,0,0,0,0,,0,0,0,0,0,0,4,4,4,0,
"Nolden, Dakota ",July_2022,20526,None,314,314,0,0,0,0,0,0,0,0,0,1,1,1,314,0
"Nolden, Dakota ",July_2022,20552,None,112,112,0,0,0,0,0,0,0,0,0,1,1,1,112,0
"Nolden, Dakota ",July_2022,20610,None,488,488,0,161.16,0.3302459,141.16,20,224.84,0,0,0,3,3,3,102,0.79098361
"Nolden, Dakota ",July_2022,3017F,None,0,0,0,0,,0,0,0,0,0,0,85,90,90,0,
"Nolden, Dakota ",July_2022,3044F,None,0,0,0,0,,0,0,0,0,0,0,11,11,11,0,
"Nolden, Dakota ",July_2022,3046F,None,0,0,0,0,,0,0,0,0,0,0,11,12,12,0,
"Nolden, Dakota ",July_2022,3051F,None,0,0,0,0,,0,0,0,0,0,0,9,9,9,0,
"Nolden, Dakota ",July_2022,3052F,None,0,0,0,0,,0,0,0,0,0,0,3,3,3,0,
"Nolden, Dakota ",July_2022,3072F,None,0,0,0,0,,0,0,0,0,0,0,9,9,9,0,
"Nolden, Dakota ",July_2022,3284F,None,0,0,0,0,,0,0,0,0,0,0,1,1,1,0,
"Nolden, Dakota ",July_2022,3288F,None,0,0,0,0,,0,0,0,0,0,0,5,5,5,0,
"Nolden, Dakota ",July_2022,4004F,None,0,0,0,0,,0,0,0,0,0,0,1,1,1,0,
"Nolden, Dakota ",July_2022,4040F,None,0,0,0,0,,0,0,0,0,0,0,16,16,16,0,
"Nolden, Dakota ",July_2022,69210,None,98,98,0,103.01,1.05112245,66.94,36.07,181.63,0,0,0,1,1,1,-186.64,2.9044898
"Nolden, Dakota ",July_2022,81003,None,84,72,12,14.74,0.17547619,2.74,12,20.99,0,12,0,7,7,7,36.27,0.56821429
"Nolden, Dakota ",July_2022,81025,None,0,0,0,12.47,,12.47,0,27.53,0,0,0,0,0,0,-40,
"Nolden, Dakota ",July_2022,82962,None,10,10,0,0,0,0,0,8.03,0,0,0,1,1,1,1.97,0.803
"Nolden, Dakota ",July_2022,83036,None,0,0,0,24.97,,24.97,0,80.03,0,0,0,0,0,0,-105,
"Nolden, Dakota ",July_2022,87426,None,450,450,0,110.88,0.2464,110.88,0,189.12,0,0,0,6,6,6,150,0.66666667
"Nolden, Dakota ",July_2022,87804,None,160,160,0,146.74,0.917125,35.74,111,60.42,0,0,0,4,4,8,-47.16,1.29475
"Nolden, Dakota ",July_2022,87811,None,300,300,0,141.01,0.47003333,66.01,75,383.99,0,0,0,4,4,4,-225,1.75
"Nolden, Dakota ",July_2022,87880,None,96,96,0,45.64,0.47541667,15.88,29.76,44.16,0,0,0,3,3,3,6.2,0.93541667
"Nolden, Dakota ",July_2022,90460,None,168,168,0,24.84,0.14785714,24.84,0,59.16,0,0,0,4,4,4,84,0.5
"Nolden, Dakota ",July_2022,90471,None,714,714,0,182.22,0.25521008,182.22,0,338.78,0,0,0,17,17,17,193,0.72969188
"Nolden, Dakota ",July_2022,90651,None,1800,1800,0,823.06,0.45725556,823.06,0,526.94,0,0,0,4,4,4,450,0.75
"Nolden, Dakota ",July_2022,90662,None,0,0,0,0,,0,0,0,0,0,0,0,0,0,0,
"Nolden, Dakota ",July_2022,90670,None,0,0,0,238.97,,238.97,0,221.03,0,0,0,0,0,0,-460,
"Nolden, Dakota ",July_2022,90688,None,0,0,0,20,,20,0,0,0,0,0,0,0,0,-20,
"Nolden, Dakota ",July_2022,90707,None,150,150,0,0,0,0,0,0,0,0,0,1,1,1,150,0
"Nolden, Dakota ",July_2022,90715,None,780,780,0,472.38,0.60561538,472.38,0,127.62,0,0,0,13,13,13,180,0.76923077
"Nolden, Dakota ",July_2022,90732,None,800,800,0,264.27,0.3303375,264.27,0,55.73,0,0,0,5,5,5,480,0.4
"Nolden, Dakota ",July_2022,90734,None,201,201,0,0,0,0,0,0,0,0,0,1,1,1,201,0
"Nolden, Dakota ",July_2022,92551,None,20,20,0,0,0,0,0,0,0,0,0,1,1,1,20,0
"Nolden, Dakota ",July_2022,93000,None,175,175,0,76.15,0.43514286,46.97,29.18,168.87,0,0,0,5,5,5,-70.02,1.40011429
"Nolden, Dakota ",July_2022,94010,None,438,438,0,98.8,0.22557078,98.8,0,188.58,0,0,0,6,6,6,150.62,0.65611872
"Nolden, Dakota ",July_2022,95004,None,3168,3168,0,3140.18,0.99121843,1687.76,1452.42,5248.8,0,0,0,4,4,288,-5220.98,2.64803662
"Nolden, Dakota ",July_2022,96372,None,42,42,0,0,0,0,0,0,0,0,0,1,1,1,42,0
"Nolden, Dakota ",July_2022,99072,None,150,150,0,15,0.1,0,15,150,0,0,0,10,10,10,-15,1.1
"Nolden, Dakota ",July_2022,99173,None,20,20,0,0,0,0,0,0,0,0,0,1,1,1,20,0
"Nolden, Dakota ",July_2022,99203,None,3472,3255,217,2006.07,0.57778514,1420.59,585.48,2209.37,1.13,107,0,16,16,16,-851.57,1.24526786
"Nolden, Dakota ",July_2022,99204,None,990,990,0,1196.88,1.2089697,782.59,414.29,1261.74,0,0,0,3,3,3,-1468.62,2.48345455
"Nolden, Dakota ",July_2022,99205,None,832,832,0,244.57,0.29395433,244.57,0,458.43,0,0,0,2,2,2,129,0.84495192
"Nolden, Dakota ",July_2022,99212,None,267,267,0,9.7,0.03632959,9.7,0,89,0,0,0,3,3,3,168.3,0.36966292
"Nolden, Dakota ",July_2022,99213,None,9702,9261,441,5169.52,0.53283034,2912.3,2257.22,5090.9,0,195,0,66,66,66,-753.42,1.07765615
"Nolden, Dakota ",July_2022,99214,None,35250,35250,0,16735.85,0.47477589,12469.22,4266.63,24636.89,0,265,0,139,141,141,-6387.74,1.18121248
"Nolden, Dakota ",July_2022,99215,None,4380,4380,0,2075.22,0.47379452,1655.88,419.34,2222.74,0,0,0,15,15,15,82.04,0.98126941
"Nolden, Dakota ",July_2022,99385,None,3615,3615,0,2702.37,0.74754357,2627.37,75,2882.85,0,0,0,15,15,15,-1970.22,1.54501245
"Nolden, Dakota ",July_2022,99386,None,3264,3264,0,1815.27,0.5561489,1815.27,0,1865.71,0,0,0,12,12,12,-416.98,1.12775123
"Nolden, Dakota ",July_2022,99393,None,0,0,0,0,,0,0,0,0,0,0,0,0,0,0,
"Nolden, Dakota ",July_2022,99394,None,930,930,0,253.64,0.27273118,253.64,0,304.36,0,0,0,5,5,5,372,0.6
"Nolden, Dakota ",July_2022,99395,None,1854,1854,0,1204.12,0.64947141,1154.12,50,1317.88,0,0,0,9,9,9,-668,1.36030205
"Nolden, Dakota ",July_2022,99396,None,2034,2034,0,738.01,0.36283677,713.01,25,868.99,0,0,0,9,9,9,427,0.79006883
"Nolden, Dakota ",July_2022,99406,None,30,30,0,0,0,0,0,0,0,0,0,1,1,1,30,0
"Nolden, Dakota ",July_2022,99439,None,1840,1840,0,638.01,0.34674457,638.01,0,687.33,0,0,0,20,20,23,514.66,0.72029348
"Nolden, Dakota ",July_2022,99453,None,50,50,0,43.92,0.8784,43.92,0,24.66,0,0,0,2,2,2,-18.58,1.3716
"Nolden, Dakota ",July_2022,99454,None,585,585,0,390.48,0.66748718,390.48,0,184.37,0,0,0,9,9,9,10.15,0.98264957
"Nolden, Dakota ",July_2022,99457,None,550,550,0,519.35,0.94427273,519.35,0,165.83,0,0,0,10,10,10,-135.18,1.24578182
"Nolden, Dakota ",July_2022,99458,None,0,0,0,68.46,,68.46,0,21.54,0,0,0,0,0,0,-90,
"Nolden, Dakota ",July_2022,99490,None,3485,3485,0,1490.05,0.42756098,1490.05,0,1019.45,0,0,0,41,41,41,975.5,0.72008608
"Nolden, Dakota ",July_2022,99497,None,170,170,0,0,0,0,0,0,0,0,0,1,1,1,170,0
"Nolden, Dakota ",July_2022,COLF,None,35.7,35.7,0,0,0,0,0,0,0,0,0,1,1,1,35.7,0
"Nolden, Dakota ",July_2022,G0008,None,0,0,0,0,,0,0,0,0,0,0,0,0,0,0,
"Nolden, Dakota ",July_2022,G0009,None,165,165,0,79.99,0.48478788,79.99,0,85.01,0,0,0,3,3,3,0,1
"Nolden, Dakota ",July_2022,G0029,None,0,0,0,0,,0,0,0,0,0,0,1,1,1,0,
"Nolden, Dakota ",July_2022,G0439,None,472,472,0,221.88,0.47008475,221.88,0,250.12,0,0,0,2,2,2,0,1
"Nolden, Dakota ",July_2022,G8399,None,0,0,0,0,,0,0,0,0,0,0,10,10,10,0,
"Nolden, Dakota ",July_2022,G8400,None,0,0,0,0,,0,0,0,0,0,0,15,16,16,0,
"Nolden, Dakota ",July_2022,G8417,None,0,0,0,0,,0,0,0,0,0,0,136,137,137,0,
"Nolden, Dakota ",July_2022,G8418,None,0,0,0,0,,0,0,0,0,0,0,7,7,7,0,
"Nolden, Dakota ",July_2022,G8419,None,0,0,0,0,,0,0,0,0,0,0,1,1,1,0,
"Nolden, Dakota ",July_2022,G8420,None,0,0,0,0,,0,0,0,0,0,0,128,132,132,0,
"Nolden, Dakota ",July_2022,G8421,None,0,0,0,0,,0,0,0,0,0,0,1,1,1,0,
"Nolden, Dakota ",July_2022,G8427,None,0,0,0,0,,0,0,0,0,0,0,276,282,282,0,
"Nolden, Dakota ",July_2022,G8431,None,0,0,0,0,,0,0,0,0,0,0,25,26,26,0,
"Nolden, Dakota ",July_2022,G8482,None,0,0,0,0,,0,0,0,0,0,0,68,70,70,0,
"Nolden, Dakota ",July_2022,G8483,None,0,0,0,0,,0,0,0,0,0,0,49,49,49,0,
"Nolden, Dakota ",July_2022,G8484,None,0,0,0,0,,0,0,0,0,0,0,1,1,1,0,
"Nolden, Dakota ",July_2022,G8510,None,0,0,0,0,,0,0,0,0,0,0,212,216,216,0,
"Nolden, Dakota ",July_2022,G8535,None,0,0,0,0,,0,0,0,0,0,0,0,0,0,0,
"Nolden, Dakota ",July_2022,G8734,None,0,0,0,0,,0,0,0,0,0,0,33,34,34,0,
"Nolden, Dakota ",July_2022,G8752,None,0,0,0,0,,0,0,0,0,0,0,61,62,65,0,
"Nolden, Dakota ",July_2022,G8753,None,0,0,0,0,,0,0,0,0,0,0,14,15,15,0,
"Nolden, Dakota ",July_2022,G8754,None,0,0,0,0,,0,0,0,0,0,0,64,65,65,0,
"Nolden, Dakota ",July_2022,G8755,None,0,0,0,0,,0,0,0,0,0,0,10,11,11,0,
"Nolden, Dakota ",July_2022,G8756,None,0,0,0,0,,0,0,0,0,0,0,8,8,8,0,
"Nolden, Dakota ",July_2022,G8783,None,0,0,0,0,,0,0,0,0,0,0,213,217,217,0,
"Nolden, Dakota ",July_2022,G8950,None,0,0,0,0,,0,0,0,0,0,0,8,8,8,0,
"Nolden, Dakota ",July_2022,G8967,None,0,0,0,0,,0,0,0,0,0,0,3,4,4,0,
"Nolden, Dakota ",July_2022,G9716,None,0,0,0,0,,0,0,0,0,0,0,2,2,2,0,
"Nolden, Dakota ",July_2022,G9717,None,0,0,0,0,,0,0,0,0,0,0,49,50,50,0,
"Nolden, Dakota ",July_2022,G9744,None,0,0,0,0,,0,0,0,0,0,0,49,51,51,0,
"Nolden, Dakota ",July_2022,G9899,None,0,0,0,0,,0,0,0,0,0,0,23,23,23,0,
"Nolden, Dakota ",July_2022,G9900,None,0,0,0,0,,0,0,0,0,0,0,31,33,33,0,
"Nolden, Dakota ",July_2022,G9902,None,0,0,0,0,,0,0,0,0,0,0,32,33,33,0,
"Nolden, Dakota ",July_2022,G9903,None,0,0,0,0,,0,0,0,0,0,0,243,247,247,0,
"Nolden, Dakota ",July_2022,G9906,None,0,0,0,0,,0,0,0,0,0,0,26,27,27,0,
"Nolden, Dakota ",July_2022,G9908,None,0,0,0,0,,0,0,0,0,0,0,4,4,4,0,
"Nolden, Dakota ",July_2022,G9928,None,0,0,0,0,,0,0,0,0,0,0,0,0,0,0,
"Nolden, Dakota ",July_2022,G9989,None,0,0,0,0,,0,0,0,0,0,0,3,3,3,0,
"Nolden, Dakota ",July_2022,G9990,None,0,0,0,0,,0,0,0,0,0,0,4,4,4,0,
"Nolden, Dakota ",July_2022,G9991,None,0,0,0,0,,0,0,0,0,0,0,34,35,35,0,
"Nolden, Dakota ",July_2022,INTBL,None,0,0,0,0.1,,0.1,0,0,0,0,0,0,0,0,-0.1,
"Nolden, Dakota ",July_2022,INTMG,None,0.12,0.12,0,0,0,0,0,0,0,0,0,1,1,1,0.12,0
"Nolden, Dakota ",July_2022,INTOP,None,0.03,0.03,0,0,0,0,0,0,0,0,0,1,1,1,0.03,0
"Nolden, Dakota ",July_2022,INTUC,None,-1.1,-1.1,0,0,0,0,0,0,0,0,0,2,2,2,-1.1,0
"Nolden, Dakota ",July_2022,J3301,None,70.02,70.02,0,16.01,0.22864896,15.12,0.89,31.56,0,0,0,4,4,18,22.45,0.67937732
"Nolden, Dakota ",August_2022,1036F,None,0.01,0.01,0,0,0,0,0,0,0,0,0,282,292,293,0.01,0
"Nolden, Dakota ",August_2022,1090F,None,0,0,0,0,,0,0,0,0,0,0,1,1,1,0,
"Nolden, Dakota ",August_2022,1100F,None,0,0,0,0,,0,0,0,0,0,0,5,5,5,0,
"Nolden, Dakota ",August_2022,1101F,None,0,0,0,0,,0,0,0,0,0,0,15,15,15,0,
"Nolden, Dakota ",August_2022,1123F,None,0,0,0,0,,0,0,0,0,0,0,42,42,42,0,
"Nolden, Dakota ",August_2022,1124F,None,0,0,0,0,,0,0,0,0,0,0,4,4,4,0,
"Nolden, Dakota ",August_2022,1125F,None,0,0,0,0,,0,0,0,0,0,0,0,0,0,0,
"Nolden, Dakota ",August_2022,1158F,None,0,0,0,0,,0,0,0,0,0,0,0,0,0,0,
"Nolden, Dakota ",August_2022,1160F,None,0,0,0,0,,0,0,0,0,0,0,0,0,0,0,
"Nolden, Dakota ",August_2022,1170F,None,0,0,0,0,,0,0,0,0,0,0,0,0,0,0,
"Nolden, Dakota ",August_2022,17110,None,678,678,0,417.26,0.61542773,315.63,101.63,748.14,0,0,0,3,3,3,-487.4,1.71887906
"Nolden, Dakota ",August_2022,2022F,None,0,0,0,0,,0,0,0,0,0,0,20,20,20,0,
"Nolden, Dakota ",August_2022,2023F,None,0,0,0,0,,0,0,0,0,0,0,4,4,4,0,
"Nolden, Dakota ",August_2022,2024F,None,0,0,0,0,,0,0,0,0,0,0,3,3,3,0,
"Nolden, Dakota ",August_2022,2025F,None,0,0,0,0,,0,0,0,0,0,0,1,1,1,0,
"Nolden, Dakota ",August_2022,2026F,None,0,0,0,0,,0,0,0,0,0,0,2,2,2,0,
"Nolden, Dakota ",August_2022,20526,None,0,0,0,105.48,,105.48,0,208.52,0,0,0,0,0,0,-314,
"Nolden, Dakota ",August_2022,20552,None,0,0,0,42.17,,0,42.17,69.83,0,0,0,0,0,0,-112,
"Nolden, Dakota ",August_2022,20610,None,732,732,0,143.18,0.19560109,143.18,0,317.32,0,0,0,4,4,4,271.5,0.62909836
"Nolden, Dakota ",August_2022,3017F,None,0,0,0,0,,0,0,0,0,0,0,111,117,117,0,
"Nolden, Dakota ",August_2022,3044F,None,0,0,0,0,,0,0,0,0,0,0,18,18,18,0,
"Nolden, Dakota ",August_2022,3046F,None,0,0,0,0,,0,0,0,0,0,0,7,7,7,0,
"Nolden, Dakota ",August_2022,3051F,None,0,0,0,0,,0,0,0,0,0,0,14,14,14,0,
"Nolden, Dakota ",August_2022,3052F,None,0,0,0,0,,0,0,0,0,0,0,4,4,4,0,
"Nolden, Dakota ",August_2022,3072F,None,0,0,0,0,,0,0,0,0,0,0,9,9,9,0,
"Nolden, Dakota ",August_2022,3095F,None,0,0,0,0,,0,0,0,0,0,0,1,1,1,0,
"Nolden, Dakota ",August_2022,3284F,None,0,0,0,0,,0,0,0,0,0,0,0,0,0,0,
"Nolden, Dakota ",August_2022,3288F,None,0,0,0,0,,0,0,0,0,0,0,5,5,5,0,
"Nolden, Dakota ",August_2022,4004F,None,0,0,0,0,,0,0,0,0,0,0,3,3,3,0,
"Nolden, Dakota ",August_2022,4040F,None,0,0,0,0,,0,0,0,0,0,0,22,22,22,0,
"Nolden, Dakota ",August_2022,5015F,None,0,0,0,0,,0,0,0,0,0,0,1,1,1,0,
"Nolden, Dakota ",August_2022,69210,None,607,607,0,205.94,0.33927512,125.05,80.89,226.5,0,0,0,4,4,4,174.56,0.71242175
"Nolden, Dakota ",August_2022,81003,None,120,108,12,11.02,0.09183333,9.36,1.66,94.4,0,0,0,10,10,10,14.58,0.8785
"Nolden, Dakota ",August_2022,83036,None,0,0,0,7.19,,0,7.19,0,0,0,0,0,0,0,-7.19,
"Nolden, Dakota ",August_2022,86308,None,10,10,0,3.83,0.383,0,3.83,0,0,0,0,1,1,1,6.17,0.383
"Nolden, Dakota ",August_2022,87426,None,675,600,75,321.7,0.47659259,246.7,75,578.3,0,75,0,9,9,9,-300,1.44444444
"Nolden, Dakota ",August_2022,87804,None,360,320,40,103.34,0.28705556,73.48,29.86,140.98,0,40,0,9,9,18,75.68,0.78977778
"Nolden, Dakota ",August_2022,87811,None,0,0,0,40,,0,40,0,0,0,0,0,0,0,-40,
"Nolden, Dakota ",August_2022,87880,None,224,192,32,16.86,0.07526786,16.86,0,88.32,0,59,0,7,7,7,59.82,0.73294643
"Nolden, Dakota ",August_2022,90460,None,168,168,0,41.84,0.24904762,41.84,0,84.16,0,0,0,3,3,4,42,0.75
"Nolden, Dakota ",August_2022,90461,None,52,52,0,0,0,0,0,0,0,0,0,1,1,2,52,0
"Nolden, Dakota ",August_2022,90471,None,1050,1050,0,337.68,0.3216,337.68,0,628.32,0,0,0,25,25,25,84,0.92
"Nolden, Dakota ",August_2022,90472,None,26,26,0,0,0,0,0,26,0,0,0,1,1,1,0,1
"Nolden, Dakota ",August_2022,90651,None,900,900,0,568.06,0.63117778,568.06,0,331.94,0,0,0,2,2,2,0,1
"Nolden, Dakota ",August_2022,90662,None,0,0,0,0,,0,0,0,0,0,0,0,0,0,0,
"Nolden, Dakota ",August_2022,90670,None,920,920,0,0,0,0,0,0,0,0,0,2,2,2,920,0
"Nolden, Dakota ",August_2022,90688,None,0,0,0,0,,0,0,0,0,0,0,0,0,0,0,
"Nolden, Dakota ",August_2022,90707,None,150,150,0,111.41,0.74273333,111.41,0,188.59,0,0,0,1,1,1,-150,2
"Nolden, Dakota ",August_2022,90715,None,1260,1260,0,932.8,0.74031746,932.8,0,267.2,0,0,0,21,21,21,60,0.95238095
"Nolden, Dakota ",August_2022,90716,None,260,260,0,11,0.04230769,11,0,249,0,0,0,1,1,1,0,1
"Nolden, Dakota ",August_2022,90732,None,1030,1030,0,479.27,0.46531068,479.27,0,110.73,0,0,0,8,8,8,440,0.57281553
"Nolden, Dakota ",August_2022,90734,None,402,402,0,145,0.36069652,145,0,56,0,0,0,2,2,2,201,0.5
"Nolden, Dakota ",August_2022,92551,None,0,0,0,9.92,,9.92,0,10.08,0,0,0,0,0,0,-20,
"Nolden, Dakota ",August_2022,93000,None,140,140,0,62.09,0.4435,44.09,18,82.91,0,0,0,4,4,4,-5,1.03571429
"Nolden, Dakota ",August_2022,94010,None,584,584,0,199.59,0.3417637,79.89,119.7,291.03,0,0,0,8,8,8,93.38,0.84010274
"Nolden, Dakota ",August_2022,95004,None,1584,1584,0,308.72,0.19489899,0,308.72,0,0,0,0,2,2,144,1275.28,0.19489899
"Nolden, Dakota ",August_2022,96372,None,0,0,0,13.36,,13.36,0,28.64,0,0,0,0,0,0,-42,
"Nolden, Dakota ",August_2022,97597,None,169,169,0,47.63,0.28183432,47.63,0,81.37,0,0,0,1,1,1,40,0.76331361
"Nolden, Dakota ",August_2022,99072,None,60,60,0,0,0,0,0,120,0,30,0,4,4,4,-90,2.5
"Nolden, Dakota ",August_2022,99173,None,0,0,0,2.4,,2.4,0,17.6,0,0,0,0,0,0,-20,
"Nolden, Dakota ",August_2022,99202,None,0,0,0,0,,0,0,116,0,0,0,0,0,0,-116,
"Nolden, Dakota ",August_2022,99203,None,868,651,217,1201.33,1.38402074,971,230.33,1484.89,0,122,0,4,4,4,-1940.22,3.2352765
"Nolden, Dakota ",August_2022,99204,None,1650,1650,0,298.58,0.18095758,169.44,129.14,376.07,0,0,0,5,5,5,975.35,0.40887879
"Nolden, Dakota ",August_2022,99205,None,832,832,0,110,0.13221154,75,35,257.36,0,0,0,2,2,2,464.64,0.44153846
"Nolden, Dakota ",August_2022,99212,None,0,0,0,73.4,,73.4,0,89.6,0,0,0,0,0,0,-163,
"Nolden, Dakota ",August_2022,99213,None,10878,10290,588,6136.28,0.56410002,3533.46,2602.82,6240.66,0,454.5,0,72,74,74,-1953.44,1.17957713
"Nolden, Dakota ",August_2022,99214,None,45750,45750,0,18198.92,0.3977906,14056.23,4142.69,29034.04,0,246.23,0,176,183,183,-1729.19,1.0377965
"Nolden, Dakota ",August_2022,99215,None,2044,2044,0,1589.81,0.77779354,1434.11,155.7,1652.88,0,0,0,7,7,7,-1198.69,1.58644325
"Nolden, Dakota ",August_2022,99385,None,5302,5302,0,2352.93,0.44378159,2052.15,300.78,2767.85,0,0,0,22,22,22,181.22,0.96582045
"Nolden, Dakota ",August_2022,99386,None,3808,3808,0,1225.02,0.32169643,1200.02,25,1247.98,0,0,0,14,14,14,1335,0.64942227
"Nolden, Dakota ",August_2022,99393,None,166,166,0,100.22,0.60373494,100.22,0,65.78,0,0,0,1,1,1,0,1
"Nolden, Dakota ",August_2022,99394,None,186,186,0,486.64,2.61634409,486.64,0,443.36,0,0,0,1,1,1,-744,5
"Nolden, Dakota ",August_2022,99395,None,2472,2266,206,1110.48,0.4492233,1025.48,85,1034.52,0,106,0,12,12,12,221,0.91059871
"Nolden, Dakota ",August_2022,99396,None,2486,2260,226,1106.57,0.44512068,906.57,200,901.43,0,116,0,11,11,11,362,0.85438455
"Nolden, Dakota ",August_2022,99397,None,256,256,0,0,0,0,0,0,0,0,0,1,1,1,256,0
"Nolden, Dakota ",August_2022,99406,None,0,0,0,12.93,,12.93,0,17.07,0,0,0,0,0,0,-30,
"Nolden, Dakota ",August_2022,99439,None,560,560,0,536.93,0.95880357,536.93,0,400.4,0,80,0,7,7,7,-457.33,1.81666071
"Nolden, Dakota ",August_2022,99453,None,125,125,0,44.22,0.35376,44.22,0,27.57,0,0,0,5,5,5,53.21,0.57432
"Nolden, Dakota ",August_2022,99454,None,780,780,0,544.76,0.69841026,509.7,35.06,179.45,0,0,0,12,12,12,55.79,0.92847436
"Nolden, Dakota ",August_2022,99457,None,715,715,0,491.72,0.68772028,449.3,42.42,130.26,0,0,0,13,13,13,93.02,0.8699021
"Nolden, Dakota ",August_2022,99490,None,2380,2380,0,2166.89,0.91045798,2166.89,0,1004.96,1.27,85,0,28,28,28,-878.12,1.36895798
"Nolden, Dakota ",August_2022,99495,None,330,330,0,0,0,0,0,0,0,0,0,1,1,1,330,0
"Nolden, Dakota ",August_2022,99496,None,934,934,0,0,0,0,0,0,0,0,0,2,2,2,934,0
"Nolden, Dakota ",August_2022,99497,None,0,0,0,14.44,,14.44,0,0,0,0,0,0,0,0,-14.44,
"Nolden, Dakota ",August_2022,COLF,None,217.15,217.15,0,0,0,0,0,0,0,0,0,1,1,2,217.15,0
"Nolden, Dakota ",August_2022,FORM,None,25,25,0,25,1,0,25,0,0,0,0,1,1,1,0,1
"Nolden, Dakota ",August_2022,G0008,None,0,0,0,0,,0,0,0,0,0,0,0,0,0,0,
"Nolden, Dakota ",August_2022,G0009,None,385,385,0,59.28,0.15397403,59.28,0,50.72,0,0,0,7,7,7,275,0.28571429
"Nolden, Dakota ",August_2022,G0439,None,708,708,0,315.2,0.44519774,315.2,0,503.6,0,0,0,3,3,3,-110.8,1.15649718
"Nolden, Dakota ",August_2022,G0444,None,0,0,0,0,,0,0,0,0,0,0,0,0,0,0,
"Nolden, Dakota ",August_2022,G8399,None,0,0,0,0,,0,0,0,0,0,0,18,18,18,0,
"Nolden, Dakota ",August_2022,G8400,None,0,0,0,0,,0,0,0,0,0,0,13,13,13,0,
"Nolden, Dakota ",August_2022,G8417,None,0,0,0,0,,0,0,0,0,0,0,169,179,180,0,
"Nolden, Dakota ",August_2022,G8418,None,0,0,0,0,,0,0,0,0,0,0,13,14,14,0,
"Nolden, Dakota ",August_2022,G8419,None,0,0,0,0,,0,0,0,0,0,0,1,1,1,0,
"Nolden, Dakota ",August_2022,G8420,None,0.01,0.01,0,0,0,0,0,0,0,0,0,128,130,130,0.01,0
"Nolden, Dakota ",August_2022,G8427,None,0.01,0.01,0,0,0,0,0,0,0,0,0,318,331,333,0.01,0
"Nolden, Dakota ",August_2022,G8431,None,0.01,0.01,0,0,0,0,0,0,0,0,0,29,31,32,0.01,0
"Nolden, Dakota ",August_2022,G8432,None,0,0,0,0,,0,0,0,0,0,0,1,1,1,0,
"Nolden, Dakota ",August_2022,G8482,None,0,0,0,0,,0,0,0,0,0,0,79,83,83,0,
"Nolden, Dakota ",August_2022,G8483,None,0.01,0.01,0,0,0,0,0,0,0,0,0,39,40,40,0.01,0
"Nolden, Dakota ",August_2022,G8484,None,0,0,0,0,,0,0,0,0,0,0,1,1,1,0,
"Nolden, Dakota ",August_2022,G8510,None,0,0,0,0,,0,0,0,0,0,0,247,258,258,0,
"Nolden, Dakota ",August_2022,G8734,None,0,0,0,0,,0,0,0,0,0,0,45,46,46,0,
"Nolden, Dakota ",August_2022,G8752,None,0,0,0,0,,0,0,0,0,0,0,75,80,82,0,
"Nolden, Dakota ",August_2022,G8753,None,0,0,0,0,,0,0,0,0,0,0,21,21,21,0,
"Nolden, Dakota ",August_2022,G8754,None,0,0,0,0,,0,0,0,0,0,0,81,84,84,0,
"Nolden, Dakota ",August_2022,G8755,None,0,0,0,0,,0,0,0,0,0,0,14,14,14,0,
"Nolden, Dakota ",August_2022,G8756,None,0,0,0,0,,0,0,0,0,0,0,7,8,8,0,
"Nolden, Dakota ",August_2022,G8783,None,0.01,0.01,0,0,0,0,0,0,0,0,0,233,241,242,0.01,0
"Nolden, Dakota ",August_2022,G8785,None,0,0,0,0,,0,0,0,0,0,0,1,1,1,0,
"Nolden, Dakota ",August_2022,G8950,None,0,0,0,0,,0,0,0,0,0,0,9,9,9,0,
"Nolden, Dakota ",August_2022,G8952,None,0,0,0,0,,0,0,0,0,0,0,1,1,1,0,
"Nolden, Dakota ",August_2022,G8967,None,0,0,0,0,,0,0,0,0,0,0,4,4,4,0,
"Nolden, Dakota ",August_2022,G9716,None,0,0,0,0,,0,0,0,0,0,0,0,0,0,0,
"Nolden, Dakota ",August_2022,G9717,None,0,0,0,0,,0,0,0,0,0,0,49,49,49,0,
"Nolden, Dakota ",August_2022,G9744,None,0,0,0,0,,0,0,0,0,0,0,65,69,69,0,
"Nolden, Dakota ",August_2022,G9745,None,0,0,0,0,,0,0,0,0,0,0,1,1,1,0,
"Nolden, Dakota ",August_2022,G9899,None,0,0,0,0,,0,0,0,0,0,0,25,26,26,0,
"Nolden, Dakota ",August_2022,G9900,None,0,0,0,0,,0,0,0,0,0,0,33,34,34,0,
"Nolden, Dakota ",August_2022,G9902,None,0,0,0,0,,0,0,0,0,0,0,37,39,39,0,
"Nolden, Dakota ",August_2022,G9903,None,0.01,0.01,0,0,0,0,0,0,0,0,0,282,292,293,0.01,0
"Nolden, Dakota ",August_2022,G9906,None,0,0,0,0,,0,0,0,0,0,0,26,28,28,0,
"Nolden, Dakota ",August_2022,G9907,None,0,0,0,0,,0,0,0,0,0,0,2,2,2,0,
"Nolden, Dakota ",August_2022,G9908,None,0,0,0,0,,0,0,0,0,0,0,3,3,3,0,
"Nolden, Dakota ",August_2022,G9989,None,0,0,0,0,,0,0,0,0,0,0,3,3,3,0,
"Nolden, Dakota ",August_2022,G9990,None,0,0,0,0,,0,0,0,0,0,0,3,3,3,0,
"Nolden, Dakota ",August_2022,G9991,None,0,0,0,0,,0,0,0,0,0,0,50,51,51,0,
"Nolden, Dakota ",August_2022,INTBL,None,0,0,0,1.94,,1.94,0,0,0,0,0,0,0,0,-1.94,
"Nolden, Dakota ",August_2022,INTOP,None,0,0,0,0.03,,0.03,0,0,0,0,0,0,0,0,-0.03,
"Nolden, Dakota ",August_2022,INTUC,None,0.03,0.03,0,0,0,0,0,0,0,0,0,1,1,1,0.03,0
"Nolden, Dakota ",August_2022,INTVP,None,0,0,0,0,,0,0,0,0,0,0,0,0,0,0,
"Nolden, Dakota ",August_2022,J3301,None,93.36,93.36,0,11.59,0.1241431,9.01,2.58,26.28,0,0,0,4,4,24,55.49,0.4056341
"Nolden, Dakota ",September_2022,1036F,None,0,0,0,0,,0,0,0,0,0,0,300,309,310,0,
"Nolden, Dakota ",September_2022,1090F,None,0,0,0,0,,0,0,0,0,0,0,2,2,2,0,
"Nolden, Dakota ",September_2022,1100F,None,0,0,0,0,,0,0,0,0,0,0,8,8,8,0,
"Nolden, Dakota ",September_2022,1101F,None,0,0,0,0,,0,0,0,0,0,0,9,10,10,0,
"Nolden, Dakota ",September_2022,11200,None,600,600,0,168.36,0.2806,168.36,0,231.64,0,0,0,3,3,3,200,0.66666667
"Nolden, Dakota ",September_2022,1123F,None,0,0,0,0,,0,0,0,0,0,0,33,34,34,0,
"Nolden, Dakota ",September_2022,1124F,None,0,0,0,0,,0,0,0,0,0,0,5,5,5,0,
"Nolden, Dakota ",September_2022,1125F,None,0,0,0,0,,0,0,0,0,0,0,1,1,1,0,
"Nolden, Dakota ",September_2022,1126F,None,0,0,0,0,,0,0,0,0,0,0,5,5,5,0,
"Nolden, Dakota ",September_2022,1158F,None,0,0,0,0,,0,0,0,0,0,0,6,6,6,0,
"Nolden, Dakota ",September_2022,1160F,None,0,0,0,0,,0,0,0,0,0,0,6,6,6,0,
"Nolden, Dakota ",September_2022,1170F,None,0,0,0,0,,0,0,0,0,0,0,5,5,5,0,
"Nolden, Dakota ",September_2022,17110,None,678,678,0,286.22,0.42215339,95.62,190.6,130.38,0,0,0,3,3,3,261.4,0.61445428
"Nolden, Dakota ",September_2022,2022F,None,0,0,0,0,,0,0,0,0,0,0,19,19,19,0,
"Nolden, Dakota ",September_2022,2024F,None,0,0,0,0,,0,0,0,0,0,0,3,3,3,0,
"Nolden, Dakota ",September_2022,2025F,None,0,0,0,0,,0,0,0,0,0,0,0,0,0,0,
"Nolden, Dakota ",September_2022,2026F,None,0,0,0,0,,0,0,0,0,0,0,3,3,3,0,
"Nolden, Dakota ",September_2022,20550,None,108,108,0,0,0,0,0,0,0,0,0,1,1,1,108,0
"Nolden, Dakota ",September_2022,20610,None,0,0,0,137.1,,137.1,0,228.9,0,0,0,0,0,0,-366,
"Nolden, Dakota ",September_2022,3017F,None,0,0,0,0,,0,0,0,0,0,0,104,106,106,0,
"Nolden, Dakota ",September_2022,3044F,None,0,0,0,0,,0,0,0,0,0,0,15,15,15,0,
"Nolden, Dakota ",September_2022,3046F,None,0,0,0,0,,0,0,0,0,0,0,5,5,5,0,
"Nolden, Dakota ",September_2022,3051F,None,0,0,0,0,,0,0,0,0,0,0,9,9,9,0,
"Nolden, Dakota ",September_2022,3052F,None,0,0,0,0,,0,0,0,0,0,0,4,4,4,0,
"Nolden, Dakota ",September_2022,3072F,None,0,0,0,0,,0,0,0,0,0,0,8,8,8,0,
"Nolden, Dakota ",September_2022,3288F,None,0,0,0,0,,0,0,0,0,0,0,9,9,9,0,
"Nolden, Dakota ",September_2022,4004F,None,0,0,0,0,,0,0,0,0,0,0,3,3,3,0,
"Nolden, Dakota ",September_2022,4040F,None,0,0,0,0,,0,0,0,0,0,0,19,20,20,0,
"Nolden, Dakota ",September_2022,69210,None,490,490,0,215.29,0.43936735,101.71,113.58,372.71,0,0,0,4,4,4,-98,1.2
"Nolden, Dakota ",September_2022,81003,None,96,96,0,14.76,0.15375,8.24,6.52,74.61,0,0,0,8,8,8,6.63,0.9309375
"Nolden, Dakota ",September_2022,81025,None,20,20,0,3.86,0.193,0,3.86,14.83,0,0,0,1,1,1,1.31,0.9345
"Nolden, Dakota ",September_2022,83036,None,105,105,0,19.42,0.18495238,19.42,0,50.58,0,0,0,3,3,3,35,0.66666667
"Nolden, Dakota ",September_2022,86308,None,0,0,0,3.83,,3.83,0,6.17,0,0,0,0,0,0,-10,
"Nolden, Dakota ",September_2022,87426,None,975,975,0,307.25,0.31512821,282.25,25,467.75,0,0,0,13,13,13,200,0.79487179
"Nolden, Dakota ",September_2022,87804,None,440,440,0,197.34,0.4485,107.9,89.44,153.72,0,0,0,11,11,22,88.94,0.79786364
"Nolden, Dakota ",September_2022,87807,None,50,50,0,8.88,0.1776,8.88,0,16.12,0,0,0,2,2,2,25,0.5
"Nolden, Dakota ",September_2022,87811,None,0,0,0,0,,0,0,0,0,0,0,0,0,0,0,
"Nolden, Dakota ",September_2022,87880,None,192,192,0,87.3,0.4546875,47.62,39.68,154.56,0,0,0,6,6,6,-49.86,1.2596875
"Nolden, Dakota ",September_2022,90460,None,42,42,0,37,0.88095238,37,0,89,0,0,0,1,1,1,-84,3
"Nolden, Dakota ",September_2022,90461,None,0,0,0,14,,14,0,38,0,0,0,0,0,0,-52,
"Nolden, Dakota ",September_2022,90471,None,3654,3654,0,808.24,0.22119321,808.24,0,1348.36,0,0,0,87,87,87,1497.4,0.59020252
"Nolden, Dakota ",September_2022,90472,None,156,156,0,28.2,0.18076923,28.2,0,49.8,0,0,0,6,6,6,78,0.5
"Nolden, Dakota ",September_2022,90619,None,305,305,0,0,0,0,0,0,0,0,0,1,1,1,305,0
"Nolden, Dakota ",September_2022,90651,None,0,0,0,255,,255,0,195,0,0,0,0,0,0,-450,
"Nolden, Dakota ",September_2022,90662,None,1875,1875,0,275.56,0.14696533,275.56,0,24.44,0,0,0,25,25,25,1575,0.16
"Nolden, Dakota ",September_2022,90670,None,1380,1380,0,768.81,0.5571087,768.81,0,611.19,0,0,0,3,3,3,0,1
"Nolden, Dakota ",September_2022,90688,None,2730,2730,0,811.55,0.29727106,811.55,0,414.45,0,0,0,91,91,91,1504,0.44908425
"Nolden, Dakota ",September_2022,90715,None,240,240,0,395.83,1.64929167,395.83,0,126.17,0,0,0,4,4,4,-282,2.175
"Nolden, Dakota ",September_2022,90716,None,260,260,0,122.02,0.46930769,122.02,0,137.98,0,0,0,1,1,1,0,1
"Nolden, Dakota ",September_2022,90732,None,160,160,0,929.98,5.812375,929.98,0,150.02,0,0,0,1,1,1,-920,6.75
"Nolden, Dakota ",September_2022,90734,None,0,0,0,289.41,,289.41,0,112.59,0,0,0,0,0,0,-402,
"Nolden, Dakota ",September_2022,93000,None,245,245,0,93,0.37959184,47.71,45.29,168.23,0,0,0,7,7,7,-16.23,1.0662449
"Nolden, Dakota ",September_2022,94010,None,365,365,0,162.91,0.44632877,132.85,30.06,227.14,0,0,0,5,5,5,-25.05,1.06863014
"Nolden, Dakota ",September_2022,94640,None,76,76,0,0,0,0,0,22.97,0,0,0,2,2,2,53.03,0.30223684
"Nolden, Dakota ",September_2022,95004,None,792,792,0,813.94,1.02770202,490.82,323.12,1006.56,0,0,0,1,1,72,-1028.5,2.29861111
"Nolden, Dakota ",September_2022,96372,None,42,42,0,0,0,0,0,0,0,0,0,1,1,1,42,0
"Nolden, Dakota ",September_2022,99072,None,150,150,0,0,0,0,0,135,0,0,0,10,10,10,15,0.9
"Nolden, Dakota ",September_2022,99173,None,40,40,0,2.67,0.06675,2.67,0,17.33,0,0,0,2,2,2,20,0.5
"Nolden, Dakota ",September_2022,99203,None,868,868,0,443.46,0.51089862,255.32,188.14,346.16,0,0,0,4,4,4,78.38,0.90970046
"Nolden, Dakota ",September_2022,99204,None,660,660,0,699.49,1.05983333,536.38,163.11,753.62,0,0,0,2,2,2,-793.11,2.20168182
"Nolden, Dakota ",September_2022,99205,None,832,832,0,883.99,1.06248798,750.35,133.64,858.65,0,0,0,2,2,2,-910.64,2.09451923
"Nolden, Dakota ",September_2022,99213,None,12936,12789,147,5865.55,0.45342842,4181.43,1684.12,7016.12,0,62,0,86,88,88,-7.67,1.00059292
"Nolden, Dakota ",September_2022,99214,None,44000,44000,0,17976.48,0.40855636,13849.45,4127.03,26182.05,0,255,0,173,176,176,-413.53,1.00939841
"Nolden, Dakota ",September_2022,99215,None,2628,2628,0,887.77,0.33781202,701.84,185.93,1209.76,0,0,0,9,9,9,530.47,0.79814688
"Nolden, Dakota ",September_2022,99384,None,216,216,0,0,0,0,0,0,0,0,0,2,2,2,216,0
"Nolden, Dakota ",September_2022,99385,None,3615,3615,0,2237.45,0.61893499,2119.45,118,2218.55,0,0,0,15,15,15,-841,1.23264177
"Nolden, Dakota ",September_2022,99386,None,3808,3536,272,2103.69,0.5524396,1858.69,245,1949.31,0,142,0,14,14,14,-387,1.10162815
"Nolden, Dakota ",September_2022,99394,None,744,744,0,140.24,0.18849462,110.24,30,75.76,0,0,0,4,4,4,528,0.29032258
"Nolden, Dakota ",September_2022,99395,None,3296,3296,0,1362.63,0.4134193,1327.63,35,1457.68,0,0,0,16,16,16,475.69,0.85567658
"Nolden, Dakota ",September_2022,99396,None,2260,2260,0,1570.12,0.69474336,1495.12,75,1442.88,0,0,0,10,10,10,-753,1.33318584
"Nolden, Dakota ",September_2022,99397,None,0,0,0,102.65,,102.65,0,153.35,0,0,0,0,0,0,-256,
"Nolden, Dakota ",September_2022,99439,None,960,960,0,297.07,0.30944792,297.07,0,271.12,0,0,0,11,11,12,391.81,0.59186458
"Nolden, Dakota ",September_2022,99453,None,25,25,0,46.68,1.8672,46.68,0,12.95,0,0,0,1,1,1,-34.63,2.3852
"Nolden, Dakota ",September_2022,99454,None,975,975,0,321.6,0.32984615,321.6,0,69.34,0,0,0,15,15,15,584.06,0.4009641
"Nolden, Dakota ",September_2022,99457,None,825,825,0,298.13,0.3613697,298.13,0,44.71,0,0,0,15,15,15,482.16,0.41556364
"Nolden, Dakota ",September_2022,99458,None,45,45,0,0,0,0,0,0,0,0,0,1,1,1,45,0
"Nolden, Dakota ",September_2022,99490,None,3570,3570,0,1792.36,0.50206162,1703.62,88.74,1076.38,0,0,0,42,42,42,701.26,0.80356863
"Nolden, Dakota ",September_2022,99495,None,0,0,0,173.81,,173.81,0,156.19,0,0,0,0,0,0,-330,
"Nolden, Dakota ",September_2022,99496,None,467,467,0,416.64,0.89216274,416.64,0,517.36,0,0,0,1,1,1,-467,2
"Nolden, Dakota ",September_2022,99497,None,0,0,0,83.28,,83.28,0,86.72,0,0,0,0,0,0,-170,
"Nolden, Dakota ",September_2022,A7004,None,10,10,0,1.23,0.123,1.23,0,3.77,0,0,0,2,2,2,5,0.5
"Nolden, Dakota ",September_2022,COLF,None,0,0,0,90.17,,90.17,0,0,0,0,0,0,0,0,-90.17,
"Nolden, Dakota ",September_2022,G0008,None,1302,1302,0,166.98,0.12824885,166.98,0,85.02,0,0,0,31,31,31,1050,0.19354839
"Nolden, Dakota ",September_2022,G0009,None,55,55,0,191.43,3.48054545,191.43,0,193.57,0,0,0,1,1,1,-330,7
"Nolden, Dakota ",September_2022,G0438,None,346,346,0,0,0,0,0,0,0,0,0,1,1,1,346,0
"Nolden, Dakota ",September_2022,G0439,None,2124,2124,0,129.21,0.06083333,129.21,0,106.79,0,0,0,9,9,9,1888,0.11111111
"Nolden, Dakota ",September_2022,G0444,None,222,222,0,0,0,0,0,0,0,0,0,6,6,6,222,0
"Nolden, Dakota ",September_2022,G8399,None,0,0,0,0,,0,0,0,0,0,0,21,22,22,0,
"Nolden, Dakota ",September_2022,G8400,None,0,0,0,0,,0,0,0,0,0,0,13,13,13,0,
"Nolden, Dakota ",September_2022,G8417,None,0,0,0,0,,0,0,0,0,0,0,173,179,180,0,
"Nolden, Dakota ",September_2022,G8418,None,0,0,0,0,,0,0,0,0,0,0,8,8,8,0,
"Nolden, Dakota ",September_2022,G8419,None,0,0,0,0,,0,0,0,0,0,0,1,1,1,0,
"Nolden, Dakota ",September_2022,G8420,None,0,0,0,0,,0,0,0,0,0,0,144,147,147,0,
"Nolden, Dakota ",September_2022,G8421,None,0,0,0,0,,0,0,0,0,0,0,1,1,1,0,
"Nolden, Dakota ",September_2022,G8427,None,0,0,0,0,,0,0,0,0,0,0,332,342,344,0,
"Nolden, Dakota ",September_2022,G8431,None,0,0,0,0,,0,0,0,0,0,0,34,34,35,0,
"Nolden, Dakota ",September_2022,G8432,None,0,0,0,0,,0,0,0,0,0,0,3,3,3,0,
"Nolden, Dakota ",September_2022,G8482,None,0,0,0,0,,0,0,0,0,0,0,110,115,117,0,
"Nolden, Dakota ",September_2022,G8483,None,0,0,0,0,,0,0,0,0,0,0,42,44,44,0,
"Nolden, Dakota ",September_2022,G8484,None,0,0,0,0,,0,0,0,0,0,0,1,1,1,0,
"Nolden, Dakota ",September_2022,G8510,None,0,0,0,0,,0,0,0,0,0,0,257,263,263,0,
"Nolden, Dakota ",September_2022,G8535,None,0,0,0,0,,0,0,0,0,0,0,1,1,1,0,
"Nolden, Dakota ",September_2022,G8734,None,0,0,0,0,,0,0,0,0,0,0,46,47,47,0,
"Nolden, Dakota ",September_2022,G8752,None,0,0,0,0,,0,0,0,0,0,0,57,58,59,0,
"Nolden, Dakota ",September_2022,G8753,None,0,0,0,0,,0,0,0,0,0,0,21,23,23,0,
"Nolden, Dakota ",September_2022,G8754,None,0,0,0,0,,0,0,0,0,0,0,61,62,62,0,
"Nolden, Dakota ",September_2022,G8755,None,0,0,0,0,,0,0,0,0,0,0,17,19,19,0,
"Nolden, Dakota ",September_2022,G8756,None,0,0,0,0,,0,0,0,0,0,0,9,9,9,0,
"Nolden, Dakota ",September_2022,G8783,None,0,0,0,0,,0,0,0,0,0,0,259,265,266,0,
"Nolden, Dakota ",September_2022,G8785,None,0,0,0,0,,0,0,0,0,0,0,1,1,1,0,
"Nolden, Dakota ",September_2022,G8950,None,0,0,0,0,,0,0,0,0,0,0,10,11,11,0,
"Nolden, Dakota ",September_2022,G8967,None,0,0,0,0,,0,0,0,0,0,0,1,1,1,0,
"Nolden, Dakota ",September_2022,G9708,None,0,0,0,0,,0,0,0,0,0,0,1,1,1,0,
"Nolden, Dakota ",September_2022,G9711,None,0,0,0,0,,0,0,0,0,0,0,2,2,2,0,
"Nolden, Dakota ",September_2022,G9717,None,0,0,0,0,,0,0,0,0,0,0,46,50,50,0,
"Nolden, Dakota ",September_2022,G9744,None,0,0,0,0,,0,0,0,0,0,0,53,55,55,0,
"Nolden, Dakota ",September_2022,G9745,None,0,0,0,0,,0,0,0,0,0,0,1,1,1,0,
"Nolden, Dakota ",September_2022,G9899,None,0,0,0,0,,0,0,0,0,0,0,34,35,35,0,
"Nolden, Dakota ",September_2022,G9900,None,0,0,0,0,,0,0,0,0,0,0,38,39,39,0,
"Nolden, Dakota ",September_2022,G9902,None,0,0,0,0,,0,0,0,0,0,0,29,30,30,0,
"Nolden, Dakota ",September_2022,G9903,None,0,0,0,0,,0,0,0,0,0,0,301,310,311,0,
"Nolden, Dakota ",September_2022,G9905,None,0,0,0,0,,0,0,0,0,0,0,1,1,1,0,
"Nolden, Dakota ",September_2022,G9906,None,0,0,0,0,,0,0,0,0,0,0,20,20,20,0,
"Nolden, Dakota ",September_2022,G9907,None,0,0,0,0,,0,0,0,0,0,0,1,1,1,0,
"Nolden, Dakota ",September_2022,G9908,None,0,0,0,0,,0,0,0,0,0,0,4,4,4,0,
"Nolden, Dakota ",September_2022,G9989,None,0,0,0,0,,0,0,0,0,0,0,5,5,5,0,
"Nolden, Dakota ",September_2022,G9990,None,0,0,0,0,,0,0,0,0,0,0,1,1,1,0,
"Nolden, Dakota ",September_2022,G9991,None,0,0,0,0,,0,0,0,0,0,0,44,45,45,0,
"Nolden, Dakota ",September_2022,INTBL,None,0.09,0.09,0,0,0,0,0,0,0,0,0,1,1,1,0.09,0
"Nolden, Dakota ",September_2022,INTMG,None,0.08,0.08,0,0.12,1.5,0.12,0,0,0,0,0,2,2,2,-0.04,1.5
"Nolden, Dakota ",September_2022,INTUC,None,0,0,0,0.03,,0.03,0,0,0,0,0,0,0,0,-0.03,
"Nolden, Dakota ",September_2022,INTVP,None,0,0,0,-0.21,,-0.21,0,0.1,0,0,0,0,0,0,0.11,
"Nolden, Dakota ",September_2022,J3301,None,7.78,7.78,0,12.14,1.56041131,12.14,0,31.45,0,0,0,1,1,2,-35.81,5.60282776
"Nolden, Dakota ",September_2022,J7620,None,24,24,0,0,0,0,0,11.87,0,0,0,2,2,2,12.13,0.49458333
"Nolden, Dakota ",October_2022,1036F,None,0,0,0,0,,0,0,0,0,0,0,166,171,171,0,
"Nolden, Dakota ",October_2022,1090F,None,0,0,0,0,,0,0,0,0,0,0,0,0,0,0,
"Nolden, Dakota ",October_2022,1100F,None,0,0,0,0,,0,0,0,0,0,0,1,1,1,0,
"Nolden, Dakota ",October_2022,1101F,None,0,0,0,0,,0,0,0,0,0,0,7,9,9,0,
"Nolden, Dakota ",October_2022,11200,None,0,0,0,65.77,,0,65.77,124.23,0,0,0,0,0,0,-190,
"Nolden, Dakota ",October_2022,1123F,None,0,0,0,0,,0,0,0,0,0,0,18,19,19,0,
"Nolden, Dakota ",October_2022,1124F,None,0,0,0,0,,0,0,0,0,0,0,6,7,7,0,
"Nolden, Dakota ",October_2022,1125F,None,0,0,0,0,,0,0,0,0,0,0,4,4,4,0,
"Nolden, Dakota ",October_2022,1126F,None,0,0,0,0,,0,0,0,0,0,0,0,0,0,0,
"Nolden, Dakota ",October_2022,1158F,None,0,0,0,0,,0,0,0,0,0,0,3,3,3,0,
"Nolden, Dakota ",October_2022,1160F,None,0,0,0,0,,0,0,0,0,0,0,4,4,4,0,
"Nolden, Dakota ",October_2022,1170F,None,0,0,0,0,,0,0,0,0,0,0,4,4,4,0,
"Nolden, Dakota ",October_2022,17110,None,0,0,0,209.41,,189.08,20.33,242.59,0,0,0,0,0,0,-452,
"Nolden, Dakota ",October_2022,2022F,None,0,0,0,0,,0,0,0,0,0,0,9,9,9,0,
"Nolden, Dakota ",October_2022,2023F,None,0,0,0,0,,0,0,0,0,0,0,1,1,1,0,
"Nolden, Dakota ",October_2022,2024F,None,0,0,0,0,,0,0,0,0,0,0,1,2,2,0,
"Nolden, Dakota ",October_2022,2026F,None,0,0,0,0,,0,0,0,0,0,0,1,1,1,0,
"Nolden, Dakota ",October_2022,20550,None,0,0,0,48.79,,48.79,0,59.21,0,0,0,0,0,0,-108,
"Nolden, Dakota ",October_2022,20610,None,0,0,0,27.5,,0,27.5,0,0,0,0,0,0,0,-27.5,
"Nolden, Dakota ",October_2022,3017F,None,0,0,0,0,,0,0,0,0,0,0,64,68,68,0,
"Nolden, Dakota ",October_2022,3044F,None,0,0,0,0,,0,0,0,0,0,0,11,12,12,0,
"Nolden, Dakota ",October_2022,3046F,None,0,0,0,0,,0,0,0,0,0,0,4,4,4,0,
"Nolden, Dakota ",October_2022,3051F,None,0,0,0,0,,0,0,0,0,0,0,4,4,4,0,
"Nolden, Dakota ",October_2022,3052F,None,0,0,0,0,,0,0,0,0,0,0,1,1,1,0,
"Nolden, Dakota ",October_2022,3072F,None,0,0,0,0,,0,0,0,0,0,0,7,7,7,0,
"Nolden, Dakota ",October_2022,3288F,None,0,0,0,0,,0,0,0,0,0,0,1,1,1,0,
"Nolden, Dakota ",October_2022,4004F,None,0,0,0,0,,0,0,0,0,0,0,2,2,2,0,
"Nolden, Dakota ",October_2022,4040F,None,0,0,0,0,,0,0,0,0,0,0,8,10,10,0,
"Nolden, Dakota ",October_2022,69200,None,166,166,0,67.53,0.40680723,67.53,0,98.47,0,0,0,1,1,1,0,1
"Nolden, Dakota ",October_2022,69210,None,0,0,0,46.39,,46.39,0,60.05,0,0,0,0,0,0,-106.44,
"Nolden, Dakota ",October_2022,81003,None,60,60,0,12.88,0.21466667,12.88,0,91.21,0,0,0,5,5,5,-44.09,1.73483333
"Nolden, Dakota ",October_2022,83036,None,105,105,0,28.69,0.2732381,27.77,0.92,111.31,0,0,0,3,3,3,-35,1.33333333
"Nolden, Dakota ",October_2022,87426,None,1425,1425,0,575.41,0.40379649,575.41,0,774.59,0,0,0,19,19,19,75,0.94736842
"Nolden, Dakota ",October_2022,87804,None,680,680,0,372.96,0.54847059,369.52,3.44,247.86,0,0,0,17,17,34,59.18,0.91297059
"Nolden, Dakota ",October_2022,87807,None,0,0,0,13.1,,13.1,0,11.9,0,0,0,0,0,0,-25,
"Nolden, Dakota ",October_2022,87811,None,0,0,0,0,,0,0,0,0,0,0,0,0,0,0,
"Nolden, Dakota ",October_2022,87880,None,224,224,0,90.05,0.40200893,80.27,9.78,141.75,0,0,0,7,7,7,-7.8,1.03482143
"Nolden, Dakota ",October_2022,90460,None,0,0,0,17,,17,0,25,0,0,0,0,0,0,-42,
"Nolden, Dakota ",October_2022,90471,None,2100,2058,42,970.31,0.46205238,924.91,45.4,1916.75,0,44,0,50,50,50,-831.06,1.39574286
"Nolden, Dakota ",October_2022,90472,None,0,0,0,29.71,,29.71,0,22.29,0,0,0,0,0,0,-52,
"Nolden, Dakota ",October_2022,90619,None,0,0,0,150,,150,0,155,0,0,0,0,0,0,-305,
"Nolden, Dakota ",October_2022,90662,None,1275,1275,0,1708.08,1.33967059,1708.08,0,166.92,0,0,0,17,17,17,-600,1.47058824
"Nolden, Dakota ",October_2022,90670,None,460,460,0,271.72,0.59069565,271.72,0,188.28,0,0,0,1,1,1,0,1
"Nolden, Dakota ",October_2022,90688,None,1410,1380,30,1444.72,1.02462411,1410.72,34,729.37,0,20,0,47,47,47,-784.09,1.5560922
"Nolden, Dakota ",October_2022,90715,None,120,120,0,49,0.40833333,49,0,11,0,0,0,2,2,2,60,0.5
"Nolden, Dakota ",October_2022,93000,None,70,70,0,56.91,0.813,38.54,18.37,83.89,0,0,0,2,2,2,-70.8,2.01142857
"Nolden, Dakota ",October_2022,94010,None,146,146,0,99.63,0.68239726,94.62,5.01,273.39,0,0,0,2,2,2,-227.02,2.55493151
"Nolden, Dakota ",October_2022,94640,None,38,38,0,24.39,0.64184211,24.39,0,28.64,0,0,0,1,1,1,-15.03,1.39552632
"Nolden, Dakota ",October_2022,95004,None,3168,3168,0,1236.04,0.39016414,1076.36,159.68,2091.64,0,0,0,4,4,288,-159.68,1.05040404
"Nolden, Dakota ",October_2022,96372,None,0,0,0,12.03,,12.03,0,28.64,0,0,0,0,0,0,-40.67,
"Nolden, Dakota ",October_2022,99072,None,150,150,0,0,0,0,0,105,0,0,0,10,10,10,45,0.7
"Nolden, Dakota ",October_2022,99173,None,0,0,0,2.67,,2.67,0,17.33,0,0,0,0,0,0,-20,
"Nolden, Dakota ",October_2022,99203,None,651,651,0,155.61,0.23903226,105.61,50,356.57,0,107,0,3,3,3,31.82,0.95112135
"Nolden, Dakota ",October_2022,99204,None,1320,1320,0,242.48,0.18369697,135.35,107.13,519.65,0,0,0,4,4,4,557.87,0.57737121
"Nolden, Dakota ",October_2022,99205,None,0,0,0,148.37,,148.37,0,229.78,0,0,0,0,0,0,-378.15,
"Nolden, Dakota ",October_2022,99213,None,6909,6762,147,4473.36,0.64746852,3616.59,856.77,4743,0,62,0,46,47,47,-2369.36,1.3429382
"Nolden, Dakota ",October_2022,99214,None,26250,25750,500,14800.02,0.56381029,12380.23,2419.79,22631.84,0,295,0,101,105,105,-11476.86,1.43721371
"Nolden, Dakota ",October_2022,99215,None,292,292,0,717.11,2.45585616,712.11,5,716.96,0,0,0,1,1,1,-1142.07,4.91119863
"Nolden, Dakota ",October_2022,99384,None,0,0,0,258.56,,258.56,0,173.44,0,0,0,0,0,0,-432,
"Nolden, Dakota ",October_2022,99385,None,1446,1446,0,1481.31,1.02441909,1481.31,0,1651.69,0,0,0,6,6,6,-1687,2.16666667
"Nolden, Dakota ",October_2022,99386,None,2176,2176,0,1626.95,0.74767923,1606.95,20,1657.05,0,0,0,8,8,8,-1108,1.50919118
"Nolden, Dakota ",October_2022,99394,None,0,0,0,209.45,,209.45,0,162.55,0,0,0,0,0,0,-372,
"Nolden, Dakota ",October_2022,99395,None,1442,1442,0,1155.84,0.8015534,1145.84,10,1120.16,0,0,0,7,7,7,-834,1.57836338
"Nolden, Dakota ",October_2022,99396,None,1130,1130,0,632.85,0.56004425,632.85,0,723.15,0,0,0,5,5,5,-226,1.2
"Nolden, Dakota ",October_2022,99397,None,256,256,0,20,0.078125,0,20,0,0,0,0,1,1,1,236,0.078125
"Nolden, Dakota ",October_2022,99439,None,960,960,0,670.98,0.6989375,638.22,32.76,609.02,0,0,0,12,12,12,-320,1.33333333
"Nolden, Dakota ",October_2022,99453,None,0,0,0,15.81,,15.81,0,9.19,0,0,0,0,0,0,-25,
"Nolden, Dakota ",October_2022,99454,None,845,845,0,1021.91,1.20936095,1021.91,0,397.73,0,0,0,13,13,13,-574.64,1.68004734
"Nolden, Dakota ",October_2022,99457,None,715,715,0,920.51,1.28742657,920.51,0,276.65,0,0,0,13,13,13,-482.16,1.67434965
"Nolden, Dakota ",October_2022,99458,None,135,135,0,115.12,0.85274074,115.12,0,44.17,0,0,0,1,1,3,-24.29,1.17992593
"Nolden, Dakota ",October_2022,99490,None,4505,4505,0,2629.17,0.58361154,2585.89,43.28,1663.75,0,0,0,53,53,53,212.08,0.95292342
"Nolden, Dakota ",October_2022,99492,None,0,0,0,20,,0,20,0,0,0,0,0,0,0,-20,
"Nolden, Dakota ",October_2022,99493,None,0,0,0,116.49,,116.49,0,142.27,0,0,0,0,0,0,-258.76,
"Nolden, Dakota ",October_2022,99496,None,467,467,0,234.3,0.50171306,234.3,0,232.7,0,0,0,1,1,1,0,1
"Nolden, Dakota ",October_2022,99497,None,340,340,0,127.68,0.37552941,113.24,14.44,197.88,0,0,0,2,2,2,14.44,0.95752941
"Nolden, Dakota ",October_2022,A7004,None,5,5,0,2.63,0.526,2.63,0,3.6,0,0,0,1,1,1,-1.23,1.246
"Nolden, Dakota ",October_2022,G0008,None,672,672,0,814.68,1.21232143,814.68,0,403.32,0,0,0,16,16,16,-546,1.8125
"Nolden, Dakota ",October_2022,G0009,None,55,55,0,0,0,0,0,0,0,0,0,1,1,1,55,0
"Nolden, Dakota ",October_2022,G0439,None,944,944,0,1394.15,1.47685381,1394.15,0,1437.85,0,0,0,4,4,4,-1888,3
"Nolden, Dakota ",October_2022,G0444,None,148,148,0,117.67,0.79506757,117.67,0,178.33,0,0,0,4,4,4,-148,2
"Nolden, Dakota ",October_2022,G8399,None,0,0,0,0,,0,0,0,0,0,0,9,9,9,0,
"Nolden, Dakota ",October_2022,G8400,None,0,0,0,0,,0,0,0,0,0,0,5,6,6,0,
"Nolden, Dakota ",October_2022,G8417,None,0,0,0,0,,0,0,0,0,0,0,97,102,102,0,
"Nolden, Dakota ",October_2022,G8418,None,0,0,0,0,,0,0,0,0,0,0,4,4,4,0,
"Nolden, Dakota ",October_2022,G8419,None,0,0,0,0,,0,0,0,0,0,0,0,0,0,0,
"Nolden, Dakota ",October_2022,G8420,None,0,0,0,0,,0,0,0,0,0,0,81,81,81,0,
"Nolden, Dakota ",October_2022,G8421,None,0,0,0,0,,0,0,0,0,0,0,1,1,1,0,
"Nolden, Dakota ",October_2022,G8427,None,0,0,0,0,,0,0,0,0,0,0,185,191,192,0,
"Nolden, Dakota ",October_2022,G8431,None,0,0,0,0,,0,0,0,0,0,0,12,12,12,0,
"Nolden, Dakota ",October_2022,G8432,None,0,0,0,0,,0,0,0,0,0,0,2,2,2,0,
"Nolden, Dakota ",October_2022,G8482,None,0,0,0,0,,0,0,0,0,0,0,99,101,102,0,
"Nolden, Dakota ",October_2022,G8483,None,0,0,0,0,,0,0,0,0,0,0,60,61,61,0,
"Nolden, Dakota ",October_2022,G8484,None,0,0,0,0,,0,0,0,0,0,0,1,1,1,0,
"Nolden, Dakota ",October_2022,G8510,None,0,0,0,0,,0,0,0,0,0,0,149,155,155,0,
"Nolden, Dakota ",October_2022,G8535,None,0,0,0,0,,0,0,0,0,0,0,0,0,0,0,
"Nolden, Dakota ",October_2022,G8734,None,0,0,0,0,,0,0,0,0,0,0,25,27,27,0,
"Nolden, Dakota ",October_2022,G8752,None,0,0,0,0,,0,0,0,0,0,0,40,42,42,0,
"Nolden, Dakota ",October_2022,G8753,None,0,0,0,0,,0,0,0,0,0,0,11,11,11,0,
"Nolden, Dakota ",October_2022,G8754,None,0,0,0,0,,0,0,0,0,0,0,42,44,44,0,
"Nolden, Dakota ",October_2022,G8755,None,0,0,0,0,,0,0,0,0,0,0,9,9,9,0,
"Nolden, Dakota ",October_2022,G8756,None,0,0,0,0,,0,0,0,0,0,0,3,3,3,0,
"Nolden, Dakota ",October_2022,G8783,None,0,0,0,0,,0,0,0,0,0,0,137,142,142,0,
"Nolden, Dakota ",October_2022,G8785,None,0,0,0,0,,0,0,0,0,0,0,1,1,1,0,
"Nolden, Dakota ",October_2022,G8950,None,0,0,0,0,,0,0,0,0,0,0,3,3,3,0,
"Nolden, Dakota ",October_2022,G8967,None,0,0,0,0,,0,0,0,0,0,0,1,1,1,0,
"Nolden, Dakota ",October_2022,G9708,None,0,0,0,0,,0,0,0,0,0,0,0,0,0,0,
"Nolden, Dakota ",October_2022,G9711,None,0,0,0,0,,0,0,0,0,0,0,0,0,0,0,
"Nolden, Dakota ",October_2022,G9717,None,0,0,0,0,,0,0,0,0,0,0,24,24,24,0,
"Nolden, Dakota ",October_2022,G9744,None,0,0,0,0,,0,0,0,0,0,0,41,42,42,0,
"Nolden, Dakota ",October_2022,G9745,None,0,0,0,0,,0,0,0,0,0,0,0,0,0,0,
"Nolden, Dakota ",October_2022,G9899,None,0,0,0,0,,0,0,0,0,0,0,13,14,14,0,
"Nolden, Dakota ",October_2022,G9900,None,0,0,0,0,,0,0,0,0,0,0,26,27,27,0,
"Nolden, Dakota ",October_2022,G9902,None,0,0,0,0,,0,0,0,0,0,0,18,19,19,0,
"Nolden, Dakota ",October_2022,G9903,None,0,0,0,0,,0,0,0,0,0,0,164,169,169,0,
"Nolden, Dakota ",October_2022,G9905,None,0,0,0,0,,0,0,0,0,0,0,2,2,2,0,
"Nolden, Dakota ",October_2022,G9906,None,0,0,0,0,,0,0,0,0,0,0,14,14,14,0,
"Nolden, Dakota ",October_2022,G9908,None,0,0,0,0,,0,0,0,0,0,0,2,2,2,0,
"Nolden, Dakota ",October_2022,G9989,None,0,0,0,0,,0,0,0,0,0,0,7,7,7,0,
"Nolden, Dakota ",October_2022,G9990,None,0,0,0,0,,0,0,0,0,0,0,0,0,0,0,
"Nolden, Dakota ",October_2022,G9991,None,0,0,0,0,,0,0,0,0,0,0,26,28,28,0,
"Nolden, Dakota ",October_2022,INTBL,None,0,0,0,0.09,,0.09,0,0,0,0,0,0,0,0,-0.09,
"Nolden, Dakota ",October_2022,J3301,None,0,0,0,2.54,,2.54,0,5.24,0,0,0,0,0,0,-7.78,
"Nolden, Dakota ",October_2022,J7620,None,12,12,0,0.24,0.02,0.24,0,11.89,0,0,0,1,1,1,-0.13,1.01083333
"Nolden, Dakota ",November_2022,1036F,None,0,0,0,0,,0,0,0,0,0,0,0,0,0,0,
"Nolden, Dakota ",November_2022,1100F,None,0,0,0,0,,0,0,0,0,0,0,0,0,0,0,
"Nolden, Dakota ",November_2022,1101F,None,0,0,0,0,,0,0,0,0,0,0,0,0,0,0,
"Nolden, Dakota ",November_2022,1123F,None,0,0,0,0,,0,0,0,0,0,0,0,0,0,0,
"Nolden, Dakota ",November_2022,1124F,None,0,0,0,0,,0,0,0,0,0,0,0,0,0,0,
"Nolden, Dakota ",November_2022,1125F,None,0,0,0,0,,0,0,0,0,0,0,0,0,0,0,
"Nolden, Dakota ",November_2022,1126F,None,0,0,0,0,,0,0,0,0,0,0,0,0,0,0,
"Nolden, Dakota ",November_2022,1158F,None,0,0,0,0,,0,0,0,0,0,0,0,0,0,0,
"Nolden, Dakota ",November_2022,1160F,None,0,0,0,0,,0,0,0,0,0,0,0,0,0,0,
"Nolden, Dakota ",November_2022,1170F,None,0,0,0,0,,0,0,0,0,0,0,0,0,0,0,
"Nolden, Dakota ",November_2022,2022F,None,0,0,0,0,,0,0,0,0,0,0,0,0,0,0,
"Nolden, Dakota ",November_2022,2023F,None,0,0,0,0,,0,0,0,0,0,0,0,0,0,0,
"Nolden, Dakota ",November_2022,2024F,None,0,0,0,0,,0,0,0,0,0,0,0,0,0,0,
"Nolden, Dakota ",November_2022,2026F,None,0,0,0,0,,0,0,0,0,0,0,0,0,0,0,
"Nolden, Dakota ",November_2022,20610,None,0,0,0,0,,0,0,0,0,0,0,0,0,0,0,
"Nolden, Dakota ",November_2022,3017F,None,0,0,0,0,,0,0,0,0,0,0,0,0,0,0,
"Nolden, Dakota ",November_2022,3044F,None,0,0,0,0,,0,0,0,0,0,0,0,0,0,0,
"Nolden, Dakota ",November_2022,3046F,None,0,0,0,0,,0,0,0,0,0,0,0,0,0,0,
"Nolden, Dakota ",November_2022,3051F,None,0,0,0,0,,0,0,0,0,0,0,0,0,0,0,
"Nolden, Dakota ",November_2022,3052F,None,0,0,0,0,,0,0,0,0,0,0,0,0,0,0,
"Nolden, Dakota ",November_2022,3072F,None,0,0,0,0,,0,0,0,0,0,0,0,0,0,0,
"Nolden, Dakota ",November_2022,3284F,None,0,0,0,0,,0,0,0,0,0,0,0,0,0,0,
"Nolden, Dakota ",November_2022,3288F,None,0,0,0,0,,0,0,0,0,0,0,0,0,0,0,
"Nolden, Dakota ",November_2022,4004F,None,0,0,0,0,,0,0,0,0,0,0,0,0,0,0,
"Nolden, Dakota ",November_2022,4040F,None,0,0,0,0,,0,0,0,0,0,0,0,0,0,0,
"Nolden, Dakota ",November_2022,69210,None,0,0,0,45.43,,0,45.43,165.02,0,0,0,0,0,0,-210.45,
"Nolden, Dakota ",November_2022,81003,None,0,0,0,1.6,,-0.54,2.14,22.88,0,0,0,0,0,0,-24.48,
"Nolden, Dakota ",November_2022,81025,None,0,0,0,5.17,,0,5.17,0,0,0,0,0,0,0,-5.17,
"Nolden, Dakota ",November_2022,87426,None,0,0,0,183.01,,183.01,0,341.99,0,0,0,0,0,0,-525,
"Nolden, Dakota ",November_2022,87804,None,0,0,0,172.44,,149.12,23.32,111.02,0,0,0,0,0,0,-283.46,
"Nolden, Dakota ",November_2022,87880,None,0,0,0,26.63,,19.65,6.98,44.35,0,0,0,0,0,0,-70.98,
"Nolden, Dakota ",November_2022,90471,None,0,0,0,394.66,,394.66,0,683.24,0,0,0,0,0,0,-1077.9,
"Nolden, Dakota ",November_2022,90472,None,0,0,0,12.71,,12.71,0,13.29,0,0,0,0,0,0,-26,
"Nolden, Dakota ",November_2022,90662,None,0,0,0,755.48,,755.48,0,69.52,0,0,0,0,0,0,-825,
"Nolden, Dakota ",November_2022,90670,None,0,0,0,511.91,,511.91,0,408.09,0,0,0,0,0,0,-920,
"Nolden, Dakota ",November_2022,90688,None,0,0,0,419.65,,419.65,0,240.35,0,0,0,0,0,0,-660,
"Nolden, Dakota ",November_2022,90715,None,0,0,0,106.17,,106.17,0,78.81,0,0,0,0,0,0,-184.98,
"Nolden, Dakota ",November_2022,90732,None,0,0,0,24.17,,24.17,0,-24.17,0,0,0,0,0,0,0,
"Nolden, Dakota ",November_2022,93000,None,0,0,0,30.12,,0,30.12,0,0,0,0,0,0,0,-30.12,
"Nolden, Dakota ",November_2022,94010,None,0,0,0,33.41,,0,33.41,0,0,0,0,0,0,0,-33.41,
"Nolden, Dakota ",November_2022,94640,None,0,0,0,15.03,,0,15.03,0,0,0,0,0,0,0,-15.03,
"Nolden, Dakota ",November_2022,95004,None,0,0,0,831.34,,230.98,600.36,503.28,0,0,0,0,0,0,-1334.62,
"Nolden, Dakota ",November_2022,96160,None,0,0,0,1626.45,,1626.45,0,550,0,0,0,0,0,0,-2176.45,
"Nolden, Dakota ",November_2022,96372,None,0,0,0,1.33,,0,1.33,0,0,0,0,0,0,0,-1.33,
"Nolden, Dakota ",November_2022,97597,None,0,0,0,30,,0,30,0,0,0,0,0,0,0,-30,
"Nolden, Dakota ",November_2022,99072,None,0,0,0,0,,0,0,75,0,0,0,0,0,0,-75,
"Nolden, Dakota ",November_2022,99203,None,0,0,0,340.3,,264.93,75.37,250.34,0,20,0,0,0,0,-610.64,
"Nolden, Dakota ",November_2022,99204,None,0,0,0,483.82,,458.82,25,506.18,0,0,0,0,0,0,-990,
"Nolden, Dakota ",November_2022,99205,None,0,0,0,37.85,,37.85,0,0,0,0,0,0,0,0,-37.85,
"Nolden, Dakota ",November_2022,99213,None,0,0,0,1550.94,,1044.48,506.46,1382.88,0,0,0,0,0,0,-2933.82,
"Nolden, Dakota ",November_2022,99214,None,0,0,0,5718.82,,3559.73,2159.09,6908.51,0,0,0,0,0,0,-12627.33,
"Nolden, Dakota ",November_2022,99215,None,0,0,0,183.09,,152.16,30.93,139.84,0,0,0,0,0,0,-322.93,
"Nolden, Dakota ",November_2022,99385,None,0,0,0,332.06,,332.06,0,390.94,0,0,0,0,0,0,-723,
"Nolden, Dakota ",November_2022,99386,None,0,0,0,556.99,,556.99,0,531.01,0,0,0,0,0,0,-1088,
"Nolden, Dakota ",November_2022,99395,None,0,0,0,600.84,,600.84,0,635.16,0,0,0,0,0,0,-1236,
"Nolden, Dakota ",November_2022,99396,None,0,0,0,360.78,,360.78,0,317.22,0,0,0,0,0,0,-678,
"Nolden, Dakota ",November_2022,99397,None,0,0,0,129.28,,129.28,0,126.72,0,0,0,0,0,0,-256,
"Nolden, Dakota ",November_2022,99439,None,400,400,0,206.91,0.517275,206.91,0,210.31,0,0,0,4,4,5,-17.22,1.04305
"Nolden, Dakota ",November_2022,99454,None,0,0,0,292.55,,292.55,0,42.81,0,0,0,0,0,0,-335.36,
"Nolden, Dakota ",November_2022,99457,None,0,0,0,263.47,,263.47,0,24.37,0,0,0,0,0,0,-287.84,
"Nolden, Dakota ",November_2022,99458,None,0,0,0,20.71,,20.71,0,0,0,0,0,0,0,0,-20.71,
"Nolden, Dakota ",November_2022,99490,None,1105,1105,0,1351.52,1.22309502,1340.7,10.82,577.88,0,0,0,13,13,13,-824.4,1.74606335
"Nolden, Dakota ",November_2022,99496,None,0,0,0,234.3,,234.3,0,232.7,0,0,0,0,0,0,-467,
"Nolden, Dakota ",November_2022,99497,None,0,0,0,14.44,,13,1.44,0,0,0,0,0,0,0,-14.44,
"Nolden, Dakota ",November_2022,G0008,None,0,0,0,271.45,,271.45,0,190.55,0,0,0,0,0,0,-462,
"Nolden, Dakota ",November_2022,G0009,None,0,0,0,29.34,,29.34,0,25.66,0,0,0,0,0,0,-55,
"Nolden, Dakota ",November_2022,G0438,None,0,0,0,165.23,,165.23,0,180.77,0,0,0,0,0,0,-346,
"Nolden, Dakota ",November_2022,G0439,None,0,0,0,124.99,,124.99,0,111.01,0,0,0,0,0,0,-236,
"Nolden, Dakota ",November_2022,G0444,None,0,0,0,17.62,,17.62,0,56.38,0,0,0,0,0,0,-74,
"Nolden, Dakota ",November_2022,G8399,None,0,0,0,0,,0,0,0,0,0,0,0,0,0,0,
"Nolden, Dakota ",November_2022,G8400,None,0,0,0,0,,0,0,0,0,0,0,0,0,0,0,
"Nolden, Dakota ",November_2022,G8417,None,0,0,0,0,,0,0,0,0,0,0,0,0,0,0,
"Nolden, Dakota ",November_2022,G8418,None,0,0,0,0,,0,0,0,0,0,0,0,0,0,0,
"Nolden, Dakota ",November_2022,G8420,None,0,0,0,0,,0,0,0,0,0,0,0,0,0,0,
"Nolden, Dakota ",November_2022,G8427,None,0,0,0,0,,0,0,0,0,0,0,0,0,0,0,
"Nolden, Dakota ",November_2022,G8431,None,0,0,0,0,,0,0,0,0,0,0,0,0,0,0,
"Nolden, Dakota ",November_2022,G8432,None,0,0,0,0,,0,0,0,0,0,0,0,0,0,0,
"Nolden, Dakota ",November_2022,G8482,None,0,0,0,0,,0,0,0,0,0,0,0,0,0,0,
"Nolden, Dakota ",November_2022,G8483,None,0,0,0,0,,0,0,0,0,0,0,0,0,0,0,
"Nolden, Dakota ",November_2022,G8510,None,0,0,0,0,,0,0,0,0,0,0,0,0,0,0,
"Nolden, Dakota ",November_2022,G8734,None,0,0,0,0,,0,0,0,0,0,0,0,0,0,0,
"Nolden, Dakota ",November_2022,G8752,None,0,0,0,0,,0,0,0,0,0,0,0,0,0,0,
"Nolden, Dakota ",November_2022,G8753,None,0,0,0,0,,0,0,0,0,0,0,0,0,0,0,
"Nolden, Dakota ",November_2022,G8754,None,0,0,0,0,,0,0,0,0,0,0,0,0,0,0,
"Nolden, Dakota ",November_2022,G8755,None,0,0,0,0,,0,0,0,0,0,0,0,0,0,0,
"Nolden, Dakota ",November_2022,G8756,None,0,0,0,0,,0,0,0,0,0,0,0,0,0,0,
"Nolden, Dakota ",November_2022,G8783,None,0,0,0,0,,0,0,0,0,0,0,0,0,0,0,
"Nolden, Dakota ",November_2022,G8950,None,0,0,0,0,,0,0,0,0,0,0,0,0,0,0,
"Nolden, Dakota ",November_2022,G8967,None,0,0,0,0,,0,0,0,0,0,0,0,0,0,0,
"Nolden, Dakota ",November_2022,G9717,None,0,0,0,0,,0,0,0,0,0,0,0,0,0,0,
"Nolden, Dakota ",November_2022,G9744,None,0,0,0,0,,0,0,0,0,0,0,0,0,0,0,
"Nolden, Dakota ",November_2022,G9899,None,0,0,0,0,,0,0,0,0,0,0,0,0,0,0,
"Nolden, Dakota ",November_2022,G9900,None,0,0,0,0,,0,0,0,0,0,0,0,0,0,0,
"Nolden, Dakota ",November_2022,G9902,None,0,0,0,0,,0,0,0,0,0,0,0,0,0,0,
"Nolden, Dakota ",November_2022,G9903,None,0,0,0,0,,0,0,0,0,0,0,0,0,0,0,
"Nolden, Dakota ",November_2022,G9905,None,0,0,0,0,,0,0,0,0,0,0,0,0,0,0,
"Nolden, Dakota ",November_2022,G9906,None,0,0,0,0,,0,0,0,0,0,0,0,0,0,0,
"Nolden, Dakota ",November_2022,G9989,None,0,0,0,0,,0,0,0,0,0,0,0,0,0,0,
"Nolden, Dakota ",November_2022,G9990,None,0,0,0,0,,0,0,0,0,0,0,0,0,0,0,
"Nolden, Dakota ",November_2022,G9991,None,0,0,0,65.26,,65.26,0,9.74,0,0,0,0,0,0,-75,
"Nolden, Dakota ",November_2022,INTBL,None,0,0,0,0.04,,0.04,0,0,0,0,0,0,0,0,-0.04,
"Nolden, Dakota ",November_2022,J3301,None,0,0,0,1.31,,0.28,1.03,-0.28,0,0,0,0,0,0,-1.03,
"Nolden, Dakota ",November_2022,J7620,None,0,0,0,0.13,,0,0.13,0,0,0,0,0,0,0,-0.13,
"Nolden, Dakota ",December_2022,1036F,None,0,0,0,0,,0,0,0,0,0,0,0,0,0,0,
"Nolden, Dakota ",December_2022,1090F,None,0,0,0,0,,0,0,0,0,0,0,0,0,0,0,
"Nolden, Dakota ",December_2022,1101F,None,0,0,0,0,,0,0,0,0,0,0,0,0,0,0,
"Nolden, Dakota ",December_2022,1123F,None,0,0,0,0,,0,0,0,0,0,0,0,0,0,0,
"Nolden, Dakota ",December_2022,1124F,None,0,0,0,0,,0,0,0,0,0,0,0,0,0,0,
"Nolden, Dakota ",December_2022,1125F,None,0,0,0,0,,0,0,0,0,0,0,0,0,0,0,
"Nolden, Dakota ",December_2022,1158F,None,0,0,0,0,,0,0,0,0,0,0,0,0,0,0,
"Nolden, Dakota ",December_2022,1160F,None,0,0,0,0,,0,0,0,0,0,0,0,0,0,0,
"Nolden, Dakota ",December_2022,1170F,None,0,0,0,0,,0,0,0,0,0,0,0,0,0,0,
"Nolden, Dakota ",December_2022,2022F,None,0,0,0,0,,0,0,0,0,0,0,0,0,0,0,
"Nolden, Dakota ",December_2022,20610,None,0,0,0,0,,0,0,0,0,0,0,0,0,0,0,
"Nolden, Dakota ",December_2022,3017F,None,0,0,0,0,,0,0,0,0,0,0,0,0,0,0,
"Nolden, Dakota ",December_2022,3046F,None,0,0,0,0,,0,0,0,0,0,0,0,0,0,0,
"Nolden, Dakota ",December_2022,3051F,None,0,0,0,0,,0,0,0,0,0,0,0,0,0,0,
"Nolden, Dakota ",December_2022,4004F,None,0,0,0,0,,0,0,0,0,0,0,0,0,0,0,
"Nolden, Dakota ",December_2022,4040F,None,0,0,0,0,,0,0,0,0,0,0,0,0,0,0,
"Nolden, Dakota ",December_2022,81003,None,0,0,0,3.32,,0,3.32,0,0,0,0,0,0,0,-3.32,
"Nolden, Dakota ",December_2022,82962,None,0,0,0,1.97,,0,1.97,0,0,0,0,0,0,0,-1.97,
"Nolden, Dakota ",December_2022,87426,None,0,0,0,0,,0,0,0,0,0,0,0,0,0,0,
"Nolden, Dakota ",December_2022,87804,None,0,0,0,19.86,,0,19.86,0,0,0,0,0,0,0,-19.86,
"Nolden, Dakota ",December_2022,90471,None,0,0,0,12.42,,12.42,0,71.58,0,0,0,0,0,0,-84,
"Nolden, Dakota ",December_2022,90688,None,0,0,0,19.7,,19.7,0,10.3,0,0,0,0,0,0,-30,
"Nolden, Dakota ",December_2022,90715,None,0,0,0,-6.8,,-6.8,0,66.8,0,0,0,0,0,0,-60,
"Nolden, Dakota ",December_2022,93000,None,0,0,0,1.6,,0,1.6,0,0,0,0,0,0,0,-1.6,
"Nolden, Dakota ",December_2022,94010,None,0,0,0,35.46,,0,35.46,0,0,0,0,0,0,0,-35.46,
"Nolden, Dakota ",December_2022,95004,None,0,0,0,85,,0,85,0,0,0,0,0,0,0,-85,
"Nolden, Dakota ",December_2022,96160,None,0,0,0,147.66,,147.66,0,50,0,0,0,0,0,0,-197.66,
"Nolden, Dakota ",December_2022,99203,None,0,0,0,16.03,,-8.97,25,0,0,0,0,0,0,0,-16.03,
"Nolden, Dakota ",December_2022,99204,None,0,0,0,0,,0,0,0,0,0,0,0,0,0,0,
"Nolden, Dakota ",December_2022,99213,None,0,0,0,308.92,,62.24,246.68,0,0,0,0,0,0,0,-308.92,
"Nolden, Dakota ",December_2022,99214,None,0,0,0,1284.56,,266.59,1017.97,844.75,0,0,0,0,0,0,-2129.31,
"Nolden, Dakota ",December_2022,99215,None,0,0,0,25,,0,25,0,0,0,0,0,0,0,-25,
"Nolden, Dakota ",December_2022,99395,None,0,0,0,84.2,,84.2,0,121.8,0,0,0,0,0,0,-206,
"Nolden, Dakota ",December_2022,99439,None,80,80,0,62.59,0.782375,54.4,8.19,32.95,0,0,0,1,1,1,-15.54,1.19425
"Nolden, Dakota ",December_2022,99454,None,0,0,0,0,,0,0,0,0,0,0,0,0,0,0,
"Nolden, Dakota ",December_2022,99457,None,0,0,0,0,,0,0,0,0,0,0,0,0,0,0,
"Nolden, Dakota ",December_2022,99490,None,1955,1955,0,1085.7,0.55534527,1074.88,10.82,471.76,0,0,0,23,23,23,397.54,0.79665473
"Nolden, Dakota ",December_2022,G0439,None,0,0,0,0,,0,0,0,0,0,0,0,0,0,0,
"Nolden, Dakota ",December_2022,G0444,None,0,0,0,0,,0,0,0,0,0,0,0,0,0,0,
"Nolden, Dakota ",December_2022,G8400,None,0,0,0,0,,0,0,0,0,0,0,0,0,0,0,
"Nolden, Dakota ",December_2022,G8417,None,0,0,0,0,,0,0,0,0,0,0,0,0,0,0,
"Nolden, Dakota ",December_2022,G8418,None,0,0,0,0,,0,0,0,0,0,0,0,0,0,0,
"Nolden, Dakota ",December_2022,G8420,None,0,0,0,0,,0,0,0,0,0,0,0,0,0,0,
"Nolden, Dakota ",December_2022,G8427,None,0,0,0,0,,0,0,0,0,0,0,0,0,0,0,
"Nolden, Dakota ",December_2022,G8431,None,0,0,0,0,,0,0,0,0,0,0,0,0,0,0,
"Nolden, Dakota ",December_2022,G8482,None,0,0,0,0,,0,0,0,0,0,0,0,0,0,0,
"Nolden, Dakota ",December_2022,G8483,None,0,0,0,0,,0,0,0,0,0,0,0,0,0,0,
"Nolden, Dakota ",December_2022,G8510,None,0,0,0,0,,0,0,0,0,0,0,0,0,0,0,
"Nolden, Dakota ",December_2022,G8734,None,0,0,0,0,,0,0,0,0,0,0,0,0,0,0,
"Nolden, Dakota ",December_2022,G8752,None,0,0,0,0,,0,0,0,0,0,0,0,0,0,0,
"Nolden, Dakota ",December_2022,G8754,None,0,0,0,0,,0,0,0,0,0,0,0,0,0,0,
"Nolden, Dakota ",December_2022,G8783,None,0,0,0,0,,0,0,0,0,0,0,0,0,0,0,
"Nolden, Dakota ",December_2022,G8952,None,0,0,0,0,,0,0,0,0,0,0,0,0,0,0,
"Nolden, Dakota ",December_2022,G9717,None,0,0,0,0,,0,0,0,0,0,0,0,0,0,0,
"Nolden, Dakota ",December_2022,G9744,None,0,0,0,0,,0,0,0,0,0,0,0,0,0,0,
"Nolden, Dakota ",December_2022,G9900,None,0,0,0,0,,0,0,0,0,0,0,0,0,0,0,
"Nolden, Dakota ",December_2022,G9902,None,0,0,0,0,,0,0,0,0,0,0,0,0,0,0,
"Nolden, Dakota ",December_2022,G9903,None,0,0,0,0,,0,0,0,0,0,0,0,0,0,0,
"Nolden, Dakota ",December_2022,G9906,None,0,0,0,0,,0,0,0,0,0,0,0,0,0,0,
"Nolden, Dakota ",December_2022,G9991,None,0,0,0,0,,0,0,0,0,0,0,0,0,0,0,
"Nolden, Dakota ",December_2022,J3301,None,0,0,0,0.28,,0.28,0,-0.28,0,0,0,0,0,0,0,
"Nutting, Marianna ",March_2022,99214,None,0,0,0,20,,0,20,0,0,0,0,0,0,0,-20,
"Nutting, Marianna ",June_2022,99213,None,0,0,0,90.39,,0,90.39,0,0,0,0,0,0,0,-90.39,
"Nutting, Marianna ",December_2022,99214,None,0,0,0,25,,0,25,0,0,0,0,0,0,0,-25,
"Peele, Jennifer ",April_2022,99214,None,0,0,0,30,,0,30,0,0,0,0,0,0,0,-30,
"Peele, Jennifer ",June_2022,99214,None,0,0,0,41.53,,0,41.53,0,0,0,0,0,0,0,-41.53,
"Peele, Jennifer ",July_2022,99213,None,0,0,0,50,,0,50,0,0,0,0,0,0,0,-50,
"Peele, Jennifer ",August_2022,99214,None,0,0,0,20,,0,20,0,0,0,0,0,0,0,-20,
"Peele, Jennifer ",September_2022,99214,None,0,0,0,40,,0,40,0,0,0,0,0,0,0,-40,
"Peele, Jennifer ",October_2022,1036F,None,0,0,0,0,,0,0,0,0,0,0,81,87,87,0,
"Peele, Jennifer ",October_2022,1101F,None,0,0,0,0,,0,0,0,0,0,0,1,1,1,0,
"Peele, Jennifer ",October_2022,1123F,None,0,0,0,0,,0,0,0,0,0,0,1,1,1,0,
"Peele, Jennifer ",October_2022,1124F,None,0,0,0,0,,0,0,0,0,0,0,1,1,1,0,
"Peele, Jennifer ",October_2022,2022F,None,0,0,0,0,,0,0,0,0,0,0,1,1,1,0,
"Peele, Jennifer ",October_2022,2024F,None,0,0,0,0,,0,0,0,0,0,0,1,1,1,0,
"Peele, Jennifer ",October_2022,20552,None,112,112,0,0,0,0,0,0,0,0,0,1,1,1,112,0
"Peele, Jennifer ",October_2022,3017F,None,0,0,0,0,,0,0,0,0,0,0,17,18,18,0,
"Peele, Jennifer ",October_2022,3044F,None,0,0,0,0,,0,0,0,0,0,0,3,3,3,0,
"Peele, Jennifer ",October_2022,3046F,None,0,0,0,0,,0,0,0,0,0,0,2,2,2,0,
"Peele, Jennifer ",October_2022,3051F,None,0,0,0,0,,0,0,0,0,0,0,1,1,1,0,
"Peele, Jennifer ",October_2022,3072F,None,0,0,0,0,,0,0,0,0,0,0,2,2,2,0,
"Peele, Jennifer ",October_2022,4040F,None,0,0,0,0,,0,0,0,0,0,0,1,1,1,0,
"Peele, Jennifer ",October_2022,81003,None,72,72,0,0,0,0,0,0,0,0,0,6,6,6,72,0
"Peele, Jennifer ",October_2022,87426,None,525,525,0,90.46,0.17230476,90.46,0,59.54,0,0,0,7,7,7,375,0.28571429
"Peele, Jennifer ",October_2022,87804,None,200,200,0,0,0,0,0,0,0,0,0,5,5,10,200,0
"Peele, Jennifer ",October_2022,87880,None,96,96,0,14.05,0.14635417,14.05,0,17.95,0,0,0,3,3,3,64,0.33333333
"Peele, Jennifer ",October_2022,90471,None,924,924,0,85,0.09199134,85,0,167,0,0,0,22,22,22,672,0.27272727
"Peele, Jennifer ",October_2022,90472,None,104,104,0,10.94,0.10519231,10.94,0,15.06,0,0,0,4,4,4,78,0.25
"Peele, Jennifer ",October_2022,90662,None,75,75,0,0,0,0,0,0,0,0,0,1,1,1,75,0
"Peele, Jennifer ",October_2022,90688,None,600,600,0,118.71,0.19785,118.71,0,61.29,0,0,0,20,20,20,420,0.3
"Peele, Jennifer ",October_2022,90715,None,60,60,0,0,0,0,0,0,0,0,0,1,1,1,60,0
"Peele, Jennifer ",October_2022,90716,None,260,260,0,0,0,0,0,0,0,0,0,1,1,1,260,0
"Peele, Jennifer ",October_2022,90732,None,640,640,0,131.13,0.20489062,131.13,0,28.87,0,0,0,4,4,4,480,0.25
"Peele, Jennifer ",October_2022,93000,None,70,70,0,18.86,0.26942857,18.86,0,16.14,0,0,0,2,2,2,35,0.5
"Peele, Jennifer ",October_2022,94010,None,73,73,0,0,0,0,0,0,0,0,0,1,1,1,73,0
"Peele, Jennifer ",October_2022,95800,None,357,357,0,49.66,0.13910364,0,49.66,0,0,0,0,1,1,1,307.34,0.13910364
"Peele, Jennifer ",October_2022,99202,None,453,453,0,175.22,0.38679912,150.22,25,151.78,0,0,0,3,3,3,126,0.7218543
"Peele, Jennifer ",October_2022,99203,None,2604,2604,0,156.53,0.06011137,106.53,50,110.47,0,0,0,12,12,12,2337,0.10253456
"Peele, Jennifer ",October_2022,99204,None,660,660,0,144.45,0.21886364,114.45,30,185.55,0,0,0,2,2,2,330,0.5
"Peele, Jennifer ",October_2022,99213,None,2058,2058,0,110.34,0.05361516,0,110.34,0,0,0,0,14,14,14,1947.66,0.05361516
"Peele, Jennifer ",October_2022,99214,None,8000,8000,0,1031.73,0.12896625,264.18,767.55,412.09,0,0,0,32,32,32,6556.18,0.1804775
"Peele, Jennifer ",October_2022,99385,None,5061,5061,0,1137.43,0.22474412,1007.43,130,920.57,0,0,0,21,21,21,3003,0.406639
"Peele, Jennifer ",October_2022,99386,None,4624,4624,0,644.73,0.13943123,549.73,95,538.27,0,0,0,17,17,17,3441,0.2558391
"Peele, Jennifer ",October_2022,99387,None,302,302,0,0,0,0,0,0,0,0,0,1,1,1,302,0
"Peele, Jennifer ",October_2022,99395,None,412,412,0,0,0,0,0,0,0,0,0,2,2,2,412,0
"Peele, Jennifer ",October_2022,99396,None,904,904,0,133.62,0.14780973,108.62,25,117.38,0,0,0,4,4,4,653,0.27765487
"Peele, Jennifer ",October_2022,99406,None,30,30,0,13.35,0.445,13.35,0,16.65,0,0,0,1,1,1,0,1
"Peele, Jennifer ",October_2022,99496,None,467,467,0,0,0,0,0,0,0,0,0,1,1,1,467,0
"Peele, Jennifer ",October_2022,COLF,None,36.3,36.3,0,0,0,0,0,0,0,0,0,1,1,1,36.3,0
"Peele, Jennifer ",October_2022,G0008,None,42,42,0,0,0,0,0,0,0,0,0,1,1,1,42,0
"Peele, Jennifer ",October_2022,G0030,None,0,0,0,0,,0,0,0,0,0,0,5,5,5,0,
"Peele, Jennifer ",October_2022,G8399,None,0,0,0,0,,0,0,0,0,0,0,3,3,3,0,
"Peele, Jennifer ",October_2022,G8417,None,0,0,0,0,,0,0,0,0,0,0,45,52,52,0,
"Peele, Jennifer ",October_2022,G8418,None,0,0,0,0,,0,0,0,0,0,0,3,3,3,0,
"Peele, Jennifer ",October_2022,G8419,None,0,0,0,0,,0,0,0,0,0,0,2,2,2,0,
"Peele, Jennifer ",October_2022,G8420,None,0,0,0,0,,0,0,0,0,0,0,41,42,42,0,
"Peele, Jennifer ",October_2022,G8427,None,0,0,0,0,,0,0,0,0,0,0,95,104,104,0,
"Peele, Jennifer ",October_2022,G8430,None,0,0,0,0,,0,0,0,0,0,0,1,2,2,0,
"Peele, Jennifer ",October_2022,G8431,None,0,0,0,0,,0,0,0,0,0,0,14,16,16,0,
"Peele, Jennifer ",October_2022,G8432,None,0,0,0,0,,0,0,0,0,0,0,1,1,1,0,
"Peele, Jennifer ",October_2022,G8482,None,0,0,0,0,,0,0,0,0,0,0,41,43,43,0,
"Peele, Jennifer ",October_2022,G8483,None,0,0,0,0,,0,0,0,0,0,0,49,54,54,0,
"Peele, Jennifer ",October_2022,G8484,None,0,0,0,0,,0,0,0,0,0,0,1,1,1,0,
"Peele, Jennifer ",October_2022,G8510,None,0,0,0,0,,0,0,0,0,0,0,77,85,85,0,
"Peele, Jennifer ",October_2022,G8511,None,0,0,0,0,,0,0,0,0,0,0,3,3,3,0,
"Peele, Jennifer ",October_2022,G8535,None,0,0,0,0,,0,0,0,0,0,0,1,1,1,0,
"Peele, Jennifer ",October_2022,G8536,None,0,0,0,0,,0,0,0,0,0,0,1,1,1,0,
"Peele, Jennifer ",October_2022,G8734,None,0,0,0,0,,0,0,0,0,0,0,1,1,1,0,
"Peele, Jennifer ",October_2022,G8752,None,0,0,0,0,,0,0,0,0,0,0,18,21,21,0,
"Peele, Jennifer ",October_2022,G8753,None,0,0,0,0,,0,0,0,0,0,0,8,8,8,0,
"Peele, Jennifer ",October_2022,G8754,None,0,0,0,0,,0,0,0,0,0,0,21,23,23,0,
"Peele, Jennifer ",October_2022,G8755,None,0,0,0,0,,0,0,0,0,0,0,5,6,6,0,
"Peele, Jennifer ",October_2022,G8756,None,0,0,0,0,,0,0,0,0,0,0,1,1,1,0,
"Peele, Jennifer ",October_2022,G8783,None,0,0,0,0,,0,0,0,0,0,0,75,78,78,0,
"Peele, Jennifer ",October_2022,G8785,None,0,0,0,0,,0,0,0,0,0,0,1,1,1,0,
"Peele, Jennifer ",October_2022,G8950,None,0,0,0,0,,0,0,0,0,0,0,12,15,15,0,
"Peele, Jennifer ",October_2022,G8952,None,0,0,0,0,,0,0,0,0,0,0,1,1,1,0,
"Peele, Jennifer ",October_2022,G9711,None,0,0,0,0,,0,0,0,0,0,0,4,4,4,0,
"Peele, Jennifer ",October_2022,G9716,None,0,0,0,0,,0,0,0,0,0,0,3,3,3,0,
"Peele, Jennifer ",October_2022,G9717,None,0,0,0,0,,0,0,0,0,0,0,2,2,2,0,
"Peele, Jennifer ",October_2022,G9744,None,0,0,0,0,,0,0,0,0,0,0,3,3,3,0,
"Peele, Jennifer ",October_2022,G9745,None,0,0,0,0,,0,0,0,0,0,0,1,1,1,0,
"Peele, Jennifer ",October_2022,G9899,None,0,0,0,0,,0,0,0,0,0,0,2,2,2,0,
"Peele, Jennifer ",October_2022,G9900,None,0,0,0,0,,0,0,0,0,0,0,6,6,6,0,
"Peele, Jennifer ",October_2022,G9902,None,0,0,0,0,,0,0,0,0,0,0,17,19,19,0,
"Peele, Jennifer ",October_2022,G9903,None,0,0,0,0,,0,0,0,0,0,0,79,84,84,0,
"Peele, Jennifer ",October_2022,G9906,None,0,0,0,0,,0,0,0,0,0,0,11,13,13,0,
"Peele, Jennifer ",October_2022,G9989,None,0,0,0,0,,0,0,0,0,0,0,2,2,2,0,
"Peele, Jennifer ",October_2022,G9990,None,0,0,0,0,,0,0,0,0,0,0,5,5,5,0,
"Peele, Jennifer ",October_2022,G9991,None,0,0,0,0,,0,0,0,0,0,0,6,6,6,0,
"Peele, Jennifer ",October_2022,INTBL,None,0.07,0.07,0,0,0,0,0,0,0,0,0,1,1,1,0.07,0
"Peele, Jennifer ",October_2022,INTOP,None,0.01,0.01,0,0,0,0,0,0,0,0,0,1,1,1,0.01,0
"Peele, Jennifer ",October_2022,J3301,None,7.78,7.78,0,0,0,0,0,0,0,0,0,1,1,2,7.78,0
"Peele, Jennifer ",November_2022,1036F,None,0,0,0,0,,0,0,0,0,0,0,126,137,137,0,
"Peele, Jennifer ",November_2022,1101F,None,0,0,0,0,,0,0,0,0,0,0,0,0,0,0,
"Peele, Jennifer ",November_2022,1123F,None,0,0,0,0,,0,0,0,0,0,0,0,0,0,0,
"Peele, Jennifer ",November_2022,1124F,None,0,0,0,0,,0,0,0,0,0,0,2,2,2,0,
"Peele, Jennifer ",November_2022,1126F,None,0,0,0,0,,0,0,0,0,0,0,2,2,2,0,
"Peele, Jennifer ",November_2022,1158F,None,0,0,0,0,,0,0,0,0,0,0,2,2,2,0,
"Peele, Jennifer ",November_2022,1160F,None,0,0,0,0,,0,0,0,0,0,0,3,3,3,0,
"Peele, Jennifer ",November_2022,1170F,None,0,0,0,0,,0,0,0,0,0,0,2,2,2,0,
"Peele, Jennifer ",November_2022,2022F,None,0,0,0,0,,0,0,0,0,0,0,2,2,2,0,
"Peele, Jennifer ",November_2022,20552,None,0,0,0,56.25,,56.25,0,49.51,0,0,0,0,0,0,-105.76,
"Peele, Jennifer ",November_2022,3017F,None,0,0,0,0,,0,0,0,0,0,0,29,33,33,0,
"Peele, Jennifer ",November_2022,3044F,None,0,0,0,0,,0,0,0,0,0,0,3,4,4,0,
"Peele, Jennifer ",November_2022,3046F,None,0,0,0,0,,0,0,0,0,0,0,1,1,1,0,
"Peele, Jennifer ",November_2022,3052F,None,0,0,0,0,,0,0,0,0,0,0,1,1,1,0,
"Peele, Jennifer ",November_2022,3072F,None,0,0,0,0,,0,0,0,0,0,0,2,3,3,0,
"Peele, Jennifer ",November_2022,69209,None,29,29,0,0,0,0,0,0,0,0,0,1,1,1,29,0
"Peele, Jennifer ",November_2022,81003,None,96,96,0,11.62,0.12104167,11.62,0,100.95,0,0.33,0,8,8,8,-16.9,1.17604167
"Peele, Jennifer ",November_2022,87426,None,1650,1575,75,303.62,0.18401212,303.62,0,521.38,0,0,0,22,22,22,825,0.5
"Peele, Jennifer ",November_2022,87804,None,880,840,40,163.86,0.18620455,163.86,0,201.88,0,0,0,22,22,44,514.26,0.41561364
"Peele, Jennifer ",November_2022,87807,None,100,100,0,18.6,0.186,18.6,0,31.4,0,0,0,4,4,4,50,0.5
"Peele, Jennifer ",November_2022,87880,None,224,224,0,30.75,0.13727679,30.75,0,77.41,0,0,0,7,7,7,115.84,0.48285714
"Peele, Jennifer ",November_2022,90471,None,252,252,0,225.86,0.89626984,225.86,0,404.14,0,27,0,6,6,6,-405,2.60714286
"Peele, Jennifer ",November_2022,90472,None,0,0,0,17,,17,0,35,0,13,0,0,0,0,-65,
"Peele, Jennifer ",November_2022,90662,None,0,0,0,65.11,,65.11,0,9.89,0,0,0,0,0,0,-75,
"Peele, Jennifer ",November_2022,90670,None,460,460,0,0,0,0,0,0,0,0,0,1,1,1,460,0
"Peele, Jennifer ",November_2022,90688,None,120,120,0,265.81,2.21508333,265.81,0,124.19,0,10,0,4,4,4,-280,3.33333333
"Peele, Jennifer ",November_2022,90715,None,60,60,0,45.74,0.76233333,45.74,0,14.26,0,0,0,1,1,1,0,1
"Peele, Jennifer ",November_2022,90716,None,0,0,0,122.02,,122.02,0,137.98,0,0,0,0,0,0,-260,
"Peele, Jennifer ",November_2022,90732,None,640,640,0,371.47,0.58042188,371.47,0,108.53,0,65,0,4,4,4,95,0.8515625
"Peele, Jennifer ",November_2022,93000,None,70,70,0,0,0,0,0,18.03,0,0,0,2,2,2,51.97,0.25757143
"Peele, Jennifer ",November_2022,94010,None,146,146,0,0,0,0,0,75.26,0,0,0,2,2,2,70.74,0.51547945
"Peele, Jennifer ",November_2022,94640,None,38,38,0,9.83,0.25868421,9.83,0,28.17,0,0,0,1,1,1,0,1
"Peele, Jennifer ",November_2022,95800,None,3927,3927,0,936.79,0.23855106,638.32,298.47,1399.33,0,0,0,11,11,11,1590.88,0.59488668
"Peele, Jennifer ",November_2022,96372,None,42,42,0,0,0,0,0,0,0,0,0,1,1,1,42,0
"Peele, Jennifer ",November_2022,99202,None,0,0,0,41.53,,0,41.53,84.47,0,0,0,0,0,0,-126,
"Peele, Jennifer ",November_2022,99203,None,1953,1953,0,611.11,0.31290835,461.11,150,718.69,0,0,0,9,9,9,623.2,0.68090118
"Peele, Jennifer ",November_2022,99204,None,1320,1320,0,331.68,0.25127273,331.68,0,328.32,0,0,0,4,4,4,660,0.5
"Peele, Jennifer ",November_2022,99205,None,416,416,0,148.37,0.35665865,148.37,0,229.78,0,0,0,1,1,1,37.85,0.90901442
"Peele, Jennifer ",November_2022,99212,None,178,178,0,0,0,0,0,48.85,0,0,0,2,2,2,129.15,0.2744382
"Peele, Jennifer ",November_2022,99213,None,5733,5586,147,1784.27,0.31122798,1299.27,485,1591.24,0,0,0,38,39,39,2357.49,0.58878598
"Peele, Jennifer ",November_2022,99214,None,19750,19750,0,5957.82,0.30166177,4848.69,1109.13,7449.79,0,0,0,75,79,79,6342.39,0.67886633
"Peele, Jennifer ",November_2022,99215,None,292,292,0,20,0.06849315,0,20,0,0,0,0,1,1,1,272,0.06849315
"Peele, Jennifer ",November_2022,99385,None,4097,4097,0,2522.66,0.61573346,2502.66,20,2317.34,0,0,0,17,17,17,-743,1.18135221
"Peele, Jennifer ",November_2022,99386,None,1904,1904,0,2133.79,1.12068803,2083.79,50,1605.71,0,0,0,7,7,7,-1835.5,1.96402311
"Peele, Jennifer ",November_2022,99387,None,604,604,0,388.85,0.64379139,348.85,40,255.15,0,0,0,2,2,2,-40,1.06622517
"Peele, Jennifer ",November_2022,99395,None,412,412,0,475.48,1.15407767,475.48,0,348.52,0,0,0,2,2,2,-412,2
"Peele, Jennifer ",November_2022,99396,None,226,226,0,352.73,1.56075221,352.73,0,325.27,0,0,0,1,1,1,-452,3
"Peele, Jennifer ",November_2022,99439,None,80,80,0,32.09,0.401125,32.09,0,47.91,0,0,0,1,1,1,0,1
"Peele, Jennifer ",November_2022,99490,None,255,255,0,84.8,0.33254902,84.8,0,159.38,0,0,0,3,3,3,10.82,0.95756863
"Peele, Jennifer ",November_2022,99495,None,330,330,0,0,0,0,0,0,0,0,0,1,1,1,330,0
"Peele, Jennifer ",November_2022,99496,None,0,0,0,265.68,,265.68,0,201.32,0,0,0,0,0,0,-467,
"Peele, Jennifer ",November_2022,G0008,None,0,0,0,29.34,,29.34,0,12.66,0,0,0,0,0,0,-42,
"Peele, Jennifer ",November_2022,G0009,None,220,220,0,24.17,0.10986364,24.17,0,30.83,0,0,0,4,4,4,165,0.25
"Peele, Jennifer ",November_2022,G0030,None,0,0,0,0,,0,0,0,0,0,0,3,3,3,0,
"Peele, Jennifer ",November_2022,G0439,None,472,472,0,0,0,0,0,0,0,0,0,2,2,2,472,0
"Peele, Jennifer ",November_2022,G0444,None,74,74,0,0,0,0,0,0,0,0,0,2,2,2,74,0
"Peele, Jennifer ",November_2022,G8399,None,0,0,0,0,,0,0,0,0,0,0,2,2,2,0,
"Peele, Jennifer ",November_2022,G8400,None,0,0,0,0,,0,0,0,0,0,0,1,1,1,0,
"Peele, Jennifer ",November_2022,G8417,None,0,0,0,0,,0,0,0,0,0,0,71,80,80,0,
"Peele, Jennifer ",November_2022,G8418,None,0,0,0,0,,0,0,0,0,0,0,4,4,4,0,
"Peele, Jennifer ",November_2022,G8419,None,0,0,0,0,,0,0,0,0,0,0,2,2,2,0,
"Peele, Jennifer ",November_2022,G8420,None,0,0,0,0,,0,0,0,0,0,0,61,65,65,0,
"Peele, Jennifer ",November_2022,G8427,None,0,0,0,0,,0,0,0,0,0,0,143,157,157,0,
"Peele, Jennifer ",November_2022,G8428,None,0,0,0,0,,0,0,0,0,0,0,1,1,1,0,
"Peele, Jennifer ",November_2022,G8430,None,0,0,0,0,,0,0,0,0,0,0,1,1,1,0,
"Peele, Jennifer ",November_2022,G8431,None,0,0,0,0,,0,0,0,0,0,0,8,9,9,0,
"Peele, Jennifer ",November_2022,G8432,None,0,0,0,0,,0,0,0,0,0,0,2,3,3,0,
"Peele, Jennifer ",November_2022,G8482,None,0,0,0,0,,0,0,0,0,0,0,70,80,80,0,
"Peele, Jennifer ",November_2022,G8483,None,0,0,0,0,,0,0,0,0,0,0,71,72,72,0,
"Peele, Jennifer ",November_2022,G8484,None,0,0,0,0,,0,0,0,0,0,0,2,2,2,0,
"Peele, Jennifer ",November_2022,G8510,None,0,0,0,0,,0,0,0,0,0,0,132,144,144,0,
"Peele, Jennifer ",November_2022,G8511,None,0,0,0,0,,0,0,0,0,0,0,1,2,2,0,
"Peele, Jennifer ",November_2022,G8535,None,0,0,0,0,,0,0,0,0,0,0,1,1,1,0,
"Peele, Jennifer ",November_2022,G8536,None,0,0,0,0,,0,0,0,0,0,0,0,0,0,0,
"Peele, Jennifer ",November_2022,G8734,None,0,0,0,0,,0,0,0,0,0,0,3,3,3,0,
"Peele, Jennifer ",November_2022,G8752,None,0,0,0,0,,0,0,0,0,0,0,28,32,32,0,
"Peele, Jennifer ",November_2022,G8753,None,0,0,0,0,,0,0,0,0,0,0,13,15,15,0,
"Peele, Jennifer ",November_2022,G8754,None,0,0,0,0,,0,0,0,0,0,0,33,37,37,0,
"Peele, Jennifer ",November_2022,G8755,None,0,0,0,0,,0,0,0,0,0,0,8,10,10,0,
"Peele, Jennifer ",November_2022,G8756,None,0,0,0,0,,0,0,0,0,0,0,0,0,0,0,
"Peele, Jennifer ",November_2022,G8783,None,0,0,0,0,,0,0,0,0,0,0,110,118,118,0,
"Peele, Jennifer ",November_2022,G8785,None,0,0,0,0,,0,0,0,0,0,0,0,0,0,0,
"Peele, Jennifer ",November_2022,G8950,None,0,0,0,0,,0,0,0,0,0,0,23,26,26,0,
"Peele, Jennifer ",November_2022,G8952,None,0,0,0,0,,0,0,0,0,0,0,1,1,1,0,
"Peele, Jennifer ",November_2022,G9708,None,0,0,0,0,,0,0,0,0,0,0,11,12,12,0,
"Peele, Jennifer ",November_2022,G9711,None,0,0,0,0,,0,0,0,0,0,0,5,5,5,0,
"Peele, Jennifer ",November_2022,G9716,None,0,0,0,0,,0,0,0,0,0,0,2,2,2,0,
"Peele, Jennifer ",November_2022,G9717,None,0,0,0,0,,0,0,0,0,0,0,2,2,2,0,
"Peele, Jennifer ",November_2022,G9744,None,0,0,0,0,,0,0,0,0,0,0,3,3,3,0,
"Peele, Jennifer ",November_2022,G9745,None,0,0,0,0,,0,0,0,0,0,0,0,0,0,0,
"Peele, Jennifer ",November_2022,G9899,None,0,0,0,0,,0,0,0,0,0,0,7,8,8,0,
"Peele, Jennifer ",November_2022,G9900,None,0,0,0,0,,0,0,0,0,0,0,5,6,6,0,
"Peele, Jennifer ",November_2022,G9902,None,0,0,0,0,,0,0,0,0,0,0,12,12,12,0,
"Peele, Jennifer ",November_2022,G9903,None,0,0,0,0,,0,0,0,0,0,0,127,138,138,0,
"Peele, Jennifer ",November_2022,G9904,None,0,0,0,0,,0,0,0,0,0,0,1,1,1,0,
"Peele, Jennifer ",November_2022,G9906,None,0,0,0,0,,0,0,0,0,0,0,6,6,6,0,
"Peele, Jennifer ",November_2022,G9989,None,0,0,0,0,,0,0,0,0,0,0,3,3,3,0,
"Peele, Jennifer ",November_2022,G9990,None,0,0,0,0,,0,0,0,0,0,0,1,1,1,0,
"Peele, Jennifer ",November_2022,G9991,None,0,0,0,0,,0,0,0,0,0,0,13,15,15,0,
"Peele, Jennifer ",November_2022,J3301,None,0,0,0,1.97,,1.97,0,5.6,0,0,0,0,0,0,-7.57,
"Peele, Jennifer ",November_2022,J7620,None,12,12,0,0.12,0.01,0.12,0,11.88,0,0,0,1,1,1,0,1
"Peele, Jennifer ",December_2022,1036F,None,0,0,0,0,,0,0,0,0,0,0,113,122,122,0,
"Peele, Jennifer ",December_2022,1124F,None,0,0,0,0,,0,0,0,0,0,0,3,3,3,0,
"Peele, Jennifer ",December_2022,1125F,None,0,0,0,0,,0,0,0,0,0,0,1,1,1,0,
"Peele, Jennifer ",December_2022,1126F,None,0,0,0,0,,0,0,0,0,0,0,1,1,1,0,
"Peele, Jennifer ",December_2022,1158F,None,0,0,0,0,,0,0,0,0,0,0,2,2,2,0,
"Peele, Jennifer ",December_2022,1160F,None,0,0,0,0,,0,0,0,0,0,0,2,2,2,0,
"Peele, Jennifer ",December_2022,1170F,None,0,0,0,0,,0,0,0,0,0,0,2,2,2,0,
"Peele, Jennifer ",December_2022,2022F,None,0,0,0,0,,0,0,0,0,0,0,0,0,0,0,
"Peele, Jennifer ",December_2022,2024F,None,0,0,0,0,,0,0,0,0,0,0,0,0,0,0,
"Peele, Jennifer ",December_2022,20552,None,0,0,0,6.24,,0,6.24,0,0,0,0,0,0,0,-6.24,
"Peele, Jennifer ",December_2022,3017F,None,0,0,0,0,,0,0,0,0,0,0,13,13,13,0,
"Peele, Jennifer ",December_2022,3044F,None,0,0,0,0,,0,0,0,0,0,0,1,1,1,0,
"Peele, Jennifer ",December_2022,3046F,None,0,0,0,0,,0,0,0,0,0,0,2,2,2,0,
"Peele, Jennifer ",December_2022,3072F,None,0,0,0,0,,0,0,0,0,0,0,0,0,0,0,
"Peele, Jennifer ",December_2022,69209,None,29,29,0,0,0,0,0,14.85,0,0,0,1,1,1,14.15,0.51206897
"Peele, Jennifer ",December_2022,81003,None,120,120,0,20.19,0.16825,20.19,0,119.74,0,0,0,10,10,10,-19.93,1.16608333
"Peele, Jennifer ",December_2022,81025,None,20,20,0,0,0,0,0,0,0,0,0,1,1,1,20,0
"Peele, Jennifer ",December_2022,87426,None,2325,2325,0,1082.04,0.46539355,1082.04,0,1392.96,0,50,0,31,31,31,-200,1.08602151
"Peele, Jennifer ",December_2022,87804,None,1240,1240,0,747.85,0.60310484,733.17,14.68,543.48,0,30,0,31,31,62,-81.33,1.06558871
"Peele, Jennifer ",December_2022,87807,None,50,50,0,48.18,0.9636,48.18,0,51.82,0,0,0,2,2,2,-50,2
"Peele, Jennifer ",December_2022,87880,None,512,512,0,139.12,0.27171875,139.12,0,266.22,0,0,0,16,16,16,106.66,0.79167969
"Peele, Jennifer ",December_2022,90471,None,0,0,0,69.54,,69.54,0,140.46,0,0,0,0,0,0,-210,
"Peele, Jennifer ",December_2022,90670,None,0,0,0,252.83,,252.83,0,207.17,0,0,0,0,0,0,-460,
"Peele, Jennifer ",December_2022,90688,None,0,0,0,61.28,,61.28,0,28.72,0,0,0,0,0,0,-90,
"Peele, Jennifer ",December_2022,90715,None,0,0,0,57.17,,57.17,0,2.83,0,0,0,0,0,0,-60,
"Peele, Jennifer ",December_2022,90732,None,0,0,0,249.8,,249.8,0,70.2,0,0,0,0,0,0,-320,
"Peele, Jennifer ",December_2022,93000,None,0,0,0,31.12,,31.12,0,38.88,0,0,0,0,0,0,-70,
"Peele, Jennifer ",December_2022,94010,None,0,0,0,93.08,,22.42,70.66,50.58,0,0,0,0,0,0,-143.66,
"Peele, Jennifer ",December_2022,94640,None,38,38,0,0,0,0,0,0,0,0,0,1,1,1,38,0
"Peele, Jennifer ",December_2022,95800,None,714,714,0,753.75,1.05567227,723.6,30.15,941.1,0,0,0,2,2,2,-980.85,2.3737395
"Peele, Jennifer ",December_2022,96160,None,400,400,0,5.5,0.01375,5.5,0,394.5,0,0,0,2,2,2,0,1
"Peele, Jennifer ",December_2022,96372,None,0,0,0,12.09,,12.09,0,29.91,0,0,0,0,0,0,-42,
"Peele, Jennifer ",December_2022,99202,None,302,302,0,114.79,0.38009934,74.79,40,76.21,0,0,0,2,2,2,111,0.63245033
"Peele, Jennifer ",December_2022,99203,None,3689,3689,0,1828.15,0.4955679,1607.63,220.52,2488.57,0,0,0,17,17,17,-627.72,1.17015993
"Peele, Jennifer ",December_2022,99204,None,0,0,0,407.46,,407.46,0,567.54,0,0,0,0,0,0,-975,
"Peele, Jennifer ",December_2022,99205,None,0,0,0,37.85,,37.85,0,0,0,0,0,0,0,0,-37.85,
"Peele, Jennifer ",December_2022,99212,None,0,0,0,43.6,,43.6,0,45.4,0,0,0,0,0,0,-89,
"Peele, Jennifer ",December_2022,99213,None,8232,8232,0,4489.39,0.54535836,3564.56,924.83,4470.89,0,32,0,51,56,56,-760.28,1.09235666
"Peele, Jennifer ",December_2022,99214,None,20750,20500,250,11293.84,0.54428145,9793.5,1500.34,15368.3,0,140,0,78,83,83,-6052.14,1.2916694
"Peele, Jennifer ",December_2022,99215,None,292,292,0,272,0.93150685,272,0,282,0,0,0,1,1,1,-262,1.89726027
"Peele, Jennifer ",December_2022,99385,None,0,0,0,1169.85,,1169.85,0,999.15,0,0,0,0,0,0,-2169,
"Peele, Jennifer ",December_2022,99386,None,0,0,0,607.02,,607.02,0,480.98,0,0,0,0,0,0,-1088,
"Peele, Jennifer ",December_2022,99387,None,0,0,0,185.5,,185.5,0,116.5,0,0,0,0,0,0,-302,
"Peele, Jennifer ",December_2022,99396,None,0,0,0,127.33,,127.33,0,98.67,0,0,0,0,0,0,-226,
"Peele, Jennifer ",December_2022,99439,None,80,80,0,32.09,0.401125,32.09,0,47.91,0,0,0,1,1,1,0,1
"Peele, Jennifer ",December_2022,99490,None,1020,1020,0,385.46,0.37790196,370.46,15,309.54,0,0,0,12,12,12,325,0.68137255
"Peele, Jennifer ",December_2022,99495,None,0,0,0,173.81,,173.81,0,156.19,0,0,0,0,0,0,-330,
"Peele, Jennifer ",December_2022,99496,None,467,467,0,0,0,0,0,0,0,0,0,1,1,1,467,0
"Peele, Jennifer ",December_2022,99497,None,340,340,0,168.24,0.49482353,168.24,0,171.76,0,0,0,2,2,2,0,1
"Peele, Jennifer ",December_2022,G0009,None,0,0,0,58.68,,58.68,0,51.32,0,0,0,0,0,0,-110,
"Peele, Jennifer ",December_2022,G0030,None,0,0,0,0,,0,0,0,0,0,0,1,1,1,0,
"Peele, Jennifer ",December_2022,G0439,None,472,472,0,0,0,0,0,944,0,0,0,2,2,2,-472,2
"Peele, Jennifer ",December_2022,G0444,None,74,74,0,67.76,0.91567568,67.76,0,80.24,0,0,0,2,2,2,-74,2
"Peele, Jennifer ",December_2022,G8399,None,0,0,0,0,,0,0,0,0,0,0,1,1,1,0,
"Peele, Jennifer ",December_2022,G8400,None,0,0,0,0,,0,0,0,0,0,0,1,1,1,0,
"Peele, Jennifer ",December_2022,G8417,None,0,0,0,0,,0,0,0,0,0,0,81,85,85,0,
"Peele, Jennifer ",December_2022,G8418,None,0,0,0,0,,0,0,0,0,0,0,6,6,6,0,
"Peele, Jennifer ",December_2022,G8419,None,0,0,0,0,,0,0,0,0,0,0,1,1,1,0,
"Peele, Jennifer ",December_2022,G8420,None,0,0,0,0,,0,0,0,0,0,0,46,52,52,0,
"Peele, Jennifer ",December_2022,G8427,None,0,0,0,0,,0,0,0,0,0,0,141,154,154,0,
"Peele, Jennifer ",December_2022,G8430,None,0,0,0,0,,0,0,0,0,0,0,0,0,0,0,
"Peele, Jennifer ",December_2022,G8431,None,0,0,0,0,,0,0,0,0,0,0,13,14,14,0,
"Peele, Jennifer ",December_2022,G8432,None,0,0,0,0,,0,0,0,0,0,0,1,1,1,0,
"Peele, Jennifer ",December_2022,G8482,None,0,0,0,0,,0,0,0,0,0,0,74,78,78,0,
"Peele, Jennifer ",December_2022,G8483,None,0,0,0,0,,0,0,0,0,0,0,62,65,65,0,
"Peele, Jennifer ",December_2022,G8484,None,0,0,0,0,,0,0,0,0,0,0,1,1,1,0,
"Peele, Jennifer ",December_2022,G8510,None,0,0,0,0,,0,0,0,0,0,0,107,114,114,0,
"Peele, Jennifer ",December_2022,G8511,None,0,0,0,0,,0,0,0,0,0,0,0,0,0,0,
"Peele, Jennifer ",December_2022,G8535,None,0,0,0,0,,0,0,0,0,0,0,0,0,0,0,
"Peele, Jennifer ",December_2022,G8734,None,0,0,0,0,,0,0,0,0,0,0,4,4,4,0,
"Peele, Jennifer ",December_2022,G8752,None,0,0,0,0,,0,0,0,0,0,0,29,33,33,0,
"Peele, Jennifer ",December_2022,G8753,None,0,0,0,0,,0,0,0,0,0,0,18,19,19,0,
"Peele, Jennifer ",December_2022,G8754,None,0,0,0,0,,0,0,0,0,0,0,41,45,46,0,
"Peele, Jennifer ",December_2022,G8755,None,0,0,0,0,,0,0,0,0,0,0,7,7,7,0,
"Peele, Jennifer ",December_2022,G8756,None,0,0,0,0,,0,0,0,0,0,0,0,0,0,0,
"Peele, Jennifer ",December_2022,G8783,None,0,0,0,0,,0,0,0,0,0,0,109,116,116,0,
"Peele, Jennifer ",December_2022,G8785,None,0,0,0,0,,0,0,0,0,0,0,1,1,1,0,
"Peele, Jennifer ",December_2022,G8950,None,0,0,0,0,,0,0,0,0,0,0,23,24,24,0,
"Peele, Jennifer ",December_2022,G8952,None,0,0,0,0,,0,0,0,0,0,0,0,0,0,0,
"Peele, Jennifer ",December_2022,G9708,None,0,0,0,0,,0,0,0,0,0,0,3,3,3,0,
"Peele, Jennifer ",December_2022,G9711,None,0,0,0,0,,0,0,0,0,0,0,5,5,5,0,
"Peele, Jennifer ",December_2022,G9716,None,0,0,0,0,,0,0,0,0,0,0,1,1,1,0,
"Peele, Jennifer ",December_2022,G9717,None,0,0,0,0,,0,0,0,0,0,0,2,2,2,0,
"Peele, Jennifer ",December_2022,G9744,None,0,0,0,0,,0,0,0,0,0,0,0,0,0,0,
"Peele, Jennifer ",December_2022,G9899,None,0,0,0,0,,0,0,0,0,0,0,3,3,3,0,
"Peele, Jennifer ",December_2022,G9900,None,0,0,0,0,,0,0,0,0,0,0,2,2,2,0,
"Peele, Jennifer ",December_2022,G9902,None,0,0,0,0,,0,0,0,0,0,0,6,6,6,0,
"Peele, Jennifer ",December_2022,G9903,None,0,0,0,0,,0,0,0,0,0,0,121,129,129,0,
"Peele, Jennifer ",December_2022,G9906,None,0,0,0,0,,0,0,0,0,0,0,3,3,3,0,
"Peele, Jennifer ",December_2022,G9908,None,0,0,0,0,,0,0,0,0,0,0,1,1,1,0,
"Peele, Jennifer ",December_2022,G9989,None,0,0,0,0,,0,0,0,0,0,0,0,0,0,0,
"Peele, Jennifer ",December_2022,G9990,None,0,0,0,0,,0,0,0,0,0,0,2,2,2,0,
"Peele, Jennifer ",December_2022,G9991,None,0,0,0,0,,0,0,0,0,0,0,8,8,8,0,
"Peele, Jennifer ",December_2022,G9997,None,0,0,0,0,,0,0,0,0,0,0,1,1,1,0,
"Peele, Jennifer ",December_2022,INTBL,None,0.02,0.02,0,0.07,3.5,0.07,0,0,0,0,0,1,1,1,-0.05,3.5
"Peele, Jennifer ",December_2022,INTOP,None,0,0,0,0.01,,0.01,0,0,0,0,0,0,0,0,-0.01,
"Peele, Jennifer ",December_2022,J3301,None,0,0,0,0.21,,0,0.21,0,0,0,0,0,0,0,-0.21,
"Peele, Jennifer ",December_2022,J7620,None,12,12,0,0,0,0,0,0,0,0,0,1,1,1,12,0
"Plato, Annette ",June_2022,99395,None,0,0,0,10,,0,10,0,0,0,0,0,0,0,-10,
"Plato, Annette ",September_2022,99214,None,0,0,0,30,,0,30,0,0,0,0,0,0,0,-30,
"Plato, Annette ",December_2022,96127,None,0,0,0,13,,0,13,0,0,0,0,0,0,0,-13,
"Plato, Annette ",December_2022,99213,None,0,0,0,30,,0,30,0,0,0,0,0,0,0,-30,
"Plato, Annette ",December_2022,99214,None,0,0,0,17,,0,17,0,0,0,0,0,0,0,-17,
"Pool, Erin M",January_2022,87804,None,0,0,0,19.08,,0,19.08,0,0,0,0,0,0,0,-19.08,
"Pool, Erin M",January_2022,87811,None,0,0,0,5.92,,0,5.92,0,0,0,0,0,0,0,-5.92,
"Pool, Erin M",January_2022,99213,None,0,0,0,25,,0,25,0,0,0,0,0,0,0,-25,
"Pool, Erin M",February_2022,96127,None,0,0,0,5,,0,5,0,0,0,0,0,0,0,-5,
"Pool, Erin M",February_2022,99214,None,0,0,0,20,,0,20,0,0,0,0,0,0,0,-20,
"Pool, Erin M",March_2022,99214,None,0,0,0,40,,0,40,0,0,0,0,0,0,0,-40,
"Pool, Erin M",April_2022,99214,None,0,0,0,10,,0,10,0,0,0,0,0,0,0,-10,
"Pool, Erin M",May_2022,99213,None,0,0,0,20,,0,20,0,0,0,0,0,0,0,-20,
"Pool, Erin M",May_2022,99214,None,0,0,0,25,,0,25,0,0,0,0,0,0,0,-25,
"Pool, Erin M",June_2022,81003,None,0,0,0,1.66,,0,1.66,0,0,0,0,0,0,0,-1.66,
"Pool, Erin M",June_2022,99214,None,0,0,0,25,,0,25,0,0,0,0,0,0,0,-25,
"Pool, Erin M",June_2022,99396,None,0,0,0,30,,0,30,0,0,0,0,0,0,0,-30,
"Pool, Erin M",July_2022,99214,None,0,0,0,47.52,,0,47.52,0,0,0,0,0,0,0,-47.52,
"Pool, Erin M",August_2022,96127,None,0,0,0,0.1,,0,0.1,0,0,0,0,0,0,0,-0.1,
"Pool, Erin M",August_2022,99214,None,0,0,0,90,,0,90,0,0,0,0,0,0,0,-90,
"Pool, Erin M",September_2022,99213,None,0,0,0,8.22,,0,8.22,0,0,0,0,0,0,0,-8.22,
"Pool, Erin M",September_2022,99214,None,0,0,0,74.66,,0,74.66,0,0,0,0,0,0,0,-74.66,
"Pool, Erin M",September_2022,99215,None,0,0,0,6.44,,0,6.44,0,0,0,0,0,0,0,-6.44,
"Pool, Erin M",October_2022,1036F,None,0,0,0,0,,0,0,0,0,0,0,0,0,0,0,
"Pool, Erin M",October_2022,90471,None,0,0,0,0,,0,0,0,0,0,0,0,0,0,0,
"Pool, Erin M",October_2022,90688,None,0,0,0,0,,0,0,0,0,0,0,0,0,0,0,
"Pool, Erin M",October_2022,99213,None,0,0,0,108.22,,0,108.22,0,0,0,0,0,0,0,-108.22,
"Pool, Erin M",October_2022,99214,None,0,0,0,200.31,,0,200.31,0,0,0,0,0,0,0,-200.31,
"Pool, Erin M",October_2022,99215,None,0,0,0,50,,0,50,0,0,0,0,0,0,0,-50,
"Pool, Erin M",October_2022,G8417,None,0,0,0,0,,0,0,0,0,0,0,0,0,0,0,
"Pool, Erin M",October_2022,G8427,None,0,0,0,0,,0,0,0,0,0,0,0,0,0,0,
"Pool, Erin M",October_2022,G8482,None,0,0,0,0,,0,0,0,0,0,0,0,0,0,0,
"Pool, Erin M",October_2022,G8510,None,0,0,0,0,,0,0,0,0,0,0,0,0,0,0,
"Pool, Erin M",October_2022,G8783,None,0,0,0,0,,0,0,0,0,0,0,0,0,0,0,
"Pool, Erin M",October_2022,G9903,None,0,0,0,0,,0,0,0,0,0,0,0,0,0,0,
"Pool, Erin M",November_2022,1036F,None,0,0,0,0,,0,0,0,0,0,0,117,120,120,0,
"Pool, Erin M",November_2022,1123F,None,0,0,0,0,,0,0,0,0,0,0,6,6,6,0,
"Pool, Erin M",November_2022,2022F,None,0,0,0,0,,0,0,0,0,0,0,4,4,4,0,
"Pool, Erin M",November_2022,2023F,None,0,0,0,0,,0,0,0,0,0,0,1,1,1,0,
"Pool, Erin M",November_2022,2024F,None,0,0,0,0,,0,0,0,0,0,0,4,4,4,0,
"Pool, Erin M",November_2022,2026F,None,0,0,0,0,,0,0,0,0,0,0,2,2,2,0,
"Pool, Erin M",November_2022,3017F,None,0,0,0,0,,0,0,0,0,0,0,30,30,30,0,
"Pool, Erin M",November_2022,3044F,None,0,0,0,0,,0,0,0,0,0,0,2,2,2,0,
"Pool, Erin M",November_2022,3046F,None,0,0,0,0,,0,0,0,0,0,0,1,1,1,0,
"Pool, Erin M",November_2022,3051F,None,0,0,0,0,,0,0,0,0,0,0,3,3,3,0,
"Pool, Erin M",November_2022,3052F,None,0,0,0,0,,0,0,0,0,0,0,1,1,1,0,
"Pool, Erin M",November_2022,3072F,None,0,0,0,0,,0,0,0,0,0,0,1,1,1,0,
"Pool, Erin M",November_2022,81003,None,60,60,0,2.25,0.0375,2.25,0,9.75,0,0,0,5,5,5,48,0.2
"Pool, Erin M",November_2022,87426,None,975,900,75,251.2,0.25764103,176.2,75,198.8,0,0,0,13,13,13,525,0.46153846
"Pool, Erin M",November_2022,87804,None,560,520,40,108.46,0.19367857,93.46,15,86.68,0,0,0,14,14,28,364.86,0.34846429
"Pool, Erin M",November_2022,87880,None,384,352,32,46.68,0.1215625,46.68,0,103.4,0,0,0,12,12,12,233.92,0.39083333
"Pool, Erin M",November_2022,90460,None,84,84,0,34,0.4047619,34,0,50,0,0,0,1,1,2,0,1
"Pool, Erin M",November_2022,90471,None,714,714,0,255,0.35714286,255,0,375,0,0,0,17,17,17,84,0.88235294
"Pool, Erin M",November_2022,90688,None,480,480,0,293.22,0.610875,280,13.22,140,0,0,0,16,16,16,46.78,0.90254167
"Pool, Erin M",November_2022,90715,None,60,60,0,49,0.81666667,49,0,11,0,0,0,1,1,1,0,1
"Pool, Erin M",November_2022,90732,None,480,480,0,130.8,0.2725,130.8,0,29.2,0,0,0,3,3,3,320,0.33333333
"Pool, Erin M",November_2022,90744,None,56,56,0,26,0.46428571,26,0,30,0,0,0,1,1,1,0,1
"Pool, Erin M",November_2022,93000,None,35,35,0,0,0,0,0,0,0,0,0,1,1,1,35,0
"Pool, Erin M",November_2022,99203,None,8246,8246,0,1426.97,0.17304996,1141.97,285,1519.46,0,0,0,38,38,38,5299.57,0.35731627
"Pool, Erin M",November_2022,99204,None,660,660,0,166.68,0.25254545,166.68,0,163.32,0,0,0,2,2,2,330,0.5
"Pool, Erin M",November_2022,99205,None,416,416,0,161.02,0.38706731,161.02,0,254.98,0,0,0,1,1,1,0,1
"Pool, Erin M",November_2022,99212,None,89,89,0,0,0,0,0,0,0,0,0,1,1,1,89,0
"Pool, Erin M",November_2022,99213,None,735,735,0,243.7,0.33156463,138.7,105,130.3,0,0,0,5,5,5,361,0.50884354
"Pool, Erin M",November_2022,99214,None,8250,8000,250,1593.1,0.19310303,1191.72,401.38,1618.97,0,0,0,32,33,33,5037.93,0.38934182
"Pool, Erin M",November_2022,99215,None,292,292,0,0,0,0,0,0,0,0,0,1,1,1,292,0
"Pool, Erin M",November_2022,99384,None,648,648,0,161.88,0.24981481,136.88,25,79.12,0,0,0,3,3,3,407,0.37191358
"Pool, Erin M",November_2022,99385,None,5302,5302,0,1252.57,0.23624481,1172.57,80,996.43,0,0,0,22,22,22,3053,0.42417955
"Pool, Erin M",November_2022,99386,None,5168,5168,0,1500.56,0.29035604,1390.56,110,1057.44,0,0,0,19,19,19,2610,0.49496904
"Pool, Erin M",November_2022,99394,None,186,186,0,116.72,0.62752688,116.72,0,69.28,0,0,0,1,1,1,0,1
"Pool, Erin M",November_2022,99395,None,1442,1442,0,325.4,0.22565881,325.4,0,292.6,0,0,0,7,7,7,824,0.42857143
"Pool, Erin M",November_2022,99396,None,678,678,0,282.96,0.41734513,282.96,0,169.04,0,0,0,3,3,3,226,0.66666667
"Pool, Erin M",November_2022,G0009,None,110,110,0,29.34,0.26672727,29.34,0,25.66,0,0,0,2,2,2,55,0.5
"Pool, Erin M",November_2022,G0030,None,0,0,0,0,,0,0,0,0,0,0,11,11,11,0,
"Pool, Erin M",November_2022,G8399,None,0,0,0,0,,0,0,0,0,0,0,1,1,1,0,
"Pool, Erin M",November_2022,G8417,None,0,0,0,0,,0,0,0,0,0,0,72,73,73,0,
"Pool, Erin M",November_2022,G8418,None,0,0,0,0,,0,0,0,0,0,0,1,1,1,0,
"Pool, Erin M",November_2022,G8420,None,0,0,0,0,,0,0,0,0,0,0,55,56,56,0,
"Pool, Erin M",November_2022,G8427,None,0,0,0,0,,0,0,0,0,0,0,128,131,131,0,
"Pool, Erin M",November_2022,G8431,None,0,0,0,0,,0,0,0,0,0,0,19,19,19,0,
"Pool, Erin M",November_2022,G8482,None,0,0,0,0,,0,0,0,0,0,0,17,17,17,0,
"Pool, Erin M",November_2022,G8483,None,0,0,0,0,,0,0,0,0,0,0,114,116,116,0,
"Pool, Erin M",November_2022,G8484,None,0,0,0,0,,0,0,0,0,0,0,1,1,1,0,
"Pool, Erin M",November_2022,G8510,None,0,0,0,0,,0,0,0,0,0,0,110,113,113,0,
"Pool, Erin M",November_2022,G8536,None,0,0,0,0,,0,0,0,0,0,0,4,4,4,0,
"Pool, Erin M",November_2022,G8752,None,0,0,0,0,,0,0,0,0,0,0,20,20,20,0,
"Pool, Erin M",November_2022,G8753,None,0,0,0,0,,0,0,0,0,0,0,4,4,4,0,
"Pool, Erin M",November_2022,G8754,None,0,0,0,0,,0,0,0,0,0,0,17,17,17,0,
"Pool, Erin M",November_2022,G8755,None,0,0,0,0,,0,0,0,0,0,0,7,7,7,0,
"Pool, Erin M",November_2022,G8783,None,0,0,0,0,,0,0,0,0,0,0,103,106,106,0,
"Pool, Erin M",November_2022,G8950,None,0,0,0,0,,0,0,0,0,0,0,25,25,25,0,
"Pool, Erin M",November_2022,G9711,None,0,0,0,0,,0,0,0,0,0,0,1,1,1,0,
"Pool, Erin M",November_2022,G9716,None,0,0,0,0,,0,0,0,0,0,0,1,1,1,0,
"Pool, Erin M",November_2022,G9899,None,0,0,0,0,,0,0,0,0,0,0,1,1,1,0,
"Pool, Erin M",November_2022,G9900,None,0,0,0,0,,0,0,0,0,0,0,20,20,20,0,
"Pool, Erin M",November_2022,G9902,None,0,0,0,0,,0,0,0,0,0,0,12,12,12,0,
"Pool, Erin M",November_2022,G9903,None,0,0,0,0,,0,0,0,0,0,0,115,118,118,0,
"Pool, Erin M",November_2022,G9906,None,0,0,0,0,,0,0,0,0,0,0,11,11,11,0,
"Pool, Erin M",November_2022,G9990,None,0,0,0,0,,0,0,0,0,0,0,7,7,7,0,
"Pool, Erin M",November_2022,G9991,None,0,0,0,0,,0,0,0,0,0,0,10,10,10,0,
"Pool, Erin M",November_2022,INTAT,None,0.03,0.03,0,0,0,0,0,0,0,0,0,1,1,1,0.03,0
"Pool, Erin M",November_2022,INTRI,None,0.04,0.04,0,0,0,0,0,0,0,0,0,1,1,1,0.04,0
"Pool, Erin M",November_2022,NOC,None,0,0,0,0,,0,0,0,0,0,0,1,1,1,0,
"Pool, Erin M",December_2022,10060,None,240,240,0,0,0,0,0,0,0,0,0,1,1,1,240,0
"Pool, Erin M",December_2022,10061,None,417,417,0,0,0,0,0,0,0,0,0,1,1,1,417,0
"Pool, Erin M",December_2022,1036F,None,0,0,0,0,,0,0,0,0,0,0,150,155,155,0,
"Pool, Erin M",December_2022,1123F,None,0,0,0,0,,0,0,0,0,0,0,0,0,0,0,
"Pool, Erin M",December_2022,1124F,None,0,0,0,0,,0,0,0,0,0,0,1,1,1,0,
"Pool, Erin M",December_2022,1125F,None,0,0,0,0,,0,0,0,0,0,0,1,1,1,0,
"Pool, Erin M",December_2022,1158F,None,0,0,0,0,,0,0,0,0,0,0,1,1,1,0,
"Pool, Erin M",December_2022,1160F,None,0,0,0,0,,0,0,0,0,0,0,1,1,1,0,
"Pool, Erin M",December_2022,1170F,None,0,0,0,0,,0,0,0,0,0,0,1,1,1,0,
"Pool, Erin M",December_2022,2022F,None,0,0,0,0,,0,0,0,0,0,0,8,8,8,0,
"Pool, Erin M",December_2022,2023F,None,0,0,0,0,,0,0,0,0,0,0,2,2,2,0,
"Pool, Erin M",December_2022,2024F,None,0,0,0,0,,0,0,0,0,0,0,4,4,4,0,
"Pool, Erin M",December_2022,2026F,None,0,0,0,0,,0,0,0,0,0,0,1,1,1,0,
"Pool, Erin M",December_2022,3017F,None,0,0,0,0,,0,0,0,0,0,0,53,54,54,0,
"Pool, Erin M",December_2022,3044F,None,0,0,0,0,,0,0,0,0,0,0,7,7,7,0,
"Pool, Erin M",December_2022,3046F,None,0,0,0,0,,0,0,0,0,0,0,2,2,2,0,
"Pool, Erin M",December_2022,3051F,None,0,0,0,0,,0,0,0,0,0,0,2,2,2,0,
"Pool, Erin M",December_2022,3052F,None,0,0,0,0,,0,0,0,0,0,0,2,2,2,0,
"Pool, Erin M",December_2022,81003,None,84,84,0,4.61,0.05488095,4.61,0,62.53,0,0,0,7,7,7,16.86,0.79928571
"Pool, Erin M",December_2022,87426,None,375,375,0,286.06,0.76282667,286.06,0,463.94,0,0,0,5,5,5,-375,2
"Pool, Erin M",December_2022,87804,None,780,780,0,233.26,0.29905128,233.26,0,242.4,0,15,0,20,20,39,289.34,0.62905128
"Pool, Erin M",December_2022,87811,None,1050,1050,0,93.3,0.08885714,93.3,0,131.7,0,0,0,14,14,14,825,0.21428571
"Pool, Erin M",December_2022,87880,None,480,480,0,100.77,0.2099375,100.77,0,251.09,0,27,0,15,15,15,101.14,0.78929167
"Pool, Erin M",December_2022,90471,None,126,126,0,64.56,0.51238095,64.56,0,103.44,0,0,0,3,3,3,-42,1.33333333
"Pool, Erin M",December_2022,90619,None,0,0,0,85,,0,85,0,0,0,0,0,0,0,-85,
"Pool, Erin M",December_2022,90670,None,460,460,0,0,0,0,0,0,0,0,0,1,1,1,460,0
"Pool, Erin M",December_2022,90688,None,0,0,0,35.82,,19.04,16.78,10.96,0,0,0,0,0,0,-46.78,
"Pool, Erin M",December_2022,90715,None,195,195,0,98,0.5025641,98,0,32,0,0,0,3,3,3,65,0.66666667
"Pool, Erin M",December_2022,90732,None,0,0,0,249.8,,249.8,0,70.2,0,0,0,0,0,0,-320,
"Pool, Erin M",December_2022,93000,None,70,70,0,11.92,0.17028571,11.92,0,23.08,0,0,0,2,2,2,35,0.5
"Pool, Erin M",December_2022,94010,None,146,146,0,0,0,0,0,42.94,0,0,0,2,2,2,103.06,0.29410959
"Pool, Erin M",December_2022,99202,None,151,151,0,25,0.16556291,0,25,0,0,0,0,1,1,1,126,0.16556291
"Pool, Erin M",December_2022,99203,None,5859,5859,0,3243.69,0.55362519,2774.38,469.31,4275.75,0,0,0,27,27,27,-1660.44,1.2833999
"Pool, Erin M",December_2022,99204,None,330,330,0,140.82,0.42672727,140.82,0,189.18,0,0,0,1,1,1,0,1
"Pool, Erin M",December_2022,99212,None,0,0,0,44.35,,44.35,0,44.65,0,0,0,0,0,0,-89,
"Pool, Erin M",December_2022,99213,None,2499,2499,0,585.81,0.23441777,340.81,245,411.56,0,0,0,17,17,17,1501.63,0.39910764
"Pool, Erin M",December_2022,99214,None,21750,21750,0,5268.59,0.24223402,4391.2,877.39,8126.43,0,205,0,84,87,87,8149.98,0.62528828
"Pool, Erin M",December_2022,99215,None,0,0,0,119.47,,119.47,0,147.53,0,0,0,0,0,0,-267,
"Pool, Erin M",December_2022,99384,None,0,0,0,136.88,,136.88,0,79.12,0,0,0,0,0,0,-216,
"Pool, Erin M",December_2022,99385,None,3374,3374,0,2839.73,0.84165086,2839.73,0,2703.27,0,0,0,14,14,14,-2169,1.64285714
"Pool, Erin M",December_2022,99386,None,4352,4352,0,2455.89,0.56431296,2385.89,70,2238.11,0,0,0,16,16,16,-342,1.07858456
"Pool, Erin M",December_2022,99387,None,302,302,0,0,0,0,0,0,0,0,0,1,1,1,302,0
"Pool, Erin M",December_2022,99394,None,186,186,0,110.24,0.59268817,110.24,0,75.76,0,0,0,1,1,1,0,1
"Pool, Erin M",December_2022,99395,None,1442,1442,0,752.79,0.52204577,697.79,55,744.21,0,0,0,7,7,7,-55,1.03814147
"Pool, Erin M",December_2022,99396,None,226,226,0,291.89,1.29154867,236.89,55,215.11,0,0,0,1,1,1,-281,2.24336283
"Pool, Erin M",December_2022,99490,None,425,425,0,294.28,0.69242353,274.28,20,150.72,0,0,0,5,5,5,-20,1.04705882
"Pool, Erin M",December_2022,G0009,None,55,55,0,29.34,0.53345455,29.34,0,25.66,0,0,0,1,1,1,0,1
"Pool, Erin M",December_2022,G0030,None,0,0,0,0,,0,0,0,0,0,0,15,15,15,0,
"Pool, Erin M",December_2022,G0402,None,336,336,0,0,0,0,0,0,0,0,0,1,1,1,336,0
"Pool, Erin M",December_2022,G0444,None,37,37,0,0,0,0,0,0,0,0,0,1,1,1,37,0
"Pool, Erin M",December_2022,G2181,None,0,0,0,0,,0,0,0,0,0,0,4,4,4,0,
"Pool, Erin M",December_2022,G8399,None,0,0,0,0,,0,0,0,0,0,0,6,6,6,0,
"Pool, Erin M",December_2022,G8400,None,0,0,0,0,,0,0,0,0,0,0,4,4,4,0,
"Pool, Erin M",December_2022,G8417,None,0,0,0,0,,0,0,0,0,0,0,104,106,106,0,
"Pool, Erin M",December_2022,G8418,None,0,0,0,0,,0,0,0,0,0,0,2,2,2,0,
"Pool, Erin M",December_2022,G8420,None,0,0,0,0,,0,0,0,0,0,0,52,54,54,0,
"Pool, Erin M",December_2022,G8421,None,0,0,0,0,,0,0,0,0,0,0,3,3,3,0,
"Pool, Erin M",December_2022,G8427,None,0,0,0,0,,0,0,0,0,0,0,163,168,168,0,
"Pool, Erin M",December_2022,G8431,None,0,0,0,0,,0,0,0,0,0,0,23,24,24,0,
"Pool, Erin M",December_2022,G8482,None,0,0,0,0,,0,0,0,0,0,0,61,63,63,0,
"Pool, Erin M",December_2022,G8483,None,0,0,0,0,,0,0,0,0,0,0,107,109,109,0,
"Pool, Erin M",December_2022,G8484,None,0,0,0,0,,0,0,0,0,0,0,1,1,1,0,
"Pool, Erin M",December_2022,G8510,None,0,0,0,0,,0,0,0,0,0,0,145,148,148,0,
"Pool, Erin M",December_2022,G8511,None,0,0,0,0,,0,0,0,0,0,0,1,1,1,0,
"Pool, Erin M",December_2022,G8536,None,0,0,0,0,,0,0,0,0,0,0,0,0,0,0,
"Pool, Erin M",December_2022,G8734,None,0,0,0,0,,0,0,0,0,0,0,1,1,1,0,
"Pool, Erin M",December_2022,G8752,None,0,0,0,0,,0,0,0,0,0,0,31,32,32,0,
"Pool, Erin M",December_2022,G8753,None,0,0,0,0,,0,0,0,0,0,0,9,9,9,0,
"Pool, Erin M",December_2022,G8754,None,0,0,0,0,,0,0,0,0,0,0,33,34,34,0,
"Pool, Erin M",December_2022,G8755,None,0,0,0,0,,0,0,0,0,0,0,7,7,7,0,
"Pool, Erin M",December_2022,G8756,None,0,0,0,0,,0,0,0,0,0,0,1,1,1,0,
"Pool, Erin M",December_2022,G8783,None,0,0,0,0,,0,0,0,0,0,0,132,136,136,0,
"Pool, Erin M",December_2022,G8950,None,0,0,0,0,,0,0,0,0,0,0,28,28,28,0,
"Pool, Erin M",December_2022,G9708,None,0,0,0,0,,0,0,0,0,0,0,1,1,1,0,
"Pool, Erin M",December_2022,G9745,None,0,0,0,0,,0,0,0,0,0,0,6,6,6,0,
"Pool, Erin M",December_2022,G9899,None,0,0,0,0,,0,0,0,0,0,0,11,11,11,0,
"Pool, Erin M",December_2022,G9900,None,0,0,0,0,,0,0,0,0,0,0,23,23,23,0,
"Pool, Erin M",December_2022,G9902,None,0,0,0,0,,0,0,0,0,0,0,16,16,16,0,
"Pool, Erin M",December_2022,G9903,None,0,0,0,0,,0,0,0,0,0,0,149,154,154,0,
"Pool, Erin M",December_2022,G9906,None,0,0,0,0,,0,0,0,0,0,0,14,14,14,0,
"Pool, Erin M",December_2022,G9907,None,0,0,0,0,,0,0,0,0,0,0,1,1,1,0,
"Pool, Erin M",December_2022,G9990,None,0,0,0,0,,0,0,0,0,0,0,7,7,7,0,
"Pool, Erin M",December_2022,G9991,None,0,0,0,0,,0,0,0,0,0,0,16,17,17,0,
"Pool, Erin M",December_2022,G9997,None,0,0,0,0,,0,0,0,0,0,0,1,1,1,0,
"Pool, Erin M",December_2022,NOC,None,0,0,0,0,,0,0,0,0,0,0,0,0,0,0,
"Ravula, Shantan B",January_2022,1036F,None,0,0,0,0,,0,0,0,0,0,0,18,18,18,0,
"Ravula, Shantan B",January_2022,4004F,None,0,0,0,0,,0,0,0,0,0,0,1,1,1,0,
"Ravula, Shantan B",January_2022,81003,None,12,12,0,0,0,0,0,0,0,0,0,1,1,1,12,0
"Ravula, Shantan B",January_2022,87426,None,10275,10200,75,2444.85,0.23794161,2369.85,75,3042.63,0,150,0,125,137,137,4637.52,0.54865985
"Ravula, Shantan B",January_2022,87804,None,1360,1320,40,622.06,0.45739706,560.72,61.34,553.02,0,190,0,34,34,68,-5.08,1.00373529
"Ravula, Shantan B",January_2022,87811,None,3975,3975,0,795.58,0.20014591,795.58,0,1454.42,0,75,0,51,53,53,1650,0.58490566
"Ravula, Shantan B",January_2022,90471,None,0,0,0,51,,51,0,75,0,0,0,0,0,0,-126,
"Ravula, Shantan B",January_2022,90688,None,0,0,0,60,,60,0,30,0,0,0,0,0,0,-90,
"Ravula, Shantan B",January_2022,95800,None,11781,11781,0,3564.21,0.30253883,2518.86,1045.35,4150.78,0,0,0,33,33,33,4066.01,0.65486716
"Ravula, Shantan B",January_2022,99072,None,45,45,0,0,0,0,0,45,0,0,0,3,3,3,0,1
"Ravula, Shantan B",January_2022,99201,None,90,90,0,0,0,0,0,0,0,0,0,1,1,1,90,0
"Ravula, Shantan B",January_2022,99202,None,3020,3020,0,640.61,0.21212252,490.61,150,415.39,0,77,0,20,20,20,1887,0.37516556
"Ravula, Shantan B",January_2022,99203,None,9982,9982,0,2652.57,0.26573532,1717.83,934.74,3077.96,0,0,0,46,46,46,4251.47,0.57408636
"Ravula, Shantan B",January_2022,99204,None,990,990,0,1414.78,1.42907071,1203.59,211.19,1519.03,0,0,0,3,3,3,-1943.81,2.96344444
"Ravula, Shantan B",January_2022,99212,None,623,623,0,85.61,0.13741573,85.61,0,92.39,0,89,0,6,7,7,356,0.42857143
"Ravula, Shantan B",January_2022,99213,None,27342,27195,147,9176.6,0.33562285,8408.37,768.23,8399.04,0,266,0,169,186,186,9500.36,0.65253603
"Ravula, Shantan B",January_2022,99214,None,1000,1000,0,702.65,0.70265,642.23,60.42,1042.33,0,0,0,4,4,4,-744.98,1.74498
"Ravula, Shantan B",January_2022,G8417,None,0,0,0,0,,0,0,0,0,0,0,1,1,1,0,
"Ravula, Shantan B",January_2022,G8419,None,0,0,0,0,,0,0,0,0,0,0,0,0,0,0,
"Ravula, Shantan B",January_2022,G8420,None,0,0,0,0,,0,0,0,0,0,0,0,0,0,0,
"Ravula, Shantan B",January_2022,G8427,None,0,0,0,0,,0,0,0,0,0,0,36,36,36,0,
"Ravula, Shantan B",January_2022,G8482,None,0,0,0,0,,0,0,0,0,0,0,0,0,0,0,
"Ravula, Shantan B",January_2022,G8752,None,0,0,0,0,,0,0,0,0,0,0,8,8,8,0,
"Ravula, Shantan B",January_2022,G8754,None,0,0,0,0,,0,0,0,0,0,0,8,8,8,0,
"Ravula, Shantan B",January_2022,G8783,None,0,0,0,0,,0,0,0,0,0,0,21,21,21,0,
"Ravula, Shantan B",January_2022,G9902,None,0,0,0,0,,0,0,0,0,0,0,1,1,1,0,
"Ravula, Shantan B",January_2022,G9903,None,0,0,0,0,,0,0,0,0,0,0,18,18,18,0,
"Ravula, Shantan B",January_2022,G9908,None,0,0,0,0,,0,0,0,0,0,0,0,0,0,0,
"Ravula, Shantan B",January_2022,INTBL,None,0,0,0,0.15,,0.15,0,0,0,0,0,0,0,0,-0.15,
"Ravula, Shantan B",January_2022,INTVP,None,0.07,0.07,0,0,0,0,0,0,0,0,0,1,1,1,0.07,0
"Ravula, Shantan B",February_2022,1036F,None,0,0,0,0,,0,0,0,0,0,0,17,17,17,0,
"Ravula, Shantan B",February_2022,4004F,None,0,0,0,0,,0,0,0,0,0,0,0,0,0,0,
"Ravula, Shantan B",February_2022,81003,None,0,0,0,2.3,,2.3,0,9.7,0,0,0,0,0,0,-12,
"Ravula, Shantan B",February_2022,87426,None,4425,4425,0,2873.19,0.64930847,2873.19,0,3998.07,0,0,0,46,59,59,-2446.26,1.55282712
"Ravula, Shantan B",February_2022,87804,None,160,160,0,497.18,3.107375,477.32,19.86,261.82,0,0,0,4,4,8,-599,4.74375
"Ravula, Shantan B",February_2022,87811,None,0,0,0,36.67,,36.67,0,188.33,0,0,0,0,0,0,-225,
"Ravula, Shantan B",February_2022,87880,None,64,64,0,9.92,0.155,9.92,0,22.08,0,0,0,2,2,2,32,0.5
"Ravula, Shantan B",February_2022,95800,None,9996,9639,357,3897.29,0.38988495,3422.38,474.91,6835.37,0,187,0,28,28,28,-923.66,1.09240296
"Ravula, Shantan B",February_2022,99072,None,0,0,0,0,,0,0,60,0,0,0,0,0,0,-60,
"Ravula, Shantan B",February_2022,99202,None,906,906,0,289.16,0.31916115,289.16,0,284.84,0,30,0,6,6,6,302,0.66666667
"Ravula, Shantan B",February_2022,99203,None,9765,9548,217,3067.04,0.314085,2570.3,496.74,5897.14,0,107,0,45,45,45,693.82,0.92894828
"Ravula, Shantan B",February_2022,99204,None,1650,1650,0,515.67,0.31252727,405.67,110,608.37,0,0,0,5,5,5,525.96,0.68123636
"Ravula, Shantan B",February_2022,99212,None,445,445,0,197.2,0.44314607,197.2,0,158.8,0,0,0,5,5,5,89,0.8
"Ravula, Shantan B",February_2022,99213,None,14188,14041,147,9379.71,0.66110164,8517.2,862.51,8955.41,0,250.66,0,83,97,97,-4397.78,1.30996476
"Ravula, Shantan B",February_2022,99214,None,500,500,0,418.37,0.83674,313.37,105,412.11,0,0,0,2,2,2,-330.48,1.66096
"Ravula, Shantan B",February_2022,COLF,None,99.66,99.66,0,0,0,0,0,0,0,0,0,1,1,1,99.66,0
"Ravula, Shantan B",February_2022,G8427,None,0,0,0,0,,0,0,0,0,0,0,71,74,74,0,
"Ravula, Shantan B",February_2022,G8752,None,0,0,0,0,,0,0,0,0,0,0,16,16,16,0,
"Ravula, Shantan B",February_2022,G8754,None,0,0,0,0,,0,0,0,0,0,0,16,16,16,0,
"Ravula, Shantan B",February_2022,G8783,None,0,0,0,0,,0,0,0,0,0,0,32,32,32,0,
"Ravula, Shantan B",February_2022,G9902,None,0,0,0,0,,0,0,0,0,0,0,0,0,0,0,
"Ravula, Shantan B",February_2022,G9903,None,0,0,0,0,,0,0,0,0,0,0,17,17,17,0,
"Ravula, Shantan B",March_2022,1036F,None,0,0,0,0,,0,0,0,0,0,0,36,36,36,0,
"Ravula, Shantan B",March_2022,87426,None,900,900,0,5296.69,5.88521111,5296.69,0,623.97,0,0,0,12,12,12,-5020.66,6.57851111
"Ravula, Shantan B",March_2022,87804,None,80,80,0,372.4,4.655,332.68,39.72,67.32,0,0,0,2,2,4,-359.72,5.4965
"Ravula, Shantan B",March_2022,87811,None,0,0,0,2124.83,,2124.83,0,50.17,0,0,0,0,0,0,-2175,
"Ravula, Shantan B",March_2022,87880,None,32,32,0,41.92,1.31,41.92,0,22.08,0,0,0,1,1,1,-32,2
"Ravula, Shantan B",March_2022,93000,None,35,35,0,18.86,0.53885714,18.86,0,16.14,0,0,0,1,1,1,0,1
"Ravula, Shantan B",March_2022,94660,None,131,131,0,71.13,0.5429771,0,71.13,59.87,0,0,0,1,1,1,0,1
"Ravula, Shantan B",March_2022,95800,None,15708,15708,0,4297.38,0.27357907,2720.04,1577.34,6342.18,0,382,0,44,44,44,4686.44,0.70165266
"Ravula, Shantan B",March_2022,95806,None,343,343,0,0,0,0,0,213.31,0,0,0,1,1,1,129.69,0.62189504
"Ravula, Shantan B",March_2022,99201,None,0,0,0,75,,75,0,15,0,0,0,0,0,0,-90,
"Ravula, Shantan B",March_2022,99202,None,302,302,0,1575,5.21523179,1425,150,1444,0,0,0,2,2,2,-2717,9.99668874
"Ravula, Shantan B",March_2022,99203,None,13888,13888,0,5765.6,0.41514977,3415.94,2349.66,6125.5,0,217,0,64,64,64,1779.9,0.871839
"Ravula, Shantan B",March_2022,99204,None,1320,1320,0,791.5,0.59962121,585.54,205.96,825.01,0,0,0,4,4,4,-296.51,1.22462879
"Ravula, Shantan B",March_2022,99212,None,267,267,0,322.36,1.20734082,287.36,35,246.64,0,0,0,3,3,3,-302,2.13108614
"Ravula, Shantan B",March_2022,99213,None,8820,8820,0,8792.53,0.99688549,7693.26,1099.27,9610.04,0,0,0,58,60,60,-9582.57,2.08645918
"Ravula, Shantan B",March_2022,99214,None,250,250,0,226.24,0.90496,161.24,65,338.76,0,0,0,1,1,1,-315,2.26
"Ravula, Shantan B",March_2022,99439,None,152,152,0,129.2,0.85,129.2,0,7.6,0,0,0,4,4,4,15.2,0.9
"Ravula, Shantan B",March_2022,99490,None,425,425,0,257.12,0.60498824,257.12,0,131.61,0,0,0,5,5,5,36.27,0.91465882
"Ravula, Shantan B",March_2022,COLF,None,87.09,87.09,0,0,0,0,0,0,0,0,0,1,1,1,87.09,0
"Ravula, Shantan B",March_2022,G0399,None,0,0,0,129.69,,129.69,0,227.31,0,0,0,0,0,0,-357,
"Ravula, Shantan B",March_2022,G8417,None,0,0,0,0,,0,0,0,0,0,0,0,0,0,0,
"Ravula, Shantan B",March_2022,G8427,None,0,0,0,0,,0,0,0,0,0,0,104,113,113,0,
"Ravula, Shantan B",March_2022,G8752,None,0,0,0,0,,0,0,0,0,0,0,14,14,14,0,
"Ravula, Shantan B",March_2022,G8754,None,0,0,0,0,,0,0,0,0,0,0,14,14,14,0,
"Ravula, Shantan B",March_2022,G8783,None,0,0,0,0,,0,0,0,0,0,0,23,23,23,0,
"Ravula, Shantan B",March_2022,G8952,None,0,0,0,0,,0,0,0,0,0,0,0,0,0,0,
"Ravula, Shantan B",March_2022,G9903,None,0,0,0,0,,0,0,0,0,0,0,36,36,36,0,
"Ravula, Shantan B",April_2022,1036F,None,0,0,0,0,,0,0,0,0,0,0,14,14,14,0,
"Ravula, Shantan B",April_2022,87426,None,225,225,0,2061.29,9.16128889,2061.29,0,263.71,0,0,0,3,3,3,-2100,10.33333333
"Ravula, Shantan B",April_2022,87804,None,0,0,0,667.86,,628.14,39.72,11.86,0,0,0,0,0,0,-679.72,
"Ravula, Shantan B",April_2022,87811,None,0,0,0,1125,,1125,0,0,0,0,0,0,0,0,-1125,
"Ravula, Shantan B",April_2022,87880,None,32,32,0,7.34,0.229375,7.34,0,24.66,0,0,0,1,1,1,0,1
"Ravula, Shantan B",April_2022,93000,None,0,0,0,18.86,,0,18.86,0,0,0,0,0,0,0,-18.86,
"Ravula, Shantan B",April_2022,95800,None,18921,18921,0,6116.41,0.3232604,4170.13,1946.28,8216.08,0,187,0,52,53,53,4401.51,0.76737435
"Ravula, Shantan B",April_2022,95806,None,343,343,0,103.75,0.30247813,103.75,0,213.31,0,0,0,1,1,1,25.94,0.92437318
"Ravula, Shantan B",April_2022,99202,None,0,0,0,515,,515,0,844,0,0,0,0,0,0,-1359,
"Ravula, Shantan B",April_2022,99203,None,10199,10199,0,4727.95,0.46356996,2568.83,2159.12,5039.39,0,217,0,47,47,47,214.66,0.97895284
"Ravula, Shantan B",April_2022,99204,None,2640,2640,0,980.58,0.37143182,723.97,256.61,869.84,0,0,0,8,8,8,789.58,0.70091667
"Ravula, Shantan B",April_2022,99212,None,0,0,0,58.65,,58.65,0,84.35,0,0,0,0,0,0,-143,
"Ravula, Shantan B",April_2022,99213,None,6174,6174,0,5477.72,0.88722384,3916.37,1561.35,5704.55,0,147,0,42,42,42,-5155.27,1.83499676
"Ravula, Shantan B",April_2022,99214,None,6000,6000,0,1012.05,0.168675,510.64,501.41,859.36,0,0,0,24,24,24,4128.59,0.31190167
"Ravula, Shantan B",April_2022,99439,None,38,38,0,38,1,38,0,0,0,0,0,1,1,1,0,1
"Ravula, Shantan B",April_2022,99490,None,170,170,0,108.45,0.63794118,108.45,0,73.64,0,0,0,2,2,2,-12.09,1.07111765
"Ravula, Shantan B",April_2022,COLF,None,134.33,134.33,0,0,0,0,0,0,0,0,0,1,1,1,134.33,0
"Ravula, Shantan B",April_2022,G8427,None,0,0,0,0,,0,0,0,0,0,0,106,114,114,0,
"Ravula, Shantan B",April_2022,G8752,None,0,0,0,0,,0,0,0,0,0,0,2,2,2,0,
"Ravula, Shantan B",April_2022,G8754,None,0,0,0,0,,0,0,0,0,0,0,2,2,2,0,
"Ravula, Shantan B",April_2022,G8783,None,0,0,0,0,,0,0,0,0,0,0,2,2,2,0,
"Ravula, Shantan B",April_2022,G9903,None,0,0,0,0,,0,0,0,0,0,0,14,14,14,0,
"Ravula, Shantan B",May_2022,1036F,None,0,0,0,0,,0,0,0,0,0,0,4,4,4,0,
"Ravula, Shantan B",May_2022,87426,None,1275,1275,0,215.37,0.16891765,215.37,0,159.63,0,0,0,17,17,17,900,0.29411765
"Ravula, Shantan B",May_2022,87804,None,280,280,0,33.88,0.121,33.88,0,6.12,0,0,0,7,7,14,240,0.14285714
"Ravula, Shantan B",May_2022,95800,None,12852,12852,0,7210.33,0.56102786,4070.03,3140.3,9148.59,0,714,0,36,36,36,-4220.92,1.32842515
"Ravula, Shantan B",May_2022,95806,None,0,0,0,129.69,,0,129.69,0,0,0,0,0,0,0,-129.69,
"Ravula, Shantan B",May_2022,99202,None,453,453,0,73.45,0.16214128,73.45,0,77.55,0,0,0,3,3,3,302,0.33333333
"Ravula, Shantan B",May_2022,99203,None,8897,8463,434,5248.05,0.58986737,2960.73,2287.32,5375.86,0,540.53,0,41,41,41,-2267.44,1.25485445
"Ravula, Shantan B",May_2022,99204,None,3630,3630,0,1274.03,0.35097245,1101.61,172.42,1644.36,0,0,0,11,11,11,711.61,0.80396419
"Ravula, Shantan B",May_2022,99213,None,4704,4557,147,2905.63,0.61769345,1570.12,1335.51,2231.23,0,71,0,32,32,32,-503.86,1.1071131
"Ravula, Shantan B",May_2022,99214,None,13750,13500,250,3453.88,0.25119127,2670.8,783.08,5047.19,0,665,0,55,55,55,4583.93,0.66662327
"Ravula, Shantan B",May_2022,99439,None,76,76,0,83.11,1.09355263,83.11,0,0.49,0,0,0,2,2,2,-7.6,1.1
"Ravula, Shantan B",May_2022,99490,None,170,170,0,135.39,0.79641176,135.39,0,46.7,0,0,0,2,2,2,-12.09,1.07111765
"Ravula, Shantan B",May_2022,COLF,None,36.77,36.77,0,0,0,0,0,0,0,0,0,1,1,1,36.77,0
"Ravula, Shantan B",May_2022,G8417,None,0,0,0,0,,0,0,0,0,0,0,0,0,0,0,
"Ravula, Shantan B",May_2022,G8427,None,0,0,0,0,,0,0,0,0,0,0,130,133,133,0,
"Ravula, Shantan B",May_2022,G8752,None,0,0,0,0,,0,0,0,0,0,0,0,0,0,0,
"Ravula, Shantan B",May_2022,G8754,None,0,0,0,0,,0,0,0,0,0,0,0,0,0,0,
"Ravula, Shantan B",May_2022,G8783,None,0,0,0,0,,0,0,0,0,0,0,0,0,0,0,
"Ravula, Shantan B",May_2022,G9902,None,0,0,0,0,,0,0,0,0,0,0,0,0,0,0,
"Ravula, Shantan B",May_2022,G9903,None,0,0,0,0,,0,0,0,0,0,0,4,4,4,0,
"Ravula, Shantan B",May_2022,G9908,None,0,0,0,0,,0,0,0,0,0,0,0,0,0,0,
"Ravula, Shantan B",May_2022,INTBL,None,0,0,0,0,,0,0,0,0,0,0,0,0,0,0,
"Ravula, Shantan B",May_2022,INTVP,None,0,0,0,0.04,,0.04,0,0,0,0,0,0,0,0,-0.04,
"Ravula, Shantan B",June_2022,1036F,None,0,0,0,0,,0,0,0,0,0,0,3,3,3,0,
"Ravula, Shantan B",June_2022,87426,None,1200,1200,0,588.16,0.49013333,588.16,0,886.54,0,75,0,16,16,16,-349.7,1.29141667
"Ravula, Shantan B",June_2022,87804,None,280,280,0,145.34,0.51907143,145.34,0,192.14,0,19.86,0,7,7,14,-77.34,1.27621429
"Ravula, Shantan B",June_2022,87880,None,64,64,0,7.94,0.1240625,7.94,0,22.08,0,0,0,2,2,2,33.98,0.4690625
"Ravula, Shantan B",June_2022,95800,None,16779,16422,357,6822.8,0.40662733,4611.55,2211.25,8214.18,0,586.18,0,47,47,47,1155.84,0.93111389
"Ravula, Shantan B",June_2022,95806,None,0,0,0,20,,0,20,0,0,0,0,0,0,0,-20,
"Ravula, Shantan B",June_2022,96127,None,0,0,0,3.83,,0,3.83,0,0,0,0,0,0,0,-3.83,
"Ravula, Shantan B",June_2022,99202,None,0,0,0,157.89,,157.89,0,144.11,0,0,0,0,0,0,-302,
"Ravula, Shantan B",June_2022,99203,None,9982,9982,0,4878.65,0.48874474,2435,2443.65,4257.22,0,136.53,0,46,46,46,709.6,0.92891204
"Ravula, Shantan B",June_2022,99204,None,1650,1650,0,1554.65,0.94221212,1272.61,282.04,1604.38,0,0,0,5,5,5,-1509.03,1.91456364
"Ravula, Shantan B",June_2022,99212,None,267,178,89,35.5,0.1329588,35.5,0,44.63,0,131,0,3,3,3,55.87,0.79074906
"Ravula, Shantan B",June_2022,99213,None,4557,4557,0,2774.93,0.6089379,1706.39,1068.54,2386.23,0,149.05,0,31,31,31,-753.21,1.16528637
"Ravula, Shantan B",June_2022,99214,None,13500,13500,0,5745.9,0.42562222,4195.17,1550.73,7535.23,0,0,0,54,54,54,218.87,0.98378741
"Ravula, Shantan B",June_2022,99490,None,595,595,0,346.36,0.58211765,346.36,0,139.46,0,0,0,7,7,7,109.18,0.8165042
"Ravula, Shantan B",June_2022,COLF,None,166.79,166.79,0,0,0,0,0,0,0,0,0,1,1,1,166.79,0
"Ravula, Shantan B",June_2022,G8417,None,0,0,0,0,,0,0,0,0,0,0,0,0,0,0,
"Ravula, Shantan B",June_2022,G8427,None,0,0,0,0,,0,0,0,0,0,0,123,130,130,0,
"Ravula, Shantan B",June_2022,G8752,None,0,0,0,0,,0,0,0,0,0,0,1,1,1,0,
"Ravula, Shantan B",June_2022,G8754,None,0,0,0,0,,0,0,0,0,0,0,1,1,1,0,
"Ravula, Shantan B",June_2022,G8783,None,0,0,0,0,,0,0,0,0,0,0,0,0,0,0,
"Ravula, Shantan B",June_2022,G9903,None,0,0,0,0,,0,0,0,0,0,0,3,3,3,0,
"Ravula, Shantan B",June_2022,INTBL,None,0,0,0,0,,0,0,0,0,0,0,0,0,0,0,
"Ravula, Shantan B",June_2022,INTVP,None,0.02,0.02,0,0.07,3.5,0.07,0,0,0,0,0,1,1,1,-0.05,3.5
"Ravula, Shantan B",July_2022,1036F,None,0,0,0,0,,0,0,0,0,0,0,2,2,2,0,
"Ravula, Shantan B",July_2022,87426,None,1125,1125,0,519.32,0.46161778,519.32,0,605.68,0,0,0,14,15,15,0,1
"Ravula, Shantan B",July_2022,87804,None,0,0,0,63.88,,44.02,19.86,52.14,0,0,0,0,0,0,-116.02,
"Ravula, Shantan B",July_2022,87880,None,64,64,0,7.34,0.1146875,7.34,0,24.66,0,0,0,2,2,2,32,0.5
"Ravula, Shantan B",July_2022,90471,None,42,42,0,0,0,0,0,0,0,0,0,1,1,1,42,0
"Ravula, Shantan B",July_2022,90472,None,26,26,0,0,0,0,0,0,0,0,0,1,1,1,26,0
"Ravula, Shantan B",July_2022,90651,None,450,450,0,0,0,0,0,0,0,0,0,1,1,1,450,0
"Ravula, Shantan B",July_2022,90715,None,60,60,0,0,0,0,0,0,0,0,0,1,1,1,60,0
"Ravula, Shantan B",July_2022,95800,None,13923,13923,0,5632.46,0.40454356,3240.84,2391.62,6178.85,0,709.53,0,39,39,39,1402.16,0.89929182
"Ravula, Shantan B",July_2022,95806,None,0,0,0,25.94,,0,25.94,0,0,0,0,0,0,0,-25.94,
"Ravula, Shantan B",July_2022,99202,None,151,0,151,10,0.06622517,0,10,0,0,66,0,1,1,1,75,0.50331126
"Ravula, Shantan B",July_2022,99203,None,8463,8463,0,4973.91,0.58772421,2752.64,2221.27,4633.94,0,383.27,0,39,39,39,-1528.12,1.18056481
"Ravula, Shantan B",July_2022,99204,None,2310,2310,0,1009.34,0.43694372,682.48,326.86,1159.7,0,0,0,7,7,7,140.96,0.93897835
"Ravula, Shantan B",July_2022,99213,None,5145,5145,0,2706.74,0.52609135,1716.93,989.81,2168.63,0.73,294,0,34,35,35,-25.1,1.00487852
"Ravula, Shantan B",July_2022,99214,None,12250,12250,0,5471.02,0.44661388,3966.59,1504.43,6686.55,0,250,0,49,49,49,-157.57,1.01286286
"Ravula, Shantan B",July_2022,99395,None,206,206,0,0,0,0,0,0,0,0,0,1,1,1,206,0
"Ravula, Shantan B",July_2022,99490,None,340,340,0,282.82,0.83182353,282.82,0,142.18,0,0,0,4,4,4,-85,1.25
"Ravula, Shantan B",July_2022,G8417,None,0,0,0,0,,0,0,0,0,0,0,0,0,0,0,
"Ravula, Shantan B",July_2022,G8420,None,0,0,0,0,,0,0,0,0,0,0,1,1,1,0,
"Ravula, Shantan B",July_2022,G8427,None,0,0,0,0,,0,0,0,0,0,0,114,119,119,0,
"Ravula, Shantan B",July_2022,G8752,None,0,0,0,0,,0,0,0,0,0,0,0,0,0,0,
"Ravula, Shantan B",July_2022,G8754,None,0,0,0,0,,0,0,0,0,0,0,0,0,0,0,
"Ravula, Shantan B",July_2022,G8783,None,0,0,0,0,,0,0,0,0,0,0,0,0,0,0,
"Ravula, Shantan B",July_2022,G9903,None,0,0,0,0,,0,0,0,0,0,0,2,2,2,0,
"Ravula, Shantan B",July_2022,INTBL,None,0,0,0,0,,0,0,0,0,0,0,0,0,0,0,
"Ravula, Shantan B",July_2022,INTVP,None,0,0,0,0.02,,0.02,0,0,0,0,0,0,0,0,-0.02,
"Ravula, Shantan B",August_2022,1036F,None,0,0,0,0,,0,0,0,0,0,0,0,0,0,0,
"Ravula, Shantan B",August_2022,87426,None,1725,1725,0,719.6,0.41715942,719.6,0,1130.1,0,0,0,20,23,23,-124.7,1.07228986
"Ravula, Shantan B",August_2022,87804,None,160,160,0,68.3,0.426875,28.58,39.72,45.46,0,0,0,4,4,8,46.24,0.711
"Ravula, Shantan B",August_2022,87880,None,64,64,0,33.98,0.5309375,33.98,0,62.02,0,0,0,2,2,2,-32,1.5
"Ravula, Shantan B",August_2022,90471,None,0,0,0,14.1,,14.1,0,27.9,0,0,0,0,0,0,-42,
"Ravula, Shantan B",August_2022,90472,None,0,0,0,12.71,,12.71,0,13.29,0,0,0,0,0,0,-26,
"Ravula, Shantan B",August_2022,90651,None,0,0,0,304.32,,304.32,0,145.68,0,0,0,0,0,0,-450,
"Ravula, Shantan B",August_2022,90715,None,0,0,0,57.17,,57.17,0,2.83,0,0,0,0,0,0,-60,
"Ravula, Shantan B",August_2022,95800,None,14280,14280,0,7080.36,0.49582353,4486.61,2593.75,8712.89,0,198.64,0,40,40,40,-1711.89,1.11988025
"Ravula, Shantan B",August_2022,95806,None,343,343,0,97.81,0.28516035,77.81,20,213.31,0,0,0,1,1,1,31.88,0.90705539
"Ravula, Shantan B",August_2022,99203,None,8463,8463,0,4385.87,0.51824058,2294.21,2091.66,3663.2,0,60,0,39,39,39,353.93,0.95817913
"Ravula, Shantan B",August_2022,99204,None,2640,2640,0,881,0.33371212,716,165,1007.56,0,0,0,8,8,8,751.44,0.71536364
"Ravula, Shantan B",August_2022,99213,None,5439,5439,0,3284.25,0.60383343,2618.18,666.07,3070.62,0,204.73,0,34,37,37,-1120.6,1.20603052
"Ravula, Shantan B",August_2022,99214,None,14000,14000,0,6370.25,0.45501786,4334.55,2035.7,8189.15,0,0,0,56,56,56,-559.4,1.03995714
"Ravula, Shantan B",August_2022,99395,None,0,0,0,119.55,,119.55,0,86.45,0,0,0,0,0,0,-206,
"Ravula, Shantan B",August_2022,99439,None,80,80,0,41.5,0.51875,34.12,7.38,46.1,0,0,0,1,1,1,-7.6,1.095
"Ravula, Shantan B",August_2022,99490,None,255,255,0,122.45,0.48019608,110.36,12.09,83.82,0,85,0,3,3,3,-36.27,1.14223529
"Ravula, Shantan B",August_2022,G8417,None,0,0,0,0,,0,0,0,0,0,0,0,0,0,0,
"Ravula, Shantan B",August_2022,G8420,None,0,0,0,0,,0,0,0,0,0,0,0,0,0,0,
"Ravula, Shantan B",August_2022,G8427,None,0,0,0,0,,0,0,0,0,0,0,125,130,130,0,
"Ravula, Shantan B",August_2022,G8783,None,0,0,0,0,,0,0,0,0,0,0,0,0,0,0,
"Ravula, Shantan B",August_2022,G9903,None,0,0,0,0,,0,0,0,0,0,0,0,0,0,0,
"Ravula, Shantan B",August_2022,INTBL,None,0,0,0,0,,0,0,0,0,0,0,0,0,0,0,
"Ravula, Shantan B",September_2022,1036F,None,0,0,0,0,,0,0,0,0,0,0,0,0,0,0,
"Ravula, Shantan B",September_2022,87426,None,900,900,0,716.07,0.79563333,716.07,0,858.93,0,21,0,10,12,12,-696,1.77333333
"Ravula, Shantan B",September_2022,87804,None,280,280,0,160,0.57142857,154.04,5.96,126.24,0,20,0,6,7,14,-26.24,1.09371429
"Ravula, Shantan B",September_2022,87811,None,75,75,0,40.55,0.54066667,40.55,0,34.45,0,0,0,1,1,1,0,1
"Ravula, Shantan B",September_2022,87880,None,64,64,0,14.05,0.21953125,14.05,0,40.03,0,0,0,2,2,2,9.92,0.845
"Ravula, Shantan B",September_2022,90471,None,504,504,0,96.47,0.19140873,96.47,0,155.53,0,42,0,12,12,12,210,0.58333333
"Ravula, Shantan B",September_2022,90662,None,75,75,0,68.54,0.91386667,68.54,0,6.46,0,0,0,1,1,1,0,1
"Ravula, Shantan B",September_2022,90688,None,390,390,0,119.8,0.30717949,119.8,0,60.2,0,30,0,13,13,13,180,0.53846154
"Ravula, Shantan B",September_2022,93000,None,35,35,0,0,0,0,0,16.14,0,0,0,1,1,1,18.86,0.46114286
"Ravula, Shantan B",September_2022,95800,None,13209,12852,357,6626.07,0.50163298,3720.84,2905.23,6238.57,0,370.92,0,37,37,37,-26.56,1.00201075
"Ravula, Shantan B",September_2022,99203,None,12803,12586,217,6789.54,0.53030852,4186.2,2603.34,6240.16,0,217,0,59,59,59,-443.7,1.03465594
"Ravula, Shantan B",September_2022,99204,None,3630,3630,0,1582.78,0.43602755,1368.33,214.45,1163.42,0,490,0,11,11,11,393.8,0.89151515
"Ravula, Shantan B",September_2022,99213,None,4263,4263,0,3410.91,0.80011963,2799.12,611.79,2784.92,0,71,0,27,29,29,-2003.83,1.47005161
"Ravula, Shantan B",September_2022,99214,None,14000,14000,0,6358.66,0.45419,4319.51,2039.15,6962.71,0,0,0,56,56,56,678.63,0.95152643
"Ravula, Shantan B",September_2022,99439,None,160,160,0,47.2,0.295,47.2,0,32.8,0,80,0,2,2,2,0,1
"Ravula, Shantan B",September_2022,99490,None,680,680,0,390.7,0.57455882,390.7,0,158.76,0,85,0,8,8,8,45.54,0.93302941
"Ravula, Shantan B",September_2022,COLF,None,30.94,30.94,0,99.66,3.22107304,0,99.66,0,0,0,0,1,1,1,-68.72,3.22107304
"Ravula, Shantan B",September_2022,G0008,None,84,84,0,29.34,0.34928571,29.34,0,12.66,0,0,0,2,2,2,42,0.5
"Ravula, Shantan B",September_2022,G8417,None,0,0,0,0,,0,0,0,0,0,0,0,0,0,0,
"Ravula, Shantan B",September_2022,G8420,None,0,0,0,0,,0,0,0,0,0,0,0,0,0,0,
"Ravula, Shantan B",September_2022,G8427,None,0,0,0,0,,0,0,0,0,0,0,142,147,147,0,
"Ravula, Shantan B",September_2022,G8482,None,0,0,0,0,,0,0,0,0,0,0,12,12,12,0,
"Ravula, Shantan B",September_2022,G8752,None,0,0,0,0,,0,0,0,0,0,0,0,0,0,0,
"Ravula, Shantan B",September_2022,G8754,None,0,0,0,0,,0,0,0,0,0,0,0,0,0,0,
"Ravula, Shantan B",September_2022,G8783,None,0,0,0,0,,0,0,0,0,0,0,0,0,0,0,
"Ravula, Shantan B",September_2022,G9903,None,0,0,0,0,,0,0,0,0,0,0,0,0,0,0,
"Ravula, Shantan B",October_2022,1036F,None,0,0,0,0,,0,0,0,0,0,0,0,0,0,0,
"Ravula, Shantan B",October_2022,87426,None,975,900,75,165.07,0.16930256,165.07,0,209.93,0,25,0,13,13,13,575,0.41025641
"Ravula, Shantan B",October_2022,87804,None,440,400,40,52.3,0.11886364,52.3,0,27.7,0,16,0,11,11,22,344,0.21818182
"Ravula, Shantan B",October_2022,87880,None,32,32,0,26.12,0.81625,26.12,0,37.88,0,0,0,1,1,1,-32,2
"Ravula, Shantan B",October_2022,90471,None,420,420,0,126.7,0.30166667,126.7,0,209.3,0,0,0,10,10,10,84,0.8
"Ravula, Shantan B",October_2022,90662,None,375,375,0,130.22,0.34725333,130.22,0,19.78,0,0,0,5,5,5,225,0.4
"Ravula, Shantan B",October_2022,90688,None,360,360,0,215.68,0.59911111,215.68,0,114.32,0,0,0,12,12,12,30,0.91666667
"Ravula, Shantan B",October_2022,95800,None,19992,19992,0,6100.13,0.30512855,3361.68,2738.45,6209.04,0,357,0,56,56,56,7325.83,0.63356192
"Ravula, Shantan B",October_2022,95806,None,0,0,0,11.88,,0,11.88,0,0,0,0,0,0,0,-11.88,
"Ravula, Shantan B",October_2022,95810,None,0,0,0,25,,0,25,0,0,0,0,0,0,0,-25,
"Ravula, Shantan B",October_2022,99203,None,12152,11935,217,4934.81,0.40609036,3183.26,1751.55,5102.53,0,349,0,56,56,56,1765.66,0.85470211
"Ravula, Shantan B",October_2022,99204,None,3630,3630,0,1901.3,0.5237741,1715.11,186.19,2021.37,0,0,0,11,11,11,-292.67,1.08062534
"Ravula, Shantan B",October_2022,99213,None,3822,3675,147,1632.76,0.42720042,1091.03,541.73,1276.9,0,71,0,26,26,26,841.34,0.77986918
"Ravula, Shantan B",October_2022,99214,None,17000,17000,0,6032.97,0.35488059,3666.78,2366.19,6080.54,0,390,0,68,68,68,4496.49,0.73550059
"Ravula, Shantan B",October_2022,99439,None,160,160,0,35.87,0.2241875,35.87,0,44.13,0,0,0,2,2,2,80,0.5
"Ravula, Shantan B",October_2022,99490,None,935,935,0,579.03,0.61928342,579.03,0,295.52,0,0,0,11,11,11,60.45,0.93534759
"Ravula, Shantan B",October_2022,COLF,None,89.84,89.84,0,0,0,0,0,0,0,0,0,2,2,2,89.84,0
"Ravula, Shantan B",October_2022,G0008,None,294,294,0,141.53,0.48139456,141.53,0,68.47,0,0,0,7,7,7,84,0.71428571
"Ravula, Shantan B",October_2022,G8427,None,0,0,0,0,,0,0,0,0,0,0,146,150,150,0,
"Ravula, Shantan B",October_2022,G8482,None,0,0,0,0,,0,0,0,0,0,0,7,7,7,0,
"Ravula, Shantan B",October_2022,G9903,None,0,0,0,0,,0,0,0,0,0,0,0,0,0,0,
"Ravula, Shantan B",October_2022,NOC,None,0,0,0,0,,0,0,0,0,0,0,1,1,1,0,
"Ravula, Shantan B",November_2022,1036F,None,0,0,0,0,,0,0,0,0,0,0,0,0,0,0,
"Ravula, Shantan B",November_2022,87426,None,300,300,0,390.33,1.3011,340.33,50,634.67,0,0,0,3,4,4,-725,3.41666667
"Ravula, Shantan B",November_2022,87804,None,80,80,0,307.14,3.83925,248.6,58.54,171.54,0,0,0,2,2,4,-398.68,5.9835
"Ravula, Shantan B",November_2022,87880,None,32,32,0,0,0,0,0,22.08,0,0,0,1,1,1,9.92,0.69
"Ravula, Shantan B",November_2022,90471,None,252,252,0,198.06,0.78595238,198.06,0,305.94,0,0,0,6,6,6,-252,2
"Ravula, Shantan B",November_2022,90662,None,0,0,0,135.05,,135.05,0,14.95,0,0,0,0,0,0,-150,
"Ravula, Shantan B",November_2022,90688,None,180,180,0,259.3,1.44055556,259.3,0,120.7,0,0,0,6,6,6,-200,2.11111111
"Ravula, Shantan B",November_2022,95800,None,19695,19338,357,10074.11,0.51150597,6241.26,3832.85,10633.27,0,544,0,57,57,57,-1556.38,1.07902412
"Ravula, Shantan B",November_2022,95810,None,1260,1260,0,0,0,0,0,0,0,0,0,1,1,1,1260,0
"Ravula, Shantan B",November_2022,95811,None,0,0,0,20,,0,20,0,0,0,0,0,0,0,-20,
"Ravula, Shantan B",November_2022,99202,None,151,151,0,99.79,0.66086093,74.79,25,76.21,0,0,0,1,1,1,-25,1.16556291
"Ravula, Shantan B",November_2022,99203,None,9548,9548,0,5307.3,0.55585463,3842.12,1465.18,6499.66,0,0,0,44,44,44,-2258.96,1.23658986
"Ravula, Shantan B",November_2022,99204,None,2310,2310,0,1980.13,0.85719913,1381.37,598.76,1946.65,0,0,0,7,7,7,-1616.78,1.69990476
"Ravula, Shantan B",November_2022,99213,None,2499,2352,147,1998.79,0.79983593,1463.34,535.45,1578.32,0,62,0,17,17,17,-1140.11,1.45622649
"Ravula, Shantan B",November_2022,99214,None,20250,20000,250,8882.07,0.43862074,6579.14,2302.93,11521.24,0,890,0,81,81,81,-1043.31,1.05152148
"Ravula, Shantan B",November_2022,99439,None,400,400,0,258.84,0.6471,258.84,0,202.86,0,0,0,5,5,5,-61.7,1.15425
"Ravula, Shantan B",November_2022,99490,None,1275,1275,0,821.46,0.64428235,821.46,0,368.54,0,0,0,15,15,15,85,0.93333333
"Ravula, Shantan B",November_2022,COLF,None,174.9,174.9,0,0,0,0,0,0,0,0,0,3,3,3,174.9,0
"Ravula, Shantan B",November_2022,G0008,None,0,0,0,95.46,,95.46,0,47.54,0,0,0,0,0,0,-143,
"Ravula, Shantan B",November_2022,G8417,None,0,0,0,0,,0,0,0,0,0,0,0,0,0,0,
"Ravula, Shantan B",November_2022,G8420,None,0,0,0,0,,0,0,0,0,0,0,0,0,0,0,
"Ravula, Shantan B",November_2022,G8427,None,0,0,0,0,,0,0,0,0,0,0,134,136,136,0,
"Ravula, Shantan B",November_2022,G8482,None,0,0,0,0,,0,0,0,0,0,0,0,0,0,0,
"Ravula, Shantan B",November_2022,G8752,None,0,0,0,0,,0,0,0,0,0,0,0,0,0,0,
"Ravula, Shantan B",November_2022,G8754,None,0,0,0,0,,0,0,0,0,0,0,0,0,0,0,
"Ravula, Shantan B",November_2022,G8783,None,0,0,0,0,,0,0,0,0,0,0,0,0,0,0,
"Ravula, Shantan B",November_2022,G9903,None,0,0,0,0,,0,0,0,0,0,0,0,0,0,0,
"Ravula, Shantan B",November_2022,INTBL,None,0,0,0,0,,0,0,0,0,0,0,0,0,0,0,
"Ravula, Shantan B",November_2022,NOC,None,0,0,0,0,,0,0,0,0,0,0,11,11,11,0,
"Ravula, Shantan B",November_2022,SSD,None,750,750,0,0,0,0,0,0,0,0,0,3,3,3,750,0
"Ravula, Shantan B",December_2022,87426,None,225,225,0,-39.08,-0.17368889,-39.08,0,122.76,0,0,0,3,3,3,141.32,0.37191111
"Ravula, Shantan B",December_2022,87804,None,80,80,0,56.42,0.70525,56.42,0,23.58,0,0,0,2,2,4,0,1
"Ravula, Shantan B",December_2022,90471,None,0,0,0,0,,0,0,0,0,0,0,0,0,0,0,
"Ravula, Shantan B",December_2022,90662,None,0,0,0,69.94,,69.94,0,5.06,0,0,0,0,0,0,-75,
"Ravula, Shantan B",December_2022,90688,None,0,0,0,1.77,,1.77,0,-1.77,0,0,0,0,0,0,0,
"Ravula, Shantan B",December_2022,95782,None,1845,1845,0,0,0,0,0,0,0,0,0,1,1,1,1845,0
"Ravula, Shantan B",December_2022,95800,None,26061,25704,357,11568.89,0.44391581,8790.52,2778.37,13190.07,0,0,0,73,73,73,1302.04,0.95003876
"Ravula, Shantan B",December_2022,95805,None,2607,2607,0,1101.93,0.42268124,1076.93,25,1331.5,0,0,0,3,3,3,173.57,0.93342156
"Ravula, Shantan B",December_2022,95810,None,12600,12600,0,2891.1,0.22945238,2851.1,40,3217.89,0,0,0,10,10,10,6491.01,0.48484048
"Ravula, Shantan B",December_2022,95811,None,2648,2648,0,0,0,0,0,0,0,0,0,2,2,2,2648,0
"Ravula, Shantan B",December_2022,99203,None,10850,10416,434,5003.79,0.4611788,3603.55,1400.24,5974.6,0,107,0,50,50,50,-235.39,1.02169493
"Ravula, Shantan B",December_2022,99204,None,3300,3300,0,1059.14,0.32095152,972.95,86.19,1404.04,0,0,0,10,10,10,836.82,0.74641818
"Ravula, Shantan B",December_2022,99213,None,2499,2499,0,970.41,0.38831933,545.1,425.31,1268.94,0,10,0,17,17,17,249.65,0.90010004
"Ravula, Shantan B",December_2022,99214,None,20750,20500,250,10302.02,0.49648289,7953.09,2348.93,13143.12,0,0,0,83,83,83,-2695.14,1.12988627
"Ravula, Shantan B",December_2022,99439,None,240,240,0,137.24,0.57183333,137.24,0,102.76,0,0,0,3,3,3,0,1
"Ravula, Shantan B",December_2022,99490,None,765,765,0,612.8,0.80104575,612.8,0,273.47,0,0,0,9,9,9,-121.27,1.15852288
"Ravula, Shantan B",December_2022,COLF,None,58.15,58.15,0,0,0,0,0,0,0,0,0,3,3,3,58.15,0
"Ravula, Shantan B",December_2022,G0008,None,0,0,0,0,,0,0,0,0,0,0,0,0,0,0,
"Ravula, Shantan B",December_2022,G8427,None,0,0,0,0,,0,0,0,0,0,0,142,147,148,0,
"Ravula, Shantan B",December_2022,G8482,None,0,0,0,0,,0,0,0,0,0,0,0,0,0,0,
"Ravula, Shantan B",December_2022,INTBL,None,0.2,0.2,0,0,0,0,0,0,0,0,0,3,3,3,0.2,0
"Raza, Harris ",April_2022,99214,None,0,0,0,25,,0,25,0,0,0,0,0,0,0,-25,
"Raza, Harris ",May_2022,99214,None,0,0,0,25,,0,25,0,0,0,0,0,0,0,-25,
"Raza, Harris ",June_2022,99214,None,0,0,0,25,,0,25,0,0,0,0,0,0,0,-25,
"Raza, Harris ",August_2022,99214,None,0,0,0,70,,0,70,0,0,0,0,0,0,0,-70,
"Raza, Harris ",September_2022,99214,None,0,0,0,45,,0,45,0,0,0,0,0,0,0,-45,
"Raza, Harris ",October_2022,1036F,None,0,0,0,0,,0,0,0,0,0,0,0,0,0,0,
"Raza, Harris ",October_2022,3017F,None,0,0,0,0,,0,0,0,0,0,0,0,0,0,0,
"Raza, Harris ",October_2022,3044F,None,0,0,0,0,,0,0,0,0,0,0,0,0,0,0,
"Raza, Harris ",October_2022,99213,None,0,0,0,21,,0,21,0,0,0,0,0,0,0,-21,
"Raza, Harris ",October_2022,99396,None,0,0,0,20,,0,20,0,0,0,0,0,0,0,-20,
"Raza, Harris ",October_2022,G8420,None,0,0,0,0,,0,0,0,0,0,0,0,0,0,0,
"Raza, Harris ",October_2022,G8510,None,0,0,0,0,,0,0,0,0,0,0,0,0,0,0,
"Raza, Harris ",October_2022,G8752,None,0,0,0,0,,0,0,0,0,0,0,0,0,0,0,
"Raza, Harris ",October_2022,G8754,None,0,0,0,0,,0,0,0,0,0,0,0,0,0,0,
"Raza, Harris ",October_2022,G8783,None,0,0,0,0,,0,0,0,0,0,0,0,0,0,0,
"Raza, Harris ",October_2022,G9899,None,0,0,0,0,,0,0,0,0,0,0,0,0,0,0,
"Raza, Harris ",October_2022,G9903,None,0,0,0,0,,0,0,0,0,0,0,0,0,0,0,
"Raza, Harris ",November_2022,99213,None,0,0,0,10,,0,10,0,0,0,0,0,0,0,-10,
"Raza, Harris ",November_2022,99214,None,0,0,0,80,,0,80,0,0,0,0,0,0,0,-80,
"Raza, Harris ",November_2022,99395,None,0,0,0,25,,0,25,0,0,0,0,0,0,0,-25,
"Raza, Harris ",November_2022,99396,None,0,0,0,60,,0,60,0,0,0,0,0,0,0,-60,
"Raza, Harris ",December_2022,96127,None,0,0,0,4.22,,0,4.22,0,0,0,0,0,0,0,-4.22,
"Raza, Harris ",December_2022,99214,None,0,0,0,55.78,,0,55.78,0,0,0,0,0,0,0,-55.78,
"Reuter, Nathaniel G",August_2022,99214,None,0,0,0,30,,0,30,0,0,0,0,0,0,0,-30,
"Schmitz, Conner R",April_2022,96127,None,0,0,0,5.17,,0,5.17,0,0,0,0,0,0,0,-5.17,
"Schmitz, Conner R",April_2022,99214,None,0,0,0,10,,0,10,0,0,0,0,0,0,0,-10,
"Schmitz, Conner R",April_2022,SFORM,None,0,0,0,20,,0,20,0,0,0,0,0,0,0,-20,
"Schmitz, Conner R",May_2022,99214,None,0,0,0,15,,0,15,0,0,0,0,0,0,0,-15,
"Schmitz, Conner R",May_2022,99396,None,0,0,0,15,,0,15,0,0,0,0,0,0,0,-15,
"Schmitz, Conner R",June_2022,99214,None,0,0,0,50,,0,50,0,0,0,0,0,0,0,-50,
"Schmitz, Conner R",July_2022,96127,None,0,0,0,0.33,,0,0.33,0,0,0,0,0,0,0,-0.33,
"Schmitz, Conner R",July_2022,99214,None,0,0,0,20,,0,20,0,0,0,0,0,0,0,-20,
"Schmitz, Conner R",July_2022,Forms,None,0,0,0,25,,0,25,0,0,0,0,0,0,0,-25,
"Schmitz, Conner R",August_2022,99213,None,0,0,0,20,,0,20,0,0,0,0,0,0,0,-20,
"Schmitz, Conner R",September_2022,99213,None,0,0,0,25,,0,25,0,0,0,0,0,0,0,-25,
"Schmitz, Conner R",September_2022,99397,None,0,0,0,10,,0,10,0,0,0,0,0,0,0,-10,
"Schmitz, Conner R",October_2022,99213,None,0,0,0,25,,0,25,0,0,0,0,0,0,0,-25,
"Schmitz, Conner R",December_2022,96127,None,0,0,0,5.5,,0,5.5,0,0,0,0,0,0,0,-5.5,
"Schmitz, Conner R",December_2022,99214,None,0,0,0,34.5,,0,34.5,0,0,0,0,0,0,0,-34.5,
"Seefried, Karli B",February_2022,99213,None,0,0,0,5.14,,0,5.14,0,0,0,0,0,0,0,-5.14,
"Seefried, Karli B",February_2022,99214,None,0,0,0,15,,0,15,0,0,0,0,0,0,0,-15,
"Seefried, Karli B",March_2022,Nshow,None,0,0,0,20,,0,20,0,0,0,0,0,0,0,-20,
"Seefried, Karli B",April_2022,99214,None,0,0,0,20,,0,20,0,0,0,0,0,0,0,-20,
"Seefried, Karli B",May_2022,99213,None,0,0,0,10,,0,10,0,0,0,0,0,0,0,-10,
"Seefried, Karli B",May_2022,99214,None,0,0,0,25,,0,25,0,0,0,0,0,0,0,-25,
"Seefried, Karli B",June_2022,99214,None,0,0,0,25,,0,25,0,0,0,0,0,0,0,-25,
"Seefried, Karli B",June_2022,99395,None,0,0,0,25,,0,25,0,0,0,0,0,0,0,-25,
"Seefried, Karli B",July_2022,96127,None,0,0,0,4.02,,0,4.02,0,0,0,0,0,0,0,-4.02,
"Seefried, Karli B",July_2022,99214,None,0,0,0,10.98,,0,10.98,0,0,0,0,0,0,0,-10.98,
"Seefried, Karli B",August_2022,99212,None,0,0,0,2.08,,0,2.08,0,0,0,0,0,0,0,-2.08,
"Seefried, Karli B",August_2022,99213,None,0,0,0,10,,0,10,0,0,0,0,0,0,0,-10,
"Seefried, Karli B",August_2022,99214,None,0,0,0,137.33,,0,137.33,0,0,0,0,0,0,0,-137.33,
"Seefried, Karli B",September_2022,99213,None,0,0,0,30,,0,30,0,0,0,0,0,0,0,-30,
"Seefried, Karli B",September_2022,99214,None,0,0,0,80,,0,80,0,0,0,0,0,0,0,-80,
"Seefried, Karli B",October_2022,99214,None,0,0,0,155,,0,155,0,0,0,0,0,0,0,-155,
"Seefried, Karli B",November_2022,99213,None,0,0,0,45,,0,45,0,0,0,0,0,0,0,-45,
"Seefried, Karli B",November_2022,99214,None,0,0,0,110,,0,110,0,0,0,0,0,0,0,-110,
"Seefried, Karli B",December_2022,99213,None,0,0,0,45,,0,45,0,0,0,0,0,0,0,-45,
"Seefried, Karli B",December_2022,99214,None,0,0,0,50,,0,50,0,0,0,0,0,0,0,-50,
"Shah, Amar R",January_2022,0012A,None,0,0,0,11.78,,11.78,0,-11.78,0,0,0,0,0,0,0,
"Shah, Amar R",January_2022,0509F,None,0,0,0,0,,0,0,0,0,0,0,0,0,0,0,
"Shah, Amar R",January_2022,1036F,None,0,0,0,0,,0,0,0,0,0,0,330,354,354,0,
"Shah, Amar R",January_2022,1100F,None,0,0,0,0,,0,0,0,0,0,0,84,90,90,0,
"Shah, Amar R",January_2022,1101F,None,0,0,0,0,,0,0,0,0,0,0,0,0,0,0,
"Shah, Amar R",January_2022,11200,None,400,400,0,0,0,0,0,0,0,0,0,2,2,2,400,0
"Shah, Amar R",January_2022,1123F,None,0,0,0,0,,0,0,0,0,0,0,87,93,93,0,
"Shah, Amar R",January_2022,1124F,None,0,0,0,0,,0,0,0,0,0,0,0,0,0,0,
"Shah, Amar R",January_2022,17000,None,402,402,0,72.71,0.18087065,72.71,0,61.29,0,0,0,3,3,3,268,0.33333333
"Shah, Amar R",January_2022,17110,None,0,0,0,98.2,,98.2,0,127.8,0,0,0,0,0,0,-226,
"Shah, Amar R",January_2022,2022F,None,0,0,0,0,,0,0,0,0,0,0,48,50,50,0,
"Shah, Amar R",January_2022,2023F,None,0,0,0,0,,0,0,0,0,0,0,0,0,0,0,
"Shah, Amar R",January_2022,20526,None,314,314,0,190.04,0.60522293,190.04,0,280.96,0,0,0,2,2,2,-157,1.5
"Shah, Amar R",January_2022,20552,None,0,0,0,69.67,,63.42,6.25,59.03,0,0,0,0,0,0,-128.7,
"Shah, Amar R",January_2022,20600,None,98,98,0,44.69,0.45602041,44.69,0,53.31,0,0,0,1,1,1,0,1
"Shah, Amar R",January_2022,20605,None,0,0,0,65.2,,56.42,8.78,46.58,0,0,0,0,0,0,-111.78,
"Shah, Amar R",January_2022,20610,None,1220,1220,0,736.54,0.60372131,668.67,67.87,653.13,0,0,0,8,8,9,-169.67,1.13907377
"Shah, Amar R",January_2022,3017F,None,0,0,0,0,,0,0,0,0,0,0,139,146,146,0,
"Shah, Amar R",January_2022,3044F,None,0,0,0,20,,20,0,-20,0,0,0,33,36,36,0,
"Shah, Amar R",January_2022,3046F,None,0,0,0,0,,0,0,0,0,0,0,8,8,8,0,
"Shah, Amar R",January_2022,3051F,None,0,0,0,0,,0,0,0,0,0,0,9,9,9,0,
"Shah, Amar R",January_2022,3052F,None,0,0,0,0,,0,0,0,0,0,0,0,0,0,0,
"Shah, Amar R",January_2022,3072F,None,0,0,0,0,,0,0,0,0,0,0,4,4,4,0,
"Shah, Amar R",January_2022,3288F,None,0,0,0,0,,0,0,0,0,0,0,84,90,91,0,
"Shah, Amar R",January_2022,4004F,None,0,0,0,0,,0,0,0,0,0,0,21,21,21,0,
"Shah, Amar R",January_2022,4040F,None,0,0,0,0,,0,0,0,0,0,0,85,91,91,0,
"Shah, Amar R",January_2022,81003,None,60,60,0,5.68,0.09466667,5.35,0.33,30.32,0,0,0,5,5,5,24,0.6
"Shah, Amar R",January_2022,83036,None,70,70,0,1.57,0.02242857,0.13,1.44,34.87,0,0,0,2,2,2,33.56,0.52057143
"Shah, Amar R",January_2022,87426,None,4275,4200,75,871.42,0.20384094,846.42,25,848.81,0,225,0,53,57,57,2329.77,0.45502456
"Shah, Amar R",January_2022,87804,None,2200,2160,40,563.52,0.25614545,563.52,0,384.9,0,120,0,51,55,110,1131.58,0.48564545
"Shah, Amar R",January_2022,87811,None,1950,1725,225,1090.22,0.55908718,1090.22,0,2434.78,0,300,0,24,26,26,-1875,1.96153846
"Shah, Amar R",January_2022,87880,None,64,64,0,0,0,0,0,0,0,0,0,2,2,2,64,0
"Shah, Amar R",January_2022,90460,None,42,42,0,34,0.80952381,34,0,50,0,0,0,1,1,1,-42,2
"Shah, Amar R",January_2022,90471,None,1596,1596,0,662.85,0.41531955,662.85,0,1323.75,0,0,0,38,38,38,-390.6,1.24473684
"Shah, Amar R",January_2022,90472,None,26,26,0,78.05,3.00192308,78.05,0,77.95,0,0,0,1,1,1,-130,6
"Shah, Amar R",January_2022,90651,None,450,450,0,1239.08,2.75351111,1239.08,0,812.17,0,0,0,1,1,1,-1601.25,4.55833333
"Shah, Amar R",January_2022,90662,None,0,0,0,768.5,,768.5,0,131.5,0,0,0,0,0,0,-900,
"Shah, Amar R",January_2022,90670,None,3220,3220,0,3024.44,0.93926708,3024.44,0,2976.48,0,0,0,7,7,7,-2780.92,1.86363975
"Shah, Amar R",January_2022,90688,None,1230,1230,0,843.42,0.68570732,843.42,0,446.58,0,0,0,41,41,41,-60,1.04878049
"Shah, Amar R",January_2022,90707,None,150,150,0,86,0.57333333,86,0,64,0,0,0,1,1,1,0,1
"Shah, Amar R",January_2022,90715,None,120,120,0,98,0.81666667,98,0,22,0,0,0,2,2,2,0,1
"Shah, Amar R",January_2022,90732,None,760,760,0,599.67,0.78903947,599.67,0,100.33,0,0,0,6,6,6,60,0.92105263
"Shah, Amar R",January_2022,90734,None,201,201,0,141.51,0.70402985,141.51,0,59.49,0,0,0,1,1,1,0,1
"Shah, Amar R",January_2022,93000,None,350,350,0,138.64,0.39611429,138.64,0,204.02,0,0,0,10,10,10,7.34,0.97902857
"Shah, Amar R",January_2022,94010,None,438,438,0,168.24,0.38410959,168.24,0,296.22,0,0,0,6,6,6,-26.46,1.06041096
"Shah, Amar R",January_2022,94640,None,38,38,0,0,0,0,0,0,0,0,0,1,1,1,38,0
"Shah, Amar R",January_2022,95800,None,0,0,0,183.92,,183.92,0,173.08,0,0,0,0,0,0,-357,
"Shah, Amar R",January_2022,99072,None,30,30,0,0,0,0,0,120,0,0,0,2,2,2,-90,4
"Shah, Amar R",January_2022,99202,None,453,302,151,389.87,0.86064018,389.87,0,365.13,0,303,0,3,3,3,-605,2.33554084
"Shah, Amar R",January_2022,99203,None,1085,868,217,359.89,0.33169585,329.89,30,420.03,0,324,0,5,5,5,-18.92,1.01743779
"Shah, Amar R",January_2022,99204,None,3300,3300,0,1076.01,0.32606364,987.12,88.89,1430.3,0,0,0,10,10,10,793.69,0.75948788
"Shah, Amar R",January_2022,99205,None,416,416,0,222.79,0.53555288,222.79,0,193.21,0,0,0,1,1,1,0,1
"Shah, Amar R",January_2022,99212,None,0,0,0,48.4,,48.4,0,40.6,0,0,0,0,0,0,-89,
"Shah, Amar R",January_2022,99213,None,17934,17346,588,6559.79,0.36577395,5278.8,1280.99,6260.25,0,877,0,116,122,122,4236.96,0.76374707
"Shah, Amar R",January_2022,99214,None,39000,39000,0,12532.38,0.32134308,9408.33,3124.05,16048.07,0,282.27,0,155,156,156,10137.28,0.74006974
"Shah, Amar R",January_2022,99215,None,18104,18104,0,15384.78,0.84980004,14680.35,704.43,13052.21,0,-0.01,0,59,62,62,-10332.98,1.57075674
"Shah, Amar R",January_2022,99385,None,964,964,0,294.76,0.30576763,294.76,0,187.24,0,0,0,4,4,4,482,0.5
"Shah, Amar R",January_2022,99386,None,1360,1360,0,419.44,0.30841176,419.44,0,376.03,0,0,0,5,5,5,564.53,0.58490441
"Shah, Amar R",January_2022,99395,None,1236,1236,0,453.98,0.36729773,453.98,0,370.02,0,0,0,6,6,6,412,0.66666667
"Shah, Amar R",January_2022,99396,None,2486,2486,0,1092.39,0.43941673,1067.39,25,966.61,0,0,0,11,11,11,427,0.82823813
"Shah, Amar R",January_2022,99439,None,228,228,0,122.9,0.53903509,122.9,0,29.1,0,0,0,4,4,6,76,0.66666667
"Shah, Amar R",January_2022,99453,None,880,880,0,95.3,0.10829545,95.3,0,104.7,0,0,0,22,22,22,680,0.22727273
"Shah, Amar R",January_2022,99454,None,500,500,0,62.81,0.12562,62.81,0,62.19,0,0,0,4,4,4,375,0.25
"Shah, Amar R",January_2022,99457,None,1470,1470,0,146.98,0.09998639,146.98,0,163.02,0,0,0,14,14,14,1160,0.21088435
"Shah, Amar R",January_2022,99458,None,340,340,0,40.94,0.12041176,40.94,0,44.06,0,0,0,2,2,4,255,0.25
"Shah, Amar R",January_2022,99487,None,0,0,0,17.35,,17.35,0,0,0,0,0,0,0,0,-17.35,
"Shah, Amar R",January_2022,99490,None,1360,1360,0,505.5,0.37169118,497.72,7.78,553.4,0,0,0,16,16,16,301.1,0.77860294
"Shah, Amar R",January_2022,99492,None,6500,6500,0,3222.4,0.49575385,2270.73,951.67,3193.34,0,0,0,20,20,20,84.26,0.98703692
"Shah, Amar R",January_2022,99493,None,25358.48,25358.48,0,13002.62,0.51275234,10985.3,2017.32,11878.95,0,268.96,0,97,98,98,207.95,0.99179959
"Shah, Amar R",January_2022,99494,None,6700,6700,0,3239.53,0.48351194,2612.28,627.25,3426.13,0,70.97,0,29,29,50,-36.63,1.00546716
"Shah, Amar R",January_2022,99495,None,0,0,0,199.16,,199.16,0,130.84,0,0,0,0,0,0,-330,
"Shah, Amar R",January_2022,99496,None,467,467,0,473.14,1.01314775,473.14,0,425.86,0,0,0,1,1,1,-432,1.92505353
"Shah, Amar R",January_2022,99497,None,0,0,0,101.54,,101.54,0,84.67,0,0,0,0,0,0,-186.21,
"Shah, Amar R",January_2022,COLF,None,23.1,23.1,0,0,0,0,0,0,0,0,0,1,2,2,23.1,0
"Shah, Amar R",January_2022,FORM,None,0,0,0,30,,0,30,0,0,0,0,0,0,0,-30,
"Shah, Amar R",January_2022,G0008,None,252,252,0,203,0.80555556,203,0,259,0,0,0,6,6,6,-210,1.83333333
"Shah, Amar R",January_2022,G0009,None,715,715,0,278.15,0.38902098,278.15,0,450.52,0,0,0,13,13,13,-13.67,1.01911888
"Shah, Amar R",January_2022,G0402,None,0,0,0,168.67,,168.67,0,167.33,0,0,0,0,0,0,-336,
"Shah, Amar R",January_2022,G0439,None,0,0,0,128.37,,128.37,0,107.63,0,0,0,0,0,0,-236,
"Shah, Amar R",January_2022,G8399,None,0,0,0,0,,0,0,0,0,0,0,18,19,19,0,
"Shah, Amar R",January_2022,G8400,None,0,0,0,0,,0,0,0,0,0,0,6,7,7,0,
"Shah, Amar R",January_2022,G8417,None,0,0,0,0,,0,0,0,0,0,0,125,136,136,0,
"Shah, Amar R",January_2022,G8418,None,0,0,0,0,,0,0,0,0,0,0,1,1,1,0,
"Shah, Amar R",January_2022,G8419,None,0,0,0,0,,0,0,0,0,0,0,0,0,0,0,
"Shah, Amar R",January_2022,G8420,None,0,0,0,0,,0,0,0,0,0,0,184,192,192,0,
"Shah, Amar R",January_2022,G8421,None,0,0,0,0,,0,0,0,0,0,0,1,1,1,0,
"Shah, Amar R",January_2022,G8427,None,0,0,0,0,,0,0,0,0,0,0,346,370,370,0,
"Shah, Amar R",January_2022,G8431,None,0,0,0,0,,0,0,0,0,0,0,18,18,18,0,
"Shah, Amar R",January_2022,G8432,None,0,0,0,0,,0,0,0,0,0,0,0,0,0,0,
"Shah, Amar R",January_2022,G8482,None,0,0,0,0,,0,0,0,0,0,0,270,290,290,0,
"Shah, Amar R",January_2022,G8483,None,0,0,0,0,,0,0,0,0,0,0,92,92,92,0,
"Shah, Amar R",January_2022,G8484,None,0,0,0,0,,0,0,0,0,0,0,0,0,0,0,
"Shah, Amar R",January_2022,G8510,None,0,0,0,0,,0,0,0,0,0,0,340,364,364,0,
"Shah, Amar R",January_2022,G8734,None,0,0,0,0,,0,0,0,0,0,0,0,0,0,0,
"Shah, Amar R",January_2022,G8752,None,0,0,0,0,,0,0,0,0,0,0,126,132,132,0,
"Shah, Amar R",January_2022,G8753,None,0,0,0,0,,0,0,0,0,0,0,15,15,15,0,
"Shah, Amar R",January_2022,G8754,None,0,0,0,0,,0,0,0,0,0,0,130,137,137,0,
"Shah, Amar R",January_2022,G8755,None,0,0,0,0,,0,0,0,0,0,0,10,10,10,0,
"Shah, Amar R",January_2022,G8783,None,0,0,0,0,,0,0,0,0,0,0,301,321,321,0,
"Shah, Amar R",January_2022,G8950,None,0,0,0,0,,0,0,0,0,0,0,10,10,10,0,
"Shah, Amar R",January_2022,G8967,None,0,0,0,0,,0,0,0,0,0,0,6,6,6,0,
"Shah, Amar R",January_2022,G8969,None,0,0,0,0,,0,0,0,0,0,0,1,1,1,0,
"Shah, Amar R",January_2022,G9708,None,0,0,0,0,,0,0,0,0,0,0,8,8,8,0,
"Shah, Amar R",January_2022,G9711,None,0,0,0,0,,0,0,0,0,0,0,13,13,13,0,
"Shah, Amar R",January_2022,G9899,None,0,0,0,0,,0,0,0,0,0,0,48,52,52,0,
"Shah, Amar R",January_2022,G9900,None,0,0,0,0,,0,0,0,0,0,0,5,5,5,0,
"Shah, Amar R",January_2022,G9902,None,0,0,0,0,,0,0,0,0,0,0,20,20,20,0,
"Shah, Amar R",January_2022,G9903,None,0,0,0,0,,0,0,0,0,0,0,327,349,349,0,
"Shah, Amar R",January_2022,G9904,None,0,0,0,0,,0,0,0,0,0,0,0,0,0,0,
"Shah, Amar R",January_2022,G9908,None,0,0,0,0,,0,0,0,0,0,0,0,0,0,0,
"Shah, Amar R",January_2022,G9931,None,0,0,0,0,,0,0,0,0,0,0,1,1,1,0,
"Shah, Amar R",January_2022,INTBL,None,0,0,0,0.13,,0.13,0,0,0,0,0,0,0,0,-0.13,
"Shah, Amar R",January_2022,INTC,None,0.21,0.21,0,0,0,0,0,0,0,0,0,1,1,1,0.21,0
"Shah, Amar R",January_2022,INTM,None,0,0,0,0.07,,0.07,0,0,0,0,0,0,0,0,-0.07,
"Shah, Amar R",January_2022,J3301,None,202.28,202.28,0,74.96,0.37057544,71.34,3.62,167.6,0,0,0,11,11,52,-40.28,1.19912992
"Shah, Amar R",January_2022,J7620,None,12,12,0,0,0,0,0,0,0,0,0,1,1,1,12,0
"Shah, Amar R",February_2022,0011A,None,0,0,0,40,,40,0,2,0,0,0,0,0,0,-42,
"Shah, Amar R",February_2022,0012A,None,0,0,0,0,,0,0,0,0,0,0,0,0,0,0,
"Shah, Amar R",February_2022,1036F,None,0,0,0,0,,0,0,0,0,0,0,333,354,354,0,
"Shah, Amar R",February_2022,1100F,None,0,0,0,0,,0,0,0,0,0,0,92,99,99,0,
"Shah, Amar R",February_2022,1101F,None,0,0,0,0,,0,0,0,0,0,0,1,1,1,0,
"Shah, Amar R",February_2022,11104,None,250,250,0,81.27,0.32508,81.27,0,123.73,0,0,0,1,1,1,45,0.82
"Shah, Amar R",February_2022,11200,None,600,600,0,297.12,0.4952,247.12,50,303.66,0,0,0,3,3,3,-0.78,1.0013
"Shah, Amar R",February_2022,1123F,None,0,0,0,0,,0,0,0,0,0,0,88,93,93,0,
"Shah, Amar R",February_2022,1124F,None,0,0,0,0,,0,0,0,0,0,0,5,5,5,0,
"Shah, Amar R",February_2022,1125F,None,0,0,0,0,,0,0,0,0,0,0,4,4,4,0,
"Shah, Amar R",February_2022,1126F,None,0,0,0,0,,0,0,0,0,0,0,3,3,3,0,
"Shah, Amar R",February_2022,11402,None,338,338,0,30,0.0887574,0,30,0,0,0,0,1,1,1,308,0.0887574
"Shah, Amar R",February_2022,1158F,None,0,0,0,0,,0,0,0,0,0,0,3,3,3,0,
"Shah, Amar R",February_2022,1160F,None,0,0,0,0,,0,0,0,0,0,0,6,6,6,0,
"Shah, Amar R",February_2022,1170F,None,0,0,0,0,,0,0,0,0,0,0,6,6,6,0,
"Shah, Amar R",February_2022,11750,None,311,311,0,135.23,0.43482315,135.23,0,175.77,0,0,0,1,1,1,0,1
"Shah, Amar R",February_2022,17000,None,134,134,0,0,0,0,0,0,0,0,0,1,1,1,134,0
"Shah, Amar R",February_2022,17003,None,11,11,0,0,0,0,0,0,0,0,0,1,1,1,11,0
"Shah, Amar R",February_2022,17110,None,226,226,0,0,0,0,0,0,0,0,0,1,1,1,226,0
"Shah, Amar R",February_2022,2022F,None,0,0,0,0,,0,0,0,0,0,0,47,52,52,0,
"Shah, Amar R",February_2022,2023F,None,0,0,0,0,,0,0,0,0,0,0,1,1,1,0,
"Shah, Amar R",February_2022,2024F,None,0,0,0,0,,0,0,0,0,0,0,1,1,1,0,
"Shah, Amar R",February_2022,20526,None,0,0,0,19.49,,19.49,0,77.33,0,0,0,0,0,0,-96.82,
"Shah, Amar R",February_2022,20552,None,112,112,0,47.33,0.42258929,47.33,0,64.67,0,0,0,1,1,1,0,1
"Shah, Amar R",February_2022,20600,None,0,0,0,56.59,,50.94,5.65,41.41,0,0,0,0,0,0,-98,
"Shah, Amar R",February_2022,20605,None,103,103,0,0,0,0,0,0,0,0,0,1,1,1,103,0
"Shah, Amar R",February_2022,20610,None,1220,1220,0,302.21,0.24771311,240.49,61.72,360.23,0,0,0,9,9,9,557.56,0.54298361
"Shah, Amar R",February_2022,3017F,None,0,0,0,0,,0,0,0,0,0,0,137,143,143,0,
"Shah, Amar R",February_2022,3023F,None,0,0,0,0,,0,0,0,0,0,0,0,0,0,0,
"Shah, Amar R",February_2022,3044F,None,0,0,0,0,,0,0,0,0,0,0,34,37,37,0,
"Shah, Amar R",February_2022,3046F,None,0,0,0,0,,0,0,0,0,0,0,10,11,11,0,
"Shah, Amar R",February_2022,3051F,None,0,0,0,10,,10,0,-10,0,0,0,7,7,7,0,
"Shah, Amar R",February_2022,3052F,None,0,0,0,0,,0,0,0,0,0,0,1,1,1,0,
"Shah, Amar R",February_2022,3072F,None,0,0,0,0,,0,0,0,0,0,0,3,3,3,0,
"Shah, Amar R",February_2022,3095F,None,0,0,0,0,,0,0,0,0,0,0,1,1,1,0,
"Shah, Amar R",February_2022,3288F,None,0,0,0,0,,0,0,0,0,0,0,92,99,99,0,
"Shah, Amar R",February_2022,4004F,None,0,0,0,0,,0,0,0,0,0,0,12,13,13,0,
"Shah, Amar R",February_2022,4040F,None,0,0,0,0,,0,0,0,0,0,0,91,96,96,0,
"Shah, Amar R",February_2022,46083,None,363,363,0,0,0,0,0,0,0,0,0,1,1,1,363,0
"Shah, Amar R",February_2022,69209,None,29,29,0,0,0,0,0,0,0,0,0,1,1,1,29,0
"Shah, Amar R",February_2022,81003,None,36,24,12,8.41,0.23361111,8.08,0.33,39.59,0,0,0,3,3,3,-12,1.33333333
"Shah, Amar R",February_2022,83036,None,0,0,0,0.13,,0.13,0,69.87,0,0,0,0,0,0,-70,
"Shah, Amar R",February_2022,86318,None,0,0,0,0,,0,0,0,0,0,0,0,0,0,0,
"Shah, Amar R",February_2022,87426,None,2550,2475,75,1377.01,0.54000392,1367.01,10,2188.01,0,150,0,33,34,34,-1165.02,1.45687059
"Shah, Amar R",February_2022,87804,None,1240,1200,40,931.68,0.75135484,911.82,19.86,793.56,0,80,0,31,31,62,-565.24,1.45583871
"Shah, Amar R",February_2022,87811,None,0,0,0,92.25,,92.25,0,357.75,0,0,0,0,0,0,-450,
"Shah, Amar R",February_2022,87880,None,96,96,0,34.54,0.35979167,29.76,4.78,88.32,0,0,0,3,3,3,-26.86,1.27979167
"Shah, Amar R",February_2022,90460,None,168,168,0,110,0.6547619,68,42,100,0,0,0,4,6,7,-42,1.25
"Shah, Amar R",February_2022,90471,None,435,420,15,384.45,0.8837931,344.25,40.2,618.88,0,0,0,11,11,11,-568.33,2.30650575
"Shah, Amar R",February_2022,90619,None,0,0,0,0,,0,0,0,0,0,0,1,1,1,0,
"Shah, Amar R",February_2022,90633,None,0,0,0,0,,0,0,0,0,0,0,1,1,1,0,
"Shah, Amar R",February_2022,90649,None,0,0,0,-30.75,,-176,145.25,-274,0,0,0,0,0,0,304.75,
"Shah, Amar R",February_2022,90651,None,1800,1800,0,735,0.40833333,735,0,615,0,0,0,4,4,4,450,0.75
"Shah, Amar R",February_2022,90662,None,0,0,0,0,,0,0,0,0,0,0,0,0,0,0,
"Shah, Amar R",February_2022,90670,None,2300,2300,0,687.93,0.2991,687.93,0,692.07,0,0,0,5,5,5,920,0.6
"Shah, Amar R",February_2022,90680,None,0,0,0,0,,0,0,0,0,0,0,1,1,1,0,
"Shah, Amar R",February_2022,90688,None,345,330,15,657.38,1.90544928,636.38,21,323.62,0,0,0,12,12,12,-636,2.84347826
"Shah, Amar R",February_2022,90732,None,380,380,0,816.94,2.14984211,816.94,0,53.06,0,0,0,3,3,3,-490,2.28947368
"Shah, Amar R",February_2022,90734,None,201,201,0,243.5,1.21144279,143,100.5,58,0,0,0,1,1,1,-100.5,1.5
"Shah, Amar R",February_2022,93000,None,105,70,35,37.53,0.35742857,36.02,1.51,58.02,0,35,0,3,3,3,-25.55,1.24333333
"Shah, Amar R",February_2022,94010,None,803,803,0,143.66,0.17890411,104.36,39.3,383.07,0,0,0,11,11,11,276.27,0.65595268
"Shah, Amar R",February_2022,94640,None,0,0,0,0,,0,0,27.24,0,0,0,0,0,0,-27.24,
"Shah, Amar R",February_2022,96160,None,800,800,0,0,0,0,0,0,0,0,0,4,4,4,800,0
"Shah, Amar R",February_2022,97750,None,0,0,0,1.02,,0,1.02,0,0,0,0,0,0,0,-1.02,
"Shah, Amar R",February_2022,99072,None,0,0,0,0,,0,0,45,0,0,0,0,0,0,-45,
"Shah, Amar R",February_2022,99173,None,20,20,0,3.14,0.157,3.14,0,16.86,0,0,0,1,1,1,0,1
"Shah, Amar R",February_2022,99202,None,151,0,151,76.99,0.50986755,76.99,0,37.01,0,151,0,1,1,1,-114,1.75496689
"Shah, Amar R",February_2022,99203,None,1736,1519,217,408.92,0.235553,290.84,118.08,444.08,0,217,0,8,8,8,666,0.61635945
"Shah, Amar R",February_2022,99204,None,3630,3630,0,1285.92,0.35424793,1260.92,25,2009.69,0,0,0,11,11,11,334.39,0.90788154
"Shah, Amar R",February_2022,99212,None,178,178,0,123.67,0.69477528,93.67,30,84.33,0,0,0,2,2,2,-30,1.16853933
"Shah, Amar R",February_2022,99213,None,10878,10290,588,6069.62,0.55797205,4973.97,1095.65,6864.24,0,351,0,72,74,74,-2406.86,1.22125942
"Shah, Amar R",February_2022,99214,None,56110,55000,1110,20726.65,0.36939316,18346.08,2380.57,29967.3,0,155,0,219,225,225,5261.05,0.90623686
"Shah, Amar R",February_2022,99215,None,4964,4964,0,7495.9,1.51005238,6808.04,687.86,6194.15,0,0,0,16,17,17,-8726.05,2.75786664
"Shah, Amar R",February_2022,99385,None,241,241,0,377.98,1.56838174,377.98,0,345.02,0,0,0,1,1,1,-482,3
"Shah, Amar R",February_2022,99386,None,2448,2448,0,949.64,0.38792484,949.64,0,682.36,0,0,0,9,9,9,816,0.66666667
"Shah, Amar R",February_2022,99394,None,372,372,0,129.69,0.34862903,129.69,0,56.31,0,0,0,2,2,2,186,0.5
"Shah, Amar R",February_2022,99395,None,1854,1854,0,587.74,0.31701187,587.74,0,442.26,0,0,0,9,9,9,824,0.55555556
"Shah, Amar R",February_2022,99396,None,3616,3616,0,1390.36,0.38450221,1355.36,35,904.64,0,0,0,16,16,16,1321,0.6346792
"Shah, Amar R",February_2022,99397,None,256,256,0,0,0,0,0,0,0,0,0,1,1,1,256,0
"Shah, Amar R",February_2022,99439,None,0,0,0,74.9,,74.9,0,1.1,0,0,0,0,0,0,-76,
"Shah, Amar R",February_2022,99453,None,1760,1760,0,795.47,0.45197159,795.47,0,1171.2,0,0,0,44,44,44,-206.67,1.11742614
"Shah, Amar R",February_2022,99454,None,4125,4125,0,1128.46,0.27356606,1128.46,0,2196.77,0,0,0,33,33,33,799.77,0.80611636
"Shah, Amar R",February_2022,99457,None,5775,5775,0,2128.05,0.36849351,2128.05,0,3223,0,0,0,55,55,55,423.95,0.92658874
"Shah, Amar R",February_2022,99458,None,850,850,0,401.68,0.47256471,401.68,0,589.45,0,0,0,7,7,10,-141.13,1.16603529
"Shah, Amar R",February_2022,99487,None,187,187,0,103.35,0.5526738,103.35,0,58.28,0,0,0,1,1,1,25.37,0.86433155
"Shah, Amar R",February_2022,99490,None,850,850,0,557.47,0.65584706,555.91,1.56,382.28,0,0,0,10,10,10,-89.75,1.10558824
"Shah, Amar R",February_2022,99492,None,5200,5200,0,1914.81,0.36823269,1834.81,80,3428.95,0,0,0,16,16,16,-143.76,1.02764615
"Shah, Amar R",February_2022,99493,None,23288.4,23029.64,258.76,8767.25,0.37646425,8134.34,632.91,10580.12,0,345.52,0,90,90,90,3595.51,0.8456094
"Shah, Amar R",February_2022,99494,None,8308,8308,0,2694.71,0.32435123,2524.19,170.52,3627.45,0,0,0,31,35,62,1985.84,0.76097256
"Shah, Amar R",February_2022,99495,None,330,330,0,25,0.07575758,0,25,0,0,0,0,1,1,1,305,0.07575758
"Shah, Amar R",February_2022,99496,None,934,934,0,280.13,0.29992505,280.13,0,186.87,0,0,0,2,2,2,467,0.5
"Shah, Amar R",February_2022,99497,None,850,850,0,0,0,0,0,0,0,0,0,5,5,5,850,0
"Shah, Amar R",February_2022,A7004,None,0,0,0,0,,0,0,0,0,0,0,1,1,1,0,
"Shah, Amar R",February_2022,COLF,None,120.13,120.13,0,0,0,0,0,0,0,0,0,1,1,1,120.13,0
"Shah, Amar R",February_2022,G0008,None,126,126,0,186.5,1.48015873,186.5,0,107.5,0,0,0,3,3,3,-168,2.33333333
"Shah, Amar R",February_2022,G0009,None,385,385,0,293.63,0.76267532,293.63,0,256.37,0,0,0,7,7,7,-165,1.42857143
"Shah, Amar R",February_2022,G0439,None,1416,1416,0,0,0,0,0,0,0,0,0,6,6,6,1416,0
"Shah, Amar R",February_2022,G0444,None,222,222,0,0,0,0,0,0,0,0,0,6,6,6,222,0
"Shah, Amar R",February_2022,G2181,None,0,0,0,0,,0,0,0,0,0,0,1,2,2,0,
"Shah, Amar R",February_2022,G8399,None,0,0,0,0,,0,0,0,0,0,0,21,21,21,0,
"Shah, Amar R",February_2022,G8400,None,0,0,0,0,,0,0,0,0,0,0,9,9,9,0,
"Shah, Amar R",February_2022,G8417,None,0,0,0,0,,0,0,0,0,0,0,118,121,121,0,
"Shah, Amar R",February_2022,G8418,None,0,0,0,0,,0,0,0,0,0,0,3,3,3,0,
"Shah, Amar R",February_2022,G8419,None,0,0,0,0,,0,0,0,0,0,0,1,1,1,0,
"Shah, Amar R",February_2022,G8420,None,0,0,0,0,,0,0,0,0,0,0,201,211,211,0,
"Shah, Amar R",February_2022,G8421,None,0,0,0,0,,0,0,0,0,0,0,0,0,0,0,
"Shah, Amar R",February_2022,G8422,None,0,0,0,0,,0,0,0,0,0,0,0,0,0,0,
"Shah, Amar R",February_2022,G8427,None,0,0,0,0,,0,0,0,0,0,0,346,368,368,0,
"Shah, Amar R",February_2022,G8431,None,0,0,0,0,,0,0,0,0,0,0,23,25,25,0,
"Shah, Amar R",February_2022,G8482,None,0,0,0,0,,0,0,0,0,0,0,255,269,269,0,
"Shah, Amar R",February_2022,G8483,None,0,0,0,0,,0,0,0,0,0,0,102,109,109,0,
"Shah, Amar R",February_2022,G8510,None,0,0,0,0,,0,0,0,0,0,0,333,350,350,0,
"Shah, Amar R",February_2022,G8511,None,0,0,0,0,,0,0,0,0,0,0,1,1,1,0,
"Shah, Amar R",February_2022,G8734,None,0,0,0,0,,0,0,0,0,0,0,5,5,5,0,
"Shah, Amar R",February_2022,G8752,None,0,0,0,0,,0,0,0,0,0,0,143,153,153,0,
"Shah, Amar R",February_2022,G8753,None,0,0,0,0,,0,0,0,0,0,0,16,16,16,0,
"Shah, Amar R",February_2022,G8754,None,0,0,0,0,,0,0,0,0,0,0,148,158,158,0,
"Shah, Amar R",February_2022,G8755,None,0,0,0,0,,0,0,0,0,0,0,11,11,11,0,
"Shah, Amar R",February_2022,G8783,None,0,0,0,0,,0,0,0,0,0,0,309,328,328,0,
"Shah, Amar R",February_2022,G8950,None,0,0,0,0,,0,0,0,0,0,0,17,17,17,0,
"Shah, Amar R",February_2022,G8967,None,0,0,0,0,,0,0,0,0,0,0,10,11,11,0,
"Shah, Amar R",February_2022,G8968,None,0,0,0,0,,0,0,0,0,0,0,2,2,2,0,
"Shah, Amar R",February_2022,G9698,None,0,0,0,0,,0,0,0,0,0,0,0,0,0,0,
"Shah, Amar R",February_2022,G9708,None,0,0,0,0,,0,0,0,0,0,0,5,5,5,0,
"Shah, Amar R",February_2022,G9711,None,0,0,0,0,,0,0,0,0,0,0,13,14,14,0,
"Shah, Amar R",February_2022,G9899,None,0,0,0,0,,0,0,0,0,0,0,50,52,52,0,
"Shah, Amar R",February_2022,G9900,None,0,0,0,0,,0,0,0,0,0,0,12,15,15,0,
"Shah, Amar R",February_2022,G9902,None,0,0,0,0,,0,0,0,0,0,0,14,15,15,0,
"Shah, Amar R",February_2022,G9903,None,0,0,0,0,,0,0,0,0,0,0,328,348,348,0,
"Shah, Amar R",February_2022,G9906,None,0,0,0,0,,0,0,0,0,0,0,1,1,1,0,
"Shah, Amar R",February_2022,G9908,None,0,0,0,0,,0,0,0,0,0,0,1,1,1,0,
"Shah, Amar R",February_2022,G9909,None,0,0,0,0,,0,0,0,0,0,0,1,1,1,0,
"Shah, Amar R",February_2022,G9931,None,0,0,0,0,,0,0,0,0,0,0,0,0,0,0,
"Shah, Amar R",February_2022,INTBL,None,0,0,0,3.06,,3.06,0,0,0,0,0,0,0,0,-3.06,
"Shah, Amar R",February_2022,INTC,None,0.16,0.16,0,0.21,1.3125,0.21,0,0,0,0,0,1,1,1,-0.05,1.3125
"Shah, Amar R",February_2022,INTOP,None,9.18,9.18,0,0,0,0,0,0,0,0,0,2,2,2,9.18,0
"Shah, Amar R",February_2022,J3301,None,178.94,178.94,0,36.15,0.20202302,26.93,9.22,87.47,0,0,0,10,10,46,55.32,0.69084609
"Shah, Amar R",February_2022,J7620,None,0,0,0,0,,0,0,11.88,0,0,0,1,1,1,-11.88,
"Shah, Amar R",March_2022,1036F,None,0,0,0,0,,0,0,0,0,0,0,355,387,387,0,
"Shah, Amar R",March_2022,1100F,None,0,0,0,0,,0,0,0,0,0,0,59,64,64,0,
"Shah, Amar R",March_2022,1101F,None,0,0,0,0,,0,0,0,0,0,0,0,0,0,0,
"Shah, Amar R",March_2022,11200,None,0,0,0,172.3,,74.04,98.26,100.96,0,0,0,0,0,0,-273.26,
"Shah, Amar R",March_2022,1123F,None,0,0,0,0,,0,0,0,0,0,0,96,107,107,0,
"Shah, Amar R",March_2022,1124F,None,0,0,0,0,,0,0,0,0,0,0,19,19,19,0,
"Shah, Amar R",March_2022,1125F,None,0,0,0,0,,0,0,0,0,0,0,5,5,5,0,
"Shah, Amar R",March_2022,1126F,None,0,0,0,0,,0,0,0,0,0,0,22,22,22,0,
"Shah, Amar R",March_2022,11402,None,0,0,0,159.82,,159.82,0,148.18,0,0,0,0,0,0,-308,
"Shah, Amar R",March_2022,1158F,None,0,0,0,0,,0,0,0,0,0,0,27,27,27,0,
"Shah, Amar R",March_2022,1160F,None,0,0,0,0,,0,0,0,0,0,0,27,27,27,0,
"Shah, Amar R",March_2022,1170F,None,0,0,0,0,,0,0,0,0,0,0,27,27,27,0,
"Shah, Amar R",March_2022,17000,None,0,0,0,72.4,,42.4,30,61.6,0,0,0,0,0,0,-134,
"Shah, Amar R",March_2022,17110,None,0,0,0,0,,0,0,0,0,0,0,0,0,0,0,
"Shah, Amar R",March_2022,2022F,None,0,0,0,0,,0,0,0,0,0,0,73,80,80,0,
"Shah, Amar R",March_2022,2023F,None,0,0,0,0,,0,0,0,0,0,0,0,0,0,0,
"Shah, Amar R",March_2022,2024F,None,0,0,0,0,,0,0,0,0,0,0,1,1,1,0,
"Shah, Amar R",March_2022,20526,None,942,942,0,130.62,0.13866242,130.62,0,158.38,0,0,0,4,4,4,653,0.30679406
"Shah, Amar R",March_2022,20600,None,0,0,0,0,,0,0,75.67,0,0,0,0,0,0,-75.67,
"Shah, Amar R",March_2022,20610,None,1464,1464,0,788.7,0.53872951,719.14,69.56,927.69,0,0,0,9,9,9,-252.39,1.17239754
"Shah, Amar R",March_2022,3017F,None,0,0,0,0,,0,0,0,0,0,0,167,187,187,0,
"Shah, Amar R",March_2022,3044F,None,0,0,0,20,,20,0,-20,0,0,0,40,45,45,0,
"Shah, Amar R",March_2022,3046F,None,0,0,0,10,,10,0,-10,0,0,0,12,12,12,0,
"Shah, Amar R",March_2022,3051F,None,0,0,0,10,,10,0,-10,0,0,0,21,21,21,0,
"Shah, Amar R",March_2022,3052F,None,0,0,0,10,,10,0,-10,0,0,0,8,8,8,0,
"Shah, Amar R",March_2022,3072F,None,0,0,0,0,,0,0,0,0,0,0,3,3,3,0,
"Shah, Amar R",March_2022,3095F,None,0,0,0,0,,0,0,0,0,0,0,0,0,0,0,
"Shah, Amar R",March_2022,3288F,None,0,0,0,0,,0,0,0,0,0,0,59,64,65,0,
"Shah, Amar R",March_2022,4004F,None,0,0,0,0,,0,0,0,0,0,0,7,7,7,0,
"Shah, Amar R",March_2022,4040F,None,0,0,0,0,,0,0,0,0,0,0,56,60,60,0,
"Shah, Amar R",March_2022,46083,None,0,0,0,216.94,,216.94,0,146.06,0,0,0,0,0,0,-363,
"Shah, Amar R",March_2022,5015F,None,0,0,0,0,,0,0,0,0,0,0,1,1,1,0,
"Shah, Amar R",March_2022,69209,None,0,0,0,14.91,,14.91,0,14.09,0,0,0,0,0,0,-29,
"Shah, Amar R",March_2022,81003,None,36,36,0,5.26,0.14611111,5.26,0,30.74,0,6,0,3,3,3,-6,1.16666667
"Shah, Amar R",March_2022,83036,None,35,35,0,0,0,0,0,27.81,0,0,0,1,1,1,7.19,0.79457143
"Shah, Amar R",March_2022,87426,None,750,750,0,809.97,1.07996,809.97,0,1065.03,0,75,0,10,10,10,-1200,2.6
"Shah, Amar R",March_2022,87804,None,240,240,0,559,2.32916667,501.76,57.24,308.38,0,0,0,6,6,12,-627.38,3.61408333
"Shah, Amar R",March_2022,87880,None,32,32,0,23.97,0.7490625,14.05,9.92,17.95,0,0,0,1,1,1,-9.92,1.31
"Shah, Amar R",March_2022,90460,None,126,126,0,20.4,0.16190476,20.4,0,63.6,0,0,0,3,3,3,42,0.66666667
"Shah, Amar R",March_2022,90471,None,294,294,0,204.99,0.6972449,204.99,0,299.01,0,0,0,7,7,7,-210,1.71428571
"Shah, Amar R",March_2022,90651,None,2250,2250,0,1517.44,0.67441778,1517.44,0,1469.71,0,0,0,5,5,5,-737.15,1.32762222
"Shah, Amar R",March_2022,90662,None,0,0,0,0,,0,0,0,0,0,0,0,0,0,0,
"Shah, Amar R",March_2022,90670,None,2760,2760,0,2095.76,0.75933333,2095.76,0,2044.24,0,0,0,6,6,6,-1380,1.5
"Shah, Amar R",March_2022,90688,None,0,0,0,100.27,,100.27,0,29.02,0,0,0,0,0,0,-129.29,
"Shah, Amar R",March_2022,90715,None,180,180,0,49,0.27222222,49,0,11,0,0,0,3,3,3,120,0.33333333
"Shah, Amar R",March_2022,90732,None,870,870,0,455,0.52298851,455,0,85,0,0,0,7,7,7,330,0.62068966
"Shah, Amar R",March_2022,93000,None,140,140,0,111.23,0.7945,57.37,53.86,82.63,0,0,0,4,4,4,-53.86,1.38471429
"Shah, Amar R",March_2022,94010,None,365,365,0,203.56,0.55769863,144.26,59.3,281.37,0,0,0,5,5,5,-119.93,1.32857534
"Shah, Amar R",March_2022,96160,None,1200,1200,0,1200,1,1200,0,400,0,0,0,6,6,6,-400,1.33333333
"Shah, Amar R",March_2022,99072,None,0,0,0,0,,0,0,0,0,15,0,0,0,0,-15,
"Shah, Amar R",March_2022,99202,None,0,0,0,109.79,,109.79,0,192.21,0,0,0,0,0,0,-302,
"Shah, Amar R",March_2022,99203,None,651,651,0,421.16,0.64694316,373.45,47.71,431.84,0,217,0,3,3,3,-419,1.64362519
"Shah, Amar R",March_2022,99204,None,1320,1320,0,1276.51,0.96705303,901.1,375.41,1341.98,0,0,0,5,5,5,-1298.49,1.98370455
"Shah, Amar R",March_2022,99205,None,0,0,0,222.65,,222.65,0,193.35,0,0,0,0,0,0,-416,
"Shah, Amar R",March_2022,99211,None,0,0,0,0,,0,0,0,0,0,0,1,1,1,0,
"Shah, Amar R",March_2022,99212,None,0,0,0,0,,0,0,89,0,0,0,0,0,0,-89,
"Shah, Amar R",March_2022,99213,None,13083,12936,147,5755.93,0.4399549,3731.16,2024.77,5340.02,0,280,0,87,89,89,1707.05,0.86952152
"Shah, Amar R",March_2022,99214,None,54750,54000,750,23474.55,0.4287589,19430.91,4043.64,29393.03,0,992.6,0,211,220,220,889.82,0.98374758
"Shah, Amar R",March_2022,99215,None,6716,6716,0,3573.24,0.53204884,2487.69,1085.55,2354.94,0,0,0,21,23,23,787.82,0.88269506
"Shah, Amar R",March_2022,99385,None,482,482,0,265.02,0.54983402,265.02,0,201.98,0,0,0,2,2,2,15,0.96887967
"Shah, Amar R",March_2022,99386,None,1632,1632,0,1157.53,0.70927083,1157.53,0,968.47,0,0,0,6,6,6,-494,1.30269608
"Shah, Amar R",March_2022,99394,None,186,186,0,259.38,1.39451613,259.38,0,112.62,0,0,0,1,1,1,-186,2
"Shah, Amar R",March_2022,99395,None,3296,3296,0,1896.87,0.57550667,1881.87,15,1281.89,0,106,0,16,16,16,11.24,0.99658981
"Shah, Amar R",March_2022,99396,None,5876,5876,0,3302.6,0.56204901,3242.6,60,2859.4,0,0,0,26,26,26,-286,1.04867257
"Shah, Amar R",March_2022,99397,None,0,0,0,152.09,,152.09,0,103.91,0,0,0,0,0,0,-256,
"Shah, Amar R",March_2022,99439,None,456,456,0,408.54,0.89592105,408.54,0,1.86,0,0,0,12,12,12,45.6,0.9
"Shah, Amar R",March_2022,99453,None,575,575,0,469.97,0.81733913,466.35,3.62,283.13,0,0,0,23,23,23,-178.1,1.30973913
"Shah, Amar R",March_2022,99454,None,4160,4160,0,1838.22,0.44187981,1760.06,78.16,1592.2,0,0,0,64,64,64,729.58,0.82462019
"Shah, Amar R",March_2022,99457,None,4180,4180,0,3206.6,0.76712919,3135.08,71.52,1041.67,0,0,0,76,76,76,-68.27,1.01633254
"Shah, Amar R",March_2022,99458,None,810,810,0,621.89,0.76776543,621.89,0,82.14,0,0,0,12,12,18,105.97,0.86917284
"Shah, Amar R",March_2022,99487,None,374,374,0,257.44,0.68834225,257.44,0,116.56,0,0,0,2,2,2,0,1
"Shah, Amar R",March_2022,99490,None,3400,3400,0,1985.2,0.58388235,1829.8,155.4,936.6,0,60.46,0,40,40,40,417.74,0.87713529
"Shah, Amar R",March_2022,99492,None,10075,10075,0,4104.53,0.40739752,3311.38,793.15,4705.79,0,25,0,30,31,31,1239.68,0.87695484
"Shah, Amar R",March_2022,99493,None,26652.28,26393.52,258.76,11992.83,0.44997389,10046.33,1946.5,12887.79,0,321.34,0,102,103,103,1450.32,0.94558364
"Shah, Amar R",March_2022,99494,None,10586,10452,134,3004.6,0.2838277,2663.64,340.96,3863.86,0,88,0,36,37,79,3629.54,0.65713773
"Shah, Amar R",March_2022,99495,None,330,330,0,183.92,0.55733333,183.92,0,146.08,0,0,0,1,1,1,0,1
"Shah, Amar R",March_2022,99496,None,467,467,0,476.42,1.02017131,441.42,35,439.37,0,0,0,1,1,1,-448.79,1.96100642
"Shah, Amar R",March_2022,99497,None,4080,4080,0,1027.77,0.25190441,1027.77,0,1385.51,0,0,0,24,24,24,1666.72,0.5914902
"Shah, Amar R",March_2022,99498,None,150,150,0,0,0,0,0,0,0,0,0,1,1,1,150,0
"Shah, Amar R",March_2022,COLF,None,205.33,205.33,0,0,0,0,0,0,0,0,0,2,2,2,205.33,0
"Shah, Amar R",March_2022,COVID,None,0,0,0,0,,0,0,0,0,410,0,0,0,0,-410,
"Shah, Amar R",March_2022,FORM,None,25,25,0,0,0,0,0,0,0,0,0,1,1,1,25,0
"Shah, Amar R",March_2022,G0008,None,0,0,0,84.67,,84.67,0,83.33,0,0,0,0,0,0,-168,
"Shah, Amar R",March_2022,G0009,None,605,605,0,277.25,0.45826446,277.25,0,272.75,0,0,0,11,11,11,55,0.90909091
"Shah, Amar R",March_2022,G0030,None,0,0,0,0,,0,0,0,0,0,0,13,14,14,0,
"Shah, Amar R",March_2022,G0402,None,336,336,0,168.6,0.50178571,168.6,0,167.4,0,0,0,1,1,1,0,1
"Shah, Amar R",March_2022,G0438,None,1038,1038,0,0,0,0,0,0,0,0,0,3,3,3,1038,0
"Shah, Amar R",March_2022,G0439,None,5664,5664,0,2216.18,0.39127472,2211.18,5,1800.82,0,0,0,24,24,24,1647,0.7092161
"Shah, Amar R",March_2022,G0444,None,999,999,0,163.3,0.16346346,163.3,0,169.7,0,0,0,27,27,27,666,0.33333333
"Shah, Amar R",March_2022,G2102,None,0,0,0,0,,0,0,0,0,0,0,0,0,0,0,
"Shah, Amar R",March_2022,G8399,None,0,0,0,0,,0,0,0,0,0,0,19,20,20,0,
"Shah, Amar R",March_2022,G8400,None,0,0,0,0,,0,0,0,0,0,0,4,4,4,0,
"Shah, Amar R",March_2022,G8417,None,0,0,0,0,,0,0,0,0,0,0,155,170,170,0,
"Shah, Amar R",March_2022,G8418,None,0,0,0,0,,0,0,0,0,0,0,2,2,2,0,
"Shah, Amar R",March_2022,G8419,None,0,0,0,0,,0,0,0,0,0,0,0,0,0,0,
"Shah, Amar R",March_2022,G8420,None,0,0,0,0,,0,0,0,0,0,0,187,201,201,0,
"Shah, Amar R",March_2022,G8427,None,0,0,0,0,,0,0,0,0,0,0,375,411,411,0,
"Shah, Amar R",March_2022,G8430,None,0,0,0,0,,0,0,0,0,0,0,0,0,0,0,
"Shah, Amar R",March_2022,G8431,None,0,0,0,0,,0,0,0,0,0,0,24,24,24,0,
"Shah, Amar R",March_2022,G8482,None,0,0,0,0,,0,0,0,0,0,0,309,337,337,0,
"Shah, Amar R",March_2022,G8483,None,0,0,0,0,,0,0,0,0,0,0,73,75,75,0,
"Shah, Amar R",March_2022,G8510,None,0,0,0,0,,0,0,0,0,0,0,355,389,389,0,
"Shah, Amar R",March_2022,G8511,None,0,0,0,0,,0,0,0,0,0,0,1,1,1,0,
"Shah, Amar R",March_2022,G8734,None,0,0,0,0,,0,0,0,0,0,0,27,27,27,0,
"Shah, Amar R",March_2022,G8752,None,0,0,0,0,,0,0,0,0,0,0,167,186,186,0,
"Shah, Amar R",March_2022,G8753,None,0,0,0,0,,0,0,0,0,0,0,18,18,18,0,
"Shah, Amar R",March_2022,G8754,None,0,0,0,0,,0,0,0,0,0,0,170,190,190,0,
"Shah, Amar R",March_2022,G8755,None,0,0,0,0,,0,0,0,0,0,0,14,14,14,0,
"Shah, Amar R",March_2022,G8783,None,0,0,0,0,,0,0,0,0,0,0,330,359,359,0,
"Shah, Amar R",March_2022,G8950,None,0,0,0,0,,0,0,0,0,0,0,15,15,15,0,
"Shah, Amar R",March_2022,G8967,None,0,0,0,0,,0,0,0,0,0,0,6,6,6,0,
"Shah, Amar R",March_2022,G8968,None,0,0,0,0,,0,0,0,0,0,0,1,1,1,0,
"Shah, Amar R",March_2022,G8969,None,0,0,0,0,,0,0,0,0,0,0,1,1,1,0,
"Shah, Amar R",March_2022,G9708,None,0,0,0,0,,0,0,0,0,0,0,2,2,2,0,
"Shah, Amar R",March_2022,G9711,None,0,0,0,0,,0,0,0,0,0,0,16,16,16,0,
"Shah, Amar R",March_2022,G9899,None,0,0,0,0,,0,0,0,0,0,0,59,65,65,0,
"Shah, Amar R",March_2022,G9900,None,0,0,0,0,,0,0,0,0,0,0,7,7,7,0,
"Shah, Amar R",March_2022,G9902,None,0,0,0,0,,0,0,0,0,0,0,25,26,26,0,
"Shah, Amar R",March_2022,G9903,None,0,0,0,0,,0,0,0,0,0,0,340,372,372,0,
"Shah, Amar R",March_2022,G9906,None,0,0,0,0,,0,0,0,0,0,0,0,0,0,0,
"Shah, Amar R",March_2022,G9974,None,0,0,0,0,,0,0,0,0,0,0,0,0,0,0,
"Shah, Amar R",March_2022,G9989,None,0,0,0,0,,0,0,0,0,0,0,2,2,2,0,
"Shah, Amar R",March_2022,G9991,None,0,0,0,0,,0,0,0,0,0,0,48,51,51,0,
"Shah, Amar R",March_2022,G9997,None,0,0,0,0,,0,0,0,0,0,0,1,1,1,0,
"Shah, Amar R",March_2022,INTBL,None,0.72,0.72,0,0.01,0.01388889,0.01,0,0,0,0,0,2,2,2,0.71,0.01388889
"Shah, Amar R",March_2022,INTVP,None,0.05,0.05,0,0,0,0,0,0,0,0,0,1,1,1,0.05,0
"Shah, Amar R",March_2022,J3301,None,233.4,233.4,0,41.27,0.17682091,41.27,0,129.78,0,0.89,0,13,13,60,61.46,0.73667524
"Shah, Amar R",April_2022,1036F,None,0,0,0,0,,0,0,0,0,0,0,244,256,256,0,
"Shah, Amar R",April_2022,1100F,None,0,0,0,0,,0,0,0,0,0,0,0,0,0,0,
"Shah, Amar R",April_2022,1101F,None,0,0,0,0,,0,0,0,0,0,0,0,0,0,0,
"Shah, Amar R",April_2022,1123F,None,0,0,0,0,,0,0,0,0,0,0,77,80,80,0,
"Shah, Amar R",April_2022,1124F,None,0,0,0,0,,0,0,0,0,0,0,30,30,30,0,
"Shah, Amar R",April_2022,1125F,None,0,0,0,0,,0,0,0,0,0,0,5,5,5,0,
"Shah, Amar R",April_2022,1126F,None,0,0,0,0,,0,0,0,0,0,0,27,27,27,0,
"Shah, Amar R",April_2022,11401,None,0,0,0,147.74,,0,147.74,0,0,0,0,0,0,0,-147.74,
"Shah, Amar R",April_2022,1158F,None,0,0,0,0,,0,0,0,0,0,0,32,32,32,0,
"Shah, Amar R",April_2022,1160F,None,0,0,0,0,,0,0,0,0,0,0,32,32,32,0,
"Shah, Amar R",April_2022,1170F,None,0,0,0,0,,0,0,0,0,0,0,32,32,32,0,
"Shah, Amar R",April_2022,17000,None,0,0,0,0,,0,0,0,0,0,0,0,0,0,0,
"Shah, Amar R",April_2022,2022F,None,0,0,0,0,,0,0,0,0,0,0,53,56,56,0,
"Shah, Amar R",April_2022,2024F,None,0,0,0,0,,0,0,0,0,0,0,1,1,1,0,
"Shah, Amar R",April_2022,2026F,None,0,0,0,0,,0,0,0,0,0,0,1,1,1,0,
"Shah, Amar R",April_2022,20526,None,471,471,0,274.57,0.58295117,274.57,0,514,0,0,0,2,2,2,-317.57,1.67424628
"Shah, Amar R",April_2022,20605,None,412,412,0,0,0,0,0,198.05,0,0,0,2,2,2,213.95,0.48070388
"Shah, Amar R",April_2022,20610,None,1098,1098,0,630.84,0.57453552,441.18,189.66,808.19,0,0,0,7,7,8,-341.03,1.31059199
"Shah, Amar R",April_2022,3017F,None,0,0,0,0,,0,0,0,0,0,0,117,123,123,0,
"Shah, Amar R",April_2022,3044F,None,0,0,0,20,,20,0,-20,0,0,0,33,36,36,0,
"Shah, Amar R",April_2022,3046F,None,0,0,0,20,,20,0,-20,0,0,0,8,8,8,0,
"Shah, Amar R",April_2022,3051F,None,0,0,0,30,,30,0,-30,0,0,0,10,10,10,0,
"Shah, Amar R",April_2022,3052F,None,0,0,0,0,,0,0,0,0,0,0,5,5,5,0,
"Shah, Amar R",April_2022,3072F,None,0,0,0,0,,0,0,0,0,0,0,1,1,1,0,
"Shah, Amar R",April_2022,3288F,None,0,0,0,0,,0,0,0,0,0,0,0,0,0,0,
"Shah, Amar R",April_2022,4004F,None,0,0,0,0,,0,0,0,0,0,0,0,0,0,0,
"Shah, Amar R",April_2022,4040F,None,0,0,0,0,,0,0,0,0,0,0,0,0,0,0,
"Shah, Amar R",April_2022,5015F,None,0,0,0,0,,0,0,0,0,0,0,0,0,0,0,
"Shah, Amar R",April_2022,81003,None,60,60,0,8.46,0.141,7.88,0.58,60.22,0,0,0,5,5,5,-8.68,1.14466667
"Shah, Amar R",April_2022,87426,None,75,75,0,167.25,2.23,167.25,0,357.75,0,0,0,1,1,1,-450,7
"Shah, Amar R",April_2022,87804,None,40,40,0,217.5,5.4375,138.06,79.44,41.8,0,0,0,2,2,4,-219.3,6.4825
"Shah, Amar R",April_2022,87811,None,0,0,0,72.82,,72.82,0,57.18,0,0,0,0,0,0,-130,
"Shah, Amar R",April_2022,87880,None,0,0,0,9.92,,9.92,0,22.08,0,0,0,0,0,0,-32,
"Shah, Amar R",April_2022,90460,None,42,42,0,34,0.80952381,34,0,50,0,0,0,1,1,1,-42,2
"Shah, Amar R",April_2022,90471,None,168,168,0,91.98,0.5475,91.98,0,163.23,0,0,0,4,4,4,-87.21,1.51910714
"Shah, Amar R",April_2022,90651,None,900,900,0,768.54,0.85393333,768.54,0,581.46,0,0,0,2,2,2,-450,1.5
"Shah, Amar R",April_2022,90670,None,3680,3680,0,1180.45,0.32077446,1180.45,0,1119.55,0,0,0,8,8,8,1380,0.625
"Shah, Amar R",April_2022,90688,None,0,0,0,40.2,,40.2,0,19.8,0,0,0,0,0,0,-60,
"Shah, Amar R",April_2022,90715,None,0,0,0,109,,109,0,11,0,0,0,0,0,0,-120,
"Shah, Amar R",April_2022,90732,None,1780,1780,0,1382.51,0.77669101,1382.51,0,137.49,0,0,0,13,13,13,260,0.85393258
"Shah, Amar R",April_2022,93000,None,105,105,0,42.42,0.404,38.65,3.77,60.34,0,0,0,3,3,3,2.24,0.97866667
"Shah, Amar R",April_2022,94010,None,584,584,0,271.04,0.46410959,221.04,50,350.57,0,0,0,8,8,8,-37.61,1.06440068
"Shah, Amar R",April_2022,94640,None,0,0,0,10.76,,0,10.76,0,0,0,0,0,0,0,-10.76,
"Shah, Amar R",April_2022,96160,None,1000,1000,0,900,0.9,900,0,300,0,0,0,5,5,5,-200,1.2
"Shah, Amar R",April_2022,99202,None,0,0,0,0,,0,0,0,0,0,0,0,0,0,0,
"Shah, Amar R",April_2022,99203,None,651,651,0,404.15,0.62081413,206.07,198.08,518.85,0,0,0,3,3,3,-272,1.41781874
"Shah, Amar R",April_2022,99204,None,1650,1650,0,823.7,0.49921212,470.9,352.8,504.1,0,0,0,5,5,5,322.2,0.80472727
"Shah, Amar R",April_2022,99205,None,1248,1248,0,5,0.00400641,0,5,0,0,0,0,3,3,3,1243,0.00400641
"Shah, Amar R",April_2022,99213,None,6468,6027,441,6044.96,0.93459493,3739.49,2305.47,4661.51,0,61.95,0,43,44,44,-4300.42,1.66487631
"Shah, Amar R",April_2022,99214,None,35750,35500,250,20809.46,0.5820828,16806.11,4003.35,24680.83,0,140,0,139,143,143,-9880.29,1.27637175
"Shah, Amar R",April_2022,99215,None,7300,7300,0,5170.16,0.7082411,4665.73,504.43,4619.02,0,0,0,25,25,25,-2489.18,1.34098356
"Shah, Amar R",April_2022,99385,None,241,241,0,140.22,0.58182573,115.22,25,125.78,0,0,0,1,1,1,-25,1.10373444
"Shah, Amar R",April_2022,99386,None,0,0,0,537.98,,537.98,0,550.02,0,0,0,0,0,0,-1088,
"Shah, Amar R",April_2022,99387,None,302,302,0,185.5,0.61423841,185.5,0,116.5,0,0,0,1,1,1,0,1
"Shah, Amar R",April_2022,99395,None,412,412,0,1259.98,3.05820388,1114.98,145,739.02,0,0,0,2,2,2,-1587,4.85194175
"Shah, Amar R",April_2022,99396,None,2486,2486,0,1790.41,0.7201971,1790.41,0,1348.59,0,0,0,11,11,11,-653,1.26267096
"Shah, Amar R",April_2022,99397,None,0,0,0,0,,0,0,0,0,0,0,0,0,0,0,
"Shah, Amar R",April_2022,99439,None,608,608,0,445.83,0.73327303,445.83,0,-5.03,0,0,0,13,13,16,167.2,0.725
"Shah, Amar R",April_2022,99453,None,475,475,0,182.56,0.38433684,178.97,3.59,53.33,0,0,0,19,19,19,239.11,0.49661053
"Shah, Amar R",April_2022,99454,None,6110,6110,0,1463.83,0.23957938,1401.2,62.63,1089.7,0,0,0,94,94,94,3556.47,0.41792635
"Shah, Amar R",April_2022,99457,None,5610,5610,0,1953.88,0.3482852,1922.17,31.71,199.27,0,0,0,102,102,102,3456.85,0.3838057
"Shah, Amar R",April_2022,99458,None,855,855,0,227.32,0.26587135,227.32,0,82.52,0,0,0,14,14,19,545.16,0.36238596
"Shah, Amar R",April_2022,99487,None,0,0,0,25.37,,25.37,0,0,0,0,0,0,0,0,-25.37,
"Shah, Amar R",April_2022,99490,None,5865,5865,0,3257.47,0.55540835,3175.4,82.07,1556.14,0,0,0,69,69,69,1051.39,0.82073487
"Shah, Amar R",April_2022,99492,None,11050,11050,0,4659.95,0.42171493,3321.87,1338.08,5319.7,0,0,0,34,34,34,1070.35,0.90313575
"Shah, Amar R",April_2022,99493,None,27169.8,27169.8,0,12947.58,0.47654307,10309.79,2637.79,12836.39,0,290.52,0,103,106,106,1095.31,0.95968649
"Shah, Amar R",April_2022,99494,None,14740,14740,0,4360.54,0.29583039,3801.73,558.81,5042.57,0,92,0,44,45,110,5244.89,0.644173
"Shah, Amar R",April_2022,99495,None,0,0,0,143.77,,143.77,0,186.23,0,0,0,0,0,0,-330,
"Shah, Amar R",April_2022,99496,None,467,467,0,794.08,1.70038544,794.08,0,606.91,0,0,0,1,1,1,-933.99,2.99997859
"Shah, Amar R",April_2022,99497,None,4590,4590,0,2207.97,0.48103922,2207.97,0,2353.19,0,0,0,27,27,27,28.84,0.99371678
"Shah, Amar R",April_2022,99498,None,150,150,0,129.85,0.86566667,129.85,0,170.15,0,0,0,1,1,1,-150,2
"Shah, Amar R",April_2022,COLF,None,299.99,299.99,0,0,0,0,0,0,0,0,0,2,2,2,299.99,0
"Shah, Amar R",April_2022,FORM,None,50,50,0,50,1,0,50,0,0,0,0,2,2,2,0,1
"Shah, Amar R",April_2022,G0008,None,0,0,0,0,,0,0,0,0,0,0,0,0,0,0,
"Shah, Amar R",April_2022,G0009,None,990,990,0,390.45,0.39439394,390.45,0,434.55,0,0,0,18,18,18,165,0.83333333
"Shah, Amar R",April_2022,G0030,None,0,0,0,0,,0,0,0,0,0,0,7,7,7,0,
"Shah, Amar R",April_2022,G0402,None,336,336,0,0,0,0,0,0,0,0,0,1,1,1,336,0
"Shah, Amar R",April_2022,G0438,None,346,346,0,663.4,1.91734104,663.4,0,720.6,0,0,0,1,1,1,-1038,4
"Shah, Amar R",April_2022,G0439,None,7080,7080,0,3498.02,0.49407062,3498.02,0,2910.98,0,0,0,30,30,30,671,0.90522599
"Shah, Amar R",April_2022,G0444,None,1184,1184,0,555.16,0.46888514,555.16,0,850.84,0,0,0,32,32,32,-222,1.1875
"Shah, Amar R",April_2022,G8399,None,0,0,0,0,,0,0,0,0,0,0,19,21,21,0,
"Shah, Amar R",April_2022,G8400,None,0,0,0,0,,0,0,0,0,0,0,4,4,4,0,
"Shah, Amar R",April_2022,G8417,None,0,0,0,0,,0,0,0,0,0,0,104,108,108,0,
"Shah, Amar R",April_2022,G8418,None,0,0,0,0,,0,0,0,0,0,0,4,4,4,0,
"Shah, Amar R",April_2022,G8420,None,0,0,0,0,,0,0,0,0,0,0,123,130,130,0,
"Shah, Amar R",April_2022,G8421,None,0,0,0,0,,0,0,0,0,0,0,0,0,0,0,
"Shah, Amar R",April_2022,G8427,None,0,0,0,0,,0,0,0,0,0,0,251,263,263,0,
"Shah, Amar R",April_2022,G8430,None,0,0,0,0,,0,0,0,0,0,0,1,1,1,0,
"Shah, Amar R",April_2022,G8431,None,0,0,0,0,,0,0,0,0,0,0,16,16,16,0,
"Shah, Amar R",April_2022,G8482,None,0,0,0,0,,0,0,0,0,0,0,10,10,10,0,
"Shah, Amar R",April_2022,G8483,None,0,0,0,0,,0,0,0,0,0,0,2,2,2,0,
"Shah, Amar R",April_2022,G8510,None,0,0,0,0,,0,0,0,0,0,0,241,252,252,0,
"Shah, Amar R",April_2022,G8734,None,0,0,0,0,,0,0,0,0,0,0,30,30,30,0,
"Shah, Amar R",April_2022,G8752,None,0,0,0,0,,0,0,0,0,0,0,114,117,117,0,
"Shah, Amar R",April_2022,G8753,None,0,0,0,0,,0,0,0,0,0,0,8,8,8,0,
"Shah, Amar R",April_2022,G8754,None,0,0,0,0,,0,0,0,0,0,0,121,124,124,0,
"Shah, Amar R",April_2022,G8755,None,0,0,0,0,,0,0,0,0,0,0,1,1,1,0,
"Shah, Amar R",April_2022,G8756,None,0,0,0,0,,0,0,0,0,0,0,0,0,0,0,
"Shah, Amar R",April_2022,G8783,None,0,0,0,0,,0,0,0,0,0,0,229,240,240,0,
"Shah, Amar R",April_2022,G8785,None,0,0,0,0,,0,0,0,0,0,0,0,0,0,0,
"Shah, Amar R",April_2022,G8950,None,0,0,0,0,,0,0,0,0,0,0,4,4,4,0,
"Shah, Amar R",April_2022,G8967,None,0,0,0,0,,0,0,0,0,0,0,0,0,0,0,
"Shah, Amar R",April_2022,G9708,None,0,0,0,0,,0,0,0,0,0,0,1,1,1,0,
"Shah, Amar R",April_2022,G9711,None,0,0,0,0,,0,0,0,0,0,0,10,10,10,0,
"Shah, Amar R",April_2022,G9899,None,0,0,0,0,,0,0,0,0,0,0,46,48,48,0,
"Shah, Amar R",April_2022,G9900,None,0,0,0,0,,0,0,0,0,0,0,4,4,4,0,
"Shah, Amar R",April_2022,G9902,None,0,0,0,0,,0,0,0,0,0,0,12,12,12,0,
"Shah, Amar R",April_2022,G9903,None,0,0,0,0,,0,0,0,0,0,0,235,246,246,0,
"Shah, Amar R",April_2022,G9906,None,0,0,0,0,,0,0,0,0,0,0,2,2,2,0,
"Shah, Amar R",April_2022,G9907,None,0,0,0,0,,0,0,0,0,0,0,2,2,2,0,
"Shah, Amar R",April_2022,G9974,None,0,0,0,0,,0,0,0,0,0,0,0,0,0,0,
"Shah, Amar R",April_2022,G9989,None,0,0,0,0,,0,0,0,0,0,0,5,5,5,0,
"Shah, Amar R",April_2022,G9991,None,0,0,0,0,,0,0,0,0,0,0,90,98,98,0,
"Shah, Amar R",April_2022,G9997,None,0,0,0,0,,0,0,0,0,0,0,0,0,0,0,
"Shah, Amar R",April_2022,INTBL,None,0.01,0.01,0,0,0,0,0,0,0,0,0,1,1,1,0.01,0
"Shah, Amar R",April_2022,INTM,None,0,0,0,0.01,,0.01,0,0,0,0,0,0,0,0,-0.01,
"Shah, Amar R",April_2022,INTOP,None,4.6,4.6,0,0,0,0,0,0,0,0,0,1,1,1,4.6,0
"Shah, Amar R",April_2022,INTVP,None,0,0,0,0.05,,0.05,0,0,0,0,0,0,0,0,-0.05,
"Shah, Amar R",April_2022,J3301,None,225.62,225.62,0,75.66,0.33534261,59.3,16.36,203.96,0,0.96,0,11,11,58,-54.96,1.24359543
"Shah, Amar R",April_2022,J7620,None,0,0,0,0.12,,0,0.12,0,0,0,0,0,0,0,-0.12,
"Shah, Amar R",April_2022,M1027,None,0,0,0,0,,0,0,0,0,0,0,0,0,0,0,
"Shah, Amar R",April_2022,M1031,None,0,0,0,0,,0,0,0,0,0,0,0,0,0,0,
"Shah, Amar R",April_2022,Nshow,None,0,0,0,5,,0,5,0,0,0,0,0,0,0,-5,
"Shah, Amar R",May_2022,1036F,None,0,0,0,0,,0,0,0,0,0,0,306,322,322,0,
"Shah, Amar R",May_2022,1100F,None,0,0,0,0,,0,0,0,0,0,0,0,0,0,0,
"Shah, Amar R",May_2022,11104,None,250,250,0,45,0.18,0,45,0,0,0,0,1,1,1,205,0.18
"Shah, Amar R",May_2022,11200,None,400,400,0,106.94,0.26735,106.94,0,108.69,0,0,0,2,2,2,184.37,0.539075
"Shah, Amar R",May_2022,1123F,None,0,0,0,0,,0,0,0,0,0,0,74,81,81,0,
"Shah, Amar R",May_2022,1124F,None,0,0,0,0,,0,0,0,0,0,0,20,20,20,0,
"Shah, Amar R",May_2022,1125F,None,0,0,0,0,,0,0,0,0,0,0,5,5,5,0,
"Shah, Amar R",May_2022,1126F,None,0,0,0,0,,0,0,0,0,0,0,19,19,19,0,
"Shah, Amar R",May_2022,1158F,None,0,0,0,0,,0,0,0,0,0,0,24,24,24,0,
"Shah, Amar R",May_2022,1160F,None,0,0,0,0,,0,0,0,0,0,0,24,24,24,0,
"Shah, Amar R",May_2022,1170F,None,0,0,0,0,,0,0,0,0,0,0,24,24,24,0,
"Shah, Amar R",May_2022,17000,None,268,268,0,0,0,0,0,76.27,0,0,0,2,2,2,191.73,0.28458955
"Shah, Amar R",May_2022,17003,None,0,0,0,0,,0,0,0,0,0,0,0,0,0,0,
"Shah, Amar R",May_2022,17110,None,0,0,0,0,,0,0,0,0,0,0,0,0,0,0,
"Shah, Amar R",May_2022,2022F,None,0,0,0,0,,0,0,0,0,0,0,62,63,64,0,
"Shah, Amar R",May_2022,2023F,None,0,0,0,0,,0,0,0,0,0,0,1,1,1,0,
"Shah, Amar R",May_2022,2024F,None,0,0,0,0,,0,0,0,0,0,0,1,1,1,0,
"Shah, Amar R",May_2022,2026F,None,0,0,0,0,,0,0,0,0,0,0,2,2,2,0,
"Shah, Amar R",May_2022,20526,None,314,314,0,88.43,0.2816242,0,88.43,0,0,0,0,1,1,1,225.57,0.2816242
"Shah, Amar R",May_2022,20552,None,112,112,0,32.49,0.29008929,32.49,0,49.51,0,0,0,1,1,1,30,0.73214286
"Shah, Amar R",May_2022,20600,None,98,98,0,41.27,0.42112245,41.27,0,46.49,0,0,0,1,1,1,10.24,0.8955102
"Shah, Amar R",May_2022,20605,None,103,103,0,116.75,1.13349515,116.75,0,89.25,0,0,0,1,1,1,-103,2
"Shah, Amar R",May_2022,20610,None,2440,2318,122,649.62,0.2662377,587.9,61.72,989.34,0,0,0,15,15,16,801.04,0.67170492
"Shah, Amar R",May_2022,3017F,None,0,0,0,0,,0,0,0,0,0,0,136,147,147,0,
"Shah, Amar R",May_2022,3044F,None,0,0,0,10,,10,0,-10,0,0,0,45,45,45,0,
"Shah, Amar R",May_2022,3046F,None,0,0,0,10,,10,0,-10,0,0,0,9,10,10,0,
"Shah, Amar R",May_2022,3051F,None,0,0,0,20,,20,0,-20,0,0,0,11,11,11,0,
"Shah, Amar R",May_2022,3052F,None,0,0,0,0,,0,0,0,0,0,0,3,4,4,0,
"Shah, Amar R",May_2022,3072F,None,0,0,0,0,,0,0,0,0,0,0,3,3,3,0,
"Shah, Amar R",May_2022,3288F,None,0,0,0,0,,0,0,0,0,0,0,0,0,0,0,
"Shah, Amar R",May_2022,4004F,None,0,0,0,0,,0,0,0,0,0,0,0,0,0,0,
"Shah, Amar R",May_2022,4040F,None,0,0,0,0,,0,0,0,0,0,0,0,0,0,0,
"Shah, Amar R",May_2022,69209,None,0,0,0,1.57,,0,1.57,0,0,0,0,0,0,0,-1.57,
"Shah, Amar R",May_2022,81003,None,24,24,0,4.73,0.19708333,1.08,3.65,21.21,0,0,0,2,2,2,-1.94,1.08083333
"Shah, Amar R",May_2022,87301,None,0,0,0,0.13,,0,0.13,0,0,0,0,0,0,0,-0.13,
"Shah, Amar R",May_2022,87426,None,300,300,0,125.79,0.4193,125.79,0,99.21,0,0,0,4,4,4,75,0.75
"Shah, Amar R",May_2022,87804,None,120,120,0,58.26,0.4855,56.28,1.98,23.72,0,0,0,3,3,6,38.02,0.68316667
"Shah, Amar R",May_2022,87880,None,0,0,0,16.53,,16.53,0,15.47,0,0,0,0,0,0,-32,
"Shah, Amar R",May_2022,90471,None,294,294,0,75.2,0.25578231,75.2,0,176.8,0,0,0,7,7,7,42,0.85714286
"Shah, Amar R",May_2022,90472,None,52,52,0,12.71,0.24442308,12.71,0,13.29,0,0,0,2,2,2,26,0.5
"Shah, Amar R",May_2022,90651,None,900,900,0,312.15,0.34683333,287.15,25,162.85,0,0,0,2,2,2,425,0.52777778
"Shah, Amar R",May_2022,90662,None,0,0,0,62,,62,0,13,0,0,0,0,0,0,-75,
"Shah, Amar R",May_2022,90670,None,2300,2300,0,1959.21,0.85183043,1959.21,0,2180.79,0,0,0,5,5,5,-1840,1.8
"Shah, Amar R",May_2022,90688,None,0,0,0,19.04,,19.04,0,10.96,0,0,0,0,0,0,-30,
"Shah, Amar R",May_2022,90707,None,150,150,0,0,0,0,0,0,0,0,0,1,1,1,150,0
"Shah, Amar R",May_2022,90715,None,120,120,0,49,0.40833333,49,0,11,0,0,0,2,2,2,60,0.5
"Shah, Amar R",May_2022,90732,None,700,700,0,854.65,1.22092857,854.65,0,165.35,0,0,0,5,5,5,-320,1.45714286
"Shah, Amar R",May_2022,90734,None,201,201,0,164.87,0.82024876,164.87,0,36.13,0,0,0,1,1,1,0,1
"Shah, Amar R",May_2022,93000,None,175,175,0,27.83,0.15902857,27.83,0,57.44,0,0,0,5,5,5,89.73,0.48725714
"Shah, Amar R",May_2022,94010,None,438,438,0,261.94,0.59803653,165.4,96.54,272.4,0,0,0,6,6,6,-96.34,1.21995434
"Shah, Amar R",May_2022,94640,None,0,0,0,13.67,,13.67,0,24.33,0,0,0,0,0,0,-38,
"Shah, Amar R",May_2022,96160,None,0,0,0,150,,150,0,50,0,0,0,0,0,0,-200,
"Shah, Amar R",May_2022,96372,None,0,0,0,42.02,,0,42.02,0,0,0,0,0,0,0,-42.02,
"Shah, Amar R",May_2022,99203,None,0,0,0,412.9,,269.82,143.08,336.18,0,0,0,0,0,0,-749.08,
"Shah, Amar R",May_2022,99204,None,1650,1650,0,1201.65,0.72827273,1099.25,102.4,1109.75,0,0,0,5,5,5,-661.4,1.40084848
"Shah, Amar R",May_2022,99205,None,416,416,0,661.48,1.59009615,564.34,97.14,641.36,0,0,0,1,1,1,-886.84,3.13182692
"Shah, Amar R",May_2022,99213,None,5733,5439,294,3824.41,0.66708704,2172.85,1651.56,2774.21,0,475,0,40,40,40,-1340.62,1.23384267
"Shah, Amar R",May_2022,99214,None,35500,34750,750,15602.32,0.43950197,11803.68,3798.64,16421.76,0,280,0,138,142,142,3195.92,0.90997408
"Shah, Amar R",May_2022,99215,None,27448,27156,292,9283.24,0.33821189,8052.83,1230.41,8273.59,0,0,0,93,94,94,9891.17,0.63963968
"Shah, Amar R",May_2022,99385,None,241,241,0,115.22,0.47809129,115.22,0,125.78,0,0,0,1,1,1,0,1
"Shah, Amar R",May_2022,99386,None,2448,2448,0,1152.45,0.47077206,1107.45,45,796.55,0,0,0,9,9,9,499,0.79616013
"Shah, Amar R",May_2022,99395,None,2884,2884,0,789.58,0.27377947,764.58,25,677.42,0,0,0,14,14,14,1417,0.50866852
"Shah, Amar R",May_2022,99396,None,4294,4294,0,1764.38,0.41089427,1645.83,118.55,1518.17,0,0,0,19,19,19,1011.45,0.7644504
"Shah, Amar R",May_2022,99439,None,1102,1102,0,976.31,0.88594374,976.31,0,80.09,0,7.6,0,25,25,29,38,0.96551724
"Shah, Amar R",May_2022,99453,None,50,50,0,321.65,6.433,301.83,19.82,94.72,0,0,0,2,2,2,-366.37,8.3274
"Shah, Amar R",May_2022,99454,None,6435,6435,0,4361.84,0.67783061,4251.31,110.53,962.1,0,0,0,99,99,99,1111.06,0.8273411
"Shah, Amar R",May_2022,99457,None,5555,5555,0,4345.87,0.78233483,4136.39,209.48,577.58,0,0,0,101,101,101,631.55,0.88630963
"Shah, Amar R",May_2022,99458,None,900,900,0,643.21,0.71467778,643.21,0,106.36,0,0,0,15,15,20,150.43,0.83285556
"Shah, Amar R",May_2022,99490,None,5780,5780,0,3864.9,0.66866782,3822.81,42.09,1769.51,0,12.09,0,68,68,68,133.5,0.97690311
"Shah, Amar R",May_2022,99492,None,10400,10400,0,4852.66,0.46660192,3886.18,966.48,4978.94,0,0,0,32,32,32,568.4,0.94534615
"Shah, Amar R",May_2022,99493,None,31568.72,31568.72,0,13478.04,0.42694287,11520.65,1957.39,14252.21,0,25,0,122,122,122,3813.47,0.87920099
"Shah, Amar R",May_2022,99494,None,13802,13802,0,6337.93,0.45920374,5228.53,1109.4,7058.26,0,0,0,49,50,103,405.81,0.97059774
"Shah, Amar R",May_2022,99496,None,0,0,0,53.22,,53.22,0,0,0,0,0,0,0,0,-53.22,
"Shah, Amar R",May_2022,99497,None,3740,3740,0,1571.83,0.4202754,1520.69,51.14,2020.19,0,0,0,22,22,22,147.98,0.96043316
"Shah, Amar R",May_2022,A7004,None,0,0,0,0,,0,0,5,0,0,0,0,0,0,-5,
"Shah, Amar R",May_2022,COLF,None,71.29,71.29,0,0,0,0,0,0,0,0,0,1,1,1,71.29,0
"Shah, Amar R",May_2022,FORM,None,25,25,0,25,1,0,25,0,0,0,0,1,1,1,0,1
"Shah, Amar R",May_2022,G0008,None,0,0,0,17.01,,17.01,0,24.99,0,0,0,0,0,0,-42,
"Shah, Amar R",May_2022,G0009,None,385,385,0,337.55,0.87675325,337.55,0,377.45,0,0,0,7,7,7,-330,1.85714286
"Shah, Amar R",May_2022,G0030,None,0,0,0,0,,0,0,0,0,0,0,21,21,21,0,
"Shah, Amar R",May_2022,G0402,None,0,0,0,143.67,,143.67,0,192.33,0,0,0,0,0,0,-336,
"Shah, Amar R",May_2022,G0438,None,692,692,0,0,0,0,0,0,0,0,0,2,2,2,692,0
"Shah, Amar R",May_2022,G0439,None,5192,5192,0,3191.74,0.61474191,3191.74,0,2708.26,0,0,0,22,22,22,-708,1.13636364
"Shah, Amar R",May_2022,G0444,None,888,888,0,441.19,0.49683559,441.19,0,520.81,0,0,0,24,24,24,-74,1.08333333
"Shah, Amar R",May_2022,G2102,None,0,0,0,0,,0,0,0,0,0,0,0,0,0,0,
"Shah, Amar R",May_2022,G8399,None,0,0,0,0,,0,0,0,0,0,0,20,23,23,0,
"Shah, Amar R",May_2022,G8400,None,0,0,0,0,,0,0,0,0,0,0,7,7,7,0,
"Shah, Amar R",May_2022,G8417,None,0,0,0,0,,0,0,0,0,0,0,120,127,127,0,
"Shah, Amar R",May_2022,G8418,None,0,0,0,0,,0,0,0,0,0,0,0,0,0,0,
"Shah, Amar R",May_2022,G8420,None,0,0,0,0,,0,0,0,0,0,0,175,182,182,0,
"Shah, Amar R",May_2022,G8427,None,0,0,0,0,,0,0,0,0,0,0,328,345,345,0,
"Shah, Amar R",May_2022,G8430,None,0,0,0,0,,0,0,0,0,0,0,0,0,0,0,
"Shah, Amar R",May_2022,G8431,None,0,0,0,0,,0,0,0,0,0,0,11,11,11,0,
"Shah, Amar R",May_2022,G8433,None,0,0,0,0,,0,0,0,0,0,0,1,1,1,0,
"Shah, Amar R",May_2022,G8482,None,0,0,0,0,,0,0,0,0,0,0,0,0,0,0,
"Shah, Amar R",May_2022,G8483,None,0,0,0,0,,0,0,0,0,0,0,0,0,0,0,
"Shah, Amar R",May_2022,G8510,None,0,0,0,0,,0,0,0,0,0,0,315,331,331,0,
"Shah, Amar R",May_2022,G8734,None,0,0,0,0,,0,0,0,0,0,0,24,24,24,0,
"Shah, Amar R",May_2022,G8752,None,0,0,0,0,,0,0,0,0,0,0,150,159,159,0,
"Shah, Amar R",May_2022,G8753,None,0,0,0,0,,0,0,0,0,0,0,10,10,10,0,
"Shah, Amar R",May_2022,G8754,None,0,0,0,0,,0,0,0,0,0,0,152,161,161,0,
"Shah, Amar R",May_2022,G8755,None,0,0,0,0,,0,0,0,0,0,0,8,8,8,0,
"Shah, Amar R",May_2022,G8783,None,0,0,0,0,,0,0,0,0,0,0,285,300,300,0,
"Shah, Amar R",May_2022,G8950,None,0,0,0,0,,0,0,0,0,0,0,12,12,12,0,
"Shah, Amar R",May_2022,G8967,None,0,0,0,0,,0,0,0,0,0,0,0,0,0,0,
"Shah, Amar R",May_2022,G9708,None,0,0,0,0,,0,0,0,0,0,0,2,2,2,0,
"Shah, Amar R",May_2022,G9711,None,0,0,0,0,,0,0,0,0,0,0,14,14,14,0,
"Shah, Amar R",May_2022,G9899,None,0,0,0,0,,0,0,0,0,0,0,48,54,54,0,
"Shah, Amar R",May_2022,G9900,None,0,0,0,0,,0,0,0,0,0,0,11,11,11,0,
"Shah, Amar R",May_2022,G9902,None,0,0,0,0,,0,0,0,0,0,0,22,22,22,0,
"Shah, Amar R",May_2022,G9903,None,0,0,0,0,,0,0,0,0,0,0,300,316,316,0,
"Shah, Amar R",May_2022,G9906,None,0,0,0,0,,0,0,0,0,0,0,2,2,2,0,
"Shah, Amar R",May_2022,G9907,None,0,0,0,0,,0,0,0,0,0,0,0,0,0,0,
"Shah, Amar R",May_2022,G9989,None,0,0,0,0,,0,0,0,0,0,0,5,5,5,0,
"Shah, Amar R",May_2022,G9991,None,0,0,0,0,,0,0,0,0,0,0,83,94,94,0,
"Shah, Amar R",May_2022,INTC,None,0.17,0.17,0,0.16,0.94117647,0.16,0,0,0,0,0,1,1,1,0.01,0.94117647
"Shah, Amar R",May_2022,INTM,None,0.01,0.01,0,0,0,0,0,0,0,0,0,1,1,1,0.01,0
"Shah, Amar R",May_2022,INTOP,None,0.02,0.02,0,0,0,0,0,0,0,0,0,1,1,1,0.02,0
"Shah, Amar R",May_2022,J2930,None,0,0,0,12.72,,0,12.72,0,0,0,0,0,0,0,-12.72,
"Shah, Amar R",May_2022,J3301,None,350.1,334.54,15.56,89.05,0.2543559,60.94,28.11,186.41,0,0,0,19,19,90,74.64,0.78680377
"Shah, Amar R",May_2022,J7620,None,0,0,0,0.11,,0.11,0,11.89,0,0,0,0,0,0,-12,
"Shah, Amar R",May_2022,Nshow,None,0,0,0,25,,0,25,0,0,0,0,0,0,0,-25,
"Shah, Amar R",June_2022,0011A,None,0,0,0,0,,0,0,0,0,0,0,0,0,0,0,
"Shah, Amar R",June_2022,10060,None,0,0,0,135.19,,0,135.19,0,0,0,0,0,0,0,-135.19,
"Shah, Amar R",June_2022,1036F,None,0,0,0,0,,0,0,0,0,0,0,285,296,296,0,
"Shah, Amar R",June_2022,1100F,None,0,0,0,0,,0,0,0,0,0,0,0,0,0,0,
"Shah, Amar R",June_2022,11104,None,0,0,0,109.69,,109.69,0,140.31,0,0,0,0,0,0,-250,
"Shah, Amar R",June_2022,11200,None,0,0,0,39.81,,39.81,0,261.15,0,0,0,0,0,0,-300.96,
"Shah, Amar R",June_2022,1123F,None,0,0,0,0,,0,0,0,0,0,0,84,88,88,0,
"Shah, Amar R",June_2022,1124F,None,0,0,0,0,,0,0,0,0,0,0,14,14,14,0,
"Shah, Amar R",June_2022,1125F,None,0,0,0,0,,0,0,0,0,0,0,7,7,7,0,
"Shah, Amar R",June_2022,1126F,None,0,0,0,0,,0,0,0,0,0,0,14,14,14,0,
"Shah, Amar R",June_2022,1158F,None,0,0,0,0,,0,0,0,0,0,0,21,21,21,0,
"Shah, Amar R",June_2022,1160F,None,0,0,0,0,,0,0,0,0,0,0,21,21,21,0,
"Shah, Amar R",June_2022,1170F,None,0,0,0,0,,0,0,0,0,0,0,20,20,20,0,
"Shah, Amar R",June_2022,17000,None,134,134,0,131.86,0.98402985,131.86,0,245.04,0,0,0,1,1,1,-242.9,2.81268657
"Shah, Amar R",June_2022,17003,None,0,0,0,5.43,,5.43,0,5.57,0,0,0,0,0,0,-11,
"Shah, Amar R",June_2022,17110,None,226,226,0,26.63,0.11783186,26.63,0,124.37,0,0,0,1,1,1,75,0.66814159
"Shah, Amar R",June_2022,2022F,None,0,0,0,0,,0,0,0,0,0,0,53,53,53,0,
"Shah, Amar R",June_2022,2023F,None,0,0,0,0,,0,0,0,0,0,0,3,3,3,0,
"Shah, Amar R",June_2022,2024F,None,0,0,0,0,,0,0,0,0,0,0,0,0,0,0,
"Shah, Amar R",June_2022,2026F,None,0,0,0,0,,0,0,0,0,0,0,2,2,2,0,
"Shah, Amar R",June_2022,2033F,None,0,0,0,0,,0,0,0,0,0,0,1,1,1,0,
"Shah, Amar R",June_2022,20526,None,314,314,0,288.86,0.91993631,288.86,0,525.26,0,0,0,2,2,2,-500.12,2.59273885
"Shah, Amar R",June_2022,20552,None,224,224,0,0,0,0,0,0,0,0,0,1,1,1,224,0
"Shah, Amar R",June_2022,20600,None,196,196,0,10.24,0.0522449,10.24,0,0,0,0,0,2,2,2,185.76,0.0522449
"Shah, Amar R",June_2022,20605,None,0,0,0,132.63,,44.79,87.84,58.21,0,0,0,0,0,0,-190.84,
"Shah, Amar R",June_2022,20610,None,1220,1220,0,872.23,0.71494262,545.91,326.32,767.82,0,58,0,8,8,8,-478.05,1.39184426
"Shah, Amar R",June_2022,3017F,None,0,0,0,0,,0,0,0,0,0,0,133,134,134,0,
"Shah, Amar R",June_2022,3044F,None,0,0,0,10,,10,0,-10,0,0,0,35,35,35,0,
"Shah, Amar R",June_2022,3046F,None,0,0,0,0,,0,0,0,0,0,0,10,10,10,0,
"Shah, Amar R",June_2022,3051F,None,0,0,0,0,,0,0,0,0,0,0,10,10,10,0,
"Shah, Amar R",June_2022,3052F,None,0,0,0,0,,0,0,0,0,0,0,3,3,3,0,
"Shah, Amar R",June_2022,3072F,None,0,0,0,0,,0,0,0,0,0,0,0,0,0,0,
"Shah, Amar R",June_2022,3288F,None,0,0,0,0,,0,0,0,0,0,0,0,0,0,0,
"Shah, Amar R",June_2022,4004F,None,0,0,0,0,,0,0,0,0,0,0,0,0,0,0,
"Shah, Amar R",June_2022,4040F,None,0,0,0,0,,0,0,0,0,0,0,0,0,0,0,
"Shah, Amar R",June_2022,81003,None,24,24,0,5.42,0.22583333,5.42,0,30.58,0,0,0,2,2,2,-12,1.5
"Shah, Amar R",June_2022,82962,None,10,10,0,3.25,0.325,3.25,0,6.75,0,0,0,1,1,1,0,1
"Shah, Amar R",June_2022,87426,None,525,450,75,231.12,0.44022857,231.12,0,368.88,0,75,0,7,7,7,-150,1.28571429
"Shah, Amar R",June_2022,87804,None,280,240,40,143.84,0.51371429,123.98,19.86,128.22,0,40,0,7,7,14,-32.06,1.1145
"Shah, Amar R",June_2022,90471,None,126,126,0,45.19,0.35865079,45.19,0,105.8,0,0,0,3,3,3,-24.99,1.19833333
"Shah, Amar R",June_2022,90651,None,900,900,0,0,0,0,0,0,0,0,0,2,2,2,900,0
"Shah, Amar R",June_2022,90662,None,0,0,0,0,,0,0,0,0,0,0,0,0,0,0,
"Shah, Amar R",June_2022,90670,None,2300,2300,0,1725.51,0.75022174,1725.51,0,1494.49,0,0,0,5,5,5,-920,1.4
"Shah, Amar R",June_2022,90688,None,0,0,0,3.03,,3.03,0,8.84,0,0,0,0,0,0,-11.87,
"Shah, Amar R",June_2022,90715,None,0,0,0,49,,49,0,11,0,0,0,0,0,0,-60,
"Shah, Amar R",June_2022,90732,None,380,380,0,579.34,1.52457895,579.34,0,70.66,0,0,0,3,3,3,-270,1.71052632
"Shah, Amar R",June_2022,93000,None,70,70,0,52.26,0.74657143,30.98,21.28,63.55,0,0,0,2,2,2,-45.81,1.65442857
"Shah, Amar R",June_2022,94010,None,365,365,0,129.81,0.35564384,78.84,50.97,233.87,0,0,0,5,5,5,1.32,0.99638356
"Shah, Amar R",June_2022,96160,None,600,600,0,450,0.75,450,0,150,0,0,0,3,3,3,0,1
"Shah, Amar R",June_2022,97750,None,0,0,0,20,,0,20,0,0,0,0,0,0,0,-20,
"Shah, Amar R",June_2022,99203,None,217,217,0,0,0,0,0,0,0,0,0,1,1,1,217,0
"Shah, Amar R",June_2022,99204,None,1650,1650,0,1305.19,0.79102424,863.27,441.92,1102.29,0,0,0,5,5,5,-757.48,1.45907879
"Shah, Amar R",June_2022,99205,None,1664,1664,0,366.9,0.22049279,361.9,5,440.1,0,0,0,4,4,4,857,0.48497596
"Shah, Amar R",June_2022,99212,None,89,89,0,3.84,0.04314607,3.84,0,40.56,0,0,0,1,1,1,44.6,0.4988764
"Shah, Amar R",June_2022,99213,None,5586,5145,441,3322.5,0.59479055,2175.56,1146.94,2796.56,0,218,0,37,38,38,-751.06,1.13445399
"Shah, Amar R",June_2022,99214,None,26750,26750,0,17213.04,0.64347813,12753.04,4460,19710.44,1.29,177.5,0,106,107,107,-10352.27,1.38700075
"Shah, Amar R",June_2022,99215,None,30952,30952,0,15424.29,0.49832935,14000.95,1423.34,13540.34,1.82,40.13,0,104,106,106,1945.42,0.9371472
"Shah, Amar R",June_2022,99385,None,241,241,0,128.08,0.53145228,113.08,15,127.92,0,0,0,1,1,1,-15,1.06224066
"Shah, Amar R",June_2022,99386,None,1904,1904,0,568.81,0.29874475,568.81,0,519.19,0,0,0,7,7,7,816,0.57142857
"Shah, Amar R",June_2022,99393,None,166,166,0,0,0,0,0,0,0,0,0,1,1,1,166,0
"Shah, Amar R",June_2022,99395,None,1442,1442,0,1153.22,0.79973648,1128.22,25,931.78,0,0,0,7,7,7,-643,1.44590846
"Shah, Amar R",June_2022,99396,None,2034,2034,0,1742.28,0.85657817,1692.28,50,1697.72,0,0,0,9,9,9,-1406,1.69124877
"Shah, Amar R",June_2022,99439,None,684,684,0,826.76,1.20871345,826.76,0,17.32,0,38,0,16,17,18,-198.08,1.28959064
"Shah, Amar R",June_2022,99453,None,125,125,0,69.54,0.55632,55.59,13.95,19.41,0,0,0,5,5,5,36.05,0.7116
"Shah, Amar R",June_2022,99454,None,6175,6175,0,6162.38,0.99795628,5989.22,173.16,1349.72,0,0,0,95,95,95,-1337.1,1.21653441
"Shah, Amar R",June_2022,99457,None,5500,5500,0,5566.34,1.01206182,5474.45,91.89,920.55,0,0,0,100,100,100,-986.89,1.17943455
"Shah, Amar R",June_2022,99458,None,225,225,0,757.24,3.36551111,757.24,0,119.62,0,0,0,4,4,5,-651.86,3.89715556
"Shah, Amar R",June_2022,99490,None,6290,6290,0,4727.22,0.75154531,4713.57,13.65,2107.37,0,310,0,68,74,74,-854.59,1.13586486
"Shah, Amar R",June_2022,99492,None,7800,7800,0,3537.61,0.45353974,2819.18,718.43,4616.77,0,0,0,24,24,24,-354.38,1.04543333
"Shah, Amar R",June_2022,99493,None,24840.96,24840.96,0,14208.39,0.57197427,11216.46,2991.93,13198.86,0,551.91,0,96,96,96,-3118.2,1.12552655
"Shah, Amar R",June_2022,99494,None,10050,10050,0,6913.63,0.68792338,5708.93,1204.7,7389.83,0,101.04,0,41,43,75,-4354.5,1.43328358
"Shah, Amar R",June_2022,99497,None,3570,3570,0,2227.34,0.62390476,2192.34,35,2448.15,0,170,0,21,21,21,-1275.49,1.35728011
"Shah, Amar R",June_2022,COLF,None,45.85,45.85,0,35.73,0.77928026,0,35.73,0,0,0,0,2,2,2,10.12,0.77928026
"Shah, Amar R",June_2022,G0008,None,0,0,0,18.05,,18.05,0,23.95,0,0,0,0,0,0,-42,
"Shah, Amar R",June_2022,G0009,None,385,385,0,267.75,0.69545455,267.75,0,283.33,0,0,0,7,7,7,-166.08,1.43137662
"Shah, Amar R",June_2022,G0030,None,0,0,0,0,,0,0,0,0,0,0,6,6,6,0,
"Shah, Amar R",June_2022,G0402,None,336,336,0,167.76,0.49928571,167.76,0,168.24,0,0,0,1,1,1,0,1
"Shah, Amar R",June_2022,G0438,None,0,0,0,329.23,,329.23,0,362.77,0,0,0,0,0,0,-692,
"Shah, Amar R",June_2022,G0439,None,4720,4720,0,3175.44,0.67276271,3175.44,0,2960.56,0,236,0,20,20,20,-1652,1.35
"Shah, Amar R",June_2022,G0444,None,777,777,0,448.1,0.57670528,448.1,0,639.96,0,37,0,21,21,21,-348.06,1.44795367
"Shah, Amar R",June_2022,G8399,None,0,0,0,0,,0,0,0,0,0,0,23,23,23,0,
"Shah, Amar R",June_2022,G8400,None,0,0,0,0,,0,0,0,0,0,0,6,6,6,0,
"Shah, Amar R",June_2022,G8417,None,0,0,0,0,,0,0,0,0,0,0,116,118,118,0,
"Shah, Amar R",June_2022,G8418,None,0,0,0,0,,0,0,0,0,0,0,0,0,0,0,
"Shah, Amar R",June_2022,G8420,None,0,0,0,0,,0,0,0,0,0,0,144,149,149,0,
"Shah, Amar R",June_2022,G8427,None,0,0,0,0,,0,0,0,0,0,0,292,302,302,0,
"Shah, Amar R",June_2022,G8431,None,0,0,0,0,,0,0,0,0,0,0,12,12,12,0,
"Shah, Amar R",June_2022,G8482,None,0,0,0,0,,0,0,0,0,0,0,0,0,0,0,
"Shah, Amar R",June_2022,G8483,None,0,0,0,0,,0,0,0,0,0,0,0,0,0,0,
"Shah, Amar R",June_2022,G8510,None,0,0,0,0,,0,0,0,0,0,0,282,293,293,0,
"Shah, Amar R",June_2022,G8734,None,0,0,0,0,,0,0,0,0,0,0,20,20,20,0,
"Shah, Amar R",June_2022,G8752,None,0,0,0,0,,0,0,0,0,0,0,149,151,151,0,
"Shah, Amar R",June_2022,G8753,None,0,0,0,0,,0,0,0,0,0,0,12,12,12,0,
"Shah, Amar R",June_2022,G8754,None,0,0,0,0,,0,0,0,0,0,0,155,159,159,0,
"Shah, Amar R",June_2022,G8755,None,0,0,0,0,,0,0,0,0,0,0,5,5,5,0,
"Shah, Amar R",June_2022,G8783,None,0,0,0,0,,0,0,0,0,0,0,253,261,261,0,
"Shah, Amar R",June_2022,G8924,None,0,0,0,0,,0,0,0,0,0,0,0,0,0,0,
"Shah, Amar R",June_2022,G8926,None,0,0,0,0,,0,0,0,0,0,0,0,0,0,0,
"Shah, Amar R",June_2022,G8950,None,0,0,0,0,,0,0,0,0,0,0,5,5,5,0,
"Shah, Amar R",June_2022,G9695,None,0,0,0,0,,0,0,0,0,0,0,0,0,0,0,
"Shah, Amar R",June_2022,G9708,None,0,0,0,0,,0,0,0,0,0,0,5,5,5,0,
"Shah, Amar R",June_2022,G9711,None,0,0,0,0,,0,0,0,0,0,0,11,11,11,0,
"Shah, Amar R",June_2022,G9899,None,0,0,0,0,,0,0,0,0,0,0,48,50,50,0,
"Shah, Amar R",June_2022,G9900,None,0,0,0,0,,0,0,0,0,0,0,7,7,7,0,
"Shah, Amar R",June_2022,G9902,None,0,0,0,0,,0,0,0,0,0,0,8,8,8,0,
"Shah, Amar R",June_2022,G9903,None,0,0,0,0,,0,0,0,0,0,0,279,290,290,0,
"Shah, Amar R",June_2022,G9905,None,0,0,0,0,,0,0,0,0,0,0,1,1,1,0,
"Shah, Amar R",June_2022,G9906,None,0,0,0,0,,0,0,0,0,0,0,0,0,0,0,
"Shah, Amar R",June_2022,G9907,None,0,0,0,0,,0,0,0,0,0,0,0,0,0,0,
"Shah, Amar R",June_2022,G9908,None,0,0,0,0,,0,0,0,0,0,0,1,1,1,0,
"Shah, Amar R",June_2022,G9989,None,0,0,0,0,,0,0,0,0,0,0,5,5,5,0,
"Shah, Amar R",June_2022,G9991,None,0,0,0,0,,0,0,0,0,0,0,86,91,91,0,
"Shah, Amar R",June_2022,INTBL,None,0,0,0,0.16,,0.16,0,0,0,0,0,0,0,0,-0.16,
"Shah, Amar R",June_2022,INTC,None,0,0,0,0.17,,0.17,0,0,0,0,0,0,0,0,-0.17,
"Shah, Amar R",June_2022,INTOP,None,4.67,4.67,0,0,0,0,0,0,0,0,0,3,3,3,4.67,0
"Shah, Amar R",June_2022,J3301,None,182.83,182.83,0,97.3,0.53218837,65.42,31.88,192.34,0,7.56,0,13,13,47,-114.37,1.62555379
"Shah, Amar R",July_2022,1036F,None,0,0,0,0,,0,0,0,0,0,0,259,266,266,0,
"Shah, Amar R",July_2022,1100F,None,0,0,0,0,,0,0,0,0,0,0,0,0,0,0,
"Shah, Amar R",July_2022,11200,None,200,200,0,0,0,0,0,0,0,0,0,1,1,1,200,0
"Shah, Amar R",July_2022,1123F,None,0,0,0,0,,0,0,0,0,0,0,89,91,91,0,
"Shah, Amar R",July_2022,1124F,None,0,0,0,0,,0,0,0,0,0,0,5,5,5,0,
"Shah, Amar R",July_2022,1125F,None,0,0,0,0,,0,0,0,0,0,0,6,6,6,0,
"Shah, Amar R",July_2022,1126F,None,0,0,0,0,,0,0,0,0,0,0,11,11,11,0,
"Shah, Amar R",July_2022,1158F,None,0,0,0,0,,0,0,0,0,0,0,17,17,17,0,
"Shah, Amar R",July_2022,1160F,None,0,0,0,0,,0,0,0,0,0,0,17,17,17,0,
"Shah, Amar R",July_2022,1170F,None,0,0,0,0,,0,0,0,0,0,0,17,17,17,0,
"Shah, Amar R",July_2022,17000,None,0,0,0,77.71,,72.71,5,61.29,0,0,0,0,0,0,-139,
"Shah, Amar R",July_2022,17110,None,678,678,0,208.31,0.30724189,108.31,100,117.69,0,0,0,3,3,3,352,0.48082596
"Shah, Amar R",July_2022,2022F,None,0,0,0,0,,0,0,0,0,0,0,60,61,61,0,
"Shah, Amar R",July_2022,2023F,None,0,0,0,0,,0,0,0,0,0,0,1,1,1,0,
"Shah, Amar R",July_2022,2024F,None,0,0,0,0,,0,0,0,0,0,0,0,0,0,0,
"Shah, Amar R",July_2022,2026F,None,0,0,0,0,,0,0,0,0,0,0,0,0,0,0,
"Shah, Amar R",July_2022,20526,None,0,0,0,33.52,,15.88,17.64,0,0,0,0,0,0,0,-33.52,
"Shah, Amar R",July_2022,20552,None,0,0,0,62.49,,32.49,30,161.51,0,0,0,0,0,0,-224,
"Shah, Amar R",July_2022,20600,None,392,392,0,51.51,0.13140306,51.51,0,87.9,0,0,0,3,3,3,252.59,0.35563776
"Shah, Amar R",July_2022,20610,None,1342,1342,0,527.2,0.3928465,510.74,16.46,1045.17,0,0,0,9,9,9,-230.37,1.1716617
"Shah, Amar R",July_2022,3017F,None,0,0,0,0,,0,0,0,0,0,0,141,144,144,0,
"Shah, Amar R",July_2022,3044F,None,0,0,0,10,,10,0,-10,0,0,0,40,41,41,0,
"Shah, Amar R",July_2022,3046F,None,0,0,0,0,,0,0,0,0,0,0,2,2,2,0,
"Shah, Amar R",July_2022,3051F,None,0,0,0,0,,0,0,0,0,0,0,14,14,14,0,
"Shah, Amar R",July_2022,3052F,None,0,0,0,10,,10,0,-10,0,0,0,7,7,7,0,
"Shah, Amar R",July_2022,3072F,None,0,0,0,0,,0,0,0,0,0,0,2,2,2,0,
"Shah, Amar R",July_2022,3288F,None,0,0,0,0,,0,0,0,0,0,0,0,0,0,0,
"Shah, Amar R",July_2022,4040F,None,0,0,0,0,,0,0,0,0,0,0,0,0,0,0,
"Shah, Amar R",July_2022,81003,None,24,24,0,3.94,0.16416667,3.36,0.58,9.77,0,0,0,2,2,2,10.29,0.57125
"Shah, Amar R",July_2022,81025,None,20,20,0,4.4,0.22,4.4,0,14.83,0,0,0,1,1,1,0.77,0.9615
"Shah, Amar R",July_2022,83036,None,0,0,0,5.74,,0,5.74,0,0,0,0,0,0,0,-5.74,
"Shah, Amar R",July_2022,87426,None,975,975,0,247.17,0.25350769,197.17,50,252.83,0,0,0,13,13,13,475,0.51282051
"Shah, Amar R",July_2022,87804,None,520,520,0,167.16,0.32146154,147.16,20,90.86,0,0,0,13,13,26,261.98,0.49619231
"Shah, Amar R",July_2022,90471,None,210,210,0,154.46,0.73552381,99.1,55.36,152.9,0,0,0,5,5,5,-97.36,1.46361905
"Shah, Amar R",July_2022,90472,None,26,26,0,17,0.65384615,17,0,9,0,0,0,1,1,1,0,1
"Shah, Amar R",July_2022,90651,None,0,0,0,765,,765,0,585,0,0,0,0,0,0,-1350,
"Shah, Amar R",July_2022,90670,None,3680,3680,0,962.66,0.26159239,962.66,0,877.34,0,0,0,8,8,8,1840,0.5
"Shah, Amar R",July_2022,90688,None,0,0,0,70,,20,50,10,0,0,0,0,0,0,-80,
"Shah, Amar R",July_2022,90707,None,150,150,0,88,0.58666667,88,0,62,0,0,0,1,1,1,0,1
"Shah, Amar R",July_2022,90715,None,120,120,0,57.17,0.47641667,57.17,0,2.83,0,0,0,2,2,2,60,0.5
"Shah, Amar R",July_2022,90716,None,260,260,0,0,0,0,0,0,0,0,0,1,1,1,260,0
"Shah, Amar R",July_2022,90732,None,380,380,0,227.9,0.59973684,227.9,0,42.1,0,0,0,3,3,3,110,0.71052632
"Shah, Amar R",July_2022,93000,None,175,175,0,55.26,0.31577143,21.88,33.38,65.38,0,0,0,5,5,5,54.36,0.68937143
"Shah, Amar R",July_2022,94010,None,438,438,0,258.57,0.59034247,51.57,207,182.34,0,0,0,6,6,6,-2.91,1.00664384
"Shah, Amar R",July_2022,96160,None,600,600,0,450,0.75,450,0,150,0,0,0,3,3,3,0,1
"Shah, Amar R",July_2022,99203,None,217,217,0,88.08,0.40589862,88.08,0,98.92,0,0,0,1,1,1,30,0.86175115
"Shah, Amar R",July_2022,99204,None,1650,1650,0,1230.32,0.74564848,602.46,627.86,635.55,0,0,0,5,5,5,-215.87,1.1308303
"Shah, Amar R",July_2022,99205,None,0,0,0,527,,442.37,84.63,838.72,0,0,0,0,0,0,-1365.72,
"Shah, Amar R",July_2022,99213,None,3528,3528,0,3007.22,0.85238662,1479.77,1527.45,1899.58,0,63,0,24,24,24,-1441.8,1.40867347
"Shah, Amar R",July_2022,99214,None,29250,28750,500,12811.13,0.43798735,8809.53,4001.6,14339.01,1.29,330,0,116,117,117,1768.57,0.93953607
"Shah, Amar R",July_2022,99215,None,26864,26864,0,13959.34,0.51962999,12727.79,1231.55,12305.97,0,0,0,88,92,92,598.69,0.97771404
"Shah, Amar R",July_2022,99385,None,241,241,0,345.35,1.43298755,345.35,0,136.65,0,0,0,1,1,1,-241,2
"Shah, Amar R",July_2022,99386,None,1904,1904,0,884.8,0.46470588,884.8,0,747.2,0,0,0,7,7,7,272,0.85714286
"Shah, Amar R",July_2022,99393,None,0,0,0,117.9,,117.9,0,48.1,0,0,0,0,0,0,-166,
"Shah, Amar R",July_2022,99394,None,186,186,0,116.72,0.62752688,116.72,0,69.28,0,0,0,1,1,1,0,1
"Shah, Amar R",July_2022,99395,None,1442,1442,0,1033.57,0.71676144,1033.57,0,614.43,0,0,0,7,7,7,-206,1.14285714
"Shah, Amar R",July_2022,99396,None,2260,2260,0,1209.22,0.5350531,1083.22,126,950.78,0,0,0,10,10,10,100,0.95575221
"Shah, Amar R",July_2022,99397,None,256,256,0,0,0,0,0,0,0,0,0,1,1,1,256,0
"Shah, Amar R",July_2022,99439,None,3280,3280,0,1305.97,0.39816159,1305.97,0,1161.85,0,80,0,34,34,41,732.18,0.77677439
"Shah, Amar R",July_2022,99453,None,100,100,0,139.28,1.3928,139.28,0,52.13,0,0,0,4,4,4,-91.41,1.9141
"Shah, Amar R",July_2022,99454,None,6175,6175,0,6111.56,0.98972632,6079.97,31.59,1534.07,0,35,0,95,95,95,-1505.63,1.24382672
"Shah, Amar R",July_2022,99457,None,5610,5610,0,6673.93,1.18964884,6621.01,52.92,1192.55,0,0,0,102,102,102,-2256.48,1.4022246
"Shah, Amar R",July_2022,99458,None,450,450,0,490.82,1.09071111,452.25,38.57,78.76,0,0,0,7,7,10,-119.58,1.26573333
"Shah, Amar R",July_2022,99490,None,8840,8840,0,4840.33,0.54754864,4612.71,227.62,2216.45,0,85,0,103,104,104,1698.22,0.80789367
"Shah, Amar R",July_2022,99492,None,11700,11700,0,5115.05,0.43718376,4052.03,1063.02,5884.82,0,0,0,36,36,36,700.13,0.94015983
"Shah, Amar R",July_2022,99493,None,25358.48,25358.48,0,11496.47,0.45335801,9771.01,1725.46,12753.17,0,0,0,98,98,98,1108.84,0.9562734
"Shah, Amar R",July_2022,99494,None,9246,9246,0,4769.56,0.51585118,3477.55,1292.01,5929.51,0,0,0,32,34,69,-1453.07,1.15715661
"Shah, Amar R",July_2022,99496,None,467,467,0,0,0,0,0,0,0,0,0,1,1,1,467,0
"Shah, Amar R",July_2022,99497,None,2890,2890,0,1187.12,0.41076817,1172.12,15,1249.23,0,0,0,17,17,17,453.65,0.84302768
"Shah, Amar R",July_2022,COLF,None,0,0,0,11.11,,0,11.11,0,0,0,0,0,0,0,-11.11,
"Shah, Amar R",July_2022,G0009,None,495,495,0,134.96,0.27264646,134.96,0,140.04,0,0,0,9,9,9,220,0.55555556
"Shah, Amar R",July_2022,G0030,None,0,0,0,0,,0,0,0,0,0,0,12,12,12,0,
"Shah, Amar R",July_2022,G0439,None,4012,4012,0,1780.88,0.44388833,1780.88,0,1523.12,0,0,0,17,17,17,708,0.82352941
"Shah, Amar R",July_2022,G0444,None,629,629,0,248.31,0.39476948,248.31,0,269.69,0,0,0,17,17,17,111,0.82352941
"Shah, Amar R",July_2022,G2081,None,0,0,0,0,,0,0,0,0,0,0,1,1,1,0,
"Shah, Amar R",July_2022,G8399,None,0,0,0,0,,0,0,0,0,0,0,13,13,13,0,
"Shah, Amar R",July_2022,G8400,None,0,0,0,0,,0,0,0,0,0,0,6,6,6,0,
"Shah, Amar R",July_2022,G8417,None,0,0,0,0,,0,0,0,0,0,0,105,108,108,0,
"Shah, Amar R",July_2022,G8418,None,0,0,0,0,,0,0,0,0,0,0,2,2,2,0,
"Shah, Amar R",July_2022,G8420,None,0,0,0,0,,0,0,0,0,0,0,150,153,153,0,
"Shah, Amar R",July_2022,G8427,None,0,0,0,0,,0,0,0,0,0,0,271,278,278,0,
"Shah, Amar R",July_2022,G8431,None,0,0,0,0,,0,0,0,0,0,0,12,12,12,0,
"Shah, Amar R",July_2022,G8482,None,0,0,0,0,,0,0,0,0,0,0,0,0,0,0,
"Shah, Amar R",July_2022,G8483,None,0,0,0,0,,0,0,0,0,0,0,0,0,0,0,
"Shah, Amar R",July_2022,G8510,None,0,0,0,0,,0,0,0,0,0,0,261,268,268,0,
"Shah, Amar R",July_2022,G8734,None,0,0,0,0,,0,0,0,0,0,0,16,16,16,0,
"Shah, Amar R",July_2022,G8752,None,0,0,0,0,,0,0,0,0,0,0,128,131,131,0,
"Shah, Amar R",July_2022,G8753,None,0,0,0,0,,0,0,0,0,0,0,10,10,10,0,
"Shah, Amar R",July_2022,G8754,None,0,0,0,0,,0,0,0,0,0,0,134,137,137,0,
"Shah, Amar R",July_2022,G8755,None,0,0,0,0,,0,0,0,0,0,0,4,4,4,0,
"Shah, Amar R",July_2022,G8783,None,0,0,0,0,,0,0,0,0,0,0,252,258,258,0,
"Shah, Amar R",July_2022,G8950,None,0,0,0,0,,0,0,0,0,0,0,7,7,7,0,
"Shah, Amar R",July_2022,G9708,None,0,0,0,0,,0,0,0,0,0,0,2,2,2,0,
"Shah, Amar R",July_2022,G9711,None,0,0,0,0,,0,0,0,0,0,0,8,8,8,0,
"Shah, Amar R",July_2022,G9899,None,0,0,0,0,,0,0,0,0,0,0,48,48,48,0,
"Shah, Amar R",July_2022,G9900,None,0,0,0,0,,0,0,0,0,0,0,8,8,8,0,
"Shah, Amar R",July_2022,G9902,None,0,0,0,0,,0,0,0,0,0,0,12,12,12,0,
"Shah, Amar R",July_2022,G9903,None,0,0,0,0,,0,0,0,0,0,0,255,261,261,0,
"Shah, Amar R",July_2022,G9909,None,0,0,0,0,,0,0,0,0,0,0,1,1,1,0,
"Shah, Amar R",July_2022,G9989,None,0,0,0,0,,0,0,0,0,0,0,4,4,4,0,
"Shah, Amar R",July_2022,G9990,None,0,0,0,0,,0,0,0,0,0,0,2,2,2,0,
"Shah, Amar R",July_2022,G9991,None,0,0,0,0,,0,0,0,0,0,0,83,85,85,0,
"Shah, Amar R",July_2022,G9997,None,0,0,0,0,,0,0,0,0,0,0,1,1,1,0,
"Shah, Amar R",July_2022,INTOP,None,0,0,0,0.08,,0.08,0,0,0,0,0,0,0,0,-0.08,
"Shah, Amar R",July_2022,INTUC,None,-8.8,-8.8,0,0,0,0,0,0,0,0,0,16,16,16,-8.8,0
"Shah, Amar R",July_2022,INTVP,None,0.02,0.02,0,0,0,0,0,0,0,0,0,1,1,1,0.02,0
"Shah, Amar R",July_2022,J3301,None,202.28,202.28,0,49.28,0.2436227,43.88,5.4,172.84,0,0,0,12,12,52,-19.84,1.09808187
"Shah, Amar R",August_2022,1036F,None,0,0,0,0,,0,0,0,0,0,0,254,266,266,0,
"Shah, Amar R",August_2022,1100F,None,0,0,0,0,,0,0,0,0,0,0,0,0,0,0,
"Shah, Amar R",August_2022,11104,None,250,250,0,140.3,0.5612,105.3,35,109.7,0,0,0,1,1,1,0,1
"Shah, Amar R",August_2022,11200,None,0,0,0,99.04,,0,99.04,101.74,0,0,0,0,0,0,-200.78,
"Shah, Amar R",August_2022,1123F,None,0,0,0,0,,0,0,0,0,0,0,87,95,95,0,
"Shah, Amar R",August_2022,1124F,None,0,0,0,0,,0,0,0,0,0,0,9,9,9,0,
"Shah, Amar R",August_2022,1125F,None,0,0,0,0,,0,0,0,0,0,0,1,1,1,0,
"Shah, Amar R",August_2022,1126F,None,0,0,0,0,,0,0,0,0,0,0,12,12,12,0,
"Shah, Amar R",August_2022,1158F,None,0,0,0,0,,0,0,0,0,0,0,13,13,13,0,
"Shah, Amar R",August_2022,1160F,None,0,0,0,0,,0,0,0,0,0,0,13,13,13,0,
"Shah, Amar R",August_2022,1170F,None,0,0,0,0,,0,0,0,0,0,0,13,13,13,0,
"Shah, Amar R",August_2022,11750,None,622,622,0,112.34,0.18061093,112.34,0,359.66,0,0,0,1,1,1,150,0.75884244
"Shah, Amar R",August_2022,17000,None,0,0,0,57.73,,0,57.73,0,0,0,0,0,0,0,-57.73,
"Shah, Amar R",August_2022,17110,None,678,678,0,122.25,0.18030973,122.25,0,483.25,0,0,0,3,3,3,72.5,0.89306785
"Shah, Amar R",August_2022,2022F,None,0,0,0,0,,0,0,0,0,0,0,59,64,64,0,
"Shah, Amar R",August_2022,2023F,None,0,0,0,0,,0,0,0,0,0,0,1,1,1,0,
"Shah, Amar R",August_2022,2024F,None,0,0,0,0,,0,0,0,0,0,0,1,1,1,0,
"Shah, Amar R",August_2022,2026F,None,0,0,0,0,,0,0,0,0,0,0,1,1,1,0,
"Shah, Amar R",August_2022,20526,None,785,785,0,70.55,0.08987261,70.55,0,86.45,0,0,0,3,3,3,628,0.2
"Shah, Amar R",August_2022,20552,None,0,0,0,1.34,,0,1.34,0,0,0,0,0,0,0,-1.34,
"Shah, Amar R",August_2022,20600,None,0,0,0,178.11,,121.52,56.59,172.48,0,0,0,0,0,0,-350.59,
"Shah, Amar R",August_2022,20605,None,309,309,0,58.56,0.18951456,58.56,0,44.44,0,0,0,3,3,3,206,0.33333333
"Shah, Amar R",August_2022,20610,None,2196,2196,0,702.02,0.31968124,609.47,92.55,907.69,0,0,0,13,13,13,586.29,0.73301913
"Shah, Amar R",August_2022,3017F,None,0,0,0,0,,0,0,0,0,0,0,127,136,136,0,
"Shah, Amar R",August_2022,3044F,None,0,0,0,20,,20,0,-20,0,0,0,48,50,50,0,
"Shah, Amar R",August_2022,3046F,None,0,0,0,0,,0,0,0,0,0,0,8,8,8,0,
"Shah, Amar R",August_2022,3051F,None,0,0,0,210.88,,210.88,0,0,0,0,0,9,9,9,-210.88,
"Shah, Amar R",August_2022,3052F,None,0,0,0,0,,0,0,0,0,0,0,5,5,5,0,
"Shah, Amar R",August_2022,3072F,None,0,0,0,0,,0,0,0,0,0,0,5,5,5,0,
"Shah, Amar R",August_2022,3288F,None,0,0,0,0,,0,0,0,0,0,0,0,0,0,0,
"Shah, Amar R",August_2022,4004F,None,0,0,0,0,,0,0,0,0,0,0,0,0,0,0,
"Shah, Amar R",August_2022,4040F,None,0,0,0,0,,0,0,0,0,0,0,0,0,0,0,
"Shah, Amar R",August_2022,81003,None,36,36,0,9.43,0.26194444,9.43,0,50.57,0,0,0,3,3,3,-24,1.66666667
"Shah, Amar R",August_2022,83036,None,35,35,0,9.52,0.272,9.52,0,25.48,0,0,0,1,1,1,0,1
"Shah, Amar R",August_2022,87426,None,450,450,0,352.27,0.78282222,352.27,0,547.73,0,25,0,6,6,6,-475,2.05555556
"Shah, Amar R",August_2022,87804,None,240,240,0,203.48,0.84783333,179.64,23.84,218.14,0,30,0,6,6,12,-211.62,1.88175
"Shah, Amar R",August_2022,87880,None,32,32,0,0,0,0,0,24.66,0,0,0,1,1,1,7.34,0.770625
"Shah, Amar R",August_2022,90460,None,84,84,0,20.4,0.24285714,20.4,0,63.6,0,0,0,2,2,2,0,1
"Shah, Amar R",August_2022,90471,None,210,210,0,88.39,0.42090476,88.39,0,227.4,0,0,0,5,5,5,-105.79,1.5037619
"Shah, Amar R",August_2022,90472,None,0,0,0,10,,10,0,16,0,0,0,0,0,0,-26,
"Shah, Amar R",August_2022,90651,None,900,900,0,-35.25,-0.03916667,-35.25,0,634,0,0,0,2,2,2,301.25,0.66527778
"Shah, Amar R",August_2022,90662,None,0,0,0,75,,0,75,0,0,0,0,0,0,0,-75,
"Shah, Amar R",August_2022,90670,None,4140,4140,0,1982.41,0.478843,1982.41,0,1697.59,0,0,0,9,9,9,460,0.88888889
"Shah, Amar R",August_2022,90688,None,0,0,0,0,,0,0,10,0,0,0,0,0,0,-10,
"Shah, Amar R",August_2022,90707,None,0,0,0,89.72,,89.72,0,60.28,0,0,0,0,0,0,-150,
"Shah, Amar R",August_2022,90715,None,0,0,0,50.18,,50.18,0,9.82,0,0,0,0,0,0,-60,
"Shah, Amar R",August_2022,90716,None,0,0,0,153.87,,153.87,0,106.13,0,0,0,0,0,0,-260,
"Shah, Amar R",August_2022,90732,None,1020,1020,0,718.57,0.70448039,718.57,0,91.43,0,0,0,7,7,7,210,0.79411765
"Shah, Amar R",August_2022,93000,None,140,140,0,118.71,0.84792857,62.27,56.44,125.96,0,0,0,3,4,4,-104.67,1.74764286
"Shah, Amar R",August_2022,94010,None,657,657,0,280.71,0.42726027,201.54,79.17,386.58,0,0,0,9,9,9,-10.29,1.0156621
"Shah, Amar R",August_2022,96160,None,400,400,0,150,0.375,150,0,50,0,0,0,2,2,2,200,0.5
"Shah, Amar R",August_2022,99203,None,217,0,217,85.69,0.39488479,85.69,0,109.84,0,217,0,1,1,1,-195.53,1.90105991
"Shah, Amar R",August_2022,99204,None,330,330,0,751.87,2.27839394,597.99,153.88,749,0,0,0,1,1,1,-1170.87,4.54809091
"Shah, Amar R",August_2022,99205,None,0,0,0,179,,179,0,0,0,0,0,0,0,0,-179,
"Shah, Amar R",August_2022,99213,None,5145,4851,294,2665.2,0.51801749,1613.86,1051.34,2183.94,0,205,0,35,35,35,90.86,0.98234014
"Shah, Amar R",August_2022,99214,None,28250,27250,1000,16737.87,0.59249097,11889.26,4848.61,19092.83,0,1015,10,112,113,113,-8585.7,1.30391858
"Shah, Amar R",August_2022,99215,None,29492,29492,0,16414,0.55655771,14784.25,1629.75,12750.86,2.91,142,0,97,101,101,182.23,0.99382104
"Shah, Amar R",August_2022,99386,None,272,272,0,885.74,3.25639706,835.74,50,625.7,0,0,0,1,1,1,-1239.44,5.55676471
"Shah, Amar R",August_2022,99394,None,744,744,0,473.39,0.63627688,473.39,0,270.61,0,0,0,4,4,4,0,1
"Shah, Amar R",August_2022,99395,None,1030,1030,0,867.88,0.84260194,867.88,0,882.36,0,0,0,5,5,5,-720.24,1.69926214
"Shah, Amar R",August_2022,99396,None,3390,3390,0,2487.34,0.73372861,2382.34,105,1685.66,0,0,0,15,15,15,-783,1.23097345
"Shah, Amar R",August_2022,99397,None,0,0,0,118.83,,118.83,0,137.17,0,0,0,0,0,0,-256,
"Shah, Amar R",August_2022,99439,None,2320,2320,0,1662.69,0.71667672,1662.69,0,1278.5,0,0,0,26,26,29,-621.19,1.26775431
"Shah, Amar R",August_2022,99453,None,25,25,0,95.66,3.8264,36.78,58.88,13.22,0,0,0,1,1,1,-83.88,4.3552
"Shah, Amar R",August_2022,99454,None,6305,6305,0,6123.09,0.9711483,6006.54,116.55,1456.57,0,55,0,97,97,97,-1329.66,1.21088977
"Shah, Amar R",August_2022,99457,None,5555,5555,0,4859.55,0.87480648,4832.65,26.9,839.48,0,10,0,101,101,101,-154.03,1.02772817
"Shah, Amar R",August_2022,99458,None,180,180,0,257.55,1.43083333,257.55,0,35.59,0,0,0,2,2,4,-113.14,1.62855556
"Shah, Amar R",August_2022,99490,None,6970,6970,0,6306.4,0.90479197,6169.93,136.47,2887.16,0,170,0,82,82,82,-2393.56,1.3434089
"Shah, Amar R",August_2022,99492,None,7150,7150,0,3002.51,0.41993147,2349.49,653.02,3573.54,0,650,0,22,22,22,-76.05,1.01063636
"Shah, Amar R",August_2022,99493,None,27687.32,27428.56,258.76,13483.29,0.48698429,11517.05,1966.24,13558.07,0,132.76,0,107,107,107,513.2,0.98146444
"Shah, Amar R",August_2022,99494,None,10184,9916,268,4326.93,0.42487529,3806.02,520.91,5816.96,0,134,0,38,40,76,-93.89,1.00921936
"Shah, Amar R",August_2022,99496,None,467,467,0,539.98,1.15627409,539.98,0,394.02,0,0,0,1,1,1,-467,2
"Shah, Amar R",August_2022,99497,None,1190,1190,0,1084.74,0.91154622,897.16,187.58,1037.4,0,15,0,7,7,7,-947.14,1.79591597
"Shah, Amar R",August_2022,G0008,None,0,0,0,42,,0,42,0,0,0,0,0,0,0,-42,
"Shah, Amar R",August_2022,G0009,None,605,605,0,249.33,0.4121157,249.33,0,245.67,0,0,0,11,11,11,110,0.81818182
"Shah, Amar R",August_2022,G0030,None,0,0,0,0,,0,0,0,0,0,0,9,9,9,0,
"Shah, Amar R",August_2022,G0438,None,346,346,0,166.91,0.48239884,166.91,0,179.09,0,0,0,1,1,1,0,1
"Shah, Amar R",August_2022,G0439,None,2832,2832,0,1266.76,0.44730226,1266.76,0,1329.24,0,0,0,12,12,12,236,0.91666667
"Shah, Amar R",August_2022,G0444,None,481,481,0,190.76,0.39659044,190.76,0,253.24,0,0,0,13,13,13,37,0.92307692
"Shah, Amar R",August_2022,G2102,None,0,0,0,0,,0,0,0,0,0,0,0,0,0,0,
"Shah, Amar R",August_2022,G8399,None,0,0,0,0,,0,0,0,0,0,0,28,31,31,0,
"Shah, Amar R",August_2022,G8400,None,0,0,0,0,,0,0,0,0,0,0,2,2,2,0,
"Shah, Amar R",August_2022,G8417,None,0,0,0,0,,0,0,0,0,0,0,88,90,90,0,
"Shah, Amar R",August_2022,G8418,None,0,0,0,0,,0,0,0,0,0,0,1,1,1,0,
"Shah, Amar R",August_2022,G8420,None,0,0,0,0,,0,0,0,0,0,0,151,159,159,0,
"Shah, Amar R",August_2022,G8427,None,0,0,0,0,,0,0,0,0,0,0,261,275,275,0,
"Shah, Amar R",August_2022,G8431,None,0,0,0,0,,0,0,0,0,0,0,15,15,15,0,
"Shah, Amar R",August_2022,G8433,None,0,0,0,0,,0,0,0,0,0,0,0,0,0,0,
"Shah, Amar R",August_2022,G8482,None,0,0,0,0,,0,0,0,0,0,0,0,0,0,0,
"Shah, Amar R",August_2022,G8483,None,0,0,0,0,,0,0,0,0,0,0,0,0,0,0,
"Shah, Amar R",August_2022,G8510,None,0,0,0,0,,0,0,0,0,0,0,251,261,261,0,
"Shah, Amar R",August_2022,G8536,None,0,0,0,0,,0,0,0,0,0,0,1,1,1,0,
"Shah, Amar R",August_2022,G8734,None,0,0,0,0,,0,0,0,0,0,0,12,12,12,0,
"Shah, Amar R",August_2022,G8752,None,0,0,0,0,,0,0,0,0,0,0,150,158,158,0,
"Shah, Amar R",August_2022,G8753,None,0,0,0,0,,0,0,0,0,0,0,9,9,9,0,
"Shah, Amar R",August_2022,G8754,None,0,0,0,0,,0,0,0,0,0,0,152,161,161,0,
"Shah, Amar R",August_2022,G8755,None,0,0,0,0,,0,0,0,0,0,0,6,6,6,0,
"Shah, Amar R",August_2022,G8783,None,0,0,0,0,,0,0,0,0,0,0,234,246,246,0,
"Shah, Amar R",August_2022,G8950,None,0,0,0,0,,0,0,0,0,0,0,8,8,8,0,
"Shah, Amar R",August_2022,G8967,None,0,0,0,0,,0,0,0,0,0,0,0,0,0,0,
"Shah, Amar R",August_2022,G9708,None,0,0,0,0,,0,0,0,0,0,0,2,2,2,0,
"Shah, Amar R",August_2022,G9711,None,0,0,0,0,,0,0,0,0,0,0,4,4,4,0,
"Shah, Amar R",August_2022,G9716,None,0,0,0,0,,0,0,0,0,0,0,0,0,0,0,
"Shah, Amar R",August_2022,G9899,None,0,0,0,0,,0,0,0,0,0,0,46,51,51,0,
"Shah, Amar R",August_2022,G9900,None,0,0,0,0,,0,0,0,0,0,0,7,7,7,0,
"Shah, Amar R",August_2022,G9902,None,0,0,0,0,,0,0,0,0,0,0,10,10,10,0,
"Shah, Amar R",August_2022,G9903,None,0,0,0,0,,0,0,0,0,0,0,248,260,260,0,
"Shah, Amar R",August_2022,G9909,None,0,0,0,0,,0,0,0,0,0,0,0,0,0,0,
"Shah, Amar R",August_2022,G9989,None,0,0,0,0,,0,0,0,0,0,0,3,4,4,0,
"Shah, Amar R",August_2022,G9991,None,0,0,0,0,,0,0,0,0,0,0,85,91,91,0,
"Shah, Amar R",August_2022,G9997,None,0,0,0,0,,0,0,0,0,0,0,1,1,1,0,
"Shah, Amar R",August_2022,INTOP,None,0.4,0.4,0,0,0,0,0,0,0,0,0,1,1,1,0.4,0
"Shah, Amar R",August_2022,INTVP,None,0.04,0.04,0,0,0,0,0,0,0,0,0,1,1,1,0.04,0
"Shah, Amar R",August_2022,J3301,None,338.43,338.43,0,53.37,0.15769879,39.7,13.67,143.01,0,0,0,18,18,87,142.05,0.58026771
"Shah, Amar R",September_2022,10060,None,240,240,0,125.59,0.52329167,125.59,0,0,0,0,0,1,1,1,114.41,0.52329167
"Shah, Amar R",September_2022,1036F,None,0,0,0,0,,0,0,0,0,0,0,235,241,241,0,
"Shah, Amar R",September_2022,1100F,None,0,0,0,0,,0,0,0,0,0,0,0,0,0,0,
"Shah, Amar R",September_2022,11104,None,0,0,0,35,,35,0,0,0,0,0,0,0,0,-35,
"Shah, Amar R",September_2022,1123F,None,0,0,0,0,,0,0,0,0,0,0,68,69,69,0,
"Shah, Amar R",September_2022,1124F,None,0,0,0,0,,0,0,0,0,0,0,22,22,22,0,
"Shah, Amar R",September_2022,1125F,None,0,0,0,0,,0,0,0,0,0,0,12,12,12,0,
"Shah, Amar R",September_2022,1126F,None,0,0,0,0,,0,0,0,0,0,0,18,18,18,0,
"Shah, Amar R",September_2022,1158F,None,0,0,0,0,,0,0,0,0,0,0,29,29,29,0,
"Shah, Amar R",September_2022,1160F,None,0,0,0,0,,0,0,0,0,0,0,30,30,30,0,
"Shah, Amar R",September_2022,1170F,None,0,0,0,0,,0,0,0,0,0,0,29,29,29,0,
"Shah, Amar R",September_2022,11750,None,0,0,0,150,,0,150,0,0,0,0,0,0,0,-150,
"Shah, Amar R",September_2022,17000,None,0,0,0,5.1,,0,5.1,0,0,0,0,0,0,0,-5.1,
"Shah, Amar R",September_2022,17110,None,226,226,0,309.24,1.36831858,210.32,98.92,140.26,0,0,0,1,1,1,-223.5,1.98893805
"Shah, Amar R",September_2022,2022F,None,0,0,0,0,,0,0,0,0,0,0,44,46,47,0,
"Shah, Amar R",September_2022,2024F,None,0,0,0,0,,0,0,0,0,0,0,0,0,0,0,
"Shah, Amar R",September_2022,2026F,None,0,0,0,0,,0,0,0,0,0,0,0,0,0,0,
"Shah, Amar R",September_2022,20526,None,471,471,0,305.29,0.6481741,305.29,0,448.83,0,0,0,2,2,2,-283.12,1.60110403
"Shah, Amar R",September_2022,20600,None,0,0,0,53.33,,53.33,0,44.67,0,0,0,0,0,0,-98,
"Shah, Amar R",September_2022,20605,None,0,0,0,46.5,,0,46.5,56.5,0,0,0,0,0,0,-103,
"Shah, Amar R",September_2022,20610,None,854,854,0,743.1,0.87014052,599.86,143.24,891.28,0,0,0,5,5,6,-780.38,1.91379391
"Shah, Amar R",September_2022,3017F,None,0,0,0,0,,0,0,0,0,0,0,108,112,112,0,
"Shah, Amar R",September_2022,3044F,None,0,0,0,20,,20,0,-20,0,0,0,25,26,26,0,
"Shah, Amar R",September_2022,3046F,None,0,0,0,10,,10,0,-10,0,0,0,5,5,5,0,
"Shah, Amar R",September_2022,3051F,None,0,0,0,0,,0,0,0,0,0,0,14,14,14,0,
"Shah, Amar R",September_2022,3052F,None,0,0,0,0,,0,0,0,0,0,0,2,3,3,0,
"Shah, Amar R",September_2022,3072F,None,0,0,0,0,,0,0,0,0,0,0,1,1,1,0,
"Shah, Amar R",September_2022,3288F,None,0,0,0,0,,0,0,0,0,0,0,0,0,0,0,
"Shah, Amar R",September_2022,4040F,None,0,0,0,0,,0,0,0,0,0,0,0,0,0,0,
"Shah, Amar R",September_2022,81003,None,12,12,0,1.33,0.11083333,1.33,0,10.34,0,0,0,1,1,1,0.33,0.9725
"Shah, Amar R",September_2022,81025,None,0,0,0,0.77,,0,0.77,0,0,0,0,0,0,0,-0.77,
"Shah, Amar R",September_2022,83036,None,0,0,0,1.45,,0,1.45,0,0,0,0,0,0,0,-1.45,
"Shah, Amar R",September_2022,87426,None,525,525,0,171.48,0.32662857,171.48,0,278.52,0,0,0,7,7,7,75,0.85714286
"Shah, Amar R",September_2022,87804,None,280,280,0,155.92,0.55685714,99.14,56.78,66,0,0,0,7,7,14,58.08,0.79257143
"Shah, Amar R",September_2022,87880,None,0,0,0,7.34,,0,7.34,0,0,0,0,0,0,0,-7.34,
"Shah, Amar R",September_2022,90471,None,3738,3696,42,978.69,0.26182183,936.69,42,1712.52,0,0,0,88,89,89,1046.79,0.71995987
"Shah, Amar R",September_2022,90472,None,52,52,0,23.65,0.45480769,23.65,0,28.35,0,0,0,2,2,2,0,1
"Shah, Amar R",September_2022,90662,None,3375,3375,0,858.57,0.25439111,858.57,0,116.43,0,0,0,45,45,45,2400,0.28888889
"Shah, Amar R",September_2022,90670,None,2300,2300,0,1737.07,0.75524783,1737.07,0,1482.93,0,0,0,5,5,5,-920,1.4
"Shah, Amar R",September_2022,90688,None,2910,2880,30,1214.69,0.41741924,1184.69,30,615.31,0,0,0,97,97,97,1080,0.62886598
"Shah, Amar R",September_2022,90715,None,180,180,0,147,0.81666667,147,0,33,0,0,0,3,3,3,0,1
"Shah, Amar R",September_2022,90732,None,700,700,0,755.58,1.0794,755.58,0,104.42,0,0,0,5,5,5,-160,1.22857143
"Shah, Amar R",September_2022,93000,None,35,35,0,9.25,0.26428571,5.48,3.77,0,0,0,0,1,1,1,25.75,0.26428571
"Shah, Amar R",September_2022,94010,None,219,219,0,197.72,0.90283105,166.8,30.92,361.56,0,0,0,3,3,3,-340.28,2.55378995
"Shah, Amar R",September_2022,95800,None,357,357,0,161.34,0.45193277,156.34,5,173.08,0,0,0,1,1,1,22.58,0.9367507
"Shah, Amar R",September_2022,96160,None,1200,1200,0,900,0.75,900,0,300,0,0,0,6,6,6,0,1
"Shah, Amar R",September_2022,96372,None,42,42,0,14.32,0.34095238,14.32,0,27.68,0,0,0,1,1,1,0,1
"Shah, Amar R",September_2022,99203,None,0,0,0,21.47,,21.47,0,0,0,0,0,0,0,0,-21.47,
"Shah, Amar R",September_2022,99204,None,0,0,0,0,,0,0,0,0,0,0,0,0,0,0,
"Shah, Amar R",September_2022,99212,None,0,0,0,44.6,,0,44.6,0,0,0,0,0,0,0,-44.6,
"Shah, Amar R",September_2022,99213,None,4851,4410,441,3071.28,0.63312307,2028.91,1042.37,2380.1,0,195,0,32,33,33,-795.38,1.16396207
"Shah, Amar R",September_2022,99214,None,26000,26000,0,12019.32,0.46228154,9405.49,2613.83,14004.45,0,0,0,103,104,104,-23.77,1.00091423
"Shah, Amar R",September_2022,99215,None,18688,18688,0,13769.06,0.73678617,12488.47,1280.59,10690.36,0,0,0,62,64,64,-5771.42,1.30883027
"Shah, Amar R",September_2022,99385,None,241,241,0,147.38,0.61153527,147.38,0,93.62,0,0,0,1,1,1,0,1
"Shah, Amar R",September_2022,99386,None,0,0,0,136.55,,136.55,0,135.45,0,0,0,0,0,0,-272,
"Shah, Amar R",September_2022,99395,None,1236,1236,0,388.58,0.31438511,358.58,30,259.42,0,0,0,6,6,6,588,0.52427184
"Shah, Amar R",September_2022,99396,None,4294,4294,0,2197.39,0.51173498,2122.39,75,1719.61,0,0,0,19,19,19,377,0.91220307
"Shah, Amar R",September_2022,99439,None,2800,2800,0,1461.38,0.52192143,1443.08,18.3,1085.48,0,10,0,31,31,35,243.14,0.91316429
"Shah, Amar R",September_2022,99453,None,100,100,0,18.71,0.1871,18.71,0,15.98,0,0,0,4,4,4,65.31,0.3469
"Shah, Amar R",September_2022,99454,None,6435,6435,0,2635.14,0.40950117,2615.08,20.06,465.37,0,45,0,99,99,99,3289.49,0.48881274
"Shah, Amar R",September_2022,99457,None,5775,5775,0,2465.65,0.42695238,2441.69,23.96,428.85,0,10,0,105,105,105,2870.5,0.50294372
"Shah, Amar R",September_2022,99458,None,720,720,0,103.52,0.14377778,103.52,0,9.62,0,0,0,12,12,16,606.86,0.15713889
"Shah, Amar R",September_2022,99490,None,10030,10030,0,6038.16,0.60200997,5930.15,108.01,2613.69,0,0,0,118,118,118,1378.15,0.86259721
"Shah, Amar R",September_2022,99492,None,9425,9425,0,5010.56,0.5316244,3590.5,1420.06,4928.02,0,0,0,29,29,29,-513.58,1.05449125
"Shah, Amar R",September_2022,99493,None,28722.36,28722.36,0,13671.69,0.47599466,11272.89,2398.8,13169.07,0,909.04,132.76,111,111,111,1105.32,0.96151709
"Shah, Amar R",September_2022,99494,None,8442,8442,0,3568.19,0.42267117,2958.29,609.9,4431.04,0,0,0,33,34,63,442.77,0.94755153
"Shah, Amar R",September_2022,99496,None,1868,1868,0,214.37,0.1147591,214.37,0,719.63,0,0,0,4,4,4,934,0.5
"Shah, Amar R",September_2022,99497,None,1700,1700,0,684.32,0.40254118,675.53,8.79,700.61,0,0,0,10,10,10,315.07,0.81466471
"Shah, Amar R",September_2022,COLF,None,51.43,51.43,0,857.39,16.67100914,857.39,0,0,0,0,0,1,1,1,-805.96,16.67100914
"Shah, Amar R",September_2022,G0008,None,2268,2268,0,536.38,0.23649912,536.38,0,285.79,0,0,0,54,54,54,1445.83,0.36250882
"Shah, Amar R",September_2022,G0009,None,495,495,0,245.72,0.49640404,245.72,0,249.28,0,0,0,9,9,9,0,1
"Shah, Amar R",September_2022,G0030,None,0,0,0,0,,0,0,0,0,0,0,10,10,10,0,
"Shah, Amar R",September_2022,G0402,None,672,672,0,0,0,0,0,0,0,0,0,2,2,2,672,0
"Shah, Amar R",September_2022,G0438,None,692,692,0,0,0,0,0,0,0,0,0,2,2,2,692,0
"Shah, Amar R",September_2022,G0439,None,6136,6136,0,2693,0.43888527,2693,0,2263,0,0,0,26,26,26,1180,0.80769231
"Shah, Amar R",September_2022,G0444,None,1073,1073,0,298.64,0.27832246,298.64,0,441.36,0,0,0,29,29,29,333,0.68965517
"Shah, Amar R",September_2022,G8399,None,0,0,0,0,,0,0,0,0,0,0,16,16,16,0,
"Shah, Amar R",September_2022,G8400,None,0,0,0,0,,0,0,0,0,0,0,1,1,1,0,
"Shah, Amar R",September_2022,G8417,None,0,0,0,0,,0,0,0,0,0,0,87,88,88,0,
"Shah, Amar R",September_2022,G8418,None,0,0,0,0,,0,0,0,0,0,0,0,0,0,0,
"Shah, Amar R",September_2022,G8420,None,0,0,0,0,,0,0,0,0,0,0,141,144,144,0,
"Shah, Amar R",September_2022,G8421,None,0,0,0,0,,0,0,0,0,0,0,2,2,2,0,
"Shah, Amar R",September_2022,G8427,None,0,0,0,0,,0,0,0,0,0,0,245,251,251,0,
"Shah, Amar R",September_2022,G8431,None,0,0,0,0,,0,0,0,0,0,0,8,8,8,0,
"Shah, Amar R",September_2022,G8482,None,0,0,0,0,,0,0,0,0,0,0,140,140,140,0,
"Shah, Amar R",September_2022,G8483,None,0,0,0,0,,0,0,0,0,0,0,0,0,0,0,
"Shah, Amar R",September_2022,G8510,None,0,0,0,0,,0,0,0,0,0,0,240,246,246,0,
"Shah, Amar R",September_2022,G8536,None,0,0,0,0,,0,0,0,0,0,0,0,0,0,0,
"Shah, Amar R",September_2022,G8734,None,0,0,0,0,,0,0,0,0,0,0,30,30,30,0,
"Shah, Amar R",September_2022,G8752,None,0,0,0,0,,0,0,0,0,0,0,107,110,110,0,
"Shah, Amar R",September_2022,G8753,None,0,0,0,0,,0,0,0,0,0,0,7,7,7,0,
"Shah, Amar R",September_2022,G8754,None,0,0,0,0,,0,0,0,0,0,0,109,113,113,0,
"Shah, Amar R",September_2022,G8755,None,0,0,0,0,,0,0,0,0,0,0,4,4,4,0,
"Shah, Amar R",September_2022,G8783,None,0,0,0,0,,0,0,0,0,0,0,222,226,226,0,
"Shah, Amar R",September_2022,G8950,None,0,0,0,0,,0,0,0,0,0,0,8,8,8,0,
"Shah, Amar R",September_2022,G9708,None,0,0,0,0,,0,0,0,0,0,0,2,2,2,0,
"Shah, Amar R",September_2022,G9711,None,0,0,0,0,,0,0,0,0,0,0,8,8,8,0,
"Shah, Amar R",September_2022,G9899,None,0,0,0,0,,0,0,0,0,0,0,40,41,41,0,
"Shah, Amar R",September_2022,G9900,None,0,0,0,0,,0,0,0,0,0,0,2,2,2,0,
"Shah, Amar R",September_2022,G9902,None,0,0,0,0,,0,0,0,0,0,0,11,11,11,0,
"Shah, Amar R",September_2022,G9903,None,0,0,0,0,,0,0,0,0,0,0,230,236,236,0,
"Shah, Amar R",September_2022,G9906,None,0,0,0,0,,0,0,0,0,0,0,1,1,1,0,
"Shah, Amar R",September_2022,G9989,None,0,0,0,0,,0,0,0,0,0,0,4,4,4,0,
"Shah, Amar R",September_2022,G9991,None,0,0,0,0,,0,0,0,0,0,0,82,84,84,0,
"Shah, Amar R",September_2022,INTM,None,0,0,0,0.01,,0.01,0,0,0,0,0,0,0,0,-0.01,
"Shah, Amar R",September_2022,INTMG,None,0.04,0.04,0,0,0,0,0,0,0,0,0,1,1,1,0.04,0
"Shah, Amar R",September_2022,INTOP,None,4.59,4.59,0,0.02,0.0043573,0.02,0,0,0,0,0,1,1,1,4.57,0.0043573
"Shah, Amar R",September_2022,INTVP,None,0,0,0,0.06,,0.06,0,0,0,0,0,0,0,0,-0.06,
"Shah, Amar R",September_2022,J3301,None,132.26,132.26,0,75.67,0.57213065,59.16,16.51,184.29,0,0,0,7,7,34,-127.7,1.96552246
"Shah, Amar R",October_2022,10060,None,0,0,0,125.59,,125.59,0,114.41,0,0,0,0,0,0,-240,
"Shah, Amar R",October_2022,1036F,None,0,0,0,0,,0,0,0,0,0,0,227,233,233,0,
"Shah, Amar R",October_2022,1100F,None,0,0,0,0,,0,0,0,0,0,0,0,0,0,0,
"Shah, Amar R",October_2022,1123F,None,0,0,0,0,,0,0,0,0,0,0,80,83,83,0,
"Shah, Amar R",October_2022,1124F,None,0,0,0,0,,0,0,0,0,0,0,18,18,18,0,
"Shah, Amar R",October_2022,1125F,None,0,0,0,0,,0,0,0,0,0,0,11,11,11,0,
"Shah, Amar R",October_2022,1126F,None,0,0,0,0,,0,0,0,0,0,0,9,9,9,0,
"Shah, Amar R",October_2022,1158F,None,0,0,0,0,,0,0,0,0,0,0,19,19,19,0,
"Shah, Amar R",October_2022,1160F,None,0,0,0,0,,0,0,0,0,0,0,20,20,20,0,
"Shah, Amar R",October_2022,1170F,None,0,0,0,0,,0,0,0,0,0,0,20,20,20,0,
"Shah, Amar R",October_2022,17000,None,134,134,0,0,0,0,0,0,0,0,0,1,1,1,134,0
"Shah, Amar R",October_2022,17110,None,0,0,0,220.73,,220.73,0,231.27,0,0,0,0,0,0,-452,
"Shah, Amar R",October_2022,2022F,None,0,0,0,0,,0,0,0,0,0,0,49,49,49,0,
"Shah, Amar R",October_2022,2024F,None,0,0,0,0,,0,0,0,0,0,0,2,2,2,0,
"Shah, Amar R",October_2022,20526,None,0,0,0,119.73,,119.73,0,210.15,0,0,0,0,0,0,-329.88,
"Shah, Amar R",October_2022,20550,None,108,108,0,0,0,0,0,0,0,0,0,1,1,1,108,0
"Shah, Amar R",October_2022,20552,None,112,112,0,0,0,0,0,0,0,0,0,1,1,1,112,0
"Shah, Amar R",October_2022,20600,None,98,98,0,0,0,0,0,0,0,0,0,1,1,1,98,0
"Shah, Amar R",October_2022,20605,None,0,0,0,46.31,,46.31,0,56.69,0,0,0,0,0,0,-103,
"Shah, Amar R",October_2022,20610,None,1220,1220,0,483.99,0.39671311,397.86,86.13,520.09,0,0,0,9,9,10,215.92,0.82301639
"Shah, Amar R",October_2022,3017F,None,0,0,0,0,,0,0,0,0,0,0,113,116,116,0,
"Shah, Amar R",October_2022,3044F,None,0,0,0,10,,10,0,-10,0,0,0,31,32,32,0,
"Shah, Amar R",October_2022,3046F,None,0,0,0,0,,0,0,0,0,0,0,3,3,3,0,
"Shah, Amar R",October_2022,3051F,None,0,0,0,0,,0,0,0,0,0,0,12,12,12,0,
"Shah, Amar R",October_2022,3052F,None,0,0,0,0,,0,0,0,0,0,0,4,4,4,0,
"Shah, Amar R",October_2022,3072F,None,0,0,0,0,,0,0,0,0,0,0,1,1,1,0,
"Shah, Amar R",October_2022,3288F,None,0,0,0,0,,0,0,0,0,0,0,0,0,0,0,
"Shah, Amar R",October_2022,4004F,None,0,0,0,0,,0,0,0,0,0,0,0,0,0,0,
"Shah, Amar R",October_2022,4040F,None,0,0,0,0,,0,0,0,0,0,0,0,0,0,0,
"Shah, Amar R",October_2022,81003,None,24,24,0,2.2,0.09166667,2.2,0,9.8,0,0,0,2,2,2,12,0.5
"Shah, Amar R",October_2022,87426,None,525,525,0,125.11,0.23830476,125.11,0,249.89,0,0,0,7,7,7,150,0.71428571
"Shah, Amar R",October_2022,87804,None,280,280,0,143.84,0.51371429,118.02,25.82,121.98,0,0,0,7,7,14,14.18,0.94935714
"Shah, Amar R",October_2022,87880,None,32,32,0,0,0,0,0,0,0,0,0,1,1,1,32,0
"Shah, Amar R",October_2022,90471,None,2310,2310,0,567.11,0.24550216,567.11,0,1154.89,0,0,0,55,55,55,588,0.74545455
"Shah, Amar R",October_2022,90472,None,156,156,0,3.4,0.02179487,3.4,0,22.6,0,0,0,6,6,6,130,0.16666667
"Shah, Amar R",October_2022,90662,None,3525,3450,75,2774.72,0.78715461,2774.72,0,366.72,0,0,0,47,47,47,383.56,0.89118865
"Shah, Amar R",October_2022,90670,None,3220,3220,0,1448.69,0.44990373,1448.69,0,1311.31,0,0,0,7,7,7,460,0.85714286
"Shah, Amar R",October_2022,90688,None,1980,1980,0,928.69,0.46903535,928.69,0,470.35,0,0,0,66,66,66,580.96,0.70658586
"Shah, Amar R",October_2022,90715,None,180,180,0,0,0,0,0,0,0,0,0,3,3,3,180,0
"Shah, Amar R",October_2022,90732,None,540,540,0,479.85,0.88861111,479.85,0,110.15,0,0,0,4,4,4,-50,1.09259259
"Shah, Amar R",October_2022,93000,None,105,105,0,30.65,0.29190476,13.68,16.97,21.32,0,0,0,3,3,3,53.03,0.49495238
"Shah, Amar R",October_2022,94010,None,438,438,0,101.14,0.23091324,68.85,32.29,179.62,0,0,0,6,6,6,157.24,0.64100457
"Shah, Amar R",October_2022,95800,None,0,0,0,22.58,,0,22.58,0,0,0,0,0,0,0,-22.58,
"Shah, Amar R",October_2022,96160,None,800,800,0,300,0.375,300,0,100,0,0,0,4,4,4,400,0.5
"Shah, Amar R",October_2022,99203,None,0,0,0,30,,0,30,0,0,0,0,0,0,0,-30,
"Shah, Amar R",October_2022,99204,None,330,330,0,211.21,0.6400303,130.25,80.96,199.75,0,0,0,1,1,1,-80.96,1.24533333
"Shah, Amar R",October_2022,99213,None,3822,3675,147,2199.8,0.57556253,1295.18,904.62,1497.04,0,62,0,26,26,26,63.16,0.98347462
"Shah, Amar R",October_2022,99214,None,22750,22250,500,9125.75,0.40113187,6145.73,2980.02,8257.84,0,298.8,0,91,91,91,5067.61,0.77724791
"Shah, Amar R",October_2022,99215,None,24528,24528,0,10011.53,0.4081674,9225.68,785.85,8468.15,0,584,0,83,85,85,5464.32,0.77722114
"Shah, Amar R",October_2022,99386,None,0,0,0,108.37,,108.37,0,0,0,0,0,0,0,0,-108.37,
"Shah, Amar R",October_2022,99393,None,166,166,0,0,0,0,0,0,0,0,0,1,1,1,166,0
"Shah, Amar R",October_2022,99395,None,2060,2060,0,777.09,0.37722816,717.09,60,518.91,0,0,0,10,10,10,764,0.62912621
"Shah, Amar R",October_2022,99396,None,3390,3390,0,1022.82,0.30171681,1022.82,0,770.18,0,0,0,15,15,15,1597,0.52890855
"Shah, Amar R",October_2022,99439,None,2160,2160,0,1147.76,0.53137037,1144.1,3.66,1004.14,0,0,0,24,24,27,8.1,0.99625
"Shah, Amar R",October_2022,99453,None,25,25,0,35.86,1.4344,35.86,0,21.18,0,0,0,1,1,1,-32.04,2.2816
"Shah, Amar R",October_2022,99454,None,6890,6890,0,7863.59,1.14130479,7828.84,34.75,2049.36,0,0,0,106,106,106,-3022.95,1.43874456
"Shah, Amar R",October_2022,99457,None,5995,5995,0,7577.27,1.26393161,7511.59,65.68,1330.81,0,0,0,109,109,109,-2913.08,1.48591827
"Shah, Amar R",October_2022,99458,None,450,450,0,814.37,1.80971111,814.37,0,143.5,0,0,0,8,8,10,-507.87,2.1286
"Shah, Amar R",October_2022,99490,None,11050,11050,0,7271.59,0.65806244,7170.44,101.15,3331.89,0,0,0,130,130,130,446.52,0.95959095
"Shah, Amar R",October_2022,99492,None,6500,6500,0,5945.77,0.91473385,5710.37,235.4,7492.49,0,169,0,20,20,20,-7107.26,2.09342462
"Shah, Amar R",October_2022,99493,None,29239.88,29239.88,0,17405.65,0.59527091,16105.27,1300.38,17467.88,0,132.76,0,113,113,113,-5766.41,1.19721045
"Shah, Amar R",October_2022,99494,None,11926,11926,0,4785.18,0.40123931,4378.5,406.68,7873.31,0,469,0,40,45,89,-1201.49,1.10074543
"Shah, Amar R",October_2022,99495,None,330,330,0,0,0,0,0,0,0,0,0,1,1,1,330,0
"Shah, Amar R",October_2022,99496,None,934,934,0,225.03,0.24093148,225.03,0,708.97,0,0,0,2,2,2,0,1
"Shah, Amar R",October_2022,99497,None,1190,1190,0,720.69,0.60562185,720.69,0,793.17,0,0,0,7,7,7,-323.86,1.27215126
"Shah, Amar R",October_2022,COLF,None,211.61,211.61,0,0,0,0,0,0,0,0,0,2,2,2,211.61,0
"Shah, Amar R",October_2022,G0008,None,2520,2478,42,1352.35,0.53664683,1352.35,0,667.11,0,0,0,60,60,60,500.54,0.80137302
"Shah, Amar R",October_2022,G0009,None,330,330,0,255.28,0.77357576,255.28,0,239.72,0,0,0,6,6,6,-165,1.5
"Shah, Amar R",October_2022,G0030,None,0,0,0,0,,0,0,0,0,0,0,9,9,9,0,
"Shah, Amar R",October_2022,G0402,None,336,336,0,165.23,0.49175595,165.23,0,170.77,0,0,0,1,1,1,0,1
"Shah, Amar R",October_2022,G0438,None,692,692,0,495.69,0.71631503,495.69,0,542.31,0,0,0,2,2,2,-346,1.5
"Shah, Amar R",October_2022,G0439,None,4012,4012,0,2152.75,0.53657777,2152.75,0,2095.25,0,236,0,17,17,17,-472,1.11764706
"Shah, Amar R",October_2022,G0444,None,629,629,0,297.73,0.47333863,297.73,0,516.27,0,0,0,17,17,17,-185,1.29411765
"Shah, Amar R",October_2022,G2081,None,0,0,0,0,,0,0,0,0,0,0,0,0,0,0,
"Shah, Amar R",October_2022,G8399,None,0,0,0,0,,0,0,0,0,0,0,22,22,22,0,
"Shah, Amar R",October_2022,G8400,None,0,0,0,0,,0,0,0,0,0,0,2,2,2,0,
"Shah, Amar R",October_2022,G8417,None,0,0,0,0,,0,0,0,0,0,0,103,106,106,0,
"Shah, Amar R",October_2022,G8418,None,0,0,0,0,,0,0,0,0,0,0,1,1,1,0,
"Shah, Amar R",October_2022,G8420,None,0,0,0,0,,0,0,0,0,0,0,113,114,114,0,
"Shah, Amar R",October_2022,G8421,None,0,0,0,1,,0,1,0,0,0,0,2,2,2,-1,
"Shah, Amar R",October_2022,G8427,None,0,0,0,0,,0,0,0,0,0,0,238,244,244,0,
"Shah, Amar R",October_2022,G8431,None,0,0,0,0,,0,0,0,0,0,0,10,10,10,0,
"Shah, Amar R",October_2022,G8482,None,0,0,0,0,,0,0,0,0,0,0,174,178,178,0,
"Shah, Amar R",October_2022,G8483,None,0,0,0,0,,0,0,0,0,0,0,68,68,68,0,
"Shah, Amar R",October_2022,G8484,None,0,0,0,0,,0,0,0,0,0,0,1,1,1,0,
"Shah, Amar R",October_2022,G8510,None,0,0,0,0,,0,0,0,0,0,0,229,235,235,0,
"Shah, Amar R",October_2022,G8734,None,0,0,0,0,,0,0,0,0,0,0,20,20,20,0,
"Shah, Amar R",October_2022,G8752,None,0,0,0,0,,0,0,0,0,0,0,98,99,99,0,
"Shah, Amar R",October_2022,G8753,None,0,0,0,0,,0,0,0,0,0,0,19,19,19,0,
"Shah, Amar R",October_2022,G8754,None,0,0,0,0,,0,0,0,0,0,0,103,104,104,0,
"Shah, Amar R",October_2022,G8755,None,0,0,0,0,,0,0,0,0,0,0,14,14,14,0,
"Shah, Amar R",October_2022,G8783,None,0,0,0,0,,0,0,0,0,0,0,202,205,205,0,
"Shah, Amar R",October_2022,G8785,None,0,0,0,1,,0,1,0,0,0,0,1,1,1,-1,
"Shah, Amar R",October_2022,G8950,None,0,0,0,0,,0,0,0,0,0,0,20,20,20,0,
"Shah, Amar R",October_2022,G9708,None,0,0,0,0,,0,0,0,0,0,0,4,4,4,0,
"Shah, Amar R",October_2022,G9711,None,0,0,0,0,,0,0,0,0,0,0,2,2,2,0,
"Shah, Amar R",October_2022,G9899,None,0,0,0,0,,0,0,0,0,0,0,49,51,51,0,
"Shah, Amar R",October_2022,G9900,None,0,0,0,0,,0,0,0,0,0,0,4,4,4,0,
"Shah, Amar R",October_2022,G9902,None,0,0,0,0,,0,0,0,0,0,0,10,10,10,0,
"Shah, Amar R",October_2022,G9903,None,0,0,0,0,,0,0,0,0,0,0,226,232,232,0,
"Shah, Amar R",October_2022,G9906,None,0,0,0,0,,0,0,0,0,0,0,1,1,1,0,
"Shah, Amar R",October_2022,G9989,None,0,0,0,0,,0,0,0,0,0,0,4,4,4,0,
"Shah, Amar R",October_2022,G9990,None,0,0,0,0,,0,0,0,0,0,0,1,1,1,0,
"Shah, Amar R",October_2022,G9991,None,0,0,0,0,,0,0,0,0,0,0,87,91,91,0,
"Shah, Amar R",October_2022,INTOP,None,0.38,0.38,0,0,0,0,0,0,0,0,0,1,1,1,0.38,0
"Shah, Amar R",October_2022,J3301,None,178.94,178.94,0,58.34,0.32603107,46.64,11.7,128.85,0,0,0,12,12,46,-8.25,1.04610484
"Shah, Amar R",October_2022,Nshow,None,0,0,0,50,,0,50,0,0,0,0,0,0,0,-50,
"Shah, Amar R",November_2022,0011A,None,0,0,0,42,,42,0,0,0,0,0,0,0,0,-42,
"Shah, Amar R",November_2022,1036F,None,0.01,0.01,0,0,0,0,0,0,0,0,0,261,274,274,0.01,0
"Shah, Amar R",November_2022,1123F,None,0,0,0,65.26,,65.26,0,9.74,0,0,0,69,70,70,-75,
"Shah, Amar R",November_2022,1124F,None,0,0,0,0,,0,0,0,0,0,0,21,21,21,0,
"Shah, Amar R",November_2022,1125F,None,0,0,0,0,,0,0,0,0,0,0,5,5,5,0,
"Shah, Amar R",November_2022,1126F,None,0,0,0,0,,0,0,0,0,0,0,16,16,16,0,
"Shah, Amar R",November_2022,1158F,None,0,0,0,0,,0,0,0,0,0,0,21,21,21,0,
"Shah, Amar R",November_2022,1160F,None,0,0,0,0,,0,0,0,0,0,0,21,21,21,0,
"Shah, Amar R",November_2022,1170F,None,0,0,0,0,,0,0,0,0,0,0,21,21,21,0,
"Shah, Amar R",November_2022,17000,None,134,134,0,64.86,0.48402985,64.86,0,69.14,0,0,0,1,1,1,0,1
"Shah, Amar R",November_2022,17003,None,11,11,0,0,0,0,0,0,0,0,0,1,1,1,11,0
"Shah, Amar R",November_2022,17110,None,226,226,0,50,0.22123894,0,50,0,0,0,0,1,1,1,176,0.22123894
"Shah, Amar R",November_2022,2022F,None,0,0,0,0,,0,0,0,0,0,0,56,58,58,0,
"Shah, Amar R",November_2022,2024F,None,0,0,0,0,,0,0,0,0,0,0,2,2,2,0,
"Shah, Amar R",November_2022,2025F,None,0,0,0,0,,0,0,0,0,0,0,1,1,1,0,
"Shah, Amar R",November_2022,20526,None,628,628,0,1.08,0.00171975,0,1.08,0,0,0,0,2,2,2,626.92,0.00171975
"Shah, Amar R",November_2022,20550,None,0,0,0,61.31,,0,61.31,46.69,0,0,0,0,0,0,-108,
"Shah, Amar R",November_2022,20552,None,0,0,0,41.38,,41.38,0,60.25,0,0,0,0,0,0,-101.63,
"Shah, Amar R",November_2022,20600,None,98,98,0,45.27,0.46193878,45.27,0,41.41,0,0,0,1,1,1,11.32,0.8844898
"Shah, Amar R",November_2022,20610,None,1708,1708,0,732.23,0.42870609,422.23,310,793.64,0,0,0,9,9,10,182.13,0.89336651
"Shah, Amar R",November_2022,3017F,None,0,0,0,0,,0,0,0,0,0,0,147,154,154,0,
"Shah, Amar R",November_2022,3044F,None,0,0,0,10,,10,0,-10,0,0,0,35,35,35,0,
"Shah, Amar R",November_2022,3046F,None,0,0,0,0,,0,0,0,0,0,0,7,8,8,0,
"Shah, Amar R",November_2022,3051F,None,0,0,0,0,,0,0,0,0,0,0,14,14,14,0,
"Shah, Amar R",November_2022,3052F,None,0,0,0,0,,0,0,0,0,0,0,6,6,6,0,
"Shah, Amar R",November_2022,3072F,None,0,0,0,0,,0,0,0,0,0,0,2,2,2,0,
"Shah, Amar R",November_2022,4004F,None,0,0,0,0,,0,0,0,0,0,0,0,0,0,0,
"Shah, Amar R",November_2022,81003,None,36,36,0,4.45,0.12361111,4.45,0,19.55,0,0,0,3,3,3,12,0.66666667
"Shah, Amar R",November_2022,87426,None,825,825,0,289.59,0.35101818,289.59,0,454.62,0,0,0,11,11,11,80.79,0.90207273
"Shah, Amar R",November_2022,87804,None,440,440,0,149.88,0.34063636,149.88,0,184.76,0,0,0,11,11,22,105.36,0.76054545
"Shah, Amar R",November_2022,87807,None,25,25,0,0,0,0,0,0,0,0,0,1,1,1,25,0
"Shah, Amar R",November_2022,87880,None,32,32,0,9.92,0.31,9.92,0,40.22,0,0,0,1,1,1,-18.14,1.566875
"Shah, Amar R",November_2022,90460,None,0,0,0,0,,0,0,0,0,0,0,1,1,3,0,
"Shah, Amar R",November_2022,90461,None,0,0,0,0,,0,0,0,0,0,0,1,1,1,0,
"Shah, Amar R",November_2022,90471,None,1890,1890,0,1199.9,0.63486772,1199.9,0,2034.1,0,0,0,45,45,45,-1344,1.71111111
"Shah, Amar R",November_2022,90472,None,0,0,0,68,,68,0,36,0,0,0,0,0,0,-104,
"Shah, Amar R",November_2022,90619,None,305,305,0,0,0,0,0,0,0,0,0,1,1,1,305,0
"Shah, Amar R",November_2022,90651,None,0,0,0,0,,0,0,0,0,0,0,1,1,1,0,
"Shah, Amar R",November_2022,90662,None,0,0,0,2060.79,,2060.79,0,264.21,0,0,0,0,0,0,-2325,
"Shah, Amar R",November_2022,90670,None,920,920,0,978.01,1.06305435,978.01,0,861.99,0,0,0,2,2,2,-920,2
"Shah, Amar R",November_2022,90680,None,0,0,0,0,,0,0,0,0,0,0,1,1,1,0,
"Shah, Amar R",November_2022,90688,None,1680,1680,0,1931.25,1.14955357,1916.25,15,963.75,0,0,0,56,56,56,-1215,1.72321429
"Shah, Amar R",November_2022,90700,None,0,0,0,0,,0,0,0,0,0,0,1,1,1,0,
"Shah, Amar R",November_2022,90715,None,0,0,0,155.17,,155.17,0,24.83,0,0,0,0,0,0,-180,
"Shah, Amar R",November_2022,90732,None,650,650,0,694.4,1.06830769,694.4,0,115.6,0,0,0,5,5,5,-160,1.24615385
"Shah, Amar R",November_2022,93000,None,105,105,0,42.69,0.40657143,42.69,0,59.43,0,0,0,3,3,3,2.88,0.97257143
"Shah, Amar R",November_2022,94010,None,219,219,0,145.31,0.66351598,109.94,35.37,176.5,0,0,0,3,3,3,-102.81,1.46945205
"Shah, Amar R",November_2022,96160,None,200,200,0,600,3,600,0,200,0,0,0,1,1,1,-600,4
"Shah, Amar R",November_2022,99203,None,651,651,0,81.53,0.1252381,81.53,0,110.47,0,0,0,3,3,3,459,0.29493088
"Shah, Amar R",November_2022,99204,None,330,330,0,20,0.06060606,0,20,0,0,0,0,1,1,1,310,0.06060606
"Shah, Amar R",November_2022,99205,None,0,0,0,416,,416,0,0,0,0,0,0,0,0,-416,
"Shah, Amar R",November_2022,99213,None,5145,5145,0,2807,0.54557823,1932.56,874.44,2333.82,0,0,0,35,35,35,4.18,0.99918756
"Shah, Amar R",November_2022,99214,None,30000,30000,0,15528.38,0.51761267,12817.24,2711.14,18019.33,0,0,0,119,120,120,-3547.71,1.118257
"Shah, Amar R",November_2022,99215,None,21608,21608,0,14498.5,0.67097834,13083.57,1414.93,10928.29,0,0,0,73,74,74,-3818.79,1.17673038
"Shah, Amar R",November_2022,99393,None,0,0,0,117.9,,117.9,0,48.1,0,0,0,0,0,0,-166,
"Shah, Amar R",November_2022,99395,None,2266,2266,0,1768.29,0.78035746,1768.29,0,1321.71,0,0,0,11,11,11,-824,1.36363636
"Shah, Amar R",November_2022,99396,None,5198,5198,0,3439.48,0.66169296,3424.48,15,2677.52,0,0,0,23,23,23,-919,1.17679877
"Shah, Amar R",November_2022,99406,None,0,0,0,30,,30,0,0,0,0,0,0,0,0,-30,
"Shah, Amar R",November_2022,99439,None,3680,3680,0,1890.92,0.51383696,1872.93,17.99,1530.47,0,0,0,45,45,46,258.61,0.92972554
"Shah, Amar R",November_2022,99453,None,25,25,0,18.52,0.7408,18.52,0,6.48,0,0,0,1,1,1,0,1
"Shah, Amar R",November_2022,99454,None,6435,6435,0,3197.41,0.49687801,2987.41,210,534.59,0,10,0,99,99,99,2693,0.58150738
"Shah, Amar R",November_2022,99457,None,5665,5665,0,2809.16,0.49587996,2779.16,30,407.26,0,0,0,103,103,103,2448.58,0.56777052
"Shah, Amar R",November_2022,99458,None,225,225,0,121.27,0.53897778,121.27,0,10.02,0,0,0,5,5,5,93.71,0.58351111
"Shah, Amar R",November_2022,99490,None,13175,13175,0,8859.35,0.67243643,8686.19,173.16,3731.46,0,0,0,155,155,155,584.19,0.9556592
"Shah, Amar R",November_2022,99492,None,9425,9425,0,4418.74,0.46883183,3767.48,651.26,4601.64,0,0,0,29,29,29,404.62,0.9570695
"Shah, Amar R",November_2022,99493,None,28463.6,28204.84,258.76,13348.79,0.46897757,11437.78,1911.01,13482.81,0,379.28,0,110,110,110,1252.72,0.9559887
"Shah, Amar R",November_2022,99494,None,7772,7772,0,4529.44,0.5827895,3362.59,1166.85,4437.51,0,59,0,32,32,58,-1253.95,1.161342
"Shah, Amar R",November_2022,99495,None,330,330,0,197.09,0.59724242,197.09,0,132.91,0,0,0,1,1,1,0,1
"Shah, Amar R",November_2022,99496,None,0,0,0,540.21,,540.21,0,393.79,0,0,0,0,0,0,-934,
"Shah, Amar R",November_2022,99497,None,1360,1360,0,806.43,0.59296324,782.94,23.49,886.21,0,0,0,8,8,8,-332.64,1.24458824
"Shah, Amar R",November_2022,COLF,None,39.6,39.6,0,123.42,3.11666667,0,123.42,0,0,0,0,1,1,1,-83.82,3.11666667
"Shah, Amar R",November_2022,FORM,None,25,25,0,25,1,0,25,0,0,0,0,1,1,1,0,1
"Shah, Amar R",November_2022,G0008,None,588,588,0,1416.55,2.40909864,1416.55,0,725.45,0,0,0,14,14,14,-1554,3.64285714
"Shah, Amar R",November_2022,G0009,None,275,275,0,196.6,0.71490909,196.6,0,188.4,0,0,0,5,5,5,-110,1.4
"Shah, Amar R",November_2022,G0030,None,0,0,0,0,,0,0,0,0,0,0,8,8,8,0,
"Shah, Amar R",November_2022,G0402,None,0,0,0,319.68,,319.68,0,352.32,0,0,0,0,0,0,-672,
"Shah, Amar R",November_2022,G0438,None,692,692,0,332.14,0.4799711,332.14,0,359.86,0,0,0,2,2,2,0,1
"Shah, Amar R",November_2022,G0439,None,4484,4484,0,2416.69,0.53895852,2416.69,0,2067.31,0,0,0,19,19,19,0,1
"Shah, Amar R",November_2022,G0444,None,740,740,0,244.58,0.33051351,244.58,0,495.42,0,0,0,20,20,20,0,1
"Shah, Amar R",November_2022,G8399,None,0,0,0,0,,0,0,0,0,0,0,18,18,18,0,
"Shah, Amar R",November_2022,G8400,None,0,0,0,0,,0,0,0,0,0,0,1,1,1,0,
"Shah, Amar R",November_2022,G8417,None,0.01,0.01,0,0,0,0,0,0,0,0,0,112,116,116,0.01,0
"Shah, Amar R",November_2022,G8418,None,0,0,0,0,,0,0,0,0,0,0,3,3,3,0,
"Shah, Amar R",November_2022,G8420,None,0,0,0,0,,0,0,0,0,0,0,140,142,142,0,
"Shah, Amar R",November_2022,G8421,None,0,0,0,0,,0,0,0,0,0,0,0,0,0,0,
"Shah, Amar R",November_2022,G8427,None,0.01,0.01,0,0,0,0,0,0,0,0,0,265,278,278,0.01,0
"Shah, Amar R",November_2022,G8431,None,0,0,0,0,,0,0,0,0,0,0,11,11,11,0,
"Shah, Amar R",November_2022,G8482,None,0,0,0,0,,0,0,0,0,0,0,178,188,188,0,
"Shah, Amar R",November_2022,G8483,None,0.01,0.01,0,0,0,0,0,0,0,0,0,100,101,101,0.01,0
"Shah, Amar R",November_2022,G8484,None,0,0,0,0,,0,0,0,0,0,0,1,1,1,0,
"Shah, Amar R",November_2022,G8510,None,0.01,0.01,0,0,0,0,0,0,0,0,0,260,272,272,0.01,0
"Shah, Amar R",November_2022,G8511,None,0,0,0,0,,0,0,0,0,0,0,1,1,1,0,
"Shah, Amar R",November_2022,G8734,None,0,0,0,0,,0,0,0,0,0,0,19,19,19,0,
"Shah, Amar R",November_2022,G8752,None,0,0,0,0,,0,0,0,0,0,0,126,131,131,0,
"Shah, Amar R",November_2022,G8753,None,0,0,0,0,,0,0,0,0,0,0,8,8,8,0,
"Shah, Amar R",November_2022,G8754,None,0,0,0,0,,0,0,0,0,0,0,128,133,133,0,
"Shah, Amar R",November_2022,G8755,None,0,0,0,0,,0,0,0,0,0,0,6,6,6,0,
"Shah, Amar R",November_2022,G8783,None,0.01,0.01,0,0,0,0,0,0,0,0,0,236,248,248,0.01,0
"Shah, Amar R",November_2022,G8950,None,0,0,0,0,,0,0,0,0,0,0,10,10,10,0,
"Shah, Amar R",November_2022,G9708,None,0,0,0,0,,0,0,0,0,0,0,1,1,1,0,
"Shah, Amar R",November_2022,G9711,None,0,0,0,0,,0,0,0,0,0,0,10,10,10,0,
"Shah, Amar R",November_2022,G9899,None,0,0,0,0,,0,0,0,0,0,0,58,64,64,0,
"Shah, Amar R",November_2022,G9900,None,0,0,0,0,,0,0,0,0,0,0,3,3,3,0,
"Shah, Amar R",November_2022,G9902,None,0,0,0,0,,0,0,0,0,0,0,6,6,6,0,
"Shah, Amar R",November_2022,G9903,None,0.01,0.01,0,0,0,0,0,0,0,0,0,256,268,268,0.01,0
"Shah, Amar R",November_2022,G9906,None,0,0,0,0,,0,0,0,0,0,0,0,0,0,0,
"Shah, Amar R",November_2022,G9989,None,0,0,0,0,,0,0,0,0,0,0,4,4,4,0,
"Shah, Amar R",November_2022,G9990,None,0,0,0,0,,0,0,0,0,0,0,0,0,0,0,
"Shah, Amar R",November_2022,G9991,None,0,0,0,0,,0,0,0,0,0,0,79,83,83,0,
"Shah, Amar R",November_2022,INTBL,None,0,0,0,0.57,,0.57,0,0,0,0,0,0,0,0,-0.57,
"Shah, Amar R",November_2022,INTM,None,0.16,0.16,0,0,0,0,0,0,0,0,0,1,1,1,0.16,0
"Shah, Amar R",November_2022,INTOP,None,4.59,4.59,0,0.38,0.08278867,0.38,0,0,0,0,0,1,1,1,4.21,0.08278867
"Shah, Amar R",November_2022,J3301,None,241.18,241.18,0,76.04,0.31528319,45.06,30.98,160.21,0,0,0,10,10,62,4.93,0.97955884
"Shah, Amar R",December_2022,10060,None,0,0,0,-125.59,,-125.59,0,0,0,0,0,0,0,0,125.59,
"Shah, Amar R",December_2022,1036F,None,0,0,0,0,,0,0,0,0,0,0,225,233,233,0,
"Shah, Amar R",December_2022,1100F,None,0,0,0,0,,0,0,0,0,0,0,0,0,0,0,
"Shah, Amar R",December_2022,11200,None,0,0,0,98.26,,0,98.26,0,0,0,0,0,0,0,-98.26,
"Shah, Amar R",December_2022,1123F,None,0,0,0,0,,0,0,0,0,0,0,60,63,63,0,
"Shah, Amar R",December_2022,1124F,None,0,0,0,0,,0,0,0,0,0,0,11,11,11,0,
"Shah, Amar R",December_2022,1125F,None,0,0,0,0,,0,0,0,0,0,0,5,5,5,0,
"Shah, Amar R",December_2022,1126F,None,0,0,0,0,,0,0,0,0,0,0,7,7,7,0,
"Shah, Amar R",December_2022,1158F,None,0,0,0,0,,0,0,0,0,0,0,10,10,10,0,
"Shah, Amar R",December_2022,1160F,None,0,0,0,0,,0,0,0,0,0,0,11,11,11,0,
"Shah, Amar R",December_2022,1170F,None,0,0,0,0,,0,0,0,0,0,0,11,11,11,0,
"Shah, Amar R",December_2022,17000,None,0,0,0,56.46,,56.46,0,77.54,0,0,0,0,0,0,-134,
"Shah, Amar R",December_2022,17003,None,0,0,0,5.67,,5.67,0,5.33,0,0,0,0,0,0,-11,
"Shah, Amar R",December_2022,17110,None,226,226,0,157.01,0.69473451,156.87,0.14,265.13,0,0,0,1,1,1,-196.14,1.86787611
"Shah, Amar R",December_2022,2022F,None,0,0,0,0,,0,0,0,0,0,0,46,46,46,0,
"Shah, Amar R",December_2022,2024F,None,0,0,0,0,,0,0,0,0,0,0,2,2,2,0,
"Shah, Amar R",December_2022,2025F,None,0,0,0,0,,0,0,0,0,0,0,0,0,0,0,
"Shah, Amar R",December_2022,20526,None,471,471,0,424.47,0.90121019,397.94,26.53,656.84,0,0,0,2,2,2,-610.31,2.29577495
"Shah, Amar R",December_2022,20552,None,112,112,0,0,0,0,0,0,0,0,0,1,1,1,112,0
"Shah, Amar R",December_2022,20600,None,98,98,0,33.6,0.34285714,22.28,11.32,75.72,0,0,0,1,1,1,-11.32,1.1155102
"Shah, Amar R",December_2022,20605,None,103,103,0,0,0,0,0,0,0,0,0,1,1,1,103,0
"Shah, Amar R",December_2022,20610,None,1586,1586,0,654.13,0.4124401,591.53,62.6,1178.1,0,0,0,10,10,10,-246.23,1.15525221
"Shah, Amar R",December_2022,3017F,None,0,0,0,0,,0,0,0,0,0,0,104,107,107,0,
"Shah, Amar R",December_2022,3044F,None,0,0,0,30,,30,0,-30,0,0,0,36,36,36,0,
"Shah, Amar R",December_2022,3046F,None,0,0,0,0,,0,0,0,0,0,0,4,4,4,0,
"Shah, Amar R",December_2022,3051F,None,0,0,0,10,,10,0,-10,0,0,0,7,7,7,0,
"Shah, Amar R",December_2022,3052F,None,0,0,0,0,,0,0,0,0,0,0,2,2,2,0,
"Shah, Amar R",December_2022,3072F,None,0,0,0,0,,0,0,0,0,0,0,1,1,1,0,
"Shah, Amar R",December_2022,3288F,None,0,0,0,0,,0,0,0,0,0,0,0,0,0,0,
"Shah, Amar R",December_2022,4040F,None,0,0,0,0,,0,0,0,0,0,0,0,0,0,0,
"Shah, Amar R",December_2022,81003,None,12,12,0,2.6,0.21666667,2.27,0.33,21.73,0,0,0,1,1,1,-12.33,2.0275
"Shah, Amar R",December_2022,87426,None,825,825,0,362.52,0.43941818,362.52,0,468.27,0,0,0,11,11,11,-5.79,1.00701818
"Shah, Amar R",December_2022,87804,None,480,480,0,252.68,0.52641667,245.74,6.94,192.56,0,0,0,12,12,24,34.76,0.92758333
"Shah, Amar R",December_2022,87807,None,0,0,0,11.32,,11.32,0,13.68,0,0,0,0,0,0,-25,
"Shah, Amar R",December_2022,87811,None,75,75,0,40.55,0.54066667,40.55,0,34.45,0,0,0,1,1,1,0,1
"Shah, Amar R",December_2022,87880,None,32,32,0,8.72,0.2725,3.94,4.78,0,0,0,0,1,1,1,23.28,0.2725
"Shah, Amar R",December_2022,90460,None,0,0,0,0,,0,0,0,0,0,0,1,1,1,0,
"Shah, Amar R",December_2022,90461,None,0,0,0,0,,0,0,0,0,0,0,1,1,4,0,
"Shah, Amar R",December_2022,90471,None,168,168,0,98.05,0.58363095,98.05,0,202.25,0,0,0,4,4,4,-132.3,1.7875
"Shah, Amar R",December_2022,90472,None,26,26,0,10.94,0.42076923,10.94,0,15.06,0,0,0,1,1,1,0,1
"Shah, Amar R",December_2022,90662,None,0,0,0,264.99,,264.99,0,35.01,0,0,0,0,0,0,-300,
"Shah, Amar R",December_2022,90670,None,920,920,0,1004.61,1.09196739,1004.61,0,835.39,0,0,0,2,2,2,-920,2
"Shah, Amar R",December_2022,90688,None,30,30,0,265.81,8.86033333,265.81,0,128.69,0,0,0,1,1,1,-364.5,13.15
"Shah, Amar R",December_2022,90698,None,0,0,0,0,,0,0,0,0,0,0,1,1,1,0,
"Shah, Amar R",December_2022,90707,None,150,150,0,0,0,0,0,0,0,0,0,1,1,1,150,0
"Shah, Amar R",December_2022,90715,None,130,130,0,0,0,0,0,65,0,0,0,2,2,2,65,0.5
"Shah, Amar R",December_2022,90716,None,260,260,0,0,0,0,0,0,0,0,0,1,1,1,260,0
"Shah, Amar R",December_2022,90732,None,160,160,0,351.27,2.1954375,351.27,0,28.73,0,0,0,1,1,1,-220,2.375
"Shah, Amar R",December_2022,93000,None,140,140,0,58.68,0.41914286,52.04,6.64,80.59,0,0,0,4,4,4,0.73,0.99478571
"Shah, Amar R",December_2022,94010,None,219,219,0,194.4,0.88767123,112.54,81.86,211.87,0,0,0,3,3,3,-187.27,1.85511416
"Shah, Amar R",December_2022,96160,None,400,400,0,300,0.75,300,0,100,0,0,0,2,2,2,0,1
"Shah, Amar R",December_2022,99203,None,0,0,0,213.06,,183.06,30,220.94,0,0,0,0,0,0,-434,
"Shah, Amar R",December_2022,99204,None,0,0,0,319.98,,155.96,164.02,149.04,0,0,0,0,0,0,-469.02,
"Shah, Amar R",December_2022,99213,None,3822,3675,147,2144.43,0.56107535,1621.67,522.76,2142.65,0,71,0,26,26,26,-536.08,1.14026164
"Shah, Amar R",December_2022,99214,None,28250,28250,0,14832.88,0.5250577,12110.49,2722.39,17549.79,0,0,0,112,113,113,-4132.67,1.1462892
"Shah, Amar R",December_2022,99215,None,16936,16936,0,11025.05,0.65098311,10095.29,929.76,8954.51,0,0,0,58,58,58,-3043.56,1.17970949
"Shah, Amar R",December_2022,99386,None,272,272,0,170.56,0.62705882,170.56,0,101.44,0,0,0,1,1,1,0,1
"Shah, Amar R",December_2022,99395,None,1442,1442,0,786.4,0.54535368,726.4,60,509.6,0,0,0,7,7,7,146,0.89875173
"Shah, Amar R",December_2022,99396,None,4746,4520,226,3563.79,0.75090392,3344.49,219.3,2305.51,0,116,0,21,21,21,-1239.3,1.26112516
"Shah, Amar R",December_2022,99397,None,512,512,0,152.09,0.29705078,152.09,0,103.91,0,0,0,2,2,2,256,0.5
"Shah, Amar R",December_2022,99439,None,3280,3280,0,1867.82,0.56945732,1849.52,18.3,1402.55,0,0,0,38,38,41,9.63,0.99706402
"Shah, Amar R",December_2022,99453,None,50,50,0,65.54,1.3108,28.68,36.86,14.14,0,0,0,2,2,2,-29.68,1.5936
"Shah, Amar R",December_2022,99454,None,6565,6565,0,7874.49,1.19946535,7742.92,131.57,1936.5,0,0,0,101,101,101,-3245.99,1.49443869
"Shah, Amar R",December_2022,99457,None,5720,5720,0,7263.58,1.26985664,7195.15,68.43,1242.96,0,0,0,104,104,104,-2786.54,1.48715734
"Shah, Amar R",December_2022,99458,None,270,270,0,316.95,1.17388889,301.53,15.42,57.21,0,0,0,6,6,6,-104.16,1.38577778
"Shah, Amar R",December_2022,99490,None,11645,11645,0,8647.34,0.74257965,8460.85,186.49,3664.24,0,0,0,137,137,137,-666.58,1.05724173
"Shah, Amar R",December_2022,99492,None,8775,8775,0,3732.06,0.42530598,3304.74,427.32,4391.49,0,0,0,27,27,27,651.45,0.92576068
"Shah, Amar R",December_2022,99493,None,28722.36,28204.84,517.52,12064.27,0.4200306,10853.03,1211.24,13948.17,0,265.52,0,111,111,111,2444.4,0.91489557
"Shah, Amar R",December_2022,99494,None,12998,12998,0,4131.05,0.31782197,3744.31,386.74,5618.84,0,0,0,44,49,97,3248.11,0.75010694
"Shah, Amar R",December_2022,99495,None,0,0,0,197.09,,197.09,0,132.91,0,0,0,0,0,0,-330,
"Shah, Amar R",December_2022,99496,None,467,467,0,0,0,0,0,0,0,0,0,1,1,1,467,0
"Shah, Amar R",December_2022,99497,None,340,340,0,445.38,1.30994118,445.38,0,435.47,0,0,0,2,2,2,-540.85,2.59073529
"Shah, Amar R",December_2022,COLF,None,110.09,95.1,14.99,156.59,1.42238169,0,156.59,0,0,0,0,3,3,3,-46.5,1.42238169
"Shah, Amar R",December_2022,G0008,None,0,0,0,237.22,,237.22,0,158.61,0,0,0,0,0,0,-395.83,
"Shah, Amar R",December_2022,G0009,None,165,165,0,137.64,0.83418182,137.64,0,137.36,0,0,0,3,3,3,-110,1.66666667
"Shah, Amar R",December_2022,G0030,None,0,0,0,0,,0,0,0,0,0,0,3,3,3,0,
"Shah, Amar R",December_2022,G0402,None,336,336,0,165.23,0.49175595,165.23,0,170.77,0,0,0,1,1,1,0,1
"Shah, Amar R",December_2022,G0439,None,2360,2360,0,2548.82,1.08000847,2548.82,0,2171.18,0,0,0,10,10,10,-2360,2
"Shah, Amar R",December_2022,G0444,None,407,407,0,332.51,0.81697789,332.51,0,444.49,0,0,0,11,11,11,-370,1.90909091
"Shah, Amar R",December_2022,G8399,None,0,0,0,0,,0,0,0,0,0,0,16,16,16,0,
"Shah, Amar R",December_2022,G8400,None,0,0,0,0,,0,0,0,0,0,0,3,3,3,0,
"Shah, Amar R",December_2022,G8417,None,0,0,0,0,,0,0,0,0,0,0,87,87,87,0,
"Shah, Amar R",December_2022,G8418,None,0,0,0,0,,0,0,0,0,0,0,1,1,1,0,
"Shah, Amar R",December_2022,G8420,None,0,0,0,0,,0,0,0,0,0,0,127,129,129,0,
"Shah, Amar R",December_2022,G8427,None,0,0,0,0,,0,0,0,0,0,0,225,232,232,0,
"Shah, Amar R",December_2022,G8431,None,0,0,0,0,,0,0,0,0,0,0,10,10,10,0,
"Shah, Amar R",December_2022,G8482,None,0,0,0,0,,0,0,0,0,0,0,152,158,158,0,
"Shah, Amar R",December_2022,G8483,None,0,0,0,0,,0,0,0,0,0,0,77,78,78,0,
"Shah, Amar R",December_2022,G8484,None,0,0,0,0,,0,0,0,0,0,0,0,0,0,0,
"Shah, Amar R",December_2022,G8510,None,0,0,0,0,,0,0,0,0,0,0,219,227,227,0,
"Shah, Amar R",December_2022,G8511,None,0,0,0,0,,0,0,0,0,0,0,0,0,0,0,
"Shah, Amar R",December_2022,G8734,None,0,0,0,0,,0,0,0,0,0,0,12,12,12,0,
"Shah, Amar R",December_2022,G8752,None,0,0,0,0,,0,0,0,0,0,0,111,114,114,0,
"Shah, Amar R",December_2022,G8753,None,0,0,0,0,,0,0,0,0,0,0,13,13,13,0,
"Shah, Amar R",December_2022,G8754,None,0,0,0,0,,0,0,0,0,0,0,114,117,117,0,
"Shah, Amar R",December_2022,G8755,None,0,0,0,0,,0,0,0,0,0,0,9,9,9,0,
"Shah, Amar R",December_2022,G8783,None,0,0,0,0,,0,0,0,0,0,0,202,204,204,0,
"Shah, Amar R",December_2022,G8950,None,0,0,0,0,,0,0,0,0,0,0,12,12,12,0,
"Shah, Amar R",December_2022,G9708,None,0,0,0,0,,0,0,0,0,0,0,0,0,0,0,
"Shah, Amar R",December_2022,G9711,None,0,0,0,0,,0,0,0,0,0,0,3,3,3,0,
"Shah, Amar R",December_2022,G9899,None,0,0,0,0,,0,0,0,0,0,0,42,43,43,0,
"Shah, Amar R",December_2022,G9900,None,0,0,0,0,,0,0,0,0,0,0,1,1,1,0,
"Shah, Amar R",December_2022,G9902,None,0,0,0,0,,0,0,0,0,0,0,3,3,3,0,
"Shah, Amar R",December_2022,G9903,None,0,0,0,0,,0,0,0,0,0,0,219,227,227,0,
"Shah, Amar R",December_2022,G9989,None,0,0,0,0,,0,0,0,0,0,0,2,2,2,0,
"Shah, Amar R",December_2022,G9991,None,0,0,0,0,,0,0,0,0,0,0,64,68,68,0,
"Shah, Amar R",December_2022,INTM,None,0,0,0,0.16,,0.16,0,0,0,0,0,0,0,0,-0.16,
"Shah, Amar R",December_2022,INTOP,None,4.59,4.59,0,0,0,0,0,0,0,0,0,1,1,1,4.59,0
"Shah, Amar R",December_2022,J3301,None,256.74,256.74,0,70.49,0.27455792,62.4,8.09,190.99,0,0,0,15,15,66,-4.74,1.01846226
"Shah, Amar R",December_2022,Nshow,None,0,0,0,0.8,,0,0.8,0,0,0,0,0,0,0,-0.8,
"Spadaro, Kaitlin F",March_2022,99214,None,0,0,0,15,,0,15,0,0,0,0,0,0,0,-15,
"Spadaro, Kaitlin F",November_2022,99214,None,0,0,0,5,,0,5,0,0,0,0,0,0,0,-5,
"Troutman, Anna M",January_2022,99213,None,0,0,0,10,,0,10,0,0,0,0,0,0,0,-10,
"Troutman, Anna M",March_2022,1036F,None,0,0,0,0,,0,0,0,0,0,0,65,65,65,0,
"Troutman, Anna M",March_2022,1123F,None,0,0,0,0,,0,0,0,0,0,0,4,4,4,0,
"Troutman, Anna M",March_2022,2022F,None,0,0,0,0,,0,0,0,0,0,0,4,4,4,0,
"Troutman, Anna M",March_2022,2024F,None,0,0,0,0,,0,0,0,0,0,0,1,1,1,0,
"Troutman, Anna M",March_2022,3017F,None,0,0,0,0,,0,0,0,0,0,0,31,31,31,0,
"Troutman, Anna M",March_2022,3044F,None,0,0,0,0,,0,0,0,0,0,0,3,3,3,0,
"Troutman, Anna M",March_2022,3051F,None,0,0,0,0,,0,0,0,0,0,0,1,1,1,0,
"Troutman, Anna M",March_2022,3052F,None,0,0,0,0,,0,0,0,0,0,0,1,1,1,0,
"Troutman, Anna M",March_2022,87426,None,300,300,0,0,0,0,0,0,0,0,0,4,4,4,300,0
"Troutman, Anna M",March_2022,87804,None,40,40,0,0,0,0,0,0,0,0,0,1,1,2,40,0
"Troutman, Anna M",March_2022,87811,None,75,75,0,0,0,0,0,0,0,0,0,1,1,1,75,0
"Troutman, Anna M",March_2022,87880,None,32,32,0,0,0,0,0,0,0,0,0,1,1,1,32,0
"Troutman, Anna M",March_2022,90732,None,160,160,0,0,0,0,0,0,0,0,0,1,1,1,160,0
"Troutman, Anna M",March_2022,93000,None,70,70,0,0,0,0,0,0,0,0,0,2,2,2,70,0
"Troutman, Anna M",March_2022,94010,None,219,219,0,0,0,0,0,0,0,0,0,3,3,3,219,0
"Troutman, Anna M",March_2022,99072,None,45,45,0,0,0,0,0,0,0,0,0,3,3,3,45,0
"Troutman, Anna M",March_2022,99203,None,3255,3038,217,272.01,0.08356682,142.01,130,484.58,0,132,0,15,15,15,2366.41,0.27299232
"Troutman, Anna M",March_2022,99204,None,2970,2970,0,128.82,0.04337374,128.82,0,176.18,0,0,0,9,9,9,2665,0.1026936
"Troutman, Anna M",March_2022,99213,None,1176,1176,0,30,0.0255102,0,30,0,0,0,0,8,8,8,1146,0.0255102
"Troutman, Anna M",March_2022,99214,None,750,750,0,0,0,0,0,0,0,0,0,3,3,3,750,0
"Troutman, Anna M",March_2022,99385,None,4338,4338,0,473.23,0.10908944,433.23,40,530.77,0,0,0,18,18,18,3334,0.23144306
"Troutman, Anna M",March_2022,99386,None,5168,5168,0,25,0.00483746,0,25,0,0,0,0,19,19,19,5143,0.00483746
"Troutman, Anna M",March_2022,G0009,None,55,55,0,0,0,0,0,0,0,0,0,1,1,1,55,0
"Troutman, Anna M",March_2022,G0030,None,0,0,0,0,,0,0,0,0,0,0,2,2,2,0,
"Troutman, Anna M",March_2022,G8399,None,0,0,0,0,,0,0,0,0,0,0,2,2,2,0,
"Troutman, Anna M",March_2022,G8400,None,0,0,0,0,,0,0,0,0,0,0,4,4,4,0,
"Troutman, Anna M",March_2022,G8417,None,0,0,0,0,,0,0,0,0,0,0,58,58,58,0,
"Troutman, Anna M",March_2022,G8418,None,0,0,0,0,,0,0,0,0,0,0,1,1,1,0,
"Troutman, Anna M",March_2022,G8420,None,0,0,0,0,,0,0,0,0,0,0,13,13,13,0,
"Troutman, Anna M",March_2022,G8427,None,0,0,0,0,,0,0,0,0,0,0,72,72,72,0,
"Troutman, Anna M",March_2022,G8431,None,0,0,0,0,,0,0,0,0,0,0,12,12,12,0,
"Troutman, Anna M",March_2022,G8482,None,0,0,0,0,,0,0,0,0,0,0,13,13,13,0,
"Troutman, Anna M",March_2022,G8483,None,0,0,0,0,,0,0,0,0,0,0,29,29,29,0,
"Troutman, Anna M",March_2022,G8484,None,0,0,0,0,,0,0,0,0,0,0,30,30,30,0,
"Troutman, Anna M",March_2022,G8510,None,0,0,0,0,,0,0,0,0,0,0,59,59,59,0,
"Troutman, Anna M",March_2022,G8536,None,0,0,0,0,,0,0,0,0,0,0,2,2,2,0,
"Troutman, Anna M",March_2022,G8752,None,0,0,0,0,,0,0,0,0,0,0,18,18,18,0,
"Troutman, Anna M",March_2022,G8753,None,0,0,0,0,,0,0,0,0,0,0,5,5,5,0,
"Troutman, Anna M",March_2022,G8754,None,0,0,0,0,,0,0,0,0,0,0,19,19,19,0,
"Troutman, Anna M",March_2022,G8755,None,0,0,0,0,,0,0,0,0,0,0,5,5,5,0,
"Troutman, Anna M",March_2022,G8783,None,0,0,0,0,,0,0,0,0,0,0,55,55,55,0,
"Troutman, Anna M",March_2022,G8950,None,0,0,0,0,,0,0,0,0,0,0,17,17,17,0,
"Troutman, Anna M",March_2022,G9711,None,0,0,0,0,,0,0,0,0,0,0,1,1,1,0,
"Troutman, Anna M",March_2022,G9899,None,0,0,0,0,,0,0,0,0,0,0,2,2,2,0,
"Troutman, Anna M",March_2022,G9900,None,0,0,0,0,,0,0,0,0,0,0,11,11,11,0,
"Troutman, Anna M",March_2022,G9902,None,0,0,0,0,,0,0,0,0,0,0,7,7,7,0,
"Troutman, Anna M",March_2022,G9903,None,0,0,0,0,,0,0,0,0,0,0,65,65,65,0,
"Troutman, Anna M",March_2022,G9906,None,0,0,0,0,,0,0,0,0,0,0,3,3,3,0,
"Troutman, Anna M",March_2022,G9990,None,0,0,0,0,,0,0,0,0,0,0,4,4,4,0,
"Troutman, Anna M",March_2022,G9991,None,0,0,0,0,,0,0,0,0,0,0,7,7,7,0,
"Troutman, Anna M",April_2022,1036F,None,0,0,0,0,,0,0,0,0,0,0,124,125,125,0,
"Troutman, Anna M",April_2022,1123F,None,0,0,0,0,,0,0,0,0,0,0,2,2,2,0,
"Troutman, Anna M",April_2022,2022F,None,0,0,0,0,,0,0,0,0,0,0,3,3,3,0,
"Troutman, Anna M",April_2022,2023F,None,0,0,0,0,,0,0,0,0,0,0,4,4,4,0,
"Troutman, Anna M",April_2022,2024F,None,0,0,0,0,,0,0,0,0,0,0,4,4,4,0,
"Troutman, Anna M",April_2022,3017F,None,0,0,0,0,,0,0,0,0,0,0,61,62,62,0,
"Troutman, Anna M",April_2022,3044F,None,0,0,0,0,,0,0,0,0,0,0,3,3,3,0,
"Troutman, Anna M",April_2022,3046F,None,0,0,0,0,,0,0,0,0,0,0,5,5,5,0,
"Troutman, Anna M",April_2022,3051F,None,0,0,0,0,,0,0,0,0,0,0,3,3,3,0,
"Troutman, Anna M",April_2022,3052F,None,0,0,0,0,,0,0,0,0,0,0,0,0,0,0,
"Troutman, Anna M",April_2022,81003,None,48,48,0,0,0,0,0,0,0,0,0,4,4,4,48,0
"Troutman, Anna M",April_2022,83036,None,105,105,0,0,0,0,0,35,0,0,0,3,3,3,70,0.33333333
"Troutman, Anna M",April_2022,87426,None,150,150,0,166.14,1.1076,166.14,0,208.86,0,0,0,2,2,2,-225,2.5
"Troutman, Anna M",April_2022,87804,None,160,160,0,15.88,0.09925,15.88,0,20.14,0,0,0,4,4,8,123.98,0.225125
"Troutman, Anna M",April_2022,87811,None,75,75,0,0,0,0,0,0,0,0,0,1,1,1,75,0
"Troutman, Anna M",April_2022,87880,None,0,0,0,16.53,,16.53,0,15.47,0,0,0,0,0,0,-32,
"Troutman, Anna M",April_2022,90471,None,84,84,0,3.4,0.04047619,3.4,0,38.6,0,0,0,2,2,2,42,0.5
"Troutman, Anna M",April_2022,90715,None,120,120,0,43.56,0.363,43.56,0,16.44,0,0,0,2,2,2,60,0.5
"Troutman, Anna M",April_2022,90732,None,0,0,0,133.47,,133.47,0,26.53,0,0,0,0,0,0,-160,
"Troutman, Anna M",April_2022,93000,None,175,175,0,32.24,0.18422857,32.24,0,87.39,0,0,0,5,5,5,55.37,0.6836
"Troutman, Anna M",April_2022,94010,None,365,365,0,81.76,0.224,51.7,30.06,132.62,0,0,0,5,5,5,150.62,0.58734247
"Troutman, Anna M",April_2022,99072,None,0,0,0,0,,0,0,45,0,0,0,0,0,0,-45,
"Troutman, Anna M",April_2022,99203,None,1736,1736,0,1309.94,0.75457373,1154.57,155.37,1840.18,0,0,0,8,8,8,-1414.12,1.81458525
"Troutman, Anna M",April_2022,99204,None,3300,3300,0,734.64,0.22261818,699.64,35,2070.27,0,0,0,10,10,10,495.09,0.84997273
"Troutman, Anna M",April_2022,99212,None,89,89,0,35,0.39325843,0,35,0,0,0,0,1,1,1,54,0.39325843
"Troutman, Anna M",April_2022,99213,None,5880,5733,147,1245.01,0.21173639,797.34,447.67,1491.07,0,71,0,40,40,40,3072.92,0.47739456
"Troutman, Anna M",April_2022,99214,None,11500,11500,0,1556.49,0.13534696,1191.49,365,2048.65,0,0,0,46,46,46,7894.86,0.31349043
"Troutman, Anna M",April_2022,99385,None,2892,2892,0,1990.87,0.68840595,1990.87,0,2106.13,0,0,0,12,12,12,-1205,1.41666667
"Troutman, Anna M",April_2022,99386,None,5168,5168,0,3600.54,0.69669892,3475.54,125,3596.46,0,0,0,19,19,19,-2029,1.39260836
"Troutman, Anna M",April_2022,99387,None,604,604,0,157.68,0.2610596,157.68,0,144.32,0,0,0,2,2,2,302,0.5
"Troutman, Anna M",April_2022,99395,None,412,412,0,0,0,0,0,0,0,0,0,2,2,2,412,0
"Troutman, Anna M",April_2022,99453,None,25,25,0,0,0,0,0,0,0,0,0,1,1,1,25,0
"Troutman, Anna M",April_2022,99457,None,55,55,0,0,0,0,0,0,0,0,0,1,1,1,55,0
"Troutman, Anna M",April_2022,99490,None,170,170,0,0,0,0,0,115.91,0,0,0,2,2,2,54.09,0.68182353
"Troutman, Anna M",April_2022,G0009,None,0,0,0,29.94,,29.94,0,25.06,0,0,0,0,0,0,-55,
"Troutman, Anna M",April_2022,G0029,None,0,0,0,0,,0,0,0,0,0,0,3,3,3,0,
"Troutman, Anna M",April_2022,G0030,None,0,0,0,0,,0,0,0,0,0,0,6,6,6,0,
"Troutman, Anna M",April_2022,G8399,None,0,0,0,0,,0,0,0,0,0,0,4,4,4,0,
"Troutman, Anna M",April_2022,G8400,None,0,0,0,0,,0,0,0,0,0,0,5,5,5,0,
"Troutman, Anna M",April_2022,G8417,None,0,0,0,0,,0,0,0,0,0,0,101,102,102,0,
"Troutman, Anna M",April_2022,G8418,None,0,0,0,0,,0,0,0,0,0,0,1,1,1,0,
"Troutman, Anna M",April_2022,G8420,None,0,0,0,0,,0,0,0,0,0,0,31,31,31,0,
"Troutman, Anna M",April_2022,G8427,None,0,0,0,0,,0,0,0,0,0,0,133,134,134,0,
"Troutman, Anna M",April_2022,G8431,None,0,0,0,0,,0,0,0,0,0,0,13,13,13,0,
"Troutman, Anna M",April_2022,G8482,None,0,0,0,0,,0,0,0,0,0,0,0,0,0,0,
"Troutman, Anna M",April_2022,G8483,None,0,0,0,0,,0,0,0,0,0,0,3,3,3,0,
"Troutman, Anna M",April_2022,G8484,None,0,0,0,0,,0,0,0,0,0,0,0,0,0,0,
"Troutman, Anna M",April_2022,G8510,None,0,0,0,0,,0,0,0,0,0,0,119,120,120,0,
"Troutman, Anna M",April_2022,G8536,None,0,0,0,0,,0,0,0,0,0,0,0,0,0,0,
"Troutman, Anna M",April_2022,G8752,None,0,0,0,0,,0,0,0,0,0,0,20,20,20,0,
"Troutman, Anna M",April_2022,G8753,None,0,0,0,0,,0,0,0,0,0,0,11,11,11,0,
"Troutman, Anna M",April_2022,G8754,None,0,0,0,0,,0,0,0,0,0,0,27,27,27,0,
"Troutman, Anna M",April_2022,G8755,None,0,0,0,0,,0,0,0,0,0,0,4,4,4,0,
"Troutman, Anna M",April_2022,G8756,None,0,0,0,0,,0,0,0,0,0,0,1,1,1,0,
"Troutman, Anna M",April_2022,G8783,None,0,0,0,0,,0,0,0,0,0,0,112,113,113,0,
"Troutman, Anna M",April_2022,G8785,None,0,0,0,0,,0,0,0,0,0,0,1,1,1,0,
"Troutman, Anna M",April_2022,G8950,None,0,0,0,0,,0,0,0,0,0,0,20,20,20,0,
"Troutman, Anna M",April_2022,G9711,None,0,0,0,0,,0,0,0,0,0,0,1,1,1,0,
"Troutman, Anna M",April_2022,G9899,None,0,0,0,0,,0,0,0,0,0,0,7,7,7,0,
"Troutman, Anna M",April_2022,G9900,None,0,0,0,0,,0,0,0,0,0,0,17,17,17,0,
"Troutman, Anna M",April_2022,G9902,None,0,0,0,0,,0,0,0,0,0,0,9,9,9,0,
"Troutman, Anna M",April_2022,G9903,None,0,0,0,0,,0,0,0,0,0,0,124,125,125,0,
"Troutman, Anna M",April_2022,G9906,None,0,0,0,0,,0,0,0,0,0,0,6,6,6,0,
"Troutman, Anna M",April_2022,G9908,None,0,0,0,0,,0,0,0,0,0,0,3,3,3,0,
"Troutman, Anna M",April_2022,G9989,None,0,0,0,0,,0,0,0,0,0,0,1,1,1,0,
"Troutman, Anna M",April_2022,G9990,None,0,0,0,0,,0,0,0,0,0,0,12,12,12,0,
"Troutman, Anna M",April_2022,G9991,None,0,0,0,0,,0,0,0,0,0,0,15,15,15,0,
"Troutman, Anna M",May_2022,1036F,None,0,0,0,0,,0,0,0,0,0,0,167,171,171,0,
"Troutman, Anna M",May_2022,1123F,None,0,0,0,0,,0,0,0,0,0,0,2,2,2,0,
"Troutman, Anna M",May_2022,2022F,None,0,0,0,0,,0,0,0,0,0,0,8,9,9,0,
"Troutman, Anna M",May_2022,2023F,None,0,0,0,0,,0,0,0,0,0,0,1,1,1,0,
"Troutman, Anna M",May_2022,2024F,None,0,0,0,0,,0,0,0,0,0,0,3,4,4,0,
"Troutman, Anna M",May_2022,3017F,None,0,0,0,0,,0,0,0,0,0,0,71,73,73,0,
"Troutman, Anna M",May_2022,3044F,None,0,0,0,0,,0,0,0,0,0,0,3,5,5,0,
"Troutman, Anna M",May_2022,3046F,None,0,0,0,0,,0,0,0,0,0,0,5,5,5,0,
"Troutman, Anna M",May_2022,3051F,None,0,0,0,0,,0,0,0,0,0,0,2,2,2,0,
"Troutman, Anna M",May_2022,3052F,None,0,0,0,0,,0,0,0,0,0,0,2,2,2,0,
"Troutman, Anna M",May_2022,81003,None,24,24,0,11.36,0.47333333,11.36,0,60.31,0,0,0,2,2,2,-47.67,2.98625
"Troutman, Anna M",May_2022,83036,None,0,0,0,4.86,,4.86,0,55.97,0,0,0,0,0,0,-60.83,
"Troutman, Anna M",May_2022,87426,None,300,300,0,50.6,0.16866667,50.6,0,99.4,0,0,0,4,4,4,150,0.5
"Troutman, Anna M",May_2022,87804,None,440,440,0,222.18,0.50495455,198.34,23.84,177.82,0,0,0,11,11,22,40,0.90909091
"Troutman, Anna M",May_2022,87811,None,750,750,0,188.23,0.25097333,188.23,0,411.77,0,0,0,10,10,10,150,0.8
"Troutman, Anna M",May_2022,87880,None,128,128,0,47.56,0.3715625,37.64,9.92,80.44,0,0,0,4,4,4,0,1
"Troutman, Anna M",May_2022,90471,None,42,42,0,17,0.4047619,17,0,25,0,0,0,1,1,1,0,1
"Troutman, Anna M",May_2022,90715,None,60,60,0,49,0.81666667,49,0,11,0,0,0,1,1,1,0,1
"Troutman, Anna M",May_2022,93000,None,70,70,0,24.96,0.35657143,24.96,0,86.75,0,0,0,2,2,2,-41.71,1.59585714
"Troutman, Anna M",May_2022,94010,None,219,219,0,66.82,0.30511416,56.82,10,197.95,0,0,0,3,3,3,-45.77,1.20899543
"Troutman, Anna M",May_2022,99203,None,434,434,0,512.15,1.18006912,266.78,245.37,349.89,0,0,0,3,3,3,-428.04,1.98626728
"Troutman, Anna M",May_2022,99204,None,3300,3300,0,1202.13,0.36428182,1081.62,120.51,2039.57,0,0,0,10,10,10,58.3,0.98233333
"Troutman, Anna M",May_2022,99212,None,0,0,0,6.91,,6.91,0,47.09,0,0,0,0,0,0,-54,
"Troutman, Anna M",May_2022,99213,None,11907,11907,0,3799.75,0.31911901,2876.3,923.45,4910.43,0,0,0,78,81,81,3196.82,0.73151759
"Troutman, Anna M",May_2022,99214,None,12750,12750,0,4544.24,0.35641098,3887.12,657.12,8419.48,0,0,0,49,51,51,-213.72,1.01676235
"Troutman, Anna M",May_2022,99385,None,4579,4579,0,1621.36,0.35408604,1536.36,85,1837.64,0,0,0,19,19,19,1120,0.75540511
"Troutman, Anna M",May_2022,99386,None,3808,3536,272,2402.28,0.63085084,2232.28,170,2663.72,0,0,0,14,14,14,-1258,1.33035714
"Troutman, Anna M",May_2022,99387,None,302,302,0,144.67,0.47903974,144.67,0,157.33,0,0,0,1,1,1,0,1
"Troutman, Anna M",May_2022,99395,None,1030,1030,0,517.84,0.50275728,492.84,25,537.16,0,0,0,5,5,5,-25,1.02427184
"Troutman, Anna M",May_2022,99396,None,226,226,0,110.36,0.48831858,110.36,0,115.64,0,0,0,1,1,1,0,1
"Troutman, Anna M",May_2022,99439,None,38,38,0,30.1,0.79210526,30.1,0,7.9,0,0,0,1,1,1,0,1
"Troutman, Anna M",May_2022,99453,None,0,0,0,12.86,,12.86,0,8.93,0,0,0,0,0,0,-21.79,
"Troutman, Anna M",May_2022,99454,None,65,65,0,0,0,0,0,0,0,0,0,1,1,1,65,0
"Troutman, Anna M",May_2022,99457,None,55,55,0,33.94,0.61709091,33.94,0,12.58,0,0,0,1,1,1,8.48,0.84581818
"Troutman, Anna M",May_2022,99490,None,170,170,0,150.59,0.88582353,150.59,0,73.5,0,0,0,2,2,2,-54.09,1.31817647
"Troutman, Anna M",May_2022,COLF,None,111.01,111.01,0,0,0,0,0,0,0,0,0,2,2,2,111.01,0
"Troutman, Anna M",May_2022,G0029,None,0,0,0,0,,0,0,0,0,0,0,1,1,1,0,
"Troutman, Anna M",May_2022,G0030,None,0,0,0,0,,0,0,0,0,0,0,11,11,11,0,
"Troutman, Anna M",May_2022,G2181,None,0,0,0,0,,0,0,0,0,0,0,1,1,1,0,
"Troutman, Anna M",May_2022,G8399,None,0,0,0,0,,0,0,0,0,0,0,4,5,5,0,
"Troutman, Anna M",May_2022,G8400,None,0,0,0,0,,0,0,0,0,0,0,9,9,9,0,
"Troutman, Anna M",May_2022,G8417,None,0,0,0,0,,0,0,0,0,0,0,124,127,127,0,
"Troutman, Anna M",May_2022,G8418,None,0,0,0,0,,0,0,0,0,0,0,1,1,1,0,
"Troutman, Anna M",May_2022,G8420,None,0,0,0,0,,0,0,0,0,0,0,47,49,49,0,
"Troutman, Anna M",May_2022,G8421,None,0,0,0,0,,0,0,0,0,0,0,1,1,1,0,
"Troutman, Anna M",May_2022,G8427,None,0,0,0,0,,0,0,0,0,0,0,179,184,184,0,
"Troutman, Anna M",May_2022,G8431,None,0,0,0,0,,0,0,0,0,0,0,19,19,19,0,
"Troutman, Anna M",May_2022,G8482,None,0,0,0,0,,0,0,0,0,0,0,0,0,0,0,
"Troutman, Anna M",May_2022,G8483,None,0,0,0,0,,0,0,0,0,0,0,0,0,0,0,
"Troutman, Anna M",May_2022,G8484,None,0,0,0,0,,0,0,0,0,0,0,0,0,0,0,
"Troutman, Anna M",May_2022,G8510,None,0,0,0,0,,0,0,0,0,0,0,159,164,164,0,
"Troutman, Anna M",May_2022,G8536,None,0,0,0,0,,0,0,0,0,0,0,0,0,0,0,
"Troutman, Anna M",May_2022,G8752,None,0,0,0,0,,0,0,0,0,0,0,27,28,28,0,
"Troutman, Anna M",May_2022,G8753,None,0,0,0,0,,0,0,0,0,0,0,5,5,5,0,
"Troutman, Anna M",May_2022,G8754,None,0,0,0,0,,0,0,0,0,0,0,31,33,33,0,
"Troutman, Anna M",May_2022,G8755,None,0,0,0,0,,0,0,0,0,0,0,0,0,0,0,
"Troutman, Anna M",May_2022,G8756,None,0,0,0,0,,0,0,0,0,0,0,1,1,1,0,
"Troutman, Anna M",May_2022,G8783,None,0,0,0,0,,0,0,0,0,0,0,162,165,165,0,
"Troutman, Anna M",May_2022,G8785,None,0,0,0,0,,0,0,0,0,0,0,0,0,0,0,
"Troutman, Anna M",May_2022,G8950,None,0,0,0,0,,0,0,0,0,0,0,14,14,14,0,
"Troutman, Anna M",May_2022,G9711,None,0,0,0,0,,0,0,0,0,0,0,1,1,1,0,
"Troutman, Anna M",May_2022,G9899,None,0,0,0,0,,0,0,0,0,0,0,12,12,12,0,
"Troutman, Anna M",May_2022,G9900,None,0,0,0,0,,0,0,0,0,0,0,29,30,30,0,
"Troutman, Anna M",May_2022,G9902,None,0,0,0,0,,0,0,0,0,0,0,13,13,13,0,
"Troutman, Anna M",May_2022,G9903,None,0,0,0,0,,0,0,0,0,0,0,166,170,170,0,
"Troutman, Anna M",May_2022,G9906,None,0,0,0,0,,0,0,0,0,0,0,11,11,11,0,
"Troutman, Anna M",May_2022,G9908,None,0,0,0,0,,0,0,0,0,0,0,1,1,1,0,
"Troutman, Anna M",May_2022,G9989,None,0,0,0,0,,0,0,0,0,0,0,1,1,1,0,
"Troutman, Anna M",May_2022,G9990,None,0,0,0,0,,0,0,0,0,0,0,16,16,16,0,
"Troutman, Anna M",May_2022,G9991,None,0,0,0,0,,0,0,0,0,0,0,10,12,12,0,
"Troutman, Anna M",May_2022,G9996,None,0,0,0,0,,0,0,0,0,0,0,1,1,1,0,
"Troutman, Anna M",June_2022,1036F,None,0,0,0,0,,0,0,0,0,0,0,230,242,242,0,
"Troutman, Anna M",June_2022,1123F,None,0,0,0,0,,0,0,0,0,0,0,0,0,0,0,
"Troutman, Anna M",June_2022,2022F,None,0,0,0,0,,0,0,0,0,0,0,6,6,6,0,
"Troutman, Anna M",June_2022,2023F,None,0,0,0,0,,0,0,0,0,0,0,0,0,0,0,
"Troutman, Anna M",June_2022,2024F,None,0,0,0,0,,0,0,0,0,0,0,4,4,4,0,
"Troutman, Anna M",June_2022,2026F,None,0,0,0,0,,0,0,0,0,0,0,1,1,1,0,
"Troutman, Anna M",June_2022,3017F,None,0,0,0,0,,0,0,0,0,0,0,70,74,74,0,
"Troutman, Anna M",June_2022,3044F,None,0,0,0,0,,0,0,0,0,0,0,2,2,2,0,
"Troutman, Anna M",June_2022,3046F,None,0,0,0,0,,0,0,0,0,0,0,5,5,5,0,
"Troutman, Anna M",June_2022,3051F,None,0,0,0,0,,0,0,0,0,0,0,1,1,1,0,
"Troutman, Anna M",June_2022,3052F,None,0,0,0,0,,0,0,0,0,0,0,3,3,3,0,
"Troutman, Anna M",June_2022,69209,None,29,29,0,13.01,0.44862069,13.01,0,15.99,0,0,0,1,1,1,0,1
"Troutman, Anna M",June_2022,81003,None,156,156,0,12.24,0.07846154,11.91,0.33,59.76,0,0,0,13,13,13,84,0.46153846
"Troutman, Anna M",June_2022,81025,None,20,20,0,0,0,0,0,0,0,0,0,1,1,1,20,0
"Troutman, Anna M",June_2022,83036,None,70,70,0,12.03,0.17185714,2.86,9.17,30.92,0,0,0,2,2,2,27.05,0.61357143
"Troutman, Anna M",June_2022,86308,None,20,20,0,0,0,0,0,0,0,0,0,2,2,2,20,0
"Troutman, Anna M",June_2022,87426,None,525,525,0,173.91,0.33125714,173.91,0,351.09,0,0,0,6,7,7,0,1
"Troutman, Anna M",June_2022,87804,None,840,840,0,183.3,0.21821429,143.58,39.72,176.7,0,0,0,20,21,42,480,0.42857143
"Troutman, Anna M",June_2022,87811,None,1725,1725,0,141.33,0.08193043,141.33,0,458.67,0,0,0,23,23,23,1125,0.34782609
"Troutman, Anna M",June_2022,87880,None,288,288,0,47.02,0.16326389,27.18,19.84,112.98,0,0,0,9,9,9,128,0.55555556
"Troutman, Anna M",June_2022,90471,None,126,126,0,17,0.13492063,17,0,25,0,0,0,3,3,3,84,0.33333333
"Troutman, Anna M",June_2022,90707,None,150,150,0,0,0,0,0,0,0,0,0,1,1,1,150,0
"Troutman, Anna M",June_2022,90714,None,60,60,0,0,0,0,0,0,0,0,0,1,1,1,60,0
"Troutman, Anna M",June_2022,90715,None,60,60,0,49,0.81666667,49,0,11,0,0,0,1,1,1,0,1
"Troutman, Anna M",June_2022,93000,None,140,140,0,19.28,0.13771429,12.16,7.12,22.84,0,0,0,4,4,4,97.88,0.30085714
"Troutman, Anna M",June_2022,94010,None,365,365,0,139.61,0.38249315,76.08,63.53,221.89,0,0,0,5,5,5,3.5,0.99041096
"Troutman, Anna M",June_2022,99203,None,434,217,217,299.66,0.69046083,175.45,124.21,238.55,0,0,0,2,2,2,-104.21,1.24011521
"Troutman, Anna M",June_2022,99204,None,3630,3630,0,1852.18,0.51024242,1137.09,715.09,1501.13,0,0,0,11,11,11,276.69,0.92377686
"Troutman, Anna M",June_2022,99213,None,24549,24255,294,6847.7,0.27894008,4816.62,2031.08,7834.05,0.91,62,0,163,167,167,9804.34,0.60062161
"Troutman, Anna M",June_2022,99214,None,7750,7750,0,4069.02,0.52503484,3357.67,711.35,6839.13,0,25,0,31,31,31,-3183.15,1.41072903
"Troutman, Anna M",June_2022,99385,None,8194,8194,0,2901.54,0.35410544,2756.54,145,3509.46,0,0,0,34,34,34,1783,0.78240176
"Troutman, Anna M",June_2022,99386,None,6800,5984,816,2669.05,0.39250735,2394.05,275,2773.95,0,284,0,25,25,25,1073,0.84220588
"Troutman, Anna M",June_2022,99387,None,302,302,0,133.09,0.44069536,133.09,0,168.91,0,0,0,1,1,1,0,1
"Troutman, Anna M",June_2022,99395,None,618,618,0,293.42,0.47478964,293.42,0,324.58,0,0,0,3,3,3,0,1
"Troutman, Anna M",June_2022,99396,None,226,226,0,19.86,0.08787611,0,19.86,0,0,0,0,1,1,1,206.14,0.08787611
"Troutman, Anna M",June_2022,99439,None,76,76,0,75.24,0.99,75.24,0,0.38,0.38,0,0,2,2,2,0,1
"Troutman, Anna M",June_2022,99453,None,25,25,0,0,0,0,0,0,0,0,0,1,1,1,25,0
"Troutman, Anna M",June_2022,99454,None,195,195,0,84.38,0.43271795,84.38,0,36.2,0,0,0,3,3,3,74.42,0.61835897
"Troutman, Anna M",June_2022,99457,None,165,165,0,75.13,0.45533333,75.13,0,26.39,0,0,0,3,3,3,63.48,0.61527273
"Troutman, Anna M",June_2022,99490,None,765,765,0,395.66,0.51720261,395.66,0,262.06,0.64,0,0,7,9,9,106.64,0.86060131
"Troutman, Anna M",June_2022,G0029,None,0,0,0,0,,0,0,0,0,0,0,6,6,6,0,
"Troutman, Anna M",June_2022,G0030,None,0,0,0,0,,0,0,0,0,0,0,20,21,21,0,
"Troutman, Anna M",June_2022,G8399,None,0,0,0,0,,0,0,0,0,0,0,9,9,9,0,
"Troutman, Anna M",June_2022,G8400,None,0,0,0,0,,0,0,0,0,0,0,11,12,12,0,
"Troutman, Anna M",June_2022,G8417,None,0,0,0,0,,0,0,0,0,0,0,173,181,181,0,
"Troutman, Anna M",June_2022,G8418,None,0,0,0,0,,0,0,0,0,0,0,0,0,0,0,
"Troutman, Anna M",June_2022,G8420,None,0,0,0,0,,0,0,0,0,0,0,65,69,69,0,
"Troutman, Anna M",June_2022,G8427,None,0,0,0,0,,0,0,0,0,0,0,254,269,269,0,
"Troutman, Anna M",June_2022,G8431,None,0,0,0,0,,0,0,0,0,0,0,37,38,38,0,
"Troutman, Anna M",June_2022,G8483,None,0,0,0,0,,0,0,0,0,0,0,0,0,0,0,
"Troutman, Anna M",June_2022,G8510,None,0,0,0,0,,0,0,0,0,0,0,219,229,229,0,
"Troutman, Anna M",June_2022,G8752,None,0,0,0,0,,0,0,0,0,0,0,34,34,34,0,
"Troutman, Anna M",June_2022,G8753,None,0,0,0,0,,0,0,0,0,0,0,9,9,9,0,
"Troutman, Anna M",June_2022,G8754,None,0,0,0,0,,0,0,0,0,0,0,40,40,40,0,
"Troutman, Anna M",June_2022,G8755,None,0,0,0,0,,0,0,0,0,0,0,3,3,3,0,
"Troutman, Anna M",June_2022,G8756,None,0,0,0,0,,0,0,0,0,0,0,1,1,1,0,
"Troutman, Anna M",June_2022,G8783,None,0,0,0,0,,0,0,0,0,0,0,209,216,216,0,
"Troutman, Anna M",June_2022,G8950,None,0,0,0,0,,0,0,0,0,0,0,34,34,34,0,
"Troutman, Anna M",June_2022,G9899,None,0,0,0,0,,0,0,0,0,0,0,8,8,8,0,
"Troutman, Anna M",June_2022,G9900,None,0,0,0,0,,0,0,0,0,0,0,31,33,33,0,
"Troutman, Anna M",June_2022,G9902,None,0,0,0,0,,0,0,0,0,0,0,27,28,28,0,
"Troutman, Anna M",June_2022,G9903,None,0,0,0,0,,0,0,0,0,0,0,228,240,240,0,
"Troutman, Anna M",June_2022,G9906,None,0,0,0,0,,0,0,0,0,0,0,18,18,18,0,
"Troutman, Anna M",June_2022,G9907,None,0,0,0,0,,0,0,0,0,0,0,3,3,3,0,
"Troutman, Anna M",June_2022,G9908,None,0,0,0,0,,0,0,0,0,0,0,5,5,5,0,
"Troutman, Anna M",June_2022,G9989,None,0,0,0,0,,0,0,0,0,0,0,0,0,0,0,
"Troutman, Anna M",June_2022,G9990,None,0,0,0,0,,0,0,0,0,0,0,23,25,25,0,
"Troutman, Anna M",June_2022,G9991,None,0,0,0,0,,0,0,0,0,0,0,13,13,13,0,
"Troutman, Anna M",June_2022,G9996,None,0,0,0,0,,0,0,0,0,0,0,0,0,0,0,
"Troutman, Anna M",July_2022,1036F,None,0,0,0,0,,0,0,0,0,0,0,14,14,14,0,
"Troutman, Anna M",July_2022,2022F,None,0,0,0,0,,0,0,0,0,0,0,2,2,2,0,
"Troutman, Anna M",July_2022,2024F,None,0,0,0,0,,0,0,0,0,0,0,0,0,0,0,
"Troutman, Anna M",July_2022,3017F,None,0,0,0,0,,0,0,0,0,0,0,4,4,4,0,
"Troutman, Anna M",July_2022,3044F,None,0,0,0,0,,0,0,0,0,0,0,2,2,2,0,
"Troutman, Anna M",July_2022,3046F,None,0,0,0,0,,0,0,0,0,0,0,0,0,0,0,
"Troutman, Anna M",July_2022,3052F,None,0,0,0,0,,0,0,0,0,0,0,0,0,0,0,
"Troutman, Anna M",July_2022,81003,None,0,0,0,6.91,,5.25,1.66,70.96,0,0,0,0,0,0,-77.87,
"Troutman, Anna M",July_2022,81025,None,0,0,0,5.17,,5.17,0,14.83,0,0,0,0,0,0,-20,
"Troutman, Anna M",July_2022,83036,None,0,0,0,9.62,,9.62,0,25.38,0,0,0,0,0,0,-35,
"Troutman, Anna M",July_2022,86308,None,0,0,0,2.8,,2.8,0,6.89,0,0,0,0,0,0,-9.69,
"Troutman, Anna M",July_2022,87426,None,0,0,0,95.65,,95.65,0,129.35,0,0,0,0,0,0,-225,
"Troutman, Anna M",July_2022,87804,None,0,0,0,305.62,,305.62,0,214.66,0,0,0,0,0,0,-520.28,
"Troutman, Anna M",July_2022,87811,None,0,0,0,344.61,,344.61,0,930.39,0,0,0,0,0,0,-1275,
"Troutman, Anna M",July_2022,87880,None,32,32,0,47.02,1.469375,37.1,9.92,112.98,0,0,0,1,1,1,-128,5
"Troutman, Anna M",July_2022,90471,None,0,0,0,34,,34,0,92,0,0,0,0,0,0,-126,
"Troutman, Anna M",July_2022,90707,None,0,0,0,88,,88,0,62,0,0,0,0,0,0,-150,
"Troutman, Anna M",July_2022,90714,None,0,0,0,44.98,,44.98,0,15.02,0,0,0,0,0,0,-60,
"Troutman, Anna M",July_2022,90715,None,0,0,0,49,,49,0,11,0,0,0,0,0,0,-60,
"Troutman, Anna M",July_2022,93000,None,0,0,0,17.07,,17.07,0,62.52,0,0,0,0,0,0,-79.59,
"Troutman, Anna M",July_2022,94010,None,0,0,0,74.02,,37.11,36.91,79.18,0,0,0,0,0,0,-153.2,
"Troutman, Anna M",July_2022,99203,None,217,217,0,120.27,0.55423963,95.27,25,121.73,0,107,0,1,1,1,-132,1.60829493
"Troutman, Anna M",July_2022,99204,None,990,990,0,1278.58,1.29149495,1086,192.58,1989.45,0,0,0,3,3,3,-2278.03,3.3010404
"Troutman, Anna M",July_2022,99213,None,735,735,0,6413.35,8.72564626,5329.42,1083.93,8800.07,0,209,0,5,5,5,-14687.42,20.98288435
"Troutman, Anna M",July_2022,99214,None,1500,1500,0,1953.38,1.30225333,1261.57,691.81,2494.03,0,0,0,6,6,6,-2947.41,2.96494
"Troutman, Anna M",July_2022,99385,None,0,0,0,1991.74,,1991.74,0,2436.38,0,0,0,0,0,0,-4428.12,
"Troutman, Anna M",July_2022,99386,None,272,272,0,1400.26,5.14801471,1355.26,45,1507.02,0,284,0,1,1,1,-2919.28,11.73264706
"Troutman, Anna M",July_2022,99395,None,206,206,0,304.79,1.47956311,304.79,0,313.21,0,0,0,1,1,1,-412,3
"Troutman, Anna M",July_2022,99396,None,0,0,0,120.26,,120.26,0,105.74,0,0,0,0,0,0,-226,
"Troutman, Anna M",July_2022,99453,None,0,0,0,18.72,,18.72,0,6.28,0,0,0,0,0,0,-25,
"Troutman, Anna M",July_2022,99454,None,260,260,0,184.01,0.70773077,184.01,0,70.99,0,0,0,4,4,4,5,0.98076923
"Troutman, Anna M",July_2022,99457,None,220,220,0,187.12,0.85054545,187.12,0,87.88,0,0,0,4,4,4,-55,1.25
"Troutman, Anna M",July_2022,99458,None,45,45,0,34.51,0.76688889,34.51,0,10.49,0,0,0,1,1,1,0,1
"Troutman, Anna M",July_2022,99490,None,0,0,0,64.75,,53.93,10.82,41.89,0,0,0,0,0,0,-106.64,
"Troutman, Anna M",July_2022,G0029,None,0,0,0,0,,0,0,0,0,0,0,1,1,1,0,
"Troutman, Anna M",July_2022,G0030,None,0,0,0,0,,0,0,0,0,0,0,1,1,1,0,
"Troutman, Anna M",July_2022,G8399,None,0,0,0,0,,0,0,0,0,0,0,1,1,1,0,
"Troutman, Anna M",July_2022,G8400,None,0,0,0,0,,0,0,0,0,0,0,2,2,2,0,
"Troutman, Anna M",July_2022,G8417,None,0,0,0,0,,0,0,0,0,0,0,12,12,12,0,
"Troutman, Anna M",July_2022,G8420,None,0,0,0,0,,0,0,0,0,0,0,4,4,4,0,
"Troutman, Anna M",July_2022,G8427,None,0,0,0,0,,0,0,0,0,0,0,16,16,16,0,
"Troutman, Anna M",July_2022,G8431,None,0,0,0,0,,0,0,0,0,0,0,4,4,4,0,
"Troutman, Anna M",July_2022,G8510,None,0,0,0,0,,0,0,0,0,0,0,13,13,13,0,
"Troutman, Anna M",July_2022,G8752,None,0,0,0,0,,0,0,0,0,0,0,4,4,4,0,
"Troutman, Anna M",July_2022,G8753,None,0,0,0,0,,0,0,0,0,0,0,1,1,1,0,
"Troutman, Anna M",July_2022,G8754,None,0,0,0,0,,0,0,0,0,0,0,5,5,5,0,
"Troutman, Anna M",July_2022,G8755,None,0,0,0,0,,0,0,0,0,0,0,0,0,0,0,
"Troutman, Anna M",July_2022,G8783,None,0,0,0,0,,0,0,0,0,0,0,14,14,14,0,
"Troutman, Anna M",July_2022,G8950,None,0,0,0,0,,0,0,0,0,0,0,2,2,2,0,
"Troutman, Anna M",July_2022,G9899,None,0,0,0,0,,0,0,0,0,0,0,0,0,0,0,
"Troutman, Anna M",July_2022,G9900,None,0,0,0,0,,0,0,0,0,0,0,2,2,2,0,
"Troutman, Anna M",July_2022,G9902,None,0,0,0,0,,0,0,0,0,0,0,2,2,2,0,
"Troutman, Anna M",July_2022,G9903,None,0,0,0,0,,0,0,0,0,0,0,14,14,14,0,
"Troutman, Anna M",July_2022,G9906,None,0,0,0,0,,0,0,0,0,0,0,1,1,1,0,
"Troutman, Anna M",July_2022,G9907,None,0,0,0,0,,0,0,0,0,0,0,0,0,0,0,
"Troutman, Anna M",July_2022,G9908,None,0,0,0,0,,0,0,0,0,0,0,1,1,1,0,
"Troutman, Anna M",July_2022,G9990,None,0,0,0,0,,0,0,0,0,0,0,5,5,5,0,
"Troutman, Anna M",July_2022,G9991,None,0,0,0,0,,0,0,0,0,0,0,0,0,0,0,
"Troutman, Anna M",July_2022,INTUC,None,-0.55,-0.55,0,0,0,0,0,0,0,0,0,1,1,1,-0.55,0
"Troutman, Anna M",August_2022,1036F,None,0,0,0,0,,0,0,0,0,0,0,0,0,0,0,
"Troutman, Anna M",August_2022,2022F,None,0,0,0,0,,0,0,0,0,0,0,0,0,0,0,
"Troutman, Anna M",August_2022,3017F,None,0,0,0,0,,0,0,0,0,0,0,0,0,0,0,
"Troutman, Anna M",August_2022,3044F,None,0,0,0,0,,0,0,0,0,0,0,0,0,0,0,
"Troutman, Anna M",August_2022,81003,None,0,0,0,1.66,,0,1.66,0,0,0,0,0,0,0,-1.66,
"Troutman, Anna M",August_2022,86308,None,0,0,0,6.27,,5.96,0.31,4.04,0,0,0,0,0,0,-10.31,
"Troutman, Anna M",August_2022,87804,None,0,0,0,38.06,,38.06,0,1.94,0,0,0,0,0,0,-40,
"Troutman, Anna M",August_2022,87811,None,0,0,0,47.59,,47.59,0,27.41,0,0,0,0,0,0,-75,
"Troutman, Anna M",August_2022,93000,None,0,0,0,24.94,,12.19,12.75,0.07,0,0,0,0,0,0,-25.01,
"Troutman, Anna M",August_2022,94010,None,0,0,0,34.33,,0,34.33,0,0,0,0,0,0,0,-34.33,
"Troutman, Anna M",August_2022,99203,None,0,0,0,65.33,,65.33,0,126.67,0,0,0,0,0,0,-192,
"Troutman, Anna M",August_2022,99204,None,0,0,0,497.63,,28.62,469.01,0,0,0,0,0,0,0,-497.63,
"Troutman, Anna M",August_2022,99213,None,0,0,0,706.02,,136.51,569.51,204.55,0,0,0,0,0,0,-910.57,
"Troutman, Anna M",August_2022,99214,None,0,0,0,360.07,,231.72,128.35,323.78,0,0,0,0,0,0,-683.85,
"Troutman, Anna M",August_2022,99385,None,0,0,0,99.93,,99.93,0,141.07,0,0,0,0,0,0,-241,
"Troutman, Anna M",August_2022,99386,None,0,0,0,45,,0,45,0,0,0,0,0,0,0,-45,
"Troutman, Anna M",August_2022,99387,None,0,0,0,157.68,,157.68,0,144.32,0,0,0,0,0,0,-302,
"Troutman, Anna M",August_2022,99454,None,0,0,0,64.27,,64.27,0,10.15,0,0,0,0,0,0,-74.42,
"Troutman, Anna M",August_2022,99457,None,0,0,0,57.89,,57.89,0,5.59,0,0,0,0,0,0,-63.48,
"Troutman, Anna M",August_2022,G0030,None,0,0,0,0,,0,0,0,0,0,0,0,0,0,0,
"Troutman, Anna M",August_2022,G8399,None,0,0,0,0,,0,0,0,0,0,0,0,0,0,0,
"Troutman, Anna M",August_2022,G8400,None,0,0,0,0,,0,0,0,0,0,0,0,0,0,0,
"Troutman, Anna M",August_2022,G8417,None,0,0,0,0,,0,0,0,0,0,0,0,0,0,0,
"Troutman, Anna M",August_2022,G8420,None,0,0,0,0,,0,0,0,0,0,0,0,0,0,0,
"Troutman, Anna M",August_2022,G8427,None,0,0,0,0,,0,0,0,0,0,0,0,0,0,0,
"Troutman, Anna M",August_2022,G8431,None,0,0,0,0,,0,0,0,0,0,0,0,0,0,0,
"Troutman, Anna M",August_2022,G8510,None,0,0,0,0,,0,0,0,0,0,0,0,0,0,0,
"Troutman, Anna M",August_2022,G8752,None,0,0,0,0,,0,0,0,0,0,0,0,0,0,0,
"Troutman, Anna M",August_2022,G8754,None,0,0,0,0,,0,0,0,0,0,0,0,0,0,0,
"Troutman, Anna M",August_2022,G8783,None,0,0,0,0,,0,0,0,0,0,0,0,0,0,0,
"Troutman, Anna M",August_2022,G8950,None,0,0,0,0,,0,0,0,0,0,0,0,0,0,0,
"Troutman, Anna M",August_2022,G9899,None,0,0,0,0,,0,0,0,0,0,0,0,0,0,0,
"Troutman, Anna M",August_2022,G9900,None,0,0,0,0,,0,0,0,0,0,0,0,0,0,0,
"Troutman, Anna M",August_2022,G9902,None,0,0,0,0,,0,0,0,0,0,0,0,0,0,0,
"Troutman, Anna M",August_2022,G9903,None,0,0,0,0,,0,0,0,0,0,0,0,0,0,0,
"Troutman, Anna M",August_2022,G9906,None,0,0,0,0,,0,0,0,0,0,0,0,0,0,0,
"Troutman, Anna M",August_2022,G9990,None,0,0,0,0,,0,0,0,0,0,0,0,0,0,0,
"Troutman, Anna M",August_2022,G9991,None,0,0,0,0,,0,0,0,0,0,0,0,0,0,0,
"Troutman, Anna M",September_2022,1036F,None,0,0,0,0,,0,0,0,0,0,0,2,2,2,0,
"Troutman, Anna M",September_2022,2022F,None,0,0,0,0,,0,0,0,0,0,0,0,0,0,0,
"Troutman, Anna M",September_2022,2024F,None,0,0,0,0,,0,0,0,0,0,0,0,0,0,0,
"Troutman, Anna M",September_2022,3017F,None,0,0,0,0,,0,0,0,0,0,0,0,0,0,0,
"Troutman, Anna M",September_2022,3046F,None,0,0,0,0,,0,0,0,0,0,0,0,0,0,0,
"Troutman, Anna M",September_2022,81003,None,0,0,0,0.33,,0,0.33,0,0,0,0,0,0,0,-0.33,
"Troutman, Anna M",September_2022,83036,None,0,0,0,-5.58,,-5.58,0,5.58,0,0,0,0,0,0,0,
"Troutman, Anna M",September_2022,87804,None,80,80,0,16.56,0.207,16.56,0,23.44,0,0,0,2,2,4,40,0.5
"Troutman, Anna M",September_2022,87811,None,150,150,0,0,0,0,0,0,0,0,0,2,2,2,150,0
"Troutman, Anna M",September_2022,87880,None,32,32,0,0,0,0,0,0,0,0,0,1,1,1,32,0
"Troutman, Anna M",September_2022,90471,None,0,0,0,0,,0,0,0,0,0,0,0,0,0,0,
"Troutman, Anna M",September_2022,90714,None,0,0,0,0,,0,0,0,0,0,0,0,0,0,0,
"Troutman, Anna M",September_2022,93000,None,0,0,0,27.37,,0,27.37,22.74,0,0,0,0,0,0,-50.11,
"Troutman, Anna M",September_2022,94010,None,73,73,0,73,1,0,73,0,0,0,0,1,1,1,0,1
"Troutman, Anna M",September_2022,99203,None,0,0,0,230.31,,129.94,100.37,-16.95,0,0,0,0,0,0,-213.36,
"Troutman, Anna M",September_2022,99204,None,0,0,0,243.96,,25,218.96,-25,0,160,0,0,0,0,-378.96,
"Troutman, Anna M",September_2022,99213,None,0,0,0,524.58,,181.44,343.14,56.13,0,0,0,0,0,0,-580.71,
"Troutman, Anna M",September_2022,99214,None,250,250,0,501.72,2.00688,275.22,226.5,352.54,0,20,0,1,1,1,-624.26,3.49704
"Troutman, Anna M",September_2022,99385,None,241,241,0,328.66,1.36373444,87.66,241,153.34,0,0,0,1,1,1,-241,2
"Troutman, Anna M",September_2022,99386,None,0,0,0,45,,0,45,0,0,0,0,0,0,0,-45,
"Troutman, Anna M",September_2022,99453,None,0,0,0,18.72,,18.72,0,6.28,0,0,0,0,0,0,-25,
"Troutman, Anna M",September_2022,99454,None,0,0,0,70,,0,70,0,0,0,0,0,0,0,-70,
"Troutman, Anna M",September_2022,99457,None,0,0,0,0,,0,0,0,0,0,0,0,0,0,0,
"Troutman, Anna M",September_2022,COLF,None,0,0,0,60.21,,0,60.21,0,0,0,0,0,0,0,-60.21,
"Troutman, Anna M",September_2022,G0029,None,0,0,0,0,,0,0,0,0,0,0,0,0,0,0,
"Troutman, Anna M",September_2022,G0030,None,0,0,0,0,,0,0,0,0,0,0,0,0,0,0,
"Troutman, Anna M",September_2022,G8399,None,0,0,0,0,,0,0,0,0,0,0,0,0,0,0,
"Troutman, Anna M",September_2022,G8400,None,0,0,0,0,,0,0,0,0,0,0,1,1,1,0,
"Troutman, Anna M",September_2022,G8417,None,0,0,0,0,,0,0,0,0,0,0,2,2,2,0,
"Troutman, Anna M",September_2022,G8420,None,0,0,0,0,,0,0,0,0,0,0,0,0,0,0,
"Troutman, Anna M",September_2022,G8421,None,0,0,0,0,,0,0,0,0,0,0,0,0,0,0,
"Troutman, Anna M",September_2022,G8427,None,0,0,0,0,,0,0,0,0,0,0,2,2,2,0,
"Troutman, Anna M",September_2022,G8431,None,0,0,0,0,,0,0,0,0,0,0,0,0,0,0,
"Troutman, Anna M",September_2022,G8484,None,0,0,0,0,,0,0,0,0,0,0,0,0,0,0,
"Troutman, Anna M",September_2022,G8510,None,0,0,0,0,,0,0,0,0,0,0,2,2,2,0,
"Troutman, Anna M",September_2022,G8752,None,0,0,0,0,,0,0,0,0,0,0,0,0,0,0,
"Troutman, Anna M",September_2022,G8753,None,0,0,0,0,,0,0,0,0,0,0,0,0,0,0,
"Troutman, Anna M",September_2022,G8754,None,0,0,0,0,,0,0,0,0,0,0,0,0,0,0,
"Troutman, Anna M",September_2022,G8783,None,0,0,0,0,,0,0,0,0,0,0,2,2,2,0,
"Troutman, Anna M",September_2022,G8950,None,0,0,0,0,,0,0,0,0,0,0,0,0,0,0,
"Troutman, Anna M",September_2022,G9711,None,0,0,0,0,,0,0,0,0,0,0,0,0,0,0,
"Troutman, Anna M",September_2022,G9899,None,0,0,0,0,,0,0,0,0,0,0,0,0,0,0,
"Troutman, Anna M",September_2022,G9900,None,0,0,0,0,,0,0,0,0,0,0,0,0,0,0,
"Troutman, Anna M",September_2022,G9902,None,0,0,0,0,,0,0,0,0,0,0,0,0,0,0,
"Troutman, Anna M",September_2022,G9903,None,0,0,0,0,,0,0,0,0,0,0,2,2,2,0,
"Troutman, Anna M",September_2022,G9906,None,0,0,0,0,,0,0,0,0,0,0,0,0,0,0,
"Troutman, Anna M",September_2022,G9908,None,0,0,0,0,,0,0,0,0,0,0,0,0,0,0,
"Troutman, Anna M",September_2022,G9990,None,0,0,0,0,,0,0,0,0,0,0,1,1,1,0,
"Troutman, Anna M",September_2022,G9991,None,0,0,0,0,,0,0,0,0,0,0,0,0,0,0,
"Troutman, Anna M",October_2022,1036F,None,0,0,0,0,,0,0,0,0,0,0,0,0,0,0,
"Troutman, Anna M",October_2022,3017F,None,0,0,0,0,,0,0,0,0,0,0,0,0,0,0,
"Troutman, Anna M",October_2022,87804,None,0,0,0,60.9,,60.9,0,19.1,0,0,0,0,0,0,-80,
"Troutman, Anna M",October_2022,87811,None,0,0,0,82.35,,82.35,0,67.65,0,0,0,0,0,0,-150,
"Troutman, Anna M",October_2022,87880,None,0,0,0,14.05,,14.05,0,17.95,0,0,0,0,0,0,-32,
"Troutman, Anna M",October_2022,94010,None,0,0,0,56.32,,22.91,33.41,50.09,0,0,0,0,0,0,-106.41,
"Troutman, Anna M",October_2022,99213,None,0,0,0,489.07,,69.46,419.61,-9.46,0,0,0,0,0,0,-479.61,
"Troutman, Anna M",October_2022,99214,None,0,0,0,314.57,,108.59,205.98,141.41,0,0,0,0,0,0,-455.98,
"Troutman, Anna M",October_2022,99385,None,0,0,0,99.93,,99.93,0,141.07,0,0,0,0,0,0,-241,
"Troutman, Anna M",October_2022,99386,None,0,0,0,129.72,,0,129.72,0,0,0,0,0,0,0,-129.72,
"Troutman, Anna M",October_2022,G0030,None,0,0,0,0,,0,0,0,0,0,0,0,0,0,0,
"Troutman, Anna M",October_2022,G8400,None,0,0,0,0,,0,0,0,0,0,0,0,0,0,0,
"Troutman, Anna M",October_2022,G8417,None,0,0,0,0,,0,0,0,0,0,0,0,0,0,0,
"Troutman, Anna M",October_2022,G8427,None,0,0,0,0,,0,0,0,0,0,0,0,0,0,0,
"Troutman, Anna M",October_2022,G8431,None,0,0,0,0,,0,0,0,0,0,0,0,0,0,0,
"Troutman, Anna M",October_2022,G8510,None,0,0,0,0,,0,0,0,0,0,0,0,0,0,0,
"Troutman, Anna M",October_2022,G8783,None,0,0,0,0,,0,0,0,0,0,0,0,0,0,0,
"Troutman, Anna M",October_2022,G9900,None,0,0,0,0,,0,0,0,0,0,0,0,0,0,0,
"Troutman, Anna M",October_2022,G9902,None,0,0,0,0,,0,0,0,0,0,0,0,0,0,0,
"Troutman, Anna M",October_2022,G9903,None,0,0,0,0,,0,0,0,0,0,0,0,0,0,0,
"Troutman, Anna M",October_2022,G9906,None,0,0,0,0,,0,0,0,0,0,0,0,0,0,0,
"Troutman, Anna M",October_2022,G9990,None,0,0,0,0,,0,0,0,0,0,0,0,0,0,0,
"Troutman, Anna M",November_2022,1036F,None,0,0,0,0,,0,0,0,0,0,0,0,0,0,0,
"Troutman, Anna M",November_2022,3017F,None,0,0,0,0,,0,0,0,0,0,0,0,0,0,0,
"Troutman, Anna M",November_2022,87804,None,0,0,0,27.72,,27.72,0,12.28,0,0,0,0,0,0,-40,
"Troutman, Anna M",November_2022,87811,None,0,0,0,36.41,,36.41,0,38.59,0,0,0,0,0,0,-75,
"Troutman, Anna M",November_2022,99203,None,0,0,0,-80.37,,-80.37,0,0,0,0,0,0,0,0,80.37,
"Troutman, Anna M",November_2022,99204,None,0,0,0,123.82,,123.82,0,0,0,0,0,0,0,0,-123.82,
"Troutman, Anna M",November_2022,99213,None,0,0,0,182.51,,64.75,117.76,82.25,0,0,0,0,0,0,-264.76,
"Troutman, Anna M",November_2022,99214,None,0,0,0,93.33,,0,93.33,0,0,0,0,0,0,0,-93.33,
"Troutman, Anna M",November_2022,99386,None,0,0,0,45,,0,45,0,0,0,0,0,0,0,-45,
"Troutman, Anna M",November_2022,G8417,None,0,0,0,0,,0,0,0,0,0,0,0,0,0,0,
"Troutman, Anna M",November_2022,G8420,None,0,0,0,0,,0,0,0,0,0,0,0,0,0,0,
"Troutman, Anna M",November_2022,G8427,None,0,0,0,0,,0,0,0,0,0,0,0,0,0,0,
"Troutman, Anna M",November_2022,G8431,None,0,0,0,0,,0,0,0,0,0,0,0,0,0,0,
"Troutman, Anna M",November_2022,G8510,None,0,0,0,0,,0,0,0,0,0,0,0,0,0,0,
"Troutman, Anna M",November_2022,G8752,None,0,0,0,0,,0,0,0,0,0,0,0,0,0,0,
"Troutman, Anna M",November_2022,G8754,None,0,0,0,0,,0,0,0,0,0,0,0,0,0,0,
"Troutman, Anna M",November_2022,G8783,None,0,0,0,0,,0,0,0,0,0,0,0,0,0,0,
"Troutman, Anna M",November_2022,G9900,None,0,0,0,0,,0,0,0,0,0,0,0,0,0,0,
"Troutman, Anna M",November_2022,G9903,None,0,0,0,0,,0,0,0,0,0,0,0,0,0,0,
"Troutman, Anna M",December_2022,99213,None,0,0,0,10,,0,10,0,0,0,0,0,0,0,-10,
"Troutman, Anna M",December_2022,99214,None,0,0,0,20,,0,20,0,0,0,0,0,0,0,-20,
"Velasquez, David ",January_2022,99213,None,0,0,0,25,,0,25,0,0,0,0,0,0,0,-25,
"Velasquez, David ",January_2022,99214,None,0,0,0,50,,0,50,0,0,0,0,0,0,0,-50,
"Velasquez, David ",February_2022,87880,None,0,0,0,9.92,,0,9.92,0,0,0,0,0,0,0,-9.92,
"Velasquez, David ",February_2022,99213,None,0,0,0,0.08,,0,0.08,0,0,0,0,0,0,0,-0.08,
"Velasquez, David ",March_2022,99214,None,0,0,0,25,,0,25,0,0,0,0,0,0,0,-25,
"Velasquez, David ",April_2022,99213,None,0,0,0,40,,0,40,0,0,0,0,0,0,0,-40,
"Velasquez, David ",April_2022,99214,None,0,0,0,107.03,,0,107.03,0,0,0,0,0,0,0,-107.03,
"Velasquez, David ",April_2022,99396,None,0,0,0,25,,0,25,0,0,0,0,0,0,0,-25,
"Velasquez, David ",May_2022,99213,None,0,0,0,19.04,,0,19.04,0,0,0,0,0,0,0,-19.04,
"Velasquez, David ",June_2022,99214,None,0,0,0,30,,0,30,0,0,0,0,0,0,0,-30,
"Velasquez, David ",July_2022,99213,None,0,0,0,50,,0,50,0,0,0,0,0,0,0,-50,
"Velasquez, David ",July_2022,99214,None,0,0,0,10,,0,10,0,0,0,0,0,0,0,-10,
"Velasquez, David ",August_2022,99213,None,0,0,0,24.03,,0,24.03,0,0,0,0,0,0,0,-24.03,
"Velasquez, David ",August_2022,99214,None,0,0,0,75.07,,0,75.07,0,0,0,0,0,0,0,-75.07,
"Velasquez, David ",September_2022,1036F,None,0,0,0,0,,0,0,0,0,0,0,47,47,47,0,
"Velasquez, David ",September_2022,2022F,None,0,0,0,0,,0,0,0,0,0,0,1,1,1,0,
"Velasquez, David ",September_2022,3017F,None,0,0,0,0,,0,0,0,0,0,0,15,15,15,0,
"Velasquez, David ",September_2022,3051F,None,0,0,0,0,,0,0,0,0,0,0,1,1,1,0,
"Velasquez, David ",September_2022,3052F,None,0,0,0,0,,0,0,0,0,0,0,1,1,1,0,
"Velasquez, David ",September_2022,3072F,None,0,0,0,0,,0,0,0,0,0,0,1,1,1,0,
"Velasquez, David ",September_2022,81003,None,12,0,12,12,1,0,12,0,0,0,0,1,1,1,0,1
"Velasquez, David ",September_2022,81025,None,20,20,0,0,0,0,0,0,0,0,0,1,1,1,20,0
"Velasquez, David ",September_2022,83036,None,35,0,35,35,1,0,35,0,0,0,0,1,1,1,0,1
"Velasquez, David ",September_2022,90471,None,756,756,0,0,0,0,0,0,0,0,0,18,18,18,756,0
"Velasquez, David ",September_2022,90662,None,150,150,0,0,0,0,0,0,0,0,0,2,2,2,150,0
"Velasquez, David ",September_2022,90688,None,540,540,0,0,0,0,0,0,0,0,0,18,18,18,540,0
"Velasquez, David ",September_2022,93000,None,35,35,0,0,0,0,0,0,0,0,0,1,1,1,35,0
"Velasquez, David ",September_2022,99203,None,651,651,0,0,0,0,0,0,0,0,0,3,3,3,651,0
"Velasquez, David ",September_2022,99204,None,990,990,0,0,0,0,0,0,0,0,0,3,3,3,990,0
"Velasquez, David ",September_2022,99213,None,0,0,0,90,,0,90,0,0,0,0,0,0,0,-90,
"Velasquez, David ",September_2022,99214,None,250,250,0,230,0.92,0,230,0,0,0,0,1,1,1,20,0.92
"Velasquez, David ",September_2022,99385,None,4579,4338,241,133,0.02904564,0,133,0,0,162,0,19,19,19,4284,0.06442455
"Velasquez, David ",September_2022,99386,None,5440,5168,272,175,0.03216912,0,175,0,0,0,0,20,20,20,5265,0.03216912
"Velasquez, David ",September_2022,99387,None,906,906,0,0,0,0,0,0,0,0,0,3,3,3,906,0
"Velasquez, David ",September_2022,99396,None,904,904,0,15,0.01659292,0,15,0,0,0,0,4,4,4,889,0.01659292
"Velasquez, David ",September_2022,G0008,None,84,84,0,0,0,0,0,0,0,0,0,2,2,2,84,0
"Velasquez, David ",September_2022,G0030,None,0,0,0,0,,0,0,0,0,0,0,5,5,5,0,
"Velasquez, David ",September_2022,G8417,None,0,0,0,0,,0,0,0,0,0,0,25,25,25,0,
"Velasquez, David ",September_2022,G8418,None,0,0,0,0,,0,0,0,0,0,0,2,2,2,0,
"Velasquez, David ",September_2022,G8420,None,0,0,0,0,,0,0,0,0,0,0,25,25,25,0,
"Velasquez, David ",September_2022,G8427,None,0,0,0,0,,0,0,0,0,0,0,51,51,51,0,
"Velasquez, David ",September_2022,G8431,None,0,0,0,0,,0,0,0,0,0,0,5,5,5,0,
"Velasquez, David ",September_2022,G8482,None,0,0,0,0,,0,0,0,0,0,0,20,20,20,0,
"Velasquez, David ",September_2022,G8510,None,0,0,0,0,,0,0,0,0,0,0,47,47,47,0,
"Velasquez, David ",September_2022,G8752,None,0,0,0,0,,0,0,0,0,0,0,7,7,7,0,
"Velasquez, David ",September_2022,G8753,None,0,0,0,0,,0,0,0,0,0,0,1,1,1,0,
"Velasquez, David ",September_2022,G8754,None,0,0,0,0,,0,0,0,0,0,0,7,7,7,0,
"Velasquez, David ",September_2022,G8755,None,0,0,0,0,,0,0,0,0,0,0,1,1,1,0,
"Velasquez, David ",September_2022,G8783,None,0,0,0,0,,0,0,0,0,0,0,44,44,44,0,
"Velasquez, David ",September_2022,G8950,None,0,0,0,0,,0,0,0,0,0,0,8,8,8,0,
"Velasquez, David ",September_2022,G9708,None,0,0,0,0,,0,0,0,0,0,0,2,2,2,0,
"Velasquez, David ",September_2022,G9711,None,0,0,0,0,,0,0,0,0,0,0,3,3,3,0,
"Velasquez, David ",September_2022,G9899,None,0,0,0,0,,0,0,0,0,0,0,3,3,3,0,
"Velasquez, David ",September_2022,G9900,None,0,0,0,0,,0,0,0,0,0,0,1,1,1,0,
"Velasquez, David ",September_2022,G9902,None,0,0,0,0,,0,0,0,0,0,0,5,5,5,0,
"Velasquez, David ",September_2022,G9903,None,0,0,0,0,,0,0,0,0,0,0,47,47,47,0,
"Velasquez, David ",September_2022,G9991,None,0,0,0,0,,0,0,0,0,0,0,4,4,4,0,
"Velasquez, David ",September_2022,INTUC,None,1.36,1.36,0,0,0,0,0,0,0,0,0,1,1,1,1.36,0
"Velasquez, David ",October_2022,1036F,None,0,0,0,0,,0,0,0,0,0,0,138,141,141,0,
"Velasquez, David ",October_2022,11200,None,200,200,0,0,0,0,0,0,0,0,0,1,1,1,200,0
"Velasquez, David ",October_2022,1123F,None,0,0,0,0,,0,0,0,0,0,0,13,13,13,0,
"Velasquez, David ",October_2022,1124F,None,0,0,0,0,,0,0,0,0,0,0,2,2,2,0,
"Velasquez, David ",October_2022,2022F,None,0,0,0,0,,0,0,0,0,0,0,3,3,3,0,
"Velasquez, David ",October_2022,2023F,None,0,0,0,0,,0,0,0,0,0,0,7,7,7,0,
"Velasquez, David ",October_2022,2026F,None,0,0,0,0,,0,0,0,0,0,0,1,1,1,0,
"Velasquez, David ",October_2022,20526,None,157,157,0,0,0,0,0,0,0,0,0,1,1,1,157,0
"Velasquez, David ",October_2022,20552,None,112,112,0,0,0,0,0,0,0,0,0,1,1,1,112,0
"Velasquez, David ",October_2022,20610,None,122,122,0,0,0,0,0,0,0,0,0,1,1,1,122,0
"Velasquez, David ",October_2022,3017F,None,0,0,0,0,,0,0,0,0,0,0,56,59,59,0,
"Velasquez, David ",October_2022,3044F,None,0,0,0,0,,0,0,0,0,0,0,3,3,3,0,
"Velasquez, David ",October_2022,3046F,None,0,0,0,0,,0,0,0,0,0,0,2,2,2,0,
"Velasquez, David ",October_2022,3051F,None,0,0,0,0,,0,0,0,0,0,0,3,3,3,0,
"Velasquez, David ",October_2022,3052F,None,0,0,0,0,,0,0,0,0,0,0,5,5,5,0,
"Velasquez, David ",October_2022,3072F,None,0,0,0,0,,0,0,0,0,0,0,5,6,6,0,
"Velasquez, David ",October_2022,69209,None,58,58,0,0,0,0,0,0,0,0,0,2,2,2,58,0
"Velasquez, David ",October_2022,81003,None,12,12,0,0,0,0,0,0,0,0,0,1,1,1,12,0
"Velasquez, David ",October_2022,81025,None,0,0,0,7.67,,7.67,0,12.33,0,0,0,0,0,0,-20,
"Velasquez, David ",October_2022,87426,None,600,600,0,45.23,0.07538333,45.23,0,29.77,0,0,0,8,8,8,525,0.125
"Velasquez, David ",October_2022,87804,None,240,240,0,28.14,0.11725,28.14,0,11.86,0,0,0,6,6,12,200,0.16666667
"Velasquez, David ",October_2022,87807,None,25,25,0,0,0,0,0,0,0,0,0,1,1,1,25,0
"Velasquez, David ",October_2022,87880,None,96,96,0,0,0,0,0,0,0,0,0,3,3,3,96,0
"Velasquez, David ",October_2022,90460,None,42,42,0,0,0,0,0,0,0,0,0,1,1,1,42,0
"Velasquez, David ",October_2022,90471,None,1428,1386,42,415.11,0.29069328,415.11,0,718.89,0,42,0,33,34,34,252,0.82352941
"Velasquez, David ",October_2022,90472,None,26,26,0,0,0,0,0,0,0,0,0,1,1,1,26,0
"Velasquez, David ",October_2022,90662,None,375,375,0,188.22,0.50192,188.22,0,36.78,0,0,0,5,5,5,150,0.6
"Velasquez, David ",October_2022,90688,None,960,930,30,524.84,0.54670833,524.84,0,255.16,0,30,0,32,32,32,150,0.84375
"Velasquez, David ",October_2022,90715,None,60,60,0,0,0,0,0,0,0,0,0,1,1,1,60,0
"Velasquez, David ",October_2022,90732,None,320,320,0,133.47,0.41709375,133.47,0,26.53,0,0,0,2,2,2,160,0.5
"Velasquez, David ",October_2022,93000,None,35,35,0,16.04,0.45828571,16.04,0,38.88,0,0,0,1,1,1,-19.92,1.56914286
"Velasquez, David ",October_2022,96160,None,200,200,0,150,0.75,150,0,50,0,0,0,1,1,1,0,1
"Velasquez, David ",October_2022,99203,None,434,217,217,333.23,0.76781106,218.23,115,215.77,0,107,0,2,2,2,-222,1.51152074
"Velasquez, David ",October_2022,99204,None,3300,3300,0,837.98,0.25393333,822.98,15,1029.06,0,0,0,10,10,10,1432.96,0.5657697
"Velasquez, David ",October_2022,99212,None,178,178,0,0,0,0,0,0,0,0,0,2,2,2,178,0
"Velasquez, David ",October_2022,99213,None,4557,4557,0,307.33,0.0674413,0,307.33,0,0,0,0,31,31,31,4249.67,0.0674413
"Velasquez, David ",October_2022,99214,None,7750,7750,0,711.22,0.09177032,206.29,504.93,273.71,0,0,0,31,31,31,6765.07,0.12708774
"Velasquez, David ",October_2022,99383,None,150,150,0,0,0,0,0,0,0,0,0,1,1,1,150,0
"Velasquez, David ",October_2022,99384,None,432,432,0,0,0,0,0,0,0,0,0,2,2,2,432,0
"Velasquez, David ",October_2022,99385,None,9881,9881,0,4186.55,0.42369699,4001.55,185,3469.45,0,0,0,41,41,41,2225,0.77482036
"Velasquez, David ",October_2022,99386,None,10336,10336,0,5749.79,0.55628773,5574.79,175,4489.21,0,142,0,38,38,38,-45,1.00435372
"Velasquez, David ",October_2022,99387,None,302,302,0,530.67,1.75718543,515.67,15,390.33,0,0,0,1,1,1,-619,3.04966887
"Velasquez, David ",October_2022,99395,None,412,412,0,86.83,0.21075243,86.83,0,119.17,0,0,0,2,2,2,206,0.5
"Velasquez, David ",October_2022,99396,None,678,678,0,563.91,0.83172566,518.91,45,385.09,0,0,0,3,3,3,-271,1.39970501
"Velasquez, David ",October_2022,99490,None,85,85,0,63,0.74117647,63,0,22,0,0,0,1,1,1,0,1
"Velasquez, David ",October_2022,99496,None,467,467,0,0,0,0,0,0,0,0,0,1,1,1,467,0
"Velasquez, David ",October_2022,COLF,None,50.78,50.78,0,0,0,0,0,0,0,0,0,1,1,1,50.78,0
"Velasquez, David ",October_2022,FORM,None,25,25,0,25,1,0,25,0,0,0,0,1,1,1,0,1
"Velasquez, David ",October_2022,G0008,None,168,168,0,58.68,0.34928571,58.68,0,25.32,0,0,0,4,4,4,84,0.5
"Velasquez, David ",October_2022,G0030,None,0,0,0,0,,0,0,0,0,0,0,16,16,16,0,
"Velasquez, David ",October_2022,G0438,None,346,346,0,166.91,0.48239884,166.91,0,179.09,0,0,0,1,1,1,0,1
"Velasquez, David ",October_2022,G2181,None,0,0,0,0,,0,0,0,0,0,0,1,1,1,0,
"Velasquez, David ",October_2022,G8399,None,0,0,0,0,,0,0,0,0,0,0,8,8,8,0,
"Velasquez, David ",October_2022,G8417,None,0,0,0,0,,0,0,0,0,0,0,78,80,80,0,
"Velasquez, David ",October_2022,G8418,None,0,0,0,0,,0,0,0,0,0,0,3,3,3,0,
"Velasquez, David ",October_2022,G8420,None,0,0,0,0,,0,0,0,0,0,0,71,71,71,0,
"Velasquez, David ",October_2022,G8427,None,0,0,0,0,,0,0,0,0,0,0,154,157,157,0,
"Velasquez, David ",October_2022,G8431,None,0,0,0,0,,0,0,0,0,0,0,6,6,6,0,
"Velasquez, David ",October_2022,G8482,None,0,0,0,0,,0,0,0,0,0,0,67,68,69,0,
"Velasquez, David ",October_2022,G8483,None,0,0,0,0,,0,0,0,0,0,0,88,88,88,0,
"Velasquez, David ",October_2022,G8484,None,0,0,0,0,,0,0,0,0,0,0,1,1,1,0,
"Velasquez, David ",October_2022,G8510,None,0,0,0,0,,0,0,0,0,0,0,151,153,153,0,
"Velasquez, David ",October_2022,G8733,None,0,0,0,0,,0,0,0,0,0,0,1,1,1,0,
"Velasquez, David ",October_2022,G8734,None,0,0,0,0,,0,0,0,0,0,0,14,14,14,0,
"Velasquez, David ",October_2022,G8752,None,0,0,0,0,,0,0,0,0,0,0,16,17,17,0,
"Velasquez, David ",October_2022,G8753,None,0,0,0,0,,0,0,0,0,0,0,7,7,7,0,
"Velasquez, David ",October_2022,G8754,None,0,0,0,0,,0,0,0,0,0,0,17,18,18,0,
"Velasquez, David ",October_2022,G8755,None,0,0,0,0,,0,0,0,0,0,0,6,6,6,0,
"Velasquez, David ",October_2022,G8783,None,0,0,0,0,,0,0,0,0,0,0,138,140,140,0,
"Velasquez, David ",October_2022,G8950,None,0,0,0,0,,0,0,0,0,0,0,16,16,16,0,
"Velasquez, David ",October_2022,G9708,None,0,0,0,0,,0,0,0,0,0,0,0,0,0,0,
"Velasquez, David ",October_2022,G9711,None,0,0,0,0,,0,0,0,0,0,0,0,0,0,0,
"Velasquez, David ",October_2022,G9899,None,0,0,0,0,,0,0,0,0,0,0,27,28,28,0,
"Velasquez, David ",October_2022,G9900,None,0,0,0,0,,0,0,0,0,0,0,0,0,0,0,
"Velasquez, David ",October_2022,G9902,None,0,0,0,0,,0,0,0,0,0,0,17,17,17,0,
"Velasquez, David ",October_2022,G9903,None,0,0,0,0,,0,0,0,0,0,0,139,142,142,0,
"Velasquez, David ",October_2022,G9906,None,0,0,0,0,,0,0,0,0,0,0,12,12,12,0,
"Velasquez, David ",October_2022,G9989,None,0,0,0,0,,0,0,0,0,0,0,1,1,1,0,
"Velasquez, David ",October_2022,G9990,None,0,0,0,0,,0,0,0,0,0,0,2,2,2,0,
"Velasquez, David ",October_2022,G9991,None,0,0,0,0,,0,0,0,0,0,0,23,23,23,0,
"Velasquez, David ",October_2022,G9997,None,0,0,0,0,,0,0,0,0,0,0,1,1,1,0,
"Velasquez, David ",October_2022,J3301,None,31.12,31.12,0,0,0,0,0,0,0,0,0,1,1,8,31.12,0
"Velasquez, David ",November_2022,1036F,None,0,0,0,0,,0,0,0,0,0,0,224,226,227,0,
"Velasquez, David ",November_2022,11200,None,200,200,0,164.9,0.8245,164.9,0,235.1,0,0,0,1,1,1,-200,2
"Velasquez, David ",November_2022,1123F,None,0,0,0,0,,0,0,0,0,0,0,23,23,23,0,
"Velasquez, David ",November_2022,1124F,None,0,0,0,0,,0,0,0,0,0,0,2,2,2,0,
"Velasquez, David ",November_2022,17110,None,226,226,0,0,0,0,0,0,0,0,0,1,1,1,226,0
"Velasquez, David ",November_2022,2022F,None,0,0,0,0,,0,0,0,0,0,0,2,2,2,0,
"Velasquez, David ",November_2022,2023F,None,0,0,0,0,,0,0,0,0,0,0,14,14,14,0,
"Velasquez, David ",November_2022,2024F,None,0,0,0,0,,0,0,0,0,0,0,2,2,2,0,
"Velasquez, David ",November_2022,2026F,None,0,0,0,0,,0,0,0,0,0,0,0,0,0,0,
"Velasquez, David ",November_2022,20526,None,0,0,0,29.59,,29.59,0,77.41,0,0,0,0,0,0,-107,
"Velasquez, David ",November_2022,20552,None,0,0,0,28.12,,28.12,0,83.88,0,0,0,0,0,0,-112,
"Velasquez, David ",November_2022,20610,None,366,366,0,80.77,0.22068306,80.77,0,150.72,0,0,0,3,3,3,134.51,0.63248634
"Velasquez, David ",November_2022,3017F,None,0,0,0,0,,0,0,0,0,0,0,82,82,82,0,
"Velasquez, David ",November_2022,3044F,None,0,0,0,0,,0,0,0,0,0,0,6,6,6,0,
"Velasquez, David ",November_2022,3046F,None,0,0,0,0,,0,0,0,0,0,0,2,2,2,0,
"Velasquez, David ",November_2022,3051F,None,0,0,0,0,,0,0,0,0,0,0,5,5,5,0,
"Velasquez, David ",November_2022,3052F,None,0,0,0,0,,0,0,0,0,0,0,5,5,5,0,
"Velasquez, David ",November_2022,3072F,None,0,0,0,0,,0,0,0,0,0,0,13,13,13,0,
"Velasquez, David ",November_2022,69209,None,116,116,0,28.7,0.24741379,28.7,0,42.58,0,0,0,3,3,3,44.72,0.61448276
"Velasquez, David ",November_2022,81003,None,72,72,0,3.78,0.0525,3.78,0,30.56,0,0,0,6,6,6,37.66,0.47694444
"Velasquez, David ",November_2022,87426,None,1575,1575,0,563.9,0.35803175,563.9,0,861.1,0,0,0,21,21,21,150,0.9047619
"Velasquez, David ",November_2022,87804,None,880,880,0,314.8,0.35772727,294.94,19.86,295.72,0,0,0,22,22,44,269.48,0.69377273
"Velasquez, David ",November_2022,87807,None,25,25,0,13.1,0.524,13.1,0,11.9,0,0,0,1,1,1,0,1
"Velasquez, David ",November_2022,87880,None,352,352,0,67.4,0.19147727,57.48,9.92,215.5,0,0,0,11,11,11,69.1,0.80369318
"Velasquez, David ",November_2022,90460,None,42,42,0,0,0,0,0,42,0,0,0,1,1,1,0,1
"Velasquez, David ",November_2022,90471,None,504,462,42,510.08,1.01206349,468.08,42,875.92,0,0,0,12,12,12,-882,2.75
"Velasquez, David ",November_2022,90472,None,26,26,0,27.02,1.03923077,27.02,0,24.98,0,0,0,1,1,1,-26,2
"Velasquez, David ",November_2022,90632,None,52,52,0,52,1,52,0,0,0,0,0,1,1,1,0,1
"Velasquez, David ",November_2022,90662,None,0,0,0,262.99,,262.99,0,37.01,0,0,0,0,0,0,-300,
"Velasquez, David ",November_2022,90688,None,450,420,30,671.09,1.49131111,641.09,30,318.91,0,0,0,15,15,15,-540,2.2
"Velasquez, David ",November_2022,90715,None,60,60,0,51.52,0.85866667,51.52,0,8.48,0,0,0,1,1,1,0,1
"Velasquez, David ",November_2022,90732,None,0,0,0,119,,119,0,41,0,0,0,0,0,0,-160,
"Velasquez, David ",November_2022,93000,None,70,70,0,0,0,0,0,16.21,0,0,0,2,2,2,53.79,0.23157143
"Velasquez, David ",November_2022,99203,None,1519,1519,0,472.97,0.31136932,437.97,35,420.03,0,0,0,7,7,7,626,0.58788677
"Velasquez, David ",November_2022,99204,None,5280,5280,0,2108.79,0.39939205,2051.8,56.99,2223.2,0,0,0,16,16,16,948.01,0.82045265
"Velasquez, David ",November_2022,99212,None,0,0,0,95.72,,95.72,0,82.28,0,0,0,0,0,0,-178,
"Velasquez, David ",November_2022,99213,None,11025,11025,0,4312.79,0.39118277,3271.81,1040.98,4008.96,0,0,0,74,75,75,2703.25,0.75480726
"Velasquez, David ",November_2022,99214,None,13500,13500,0,5307.94,0.39318074,4953.57,354.37,7599.95,0,0,0,54,54,54,592.11,0.95614
"Velasquez, David ",November_2022,99383,None,0,0,0,0,,0,0,0,0,0,0,0,0,0,0,
"Velasquez, David ",November_2022,99384,None,432,432,0,360.79,0.83516204,360.79,0,287.21,0,0,0,2,2,2,-216,1.5
"Velasquez, David ",November_2022,99385,None,7471,7471,0,6042.74,0.80882613,5842.74,200,4741.26,0,0,0,31,31,31,-3313,1.443448
"Velasquez, David ",November_2022,99386,None,13600,13328,272,7153.37,0.52598309,6890.37,263,5303.63,0,184,0,50,50,50,959,0.92948529
"Velasquez, David ",November_2022,99387,None,604,604,0,200.5,0.33195364,170.5,30,116.5,0,0,0,2,2,2,287,0.52483444
"Velasquez, David ",November_2022,99395,None,1236,1236,0,246.55,0.19947411,246.55,0,165.45,0,0,0,6,6,6,824,0.33333333
"Velasquez, David ",November_2022,99396,None,452,452,0,221.78,0.49066372,221.78,0,230.22,0,0,0,2,2,2,0,1
"Velasquez, David ",November_2022,99439,None,320,320,0,135.99,0.42496875,135.99,0,104.01,0,0,0,3,3,4,80,0.75
"Velasquez, David ",November_2022,99490,None,680,680,0,385.56,0.567,385.56,0,173.17,0,0,0,8,8,8,121.27,0.82166176
"Velasquez, David ",November_2022,99496,None,467,467,0,0,0,0,0,467,0,0,0,1,1,1,0,1
"Velasquez, David ",November_2022,COLF,None,36.83,36.83,0,0,0,0,0,0,0,0,0,1,1,1,36.83,0
"Velasquez, David ",November_2022,G0008,None,126,126,0,108.58,0.86174603,108.58,0,59.42,0,0,0,3,3,3,-42,1.33333333
"Velasquez, David ",November_2022,G0030,None,0,0,0,0,,0,0,0,0,0,0,14,14,14,0,
"Velasquez, David ",November_2022,G2181,None,0,0,0,0,,0,0,0,0,0,0,1,1,1,0,
"Velasquez, David ",November_2022,G8399,None,0,0,0,0,,0,0,0,0,0,0,11,11,11,0,
"Velasquez, David ",November_2022,G8400,None,0,0,0,0,,0,0,0,0,0,0,2,2,2,0,
"Velasquez, David ",November_2022,G8417,None,0,0,0,0,,0,0,0,0,0,0,98,98,99,0,
"Velasquez, David ",November_2022,G8418,None,0,0,0,0,,0,0,0,0,0,0,1,1,1,0,
"Velasquez, David ",November_2022,G8420,None,0,0,0,0,,0,0,0,0,0,0,133,135,135,0,
"Velasquez, David ",November_2022,G8427,None,0,0,0,0,,0,0,0,0,0,0,238,240,241,0,
"Velasquez, David ",November_2022,G8431,None,0,0,0,0,,0,0,0,0,0,0,6,6,6,0,
"Velasquez, David ",November_2022,G8482,None,0,0,0,0,,0,0,0,0,0,0,122,123,124,0,
"Velasquez, David ",November_2022,G8483,None,0,0,0,0,,0,0,0,0,0,0,120,121,122,0,
"Velasquez, David ",November_2022,G8484,None,0,0,0,0,,0,0,0,0,0,0,0,0,0,0,
"Velasquez, David ",November_2022,G8510,None,0,0,0,0,,0,0,0,0,0,0,235,237,238,0,
"Velasquez, David ",November_2022,G8733,None,0,0,0,0,,0,0,0,0,0,0,0,0,0,0,
"Velasquez, David ",November_2022,G8734,None,0,0,0,0,,0,0,0,0,0,0,25,25,25,0,
"Velasquez, David ",November_2022,G8752,None,0,0,0,0,,0,0,0,0,0,0,23,23,23,0,
"Velasquez, David ",November_2022,G8753,None,0,0,0,0,,0,0,0,0,0,0,15,15,15,0,
"Velasquez, David ",November_2022,G8754,None,0,0,0,0,,0,0,0,0,0,0,26,26,26,0,
"Velasquez, David ",November_2022,G8755,None,0,0,0,0,,0,0,0,0,0,0,12,12,12,0,
"Velasquez, David ",November_2022,G8783,None,0,0,0,0,,0,0,0,0,0,0,203,205,206,0,
"Velasquez, David ",November_2022,G8950,None,0,0,0,0,,0,0,0,0,0,0,30,30,30,0,
"Velasquez, David ",November_2022,G9899,None,0,0,0,0,,0,0,0,0,0,0,30,30,30,0,
"Velasquez, David ",November_2022,G9900,None,0,0,0,0,,0,0,0,0,0,0,5,5,5,0,
"Velasquez, David ",November_2022,G9902,None,0,0,0,0,,0,0,0,0,0,0,14,14,14,0,
"Velasquez, David ",November_2022,G9903,None,0,0,0,0,,0,0,0,0,0,0,224,226,227,0,
"Velasquez, David ",November_2022,G9906,None,0,0,0,0,,0,0,0,0,0,0,13,13,13,0,
"Velasquez, David ",November_2022,G9907,None,0,0,0,0,,0,0,0,0,0,0,1,1,1,0,
"Velasquez, David ",November_2022,G9989,None,0,0,0,0,,0,0,0,0,0,0,3,3,3,0,
"Velasquez, David ",November_2022,G9990,None,0,0,0,0,,0,0,0,0,0,0,12,12,12,0,
"Velasquez, David ",November_2022,G9991,None,0,0,0,0,,0,0,0,0,0,0,29,30,30,0,
"Velasquez, David ",November_2022,INTBL,None,0.08,0.08,0,0,0,0,0,0,0,0,0,1,1,1,0.08,0
"Velasquez, David ",November_2022,J3301,None,46.68,46.68,0,10.23,0.21915167,10.23,0,33.88,0,0,0,3,3,12,2.57,0.9449443
"Velasquez, David ",November_2022,NOC,None,0,0,0,0,,0,0,0,0,0,0,1,1,1,0,
"Velasquez, David ",December_2022,1036F,None,0,0,0,0,,0,0,0,0,0,0,207,213,213,0,
"Velasquez, David ",December_2022,11200,None,0,0,0,0,,0,0,0,0,0,0,1,1,1,0,
"Velasquez, David ",December_2022,1123F,None,0,0,0,0,,0,0,0,0,0,0,42,43,43,0,
"Velasquez, David ",December_2022,1124F,None,0,0,0,0,,0,0,0,0,0,0,0,0,0,0,
"Velasquez, David ",December_2022,11403,None,390,390,0,40,0.1025641,0,40,0,0,0,0,1,1,1,350,0.1025641
"Velasquez, David ",December_2022,17110,None,0,0,0,95.62,,95.62,0,130.38,0,0,0,0,0,0,-226,
"Velasquez, David ",December_2022,2022F,None,0,0,0,0,,0,0,0,0,0,0,4,5,5,0,
"Velasquez, David ",December_2022,2023F,None,0,0,0,0,,0,0,0,0,0,0,8,8,8,0,
"Velasquez, David ",December_2022,2024F,None,0,0,0,0,,0,0,0,0,0,0,1,1,1,0,
"Velasquez, David ",December_2022,20610,None,0,0,0,131.51,,131.51,0,125,0,0,0,0,0,0,-256.51,
"Velasquez, David ",December_2022,3017F,None,0,0,0,0,,0,0,0,0,0,0,82,84,84,0,
"Velasquez, David ",December_2022,3044F,None,0,0,0,0,,0,0,0,0,0,0,6,6,6,0,
"Velasquez, David ",December_2022,3046F,None,0,0,0,0,,0,0,0,0,0,0,3,4,4,0,
"Velasquez, David ",December_2022,3051F,None,0,0,0,0,,0,0,0,0,0,0,2,2,2,0,
"Velasquez, David ",December_2022,3052F,None,0,0,0,10,,10,0,-10,0,0,0,3,3,3,0,
"Velasquez, David ",December_2022,3072F,None,0,0,0,0,,0,0,0,0,0,0,9,9,9,0,
"Velasquez, David ",December_2022,69209,None,116,116,0,48,0.4137931,32.28,15.72,121.36,0,0,0,2,2,2,-53.36,1.46
"Velasquez, David ",December_2022,81003,None,72,72,0,10.23,0.14208333,10.23,0,79.9,0,0,0,6,6,6,-18.13,1.25180556
"Velasquez, David ",December_2022,81025,None,20,20,0,0,0,0,0,0,0,0,0,1,1,1,20,0
"Velasquez, David ",December_2022,87426,None,2325,2325,0,678.62,0.29187957,678.62,0,971.38,0,0,0,31,31,31,675,0.70967742
"Velasquez, David ",December_2022,87804,None,1360,1360,0,532.32,0.39141176,532.32,0,439.08,0,0,0,34,34,68,388.6,0.71426471
"Velasquez, David ",December_2022,87807,None,25,25,0,5.5,0.22,5.5,0,19.5,0,0,0,1,1,1,0,1
"Velasquez, David ",December_2022,87880,None,384,384,0,58.17,0.15148438,58.17,0,104.31,0,0,0,12,12,12,221.52,0.423125
"Velasquez, David ",December_2022,90460,None,0,0,0,0,,0,0,42,0,0,0,0,0,0,-42,
"Velasquez, David ",December_2022,90471,None,0,0,0,58.69,,58.69,0,67.31,0,0,0,0,0,0,-126,
"Velasquez, David ",December_2022,90688,None,0,0,0,72.78,,72.78,0,47.22,0,0,0,0,0,0,-120,
"Velasquez, David ",December_2022,90715,None,0,0,0,49,,49,0,11,0,0,0,0,0,0,-60,
"Velasquez, David ",December_2022,92551,None,20,20,0,0,0,0,0,0,0,0,0,1,1,1,20,0
"Velasquez, David ",December_2022,93000,None,70,70,0,22.76,0.32514286,22.76,0,44.5,0,0,0,2,2,2,2.74,0.96085714
"Velasquez, David ",December_2022,99203,None,1519,1302,217,890.26,0.58608295,770.26,120,1004.79,0,107,0,7,7,7,-483.05,1.31800527
"Velasquez, David ",December_2022,99204,None,660,660,0,1771,2.68333333,1751,20,1854,0,0,0,2,2,2,-2965,5.49242424
"Velasquez, David ",December_2022,99213,None,12495,12495,0,7859.96,0.62904842,6739.24,1120.72,6966.63,0,0,0,84,85,85,-2331.59,1.18660184
"Velasquez, David ",December_2022,99214,None,19000,18750,250,6822.49,0.35907842,6135.22,687.27,8646.04,0,0,0,75,76,76,3531.47,0.81413316
"Velasquez, David ",December_2022,99383,None,0,0,0,87.34,,87.34,0,62.66,0,0,0,0,0,0,-150,
"Velasquez, David ",December_2022,99384,None,0,0,0,136.88,,136.88,0,79.12,0,0,0,0,0,0,-216,
"Velasquez, David ",December_2022,99385,None,4579,4338,241,3374.48,0.73694693,3199.48,175,2825.52,0,0,0,19,19,19,-1621,1.35400743
"Velasquez, David ",December_2022,99386,None,4080,4080,0,5371.24,1.31648039,5266.24,105,4511,0,0,0,15,15,15,-5802.24,2.42211765
"Velasquez, David ",December_2022,99387,None,1510,1510,0,1045.96,0.69268874,1025.96,20,786.04,0,0,0,5,5,5,-322,1.21324503
"Velasquez, David ",December_2022,99395,None,2266,2266,0,1575.51,0.69528244,1575.51,0,1308.49,0,0,0,11,11,11,-618,1.27272727
"Velasquez, David ",December_2022,99396,None,1130,1130,0,886.03,0.78409735,886.03,0,695.97,0,0,0,5,5,5,-452,1.4
"Velasquez, David ",December_2022,99397,None,256,256,0,161.88,0.63234375,136.88,25,119.12,0,0,0,1,1,1,-25,1.09765625
"Velasquez, David ",December_2022,99439,None,160,160,0,137.86,0.861625,137.86,0,102.14,0,0,0,2,2,2,-80,1.5
"Velasquez, David ",December_2022,99490,None,850,850,0,536.94,0.63169412,536.94,0,228.06,0,0,0,10,10,10,85,0.9
"Velasquez, David ",December_2022,99496,None,0,0,0,274.53,,274.53,0,192.47,0,0,0,0,0,0,-467,
"Velasquez, David ",December_2022,G0008,None,0,0,0,24.95,,24.95,0,17.05,0,0,0,0,0,0,-42,
"Velasquez, David ",December_2022,G0030,None,0,0,0,0,,0,0,0,0,0,0,12,12,12,0,
"Velasquez, David ",December_2022,G2181,None,0,0,0,0,,0,0,0,0,0,0,2,2,2,0,
"Velasquez, David ",December_2022,G8399,None,0,0,0,0,,0,0,0,0,0,0,17,18,18,0,
"Velasquez, David ",December_2022,G8400,None,0,0,0,0,,0,0,0,0,0,0,8,8,8,0,
"Velasquez, David ",December_2022,G8417,None,0,0,0,0,,0,0,0,0,0,0,90,94,94,0,
"Velasquez, David ",December_2022,G8418,None,0,0,0,0,,0,0,0,0,0,0,5,5,5,0,
"Velasquez, David ",December_2022,G8420,None,0,0,0,0,,0,0,0,0,0,0,122,123,123,0,
"Velasquez, David ",December_2022,G8427,None,0,0,0,0,,0,0,0,0,0,0,220,226,226,0,
"Velasquez, David ",December_2022,G8431,None,0,0,0,0,,0,0,0,0,0,0,12,12,12,0,
"Velasquez, David ",December_2022,G8482,None,0,0,0,0,,0,0,0,0,0,0,106,109,109,0,
"Velasquez, David ",December_2022,G8483,None,0,0,0,59.04,,59.04,0,157.96,0,0,0,115,118,118,-217,
"Velasquez, David ",December_2022,G8484,None,0,0,0,0,,0,0,0,0,0,0,2,2,2,0,
"Velasquez, David ",December_2022,G8510,None,0,0,0,0,,0,0,0,0,0,0,210,215,215,0,
"Velasquez, David ",December_2022,G8734,None,0,0,0,0,,0,0,0,0,0,0,42,42,42,0,
"Velasquez, David ",December_2022,G8752,None,0,0,0,0,,0,0,0,0,0,0,29,29,29,0,
"Velasquez, David ",December_2022,G8753,None,0,0,0,0,,0,0,0,0,0,0,12,12,12,0,
"Velasquez, David ",December_2022,G8754,None,0,0,0,0,,0,0,0,0,0,0,30,30,30,0,
"Velasquez, David ",December_2022,G8755,None,0,0,0,0,,0,0,0,0,0,0,11,11,11,0,
"Velasquez, David ",December_2022,G8783,None,0,0,0,0,,0,0,0,0,0,0,188,192,192,0,
"Velasquez, David ",December_2022,G8785,None,0,0,0,0,,0,0,0,0,0,0,2,2,2,0,
"Velasquez, David ",December_2022,G8950,None,0,0,0,0,,0,0,0,0,0,0,30,30,30,0,
"Velasquez, David ",December_2022,G9899,None,0,0,0,0,,0,0,0,0,0,0,35,36,36,0,
"Velasquez, David ",December_2022,G9900,None,0,0,0,0,,0,0,0,0,0,0,9,9,9,0,
"Velasquez, David ",December_2022,G9902,None,0,0,0,0,,0,0,0,0,0,0,12,12,12,0,
"Velasquez, David ",December_2022,G9903,None,0,0,0,0,,0,0,0,0,0,0,208,214,214,0,
"Velasquez, David ",December_2022,G9906,None,0,0,0,0,,0,0,0,0,0,0,12,12,12,0,
"Velasquez, David ",December_2022,G9989,None,0,0,0,0,,0,0,0,0,0,0,3,3,3,0,
"Velasquez, David ",December_2022,G9990,None,0,0,0,0,,0,0,0,0,0,0,15,15,15,0,
"Velasquez, David ",December_2022,G9991,None,0,0,0,0,,0,0,0,0,0,0,30,31,31,0,
"Velasquez, David ",December_2022,G9997,None,0,0,0,0,,0,0,0,0,0,0,0,0,0,0,
"Velasquez, David ",December_2022,INTBL,None,0.01,0.01,0,0.08,8,0.08,0,0,0,0,0,1,1,1,-0.07,8
"Velasquez, David ",December_2022,INTUC,None,0,0,0,1.36,,1.36,0,0,0,0,0,0,0,0,-1.36,
"Velasquez, David ",December_2022,J3301,None,0,0,0,9.41,,9.41,0,21.67,0,0,0,0,0,0,-31.08,
"Velasquez, David ",December_2022,NOC,None,0,0,0,20,,0,20,0,0,0,0,1,1,1,-20,
"Williams, Antoinette S",June_2022,99214,None,0,0,0,6.68,,0,6.68,0,0,0,0,0,0,0,-6.68,
