,,,,,,,,,,,,,,,,,,,,,,,,,,,,,,,,,,,,,,,,,,,,,,,,,,,,,,,,,,,,,,,,,,,,,,,,,,,,,,,,,,,,,,,,,,,
,,,,,,,,,,,,,,,,Earnings,,,,,,,,,,,,,,,,,,,,,,,,Taxes,,,,,,,,,,,,,,,,,,Deductions,,,,,,,,,,,,,,,,,,,,,,,,,,,,,,,,,
,,,,,,,,,,,,,,,,REG,,OT,,401ER,,LTD,,PTO,,FLOAT,,BONUS,,HOL,,BRVMT,,RETRO,,XSP,,XSPLT,,FITW,,MED,,SS,,MEDHI,,VA,,NC,,FL,,MED3P,,SS3P,,401K,,LIFE,,STD,,VLIFE,,LTD,,MDCL,,DNTL,,HSA,,HSACU,,VISON,,4ROTH,,DPPTD,,DPPTV,,GARN1,,SLEV2,,SLEVY,,REIMB,
Co,,Location,,Employee,,ID,,Process,,Chk Date,,Chk/Vchr,,Net,,Hrs,Amount,Hrs,Amount,Hrs,Amount,Hrs,Amount,Hrs,Amount,Hrs,Amount,Hrs,Amount,Hrs,Amount,Hrs,Amount,Hrs,Amount,Hrs,Amount,Hrs,Amount,,Amount,,Amount,,Amount,,Amount,,Amount,,Amount,,Amount,,Amount,,Amount,,Amount,,Amount,,Amount,,Amount,,Amount,,Amount,,Amount,,Amount,,Amount,,Amount,,Amount,,Amount,,Amount,,Amount,,Amount,,Amount,,Amount
177058,,VCFP-SCRIBES-ASHLAKE,,"Agnew, William M.",,138,,2023070701,,07/07/2023,,614,,1360.54,,80.00,1600.00,2.90,87.00,,,,,,,,,,,,,,,,,,,,,,130.06,,24.46,,104.59,,,,67.35,,,,,,,,,,,,,,,,,,,,,,,,,,,,,,,,,,,,,,,,,,
,,,,,,,,2023072101,,07/21/2023,,716,,1278.44,,73.63,1472.60,0.80,24.00,,,,,,,,,,,8.00,160.00,,,,,,,,,,117.38,,22.93,,98.05,,,,61.28,,,,,,,,,,,,,,,,3.31,,,,61.44,,10.72,,,,,,3.05,,,,,,,,,,,,,,
,,,,,,,,2023080401,,08/04/2023,,820,,1278.81,,72.92,1458.40,1.80,54.00,,,,,8.00,160.00,,,,,,,,,,,,,,,,117.54,,22.95,,98.13,,,,61.35,,,,,,,,,,,,,,,,3.95,,,,73.25,,12.78,,,,,,3.64,,,,,,,,,,,,,,
,,,,,,,,2023081801,,08/18/2023,,922,,1242.03,,79.28,1585.60,1.25,37.50,,,,,,,,,,,,,,,,,,,,,,111.63,,22.23,,95.07,,,,58.52,,,,,,,,,,,,,,,,3.95,,,,73.25,,12.78,,,,,,3.64,,,,,,,,,,,,,,
,,,,,,,,2023090101,,09/01/2023,,1026,,1219.50,,76.72,1534.40,1.95,58.50,,,,,,,,,,,,,,,,,,,,,,108.00,,21.80,,93.20,,,,56.78,,,,,,,,,,,,,,,,3.95,,,,73.25,,12.78,,,,,,3.64,,,,,,,,,,,,,,
,,,,,,,,2023091501,,09/15/2023,,1130,,1214.05,,71.28,1425.60,,,,,,,,,,,,,8.00,160.00,,,,,,,,,,107.13,,21.69,,92.75,,,,56.36,,,,,,,,,,,,,,,,3.95,,,,73.25,,12.78,,,,,,3.64,,,,,,,,,,,,,,
,,,,,,,,2023092901,,09/29/2023,,1232,,1292.35,,71.63,1432.60,0.10,3.00,,,,,8.00,160.00,,,,,,,,,,,,,,,,119.09,,23.14,,98.93,,,,62.09,,,,,,,,,,,,,,,,,,,,,,,,,,,,,,,,,,,,,,,,,,
,,,,,,,,2023101301,,10/13/2023,,1337,,1230.99,,80.00,1600.00,2.73,81.90,,,,,,,,,,,,,,,,,,,,,,115.06,,22.65,,96.84,,,,60.16,,,,,,,,,,,,,,32.95,,3.35,,,,103.10,,13.16,,,,,,3.64,,,,,,,,,,,,,,
,,,,,,,,2023102701,,10/27/2023,,1441,,1204.43,,76.02,1520.40,1.53,45.90,,,,,4.00,80.00,,,,,,,,,,,,,,,,110.78,,22.13,,94.64,,,,58.12,,,,,,,,,,,,,,32.95,,3.35,,,,103.10,,13.16,,,,,,3.64,,,,,,,,,,,,,,
,,,,,,,,2023111001,,11/10/2023,,1545,,1160.19,,79.35,1587.00,,,,,,,,,,,,,,,,,,,,,,,,103.67,,21.27,,90.96,,,,54.71,,,,,,,,,,,,,,32.95,,3.35,,,,103.10,,13.16,,,,,,3.64,,,,,,,,,,,,,,
,,,,,,,,2023112401,,11/24/2023,,1648,,1165.12,,75.68,1513.60,,,,,,,4.00,80.00,,,,,,,,,,,,,,,,104.46,,21.37,,91.37,,,,55.08,,,,,,,,,,,,,,32.95,,3.35,,,,103.10,,13.16,,,,,,3.64,,,,,,,,,,,,,,
,,,,,,,,2023120801,,12/08/2023,,1814,,100.00,,,,,,,,,,,,,,0.00,108.28,,,,,,,,,,,,0.00,,1.57,,6.71,,,,0.00,,,,,,,,,,,,,,,,,,,,,,,,,,,,,,,,,,,,,,,,,,
,,,,,,,,,,12/08/2023,,1815,,1175.00,,64.32,1286.40,,,,,,,,,,,,,16.00,320.00,,,,,,,,,,106.05,,21.56,,92.19,,,,55.85,,,,,,,,,,,,,,32.95,,3.35,,,,102.65,,13.16,,,,,,3.64,,,,,,,,,,,,,,
,,,,,,,,2023122001,,12/20/2023,,1,,0.00,,0.00,2.54,,,,,0.00,30.69,,,,,,,,,,,,,,,,,,0.00,,0.48,,2.06,,,,0.00,,,,,,,,,,,,,,,,,,30.69,,,,,,,,,,,,,,,,,,,,,,,,
,,,,,,,,2023122201,,12/22/2023,,1930,,1150.50,,78.70,1574.00,,,,,,,,,,,,,,,,,,,,,,,,102.11,,21.08,,90.15,,,,53.96,,,,,,,,,,,,,,32.95,,3.35,,,,103.10,,13.16,,,,,,3.64,,,,,,,,,,,,,,
,,VCFP-CONSULT-DISCOVERY,,"Ayers, Deborah R.",,33,,2023033101,,03/31/2023,,0,,12076.09,,0.00,17230.78,,,,,,,,,,,,,,,,,,,,,,,,1347.51,,221.53,,947.21,,,,685.32,,,,,,,,,,,,,,,,,,,,854.58,,76.68,,962.52,,37.50,,21.84,,,,,,,,,,,,,,
,,,,,,,,2023041401,,04/14/2023,,35,,1446.73,,80.00,2461.54,,,0.00,98.46,,,,,,,,,,,,,,,,,,,,167.69,,30.97,,132.43,,,,87.44,,,,,,,,,,135.38,,,,,,,,,,142.43,,12.78,,166.67,,,,3.64,,135.38,,,,,,,,,,,,
,,,,,,,,2023042801,,04/28/2023,,124,,1446.73,,80.00,2461.54,,,0.00,98.46,,,,,,,,,,,,,,,,,,,,167.69,,30.97,,132.43,,,,87.44,,,,,,,,,,135.38,,,,,,,,,,142.43,,12.78,,166.67,,,,3.64,,135.38,,,,,,,,,,,,
,,,,,,,,2023051201,,05/12/2023,,214,,1446.73,,80.00,2461.54,,,0.00,98.46,,,,,,,,,,,,,,,,,,,,167.69,,30.97,,132.43,,,,87.44,,,,,,,,,,135.38,,,,,,,,,,142.43,,12.78,,166.67,,,,3.64,,135.38,,,,,,,,,,,,
,,,,,,,,2023052601,,05/26/2023,,303,,1446.73,,80.00,2461.54,,,0.00,98.46,,,,,,,,,,,,,,,,,,,,167.69,,30.97,,132.43,,,,87.44,,,,,,,,,,135.38,,,,,,,,,,142.43,,12.78,,166.67,,,,3.64,,135.38,,,,,,,,,,,,
,,,,,,,,2023060901,,06/09/2023,,391,,1446.73,,72.00,2215.38,,,0.00,98.46,,,,,8.00,246.16,,,,,,,,,,,,,,167.69,,30.97,,132.43,,,,87.44,,,,,,,,,,135.38,,,,,,,,,,142.43,,12.78,,166.67,,,,3.64,,135.38,,,,,,,,,,,,
,,,,,,,,2023062301,,06/23/2023,,484,,1446.73,,56.00,1723.06,,,0.00,98.46,,,24.00,738.48,,,,,,,,,,,,,,,,167.69,,30.97,,132.43,,,,87.44,,,,,,,,,,135.38,,,,,,,,,,142.43,,12.78,,166.67,,,,3.64,,135.38,,,,,,,,,,,,
,,,,,,,,2023070701,,07/07/2023,,582,,1446.73,,40.00,1230.74,,,0.00,98.46,,,40.00,1230.80,,,,,,,,,,,,,,,,167.69,,30.97,,132.43,,,,87.44,,,,,,,,,,135.38,,,,,,,,,,142.43,,12.78,,166.67,,,,3.64,,135.38,,,,,,,,,,,,
,,,,,,,,2023072101,,07/21/2023,,682,,1595.73,,80.00,2692.31,,,0.00,107.69,,,,,,,,,,,,,,,,,,,,193.86,,34.32,,146.74,,,,99.98,,,,,,,,,,148.08,,,,,,,,,,142.43,,12.78,,166.67,,,,3.64,,148.08,,,,,,,,,,,,
,,,,,,,,2023080401,,08/04/2023,,786,,1526.92,,80.00,2692.31,,,0.00,107.69,,,,,,,,,,,,,,,,,,,,185.78,,34.32,,146.74,,,,96.11,,,,,,,,,,215.38,,,,,,,,,,142.43,,12.78,,166.67,,,,3.64,,161.54,,,,,,,,,,,,
,,,,,,,,2023081801,,08/18/2023,,888,,1526.92,,80.00,2692.31,,,0.00,107.69,,,,,,,,,,,,,,,,,,,,185.78,,34.32,,146.74,,,,96.11,,,,,,,,,,215.38,,,,,,,,,,142.43,,12.78,,166.67,,,,3.64,,161.54,,,,,,,,,,,,
,,,,,,,,2023090101,,09/01/2023,,989,,1526.92,,80.00,2692.31,,,0.00,107.69,,,,,,,,,,,,,,,,,,,,185.78,,34.32,,146.74,,,,96.11,,,,,,,,,,215.38,,,,,,,,,,142.43,,12.78,,166.67,,,,3.64,,161.54,,,,,,,,,,,,
,,,,,,,,2023091501,,09/15/2023,,1095,,1526.92,,72.00,2423.08,,,0.00,107.69,,,8.00,269.23,,,,,,,,,,,,,,,,185.78,,34.32,,146.74,,,,96.11,,,,,,,,,,215.38,,,,,,,,,,142.43,,12.78,,166.67,,,,3.64,,161.54,,,,,,,,,,,,
,,,,,,,,2023092901,,09/29/2023,,1197,,1747.35,,80.00,2692.31,,,0.00,107.69,,,,,,,,,,,,,,,,,,,,247.25,,39.04,,166.92,,,,114.83,,,,,,,,,,215.38,,,,,,,,,,,,,,,,,,,,161.54,,,,,,,,,,,,
,,,,,,,,2023101301,,10/13/2023,,1300,,1625.20,,76.00,2557.69,,,0.00,107.69,,,4.00,134.62,,,,,,,,,,,,,,,,188.61,,34.66,,148.24,,,,97.46,,,,,,,,,,215.38,,,,,,,,,,85.19,,13.16,,200.00,,,,3.64,,80.77,,,,,,,,,,,,
,,,,,,,,2023102701,,10/27/2023,,1405,,1550.24,,80.00,2692.31,,,0.00,107.69,,,,,,,,,,,,,,,,,,,,238.61,,34.66,,148.20,,,,122.46,,,,,,,,,,215.38,,,,,,,,,,85.19,,13.16,,200.00,,,,3.64,,80.77,,,,,,,,,,,,
,,,,,,,,2023111001,,11/10/2023,,1509,,828.28,,32.00,1076.80,,,,,,,,,,,,,,,,,,,,,,,,106.83,,15.61,,66.76,,,,59.32,,,,,,,,,,,,,,,,,,,,,,,,,,,,,,,,,,,,,,,,,,
,,,,,,,,2023122001,,12/20/2023,,82,,0.00,,0.00,1.43,,,,,0.00,17.21,,,,,,,,,,,,,,,,,,0.00,,0.27,,1.16,,,,0.00,,,,,,,,,,,,,,,,,,17.21,,,,,,,,,,,,,,,,,,,,,,,,
,,VCFP-FRONTDESK-ASHLAKE,,"Azhar, Sarah ",,54,,2023033101,,03/31/2023,,0,,7753.16,,518.11,8807.87,21.58,550.31,,,,,20.30,345.10,,,,,16.00,272.00,,,,,,,,,,625.57,,136.82,,585.00,,,,334.97,,,,,,,,,,,,,,,,,,,,441.24,,76.68,,,,,,21.84,,,,,,,,,,,,,,
,,,,,,,,2023041401,,04/14/2023,,40,,1087.53,,80.00,1360.00,2.00,51.00,,,,,,,,,,,,,,,,,,,,,,86.14,,19.16,,81.90,,,,46.31,,,,,,,,,,,,,,,,,,,,73.54,,12.78,,,,,,3.64,,,,,,,,,,,,,,
,,,,,,,,2023042801,,04/28/2023,,129,,1129.39,,80.00,1360.00,4.20,107.10,,,,,,,,,,,,,,,,,,,,,,92.87,,19.97,,85.38,,,,49.53,,,,,,,,,,,,,,,,,,,,73.54,,12.78,,,,,,3.64,,,,,,,,,,,,,,
,,,,,,,,2023051201,,05/12/2023,,219,,1110.36,,80.00,1360.00,3.20,81.60,,,,,,,,,,,,,,,,,,,,,,89.81,,19.60,,83.80,,,,48.07,,,,,,,,,,,,,,,,,,,,73.54,,12.78,,,,,,3.64,,,,,,,,,,,,,,
,,,,,,,,2023052601,,05/26/2023,,308,,1104.14,,72.83,1238.11,2.32,59.16,,,,,8.00,136.00,,,,,,,,,,,,,,,,88.81,,19.48,,83.29,,,,47.59,,,,,,,,,,,,,,,,,,,,73.54,,12.78,,,,,,3.64,,,,,,,,,,,,,,
,,,,,,,,2023060901,,06/09/2023,,396,,1082.08,,71.42,1214.14,2.10,53.55,,,,,,,,,,,8.00,136.00,,,,,,,,,,85.26,,19.05,,81.45,,,,45.89,,,,,,,,,,,,,,,,,,,,73.54,,12.78,,,,,,3.64,,,,,,,,,,,,,,
,,,,,,,,2023062301,,06/23/2023,,489,,1093.81,,80.00,1360.00,2.33,59.42,,,,,,,,,,,,,,,,,,,,,,87.15,,19.28,,82.43,,,,46.79,,,,,,,,,,,,,,,,,,,,73.54,,12.78,,,,,,3.64,,,,,,,,,,,,,,
,,,,,,,,2023070701,,07/07/2023,,587,,1139.28,,80.00,1360.00,4.72,120.36,,,,,,,,,,,,,,,,,,,,,,94.46,,20.16,,86.20,,,,50.30,,,,,,,,,,,,,,,,,,,,73.54,,12.78,,,,,,3.64,,,,,,,,,,,,,,
,,,,,,,,2023072101,,07/21/2023,,687,,1087.53,,65.00,1105.00,,,,,,,10.00,170.00,,,,,8.00,136.00,,,,,,,,,,86.14,,19.16,,81.90,,,,46.31,,,,,,,,,,,,,,,,,,,,73.54,,12.78,,,,,,3.64,,,,,,,,,,,,,,
,,,,,,,,2023080401,,08/04/2023,,791,,1100.29,,73.95,1257.15,1.37,34.94,,,,,8.00,136.00,,,,,,,,,,,,,,,,88.19,,19.40,,82.96,,,,47.29,,,,,,,,,,,,,,,,,,,,73.54,,12.78,,,,,,3.64,,,,,,,,,,,,,,
,,,,,,,,2023081801,,08/18/2023,,893,,1064.32,,79.70,1354.90,0.98,24.99,,,,,,,,,,,,,,,,,,,,,,82.41,,18.70,,79.98,,,,44.52,,,,,,,,,,,,,,,,,,,,73.54,,12.78,,,,,,3.64,,,,,,,,,,,,,,
,,,,,,,,2023090101,,09/01/2023,,994,,1157.93,,80.00,1360.00,5.70,145.35,,,,,,,,,,,,,,,,,,,,,,97.46,,20.52,,87.75,,,,51.73,,,,,,,,,,,,,,,,,,,,73.54,,12.78,,,,,,3.64,,,,,,,,,,,,,,
,,,,,,,,2023091501,,09/15/2023,,1100,,1078.27,,61.27,1041.59,,,,,,,5.00,85.00,8.00,136.00,,,8.00,136.00,,,,,,,,,,84.65,,18.98,,81.14,,,,45.59,,,,,,,,,,,,,,,,,,,,73.54,,12.78,,,,,,3.64,,,,,,,,,,,,,,
,,,,,,,,2023092901,,09/29/2023,,1202,,1151.54,,72.70,1235.90,1.37,34.94,,,,,8.00,136.00,,,,,,,,,,,,,,,,96.44,,20.40,,87.22,,,,51.24,,,,,,,,,,,,,,,,,,,,,,,,,,,,,,,,,,,,,,,,,,
,,,,,,,,2023101301,,10/13/2023,,1305,,1025.95,,79.53,1352.01,0.25,6.38,,,,,,,,,,,,,,,,,,,,,,76.23,,17.96,,76.79,,,,41.56,,,,,,,,,,,,,,,,,,,,103.10,,13.16,,,,,,3.64,,,,,,,,,,,,,,
,,,,,,,,2023102701,,10/27/2023,,1410,,1030.70,,79.50,1351.50,0.52,13.26,,,,,,,,,,,,,,,,,,,,,,77.00,,18.05,,77.18,,,,41.93,,,,,,,,,,,,,,,,,,,,103.10,,13.16,,,,,,3.64,,,,,,,,,,,,,,
,,,,,,,,2023111001,,11/10/2023,,1514,,1060.60,,72.83,1238.11,1.47,37.49,,,,,8.00,136.00,,,,,,,,,,,,,,,,82.62,,18.73,,80.09,,,,44.62,,,,,,,,,,,,,,,,5.04,,,,103.10,,13.16,,,,,,3.64,,,,,,,,,,,,,,
,,,,,,,,2023112401,,11/24/2023,,1617,,1107.27,,80.00,1360.00,4.30,109.65,,,,,,,,,,,,,,,,,,,,,,89.59,,19.57,,83.68,,,,47.96,,,,,,,,,,,,,,,,1.68,,,,103.10,,13.16,,,,,,3.64,,,,,,,,,,,,,,
,,,,,,,,2023120801,,12/08/2023,,1759,,200.00,,,,,,,,,,,,,,0.00,216.57,,,,,,,,,,,,0.00,,3.14,,13.43,,,,0.00,,,,,,,,,,,,,,,,,,,,,,,,,,,,,,,,,,,,,,,,,,
,,,,,,,,,,12/08/2023,,1760,,894.59,,38.02,674.86,,,,,,,12.69,225.25,,,,,16.00,284.00,,,,,,,,,,55.37,,15.44,,66.01,,,,31.57,,,,,,,,,,,,,,,,1.68,,,,102.65,,13.16,,,,,,3.64,,,,,,,,,,,,,,
,,,,,,,,2023122001,,12/20/2023,,4,,0.00,,0.00,2.20,,,,,0.00,26.46,,,,,,,,,,,,,,,,,,0.00,,0.42,,1.78,,,,0.00,,,,,,,,,,,,,,,,,,26.46,,,,,,,,,,,,,,,,,,,,,,,,
,,,,,,,,2023122201,,12/22/2023,,1898,,1159.62,,80.00,1420.00,4.50,119.81,,,,,,,,,,,,,,,,,,,,,,98.00,,20.59,,88.03,,,,51.99,,,,,,,,,,,,,,,,1.68,,,,103.10,,13.16,,,,,,3.64,,,,,,,,,,,,,,
,,VCFP-MEDASSIST-WATERSIDE,,"Ball, Kaitlyn R.",,28,,2023033101,,03/31/2023,,0,,8931.92,,507.90,9904.06,36.22,1059.44,,,,,45.00,877.50,,,,,16.00,312.00,,,,,,,,,,815.19,,159.73,,682.97,,,,425.83,,,,,,,,,,,,,,,,,,,,438.84,,76.68,,600.00,,,,21.84,,,,,,,,,,,,,,
,,,,,,,,2023041401,,04/14/2023,,48,,1274.95,,80.00,1560.00,6.90,201.83,,,,,,,,,,,,,,,,,,,,,,116.29,,22.80,,97.48,,,,60.75,,,,,,,,,,,,,,,,,,,,73.14,,12.78,,100.00,,,,3.64,,,,,,,,,,,,,,
,,,,,,,,2023042801,,04/28/2023,,137,,1329.21,,76.00,1482.00,6.72,196.56,,,,,,,8.00,156.00,,,,,,,,,,,,,,125.02,,23.85,,101.99,,,,64.93,,,,,,,,,,,,,,,,,,,,73.14,,12.78,,100.00,,,,3.64,,,,,,,,,,,,,,
,,,,,,,,2023051201,,05/12/2023,,227,,1262.51,,76.05,1482.98,3.63,106.18,,,,,8.00,156.00,,,,,,,,,,,,,,,,114.29,,22.56,,96.45,,,,59.79,,,,,,,,,,,,,,,,,,,,73.14,,12.78,,100.00,,,,3.64,,,,,,,,,,,,,,
,,,,,,,,2023052601,,05/26/2023,,316,,1301.13,,80.00,1560.00,8.10,236.93,,,,,,,,,,,,,,,,,,,,,,120.50,,23.31,,99.66,,,,62.77,,,,,,,,,,,,,,,,,,,,73.14,,12.78,,100.00,,,,3.64,,,,,,,,,,,,,,
,,,,,,,,2023060901,,06/09/2023,,404,,1299.67,,76.70,1495.65,4.90,143.33,,,,,,,,,,,8.00,156.00,,,,,,,,,,120.27,,23.28,,99.54,,,,62.66,,,,,,,,,,,,,,,,,,,,73.14,,12.78,,100.00,,,,3.64,,,,,,,,,,,,,,
,,,,,,,,2023062301,,06/23/2023,,497,,1248.11,,80.00,1560.00,5.67,165.85,,,,,,,,,,,,,,,,,,,,,,111.97,,22.28,,95.25,,,,58.68,,,,,,,,,,,,,,,,,,,,73.14,,12.78,,100.00,,,,3.64,,,,,,,,,,,,,,
,,,,,,,,2023070701,,07/07/2023,,595,,1290.67,,80.00,1560.00,7.62,222.89,,,,,,,,,,,,,,,,,,,,,,118.81,,23.10,,98.79,,,,61.96,,,,,,,,,,,,,,,,,,,,73.14,,12.78,,100.00,,,,3.64,,,,,,,,,,,,,,
,,,,,,,,2023072101,,07/21/2023,,695,,1207.01,,69.68,1358.76,,,,,,,8.00,156.00,,,,,8.00,156.00,,,,,,,,,,105.36,,21.48,,91.83,,,,55.52,,,,,,,,,,,,,,,,,,,,73.14,,12.78,,100.00,,,,3.64,,,,,,,,,,,,,,
,,,,,,,,2023080401,,08/04/2023,,799,,1263.96,,80.00,1560.00,3.73,109.10,,,,,4.00,78.00,,,,,,,,,,,,,,,,114.52,,22.58,,96.57,,,,59.91,,,,,,,,,,,,,,,,,,,,73.14,,12.78,,100.00,,,,3.64,,,,,,,,,,,,,,
,,,,,,,,2023081801,,08/18/2023,,901,,1221.48,,80.00,1560.00,4.45,130.16,,,,,,,,,,,,,,,,,,,,,,107.69,,21.76,,93.04,,,,56.63,,,,,,,,,,,,,,,,,,,,73.14,,12.78,,100.00,,,,3.64,,,,,,,,,,,,,,
,,,,,,,,2023090101,,09/01/2023,,1002,,1149.77,,80.00,1560.00,5.25,153.56,0.00,71.66,,,4.00,78.00,,,,,,,,,,,,,,,,98.36,,23.23,,99.32,,,,52.16,,,,,,,,,,179.16,,,,,,,,,,73.14,,12.78,,100.00,,,,3.64,,,,,,,,,,,,,,
,,,,,,,,2023091501,,09/15/2023,,1108,,1090.96,,76.93,1500.14,1.60,46.80,0.00,68.12,,,,,,,,,8.00,156.00,,,,,,,,,,88.79,,21.94,,93.83,,,,47.57,,,,,,,,,,170.29,,,,,,,,,,73.14,,12.78,,100.00,,,,3.64,,,,,,,,,,,,,,
,,,,,,,,2023092901,,09/29/2023,,1210,,1255.33,,80.00,1560.00,6.07,177.55,0.00,69.50,,,,,,,,,,,,,,,,,,,,115.27,,25.19,,107.73,,,,60.27,,,,,,,,,,173.76,,,,,,,,,,,,,,,,,,,,,,,,,,,,,,,,
,,,,,,,,2023101301,,10/13/2023,,1313,,1092.05,,76.65,1494.68,6.08,177.84,0.00,73.14,,,8.00,156.00,,,,,,,,,,,,,,,,94.86,,22.86,,97.74,,,,50.48,,,,,,,,,,182.85,,,,35.69,,,,,,85.19,,13.16,,150.00,,,,3.64,,,,,,,,,,,,,,
,,,,,,,,2023102701,,10/27/2023,,1419,,1015.16,,80.00,1560.00,5.22,152.69,0.00,68.51,,,,,,,,,,,,,,,,,,,,82.35,,21.18,,90.56,,,,44.49,,,,,,,,,,171.27,,,,35.69,,,,,,85.19,,13.16,,150.00,,,,3.64,,,,,,,,,,,,,,
,,,,,,,,2023111001,,11/10/2023,,1522,,996.92,,76.00,1482.00,1.67,48.85,0.00,67.47,,,8.00,156.00,,,,,,,,,,,,,,,,79.56,,20.81,,88.96,,,,43.15,,,,,,,,,,168.69,,,,35.69,,1.08,,,,85.19,,13.16,,150.00,,,,3.64,,,,,,,,,,,,,,
,,,,,,,,2023112401,,11/24/2023,,1625,,993.64,,78.77,1536.02,1.95,57.04,0.00,67.23,,,4.50,87.75,,,,,,,,,,,,,,,,78.90,,20.72,,88.59,,,,42.84,,,,,,,,,,168.08,,,,35.69,,0.36,,,,85.19,,13.16,,150.00,,,,3.64,,,,,,,,,,,,,,
,,,,,,,,2023120801,,12/08/2023,,1775,,300.00,,,,,,,,,,,,,,0.00,324.85,,,,,,,,,,,,0.00,,4.71,,20.14,,,,0.00,,,,,,,,,,,,,,,,,,,,,,,,,,,,,,,,,,,,,,,,,,
,,,,,,,,,,12/08/2023,,1776,,974.82,,58.12,1133.34,1.73,50.60,0.00,66.08,,,8.00,156.00,,,,,16.00,312.00,,,,,,,,,,75.84,,20.31,,86.82,,,,41.37,,,,,,,,,,165.19,,,,35.69,,0.36,,,,84.74,,13.16,,150.00,,,,3.64,,,,,,,,,,,,,,
,,,,,,,,2023122001,,12/20/2023,,5,,0.00,,0.00,2.48,,,,,0.00,29.91,,,,,,,,,,,,,,,,,,0.00,,0.47,,2.01,,,,0.00,,,,,,,,,,,,,,,,,,29.91,,,,,,,,,,,,,,,,,,,,,,,,
,,,,,,,,2023122201,,12/22/2023,,1907,,1038.09,,80.00,1560.00,6.42,187.79,0.00,69.91,,,,,,,,,,,,,,,,,,,,86.14,,21.69,,92.74,,,,46.31,,,,,,,,,,174.78,,,,35.69,,0.36,,,,85.19,,13.16,,150.00,,,,3.64,,,,,,,,,,,,,,
,,VCFP-APC-ASHLAKE,,"Beaman, Caitlin ",,4,,2023033101,,03/31/2023,,0,,19898.71,,0.00,25576.95,,,,,,,32.00,0.00,,,0.00,2450.00,,,,,,,,,,,,3654.68,,397.83,,1701.07,,,,1356.82,,,,,,,,,,,,,,427.56,,,,,,491.76,,76.68,,,,,,21.84,,,,,,,,,,,,,,
,,,,,,,,2023041401,,04/14/2023,,19,,2550.85,,80.00,3653.85,,,,,,,,,,,,,,,,,,,,,,,,484.53,,51.55,,220.44,,,,176.84,,,,,,,,,,,,,,71.26,,,,,,81.96,,12.78,,,,,,3.64,,,,,,,,,,,,,,
,,,,,,,,2023042801,,04/28/2023,,105,,2550.85,,80.00,3653.85,,,,,,,,,,,,,,,,,,,,,,,,484.53,,51.55,,220.44,,,,176.84,,,,,,,,,,,,,,71.26,,,,,,81.96,,12.78,,,,,,3.64,,,,,,,,,,,,,,
,,,,,,,,2023051201,,05/12/2023,,193,,2550.85,,64.00,2923.13,,,,,,,16.00,730.72,,,,,,,,,,,,,,,,484.53,,51.55,,220.44,,,,176.84,,,,,,,,,,,,,,71.26,,,,,,81.96,,12.78,,,,,,3.64,,,,,,,,,,,,,,
,,,,,,,,2023052601,,05/26/2023,,283,,2550.85,,80.00,3653.85,,,,,,,,,,,,,,,,,,,,,,,,484.53,,51.55,,220.44,,,,176.84,,,,,,,,,,,,,,71.26,,,,,,81.96,,12.78,,,,,,3.64,,,,,,,,,,,,,,
,,,,,,,,2023060901,,06/09/2023,,372,,2550.85,,32.00,1461.69,,,,,,,32.00,1461.44,8.00,365.36,,,8.00,365.36,,,,,,,,,,484.53,,51.55,,220.44,,,,176.84,,,,,,,,,,,,,,71.26,,,,,,81.96,,12.78,,,,,,3.64,,,,,,,,,,,,,,
,,,,,,,,2023062301,,06/23/2023,,464,,2550.85,,80.00,3653.85,,,,,,,,,,,,,,,,,,,,,,,,484.53,,51.55,,220.44,,,,176.84,,,,,,,,,,,,,,71.26,,,,,,81.96,,12.78,,,,,,3.64,,,,,,,,,,,,,,
,,,,,,,,2023070701,,07/07/2023,,559,,2550.85,,72.00,3288.49,,,,,,,8.00,365.36,,,,,,,,,,,,,,,,484.53,,51.55,,220.44,,,,176.84,,,,,,,,,,,,,,71.26,,,,,,81.96,,12.78,,,,,,3.64,,,,,,,,,,,,,,
,,,,,,,,,,07/07/2023,,560,,1582.69,,,,,,,,,,,,,,0.00,2450.00,,,,,,,,,,,,539.00,,35.53,,151.90,,,,140.88,,,,,,,,,,,,,,,,,,,,,,,,,,,,,,,,,,,,,,,,,,
,,,,,,,,2023072101,,07/21/2023,,658,,2550.85,,80.00,3653.85,,,,,,,,,,,,,,,,,,,,,,,,484.53,,51.55,,220.44,,,,176.84,,,,,,,,,,,,,,71.26,,,,,,81.96,,12.78,,,,,,3.64,,,,,,,,,,,,,,
,,,,,,,,2023080401,,08/04/2023,,761,,2550.85,,72.00,3288.49,,,,,,,8.00,365.36,,,,,,,,,,,,,,,,484.53,,51.55,,220.44,,,,176.84,,,,,,,,,,,,,,71.26,,,,,,81.96,,12.78,,,,,,3.64,,,,,,,,,,,,,,
,,,,,,,,2023081801,,08/18/2023,,864,,2550.81,,80.00,3653.85,,,,,,,,,,,,,,,,,,,,,,,,484.53,,51.59,,220.44,,,,176.84,,,,,,,,,,,,,,71.26,,,,,,81.96,,12.78,,,,,,3.64,,,,,,,,,,,,,,
,,,,,,,,2023090101,,09/01/2023,,965,,2550.85,,56.00,2557.77,,,,,,,24.00,1096.08,,,,,,,,,,,,,,,,484.53,,51.55,,220.44,,,,176.84,,,,,,,,,,,,,,71.26,,,,,,81.96,,12.78,,,,,,3.64,,,,,,,,,,,,,,
,,,,,,,,2023091501,,09/15/2023,,1070,,2550.85,,80.00,3653.85,,,,,,,,,,,,,,,,,,,,,,,,484.53,,51.55,,220.44,,,,176.84,,,,,,,,,,,,,,71.26,,,,,,81.96,,12.78,,,,,,3.64,,,,,,,,,,,,,,
,,,,,,,,2023092901,,09/29/2023,,1172,,2685.66,,48.00,2192.41,,,,,,,32.00,1461.44,,,,,,,,,,,,,,,,506.17,,52.98,,226.54,,,,182.50,,,,,,,,,,,,,,,,,,,,,,,,,,,,,,,,,,,,,,,,,,
,,,,,,,,2023101301,,10/13/2023,,1275,,2524.63,,80.00,3653.85,,,,,,,,,,,,,,,,,,,,,,,,479.80,,51.24,,219.10,,,,175.61,,,,,,,,,,,,,,83.57,,,,,,103.10,,13.16,,,,,,3.64,,,,,,,,,,,,,,
,,,,,,,,2023102701,,10/27/2023,,1380,,2524.63,,80.00,3653.85,,,,,,,,,,,,,,,,,,,,,,,,479.80,,51.24,,219.10,,,,175.61,,,,,,,,,,,,,,83.57,,,,,,103.10,,13.16,,,,,,3.64,,,,,,,,,,,,,,
,,,,,,,,,,10/27/2023,,1381,,1582.69,,,,,,,,,,,,,,0.00,2450.00,,,,,,,,,,,,539.00,,35.53,,151.90,,,,140.88,,,,,,,,,,,,,,,,,,,,,,,,,,,,,,,,,,,,,,,,,,
,,,,,,,,2023111001,,11/10/2023,,1484,,2524.63,,80.00,3653.85,,,,,,,,,,,,,,,,,,,,,,,,479.80,,51.24,,219.10,,,,175.61,,,,,,,,,,,,,,83.57,,,,,,103.10,,13.16,,,,,,3.64,,,,,,,,,,,,,,
,,,,,,,,2023112401,,11/24/2023,,1588,,2524.63,,80.00,3653.85,,,,,,,,,,,,,,,,,,,,,,,,479.80,,51.24,,219.10,,,,175.61,,,,,,,,,,,,,,83.57,,,,,,103.10,,13.16,,,,,,3.64,,,,,,,,,,,,,,
,,,,,,,,2023120801,,12/08/2023,,1710,,2524.93,,80.00,3653.85,,,,,,,,,,,,,,,,,,,,,,,,479.89,,51.25,,219.13,,,,175.63,,,,,,,,,,,,,,83.57,,,,,,102.65,,13.16,,,,,,3.64,,,,,,,,,,,,,,
,,,,,,,,2023122001,,12/20/2023,,6,,0.00,,0.00,5.80,,,,,0.00,70.08,,,,,,,,,,,,,,,,,,0.00,,1.10,,4.70,,,,0.00,,,,,,,,,,,,,,,,,,70.08,,,,,,,,,,,,,,,,,,,,,,,,
,,,,,,,,2023122201,,12/22/2023,,1868,,2524.63,,80.00,3653.85,,,,,,,,,,,,,,,,,,,,,,,,479.80,,51.24,,219.10,,,,175.61,,,,,,,,,,,,,,83.57,,,,,,103.10,,13.16,,,,,,3.64,,,,,,,,,,,,,,
,,VCFP-APC-ASHLAKE,,"Beers, Grace A.",,21,,2023033101,,03/31/2023,,0,,10051.95,,0.00,13846.14,,,0.00,553.81,,,,,,,,,,,,,,,,,,,,782.08,,200.77,,858.46,,,,568.28,,,,,,,,,,1384.60,,,,,,,,,,,,,,,,,,,,,,,,,,,,,,,,
,,,,,,,,2023041401,,04/14/2023,,20,,2216.72,,80.00,3076.92,,,0.00,123.08,,,,,,,,,,,,,,,,,,,,187.54,,44.62,,190.77,,,,129.58,,,,,,,,,,307.69,,,,,,,,,,,,,,,,,,,,,,,,,,,,,,,,
,,,,,,,,2023042801,,04/28/2023,,106,,2727.30,,80.00,3846.16,,,0.00,153.85,,,,,,,,,,,,,,,,,,,,270.62,,55.77,,238.46,,,,169.39,,,,,,,,,,384.62,,,,,,,,,,,,,,,,,,,,,,,,,,,,,,,,
,,,,,,,,,,04/28/2023,,107,,710.60,,,,,,,,,,,,,,0.00,1100.00,,,,,,,,,,,,242.00,,15.95,,68.20,,,,63.25,,,,,,,,,,,,,,,,,,,,,,,,,,,,,,,,,,,,,,,,,,
,,,,,,,,2023051201,,05/12/2023,,194,,2727.30,,80.00,3846.16,,,0.00,153.85,,,,,,,,,,,,,,,,,,,,270.62,,55.77,,238.46,,,,169.39,,,,,,,,,,384.62,,,,,,,,,,,,,,,,,,,,,,,,,,,,,,,,
,,,,,,,,2023052601,,05/26/2023,,284,,2727.30,,80.00,3846.16,,,0.00,153.85,,,,,,,,,,,,,,,,,,,,270.62,,55.77,,238.46,,,,169.39,,,,,,,,,,384.62,,,,,,,,,,,,,,,,,,,,,,,,,,,,,,,,
,,,,,,,,2023060901,,06/09/2023,,373,,2917.12,,80.00,3846.16,,,0.00,153.85,,,,,,,,,,,,,,,,,,,,298.31,,55.77,,238.46,,,,182.65,,,,,,,,,,153.85,,,,,,,,,,,,,,,,,,,,,,,,,,,,,,,,
,,,,,,,,2023062301,,06/23/2023,,465,,2917.12,,80.00,3846.16,,,0.00,153.85,,,,,,,,,,,,,,,,,,,,298.31,,55.77,,238.46,,,,182.65,,,,,,,,,,153.85,,,,,,,,,,,,,,,,,,,,,,,,,,,,,,,,
,,,,,,,,2023070701,,07/07/2023,,561,,2917.12,,80.00,3846.16,,,0.00,153.85,,,,,,,,,,,,,,,,,,,,298.31,,55.77,,238.46,,,,182.65,,,,,,,,,,153.85,,,,,,,,,,,,,,,,,,,,,,,,,,,,,,,,
,,,,,,,,2023072101,,07/21/2023,,659,,2917.12,,76.00,3653.85,,,0.00,153.85,,,4.00,192.31,,,,,,,,,,,,,,,,298.31,,55.77,,238.46,,,,182.65,,,,,,,,,,153.85,,,,,,,,,,,,,,,,,,,,,,,,,,,,,,,,
,,,,,,,,2023080401,,08/04/2023,,762,,2917.12,,48.00,2307.70,,,0.00,153.85,,,32.00,1538.46,,,,,,,,,,,,,,,,298.31,,55.77,,238.46,,,,182.65,,,,,,,,,,153.85,,,,,,,,,,,,,,,,,,,,,,,,,,,,,,,,
,,,,,,,,2023081801,,08/18/2023,,865,,2917.12,,80.00,3846.16,,,0.00,153.85,,,,,,,,,,,,,,,,,,,,298.31,,55.77,,238.46,,,,182.65,,,,,,,,,,153.85,,,,,,,,,,,,,,,,,,,,,,,,,,,,,,,,
,,,,,,,,,,08/18/2023,,866,,1172.49,,,,,,0.00,76.00,,,,,,,0.00,1900.00,,,,,,,,,,,,401.28,,27.55,,117.80,,,,104.88,,,,,,,,,,76.00,,,,,,,,,,,,,,,,,,,,,,,,,,,,,,,,
,,,,,,,,2023090101,,09/01/2023,,966,,2917.12,,64.00,3076.92,,,0.00,153.85,,,8.00,384.62,8.00,384.62,,,,,,,,,,,,,,298.31,,55.77,,238.46,,,,182.65,,,,,,,,,,153.85,,,,,,,,,,,,,,,,,,,,,,,,,,,,,,,,
,,,,,,,,2023091501,,09/15/2023,,1071,,2917.12,,80.00,3846.16,,,0.00,153.85,,,,,,,,,,,,,,,,,,,,298.31,,55.77,,238.46,,,,182.65,,,,,,,,,,153.85,,,,,,,,,,,,,,,,,,,,,,,,,,,,,,,,
,,,,,,,,2023092901,,09/29/2023,,1173,,2917.12,,64.00,3846.17,,,0.00,153.85,,,,,,,,,,,,,,,,,,,,298.31,,55.77,,238.46,,,,182.66,,,,,,,,,,153.85,,,,,,,,,,,,,,,,,,,,,,,,,,,,,,,,
,,,,,,,,2023101301,,10/13/2023,,1276,,4037.23,,28.00,1682.70,,,0.00,221.18,,,64.01,3846.77,,,,,,,,,,,,,,,,572.48,,80.18,,342.83,,,,275.57,,,,,,,,,,221.18,,,,,,,,,,,,,,,,,,,,,,,,,,,,,,,,
,,VCFP-CCM-REMOTE,,"Berchtold, Amy C.",,139,,2023070701,,07/07/2023,,575,,1297.09,,79.98,1599.60,0.17,5.10,,,,,,,,,,,,,,,,,,,,,,120.18,,23.27,,99.49,,,,64.67,,,,,,,,,,,,,,,,,,,,,,,,,,,,,,,,,,,,,,,,,,
,,,,,,,,2023072101,,07/21/2023,,674,,1283.31,,72.00,1440.00,,,,,,,,,,,,,8.00,160.00,,,,,,,,,,117.96,,23.00,,98.35,,,,63.61,,,,,,,,,,,,,,,,,,,,,,10.72,,,,,,3.05,,,,,,,,,,,,,,
,,,,,,,,2023080401,,08/04/2023,,777,,1270.90,,79.30,1586.00,,,,,,,,,,,,,,,,,,,,,,,,115.96,,22.76,,97.31,,,,62.65,,,,,,,,,,,,,,,,,,,,,,12.78,,,,,,3.64,,,,,,,,,,,,,,
,,,,,,,,2023081801,,08/18/2023,,880,,1265.67,,78.95,1579.00,,,,,,,,,,,,,,,,,,,,,,,,115.12,,22.66,,96.88,,,,62.25,,,,,,,,,,,,,,,,,,,,,,12.78,,,,,,3.64,,,,,,,,,,,,,,
,,,,,,,,2023090101,,09/01/2023,,981,,1264.17,,74.85,1497.00,,,,,,,4.00,80.00,,,,,,,,,,,,,,,,114.88,,22.63,,96.76,,,,62.14,,,,,,,,,,,,,,,,,,,,,,12.78,,,,,,3.64,,,,,,,,,,,,,,
,,,,,,,,2023091501,,09/15/2023,,1087,,1276.87,,71.70,1434.00,,,,,,,,,,,,,8.00,160.00,,,,,,,,,,116.92,,22.87,,97.81,,,,63.11,,,,,,,,,,,,,,,,,,,,,,12.78,,,,,,3.64,,,,,,,,,,,,,,
,,,,,,,,2023092901,,09/29/2023,,1189,,1269.41,,78.38,1567.60,,,,,,,,,,,,,,,,,,,,,,,,115.73,,22.73,,97.19,,,,62.54,,,,,,,,,,,,,,,,,,,,,,,,,,,,,,,,,,,,,,,,,,
,,,,,,,,2023101301,,10/13/2023,,1292,,1267.91,,71.12,1422.40,,,,,,,,,8.00,160.00,,,,,,,,,,,,,,115.49,,22.70,,97.07,,,,62.43,,,,,,,,,,,,,,,,,,,,,,13.16,,,,,,3.64,,,,,,,,,,,,,,
,,,,,,,,2023102701,,10/27/2023,,1397,,1279.33,,79.78,1595.60,0.07,2.10,,,,,,,,,,,,,,,,,,,,,,117.32,,22.92,,98.02,,,,63.31,,,,,,,,,,,,,,,,,,,,,,13.16,,,,,,3.64,,,,,,,,,,,,,,
,,,,,,,,2023111001,,11/10/2023,,1501,,1282.17,,79.97,1599.40,0.07,2.10,,,,,,,,,,,,,,,,,,,,,,117.78,,22.98,,98.25,,,,63.52,,,,,,,,,,,,,,,,,,,,,,13.16,,,,,,3.64,,,,,,,,,,,,,,
,,,,,,,,2023112401,,11/24/2023,,1605,,1280.30,,76.95,1539.00,,,,,,,3.00,60.00,,,,,,,,,,,,,,,,117.48,,22.94,,98.10,,,,63.38,,,,,,,,,,,,,,,,,,,,,,13.16,,,,,,3.64,,,,,,,,,,,,,,
,,,,,,,,2023120801,,12/08/2023,,1735,,100.00,,,,,,,,,,,,,,0.00,108.28,,,,,,,,,,,,0.00,,1.57,,6.71,,,,0.00,,,,,,,,,,,,,,,,,,,,,,,,,,,,,,,,,,,,,,,,,,
,,,,,,,,,,12/08/2023,,1736,,1285.90,,63.77,1275.40,0.37,11.10,,,,,,,,,,,16.00,320.00,,,,,,,,,,118.38,,23.05,,98.56,,,,63.81,,,,,,,,,,,,,,,,,,,,,,13.16,,,,,,3.64,,,,,,,,,,,,,,
,,,,,,,,2023122001,,12/20/2023,,8,,0.00,,0.00,2.54,,,,,0.00,30.69,,,,,,,,,,,,,,,,,,0.00,,0.48,,2.06,,,,0.00,,,,,,,,,,,,,,,,,,30.69,,,,,,,,,,,,,,,,,,,,,,,,
,,,,,,,,2023122201,,12/22/2023,,1885,,1303.87,,80.00,1600.00,1.02,30.60,,,,,,,,,,,,,,,,,,,,,,121.27,,23.40,,100.06,,,,65.20,,,,,,,,,,,,,,,,,,,,,,13.16,,,,,,3.64,,,,,,,,,,,,,,
,,VCFP-MEDASSIST-DISCOVERY,,"Branch, Cindy M.",,147,,2023072101,,07/21/2023,,704,,427.24,,23.23,464.60,,,,,,,,,,,,,,,,,,,,,,,,0.00,,6.74,,28.81,,,,1.81,,,,,,,,,,,,,,,,,,,,,,,,,,,,,,,,,,,,,,,,,,
,,,,,,,,2023080401,,08/04/2023,,808,,1305.80,,72.93,1458.60,,,,,,,,,,,,,,,8.00,160.00,,,,,,,,121.15,,23.39,,99.99,,,,61.31,,,,,,,,,,,,,,,,1.14,,,,,,4.53,,,,,,1.29,,,,,,,,,,,,,,
,,,,,,,,2023081801,,08/18/2023,,910,,1304.70,,78.93,1578.60,1.73,51.90,,,,,,,,,,,,,,,,,,,,,,121.30,,23.40,,100.07,,,,61.39,,,,,,,,,,,,,,,,3.22,,,,,,12.78,,,,,,3.64,,,,,,,,,,,,,,
,,,,,,,,2023090101,,09/01/2023,,1011,,1298.57,,79.72,1594.40,0.93,27.90,,,,,,,,,,,,,,,,,,,,,,120.32,,23.29,,99.56,,,,60.92,,,,,,,,,,,,,,,,3.22,,,,,,12.78,,,,,,3.64,,,,,,,,,,,,,,
,,,,,,,,2023091501,,09/15/2023,,1117,,1308.49,,72.13,1442.60,1.10,33.00,,,,,,,,,,,8.00,160.00,,,,,,,,,,121.92,,23.48,,100.39,,,,61.68,,,,,,,,,,,,,,,,3.22,,,,,,12.78,,,,,,3.64,,,,,,,,,,,,,,
,,,,,,,,2023092901,,09/29/2023,,1219,,1341.04,,80.00,1600.00,1.95,58.50,,,,,,,,,,,,,,,,,,,,,,126.64,,24.05,,102.83,,,,63.94,,,,,,,,,,,,,,,,,,,,,,,,,,,,,,,,,,,,,,,,,,
,,,,,,,,2023101301,,10/13/2023,,1322,,1293.51,,80.00,1600.00,0.53,15.90,,,,,,,,,,,,,,,,,,,,,,119.51,,23.19,,99.14,,,,60.53,,,,,,,,,,,,,,,,3.22,,,,,,13.16,,,,,,3.64,,,,,,,,,,,,,,
,,,,,,,,2023102701,,10/27/2023,,1428,,1286.13,,48.30,966.00,,,,,,,,,,,,,,,32.00,640.00,,,,,,,,118.32,,23.04,,98.53,,,,59.96,,,,,,,,,,,,,,,,3.22,,,,,,13.16,,,,,,3.64,,,,,,,,,,,,,,
,,,,,,,,2023111001,,11/10/2023,,1531,,1310.00,,73.90,1478.00,,,,,,,8.00,160.00,,,,,,,,,,,,,,,,122.16,,23.51,,100.51,,,,61.80,,,,,,,,,,,,,,,,3.22,,,,,,13.16,,,,,,3.64,,,,,,,,,,,,,,
,,,,,,,,2023112401,,11/24/2023,,1634,,1406.90,,72.40,1448.00,5.33,159.90,,,,,8.00,160.00,,,,,,,,,,,,,,,,137.75,,25.39,,108.57,,,,69.27,,,,,,,,,,,,,,,,3.22,,,,,,13.16,,,,,,3.64,,,,,,,,,,,,,,
,,,,,,,,2023120801,,12/08/2023,,1793,,100.00,,,,,,,,,,,,,,0.00,108.28,,,,,,,,,,,,0.00,,1.57,,6.71,,,,0.00,,,,,,,,,,,,,,,,,,,,,,,,,,,,,,,,,,,,,,,,,,
,,,,,,,,,,12/08/2023,,1794,,1300.38,,62.75,1255.00,1.67,50.10,,,,,,,,,,,16.00,320.00,,,,,,,,,,120.61,,23.32,,99.71,,,,61.06,,,,,,,,,,,,,,,,3.22,,,,,,13.16,,,,,,3.64,,,,,,,,,,,,,,
,,,,,,,,2023122001,,12/20/2023,,10,,0.00,,0.00,1.90,,,,,0.00,23.01,,,,,,,,,,,,,,,,,,0.00,,0.36,,1.54,,,,0.00,,,,,,,,,,,,,,,,,,23.01,,,,,,,,,,,,,,,,,,,,,,,,
,,,,,,,,2023122201,,12/22/2023,,1916,,1341.41,,80.00,1600.00,2.67,80.10,,,,,,,,,,,,,,,,,,,,,,127.21,,24.12,,103.12,,,,64.22,,,,,,,,,,,,,,,,3.22,,,,,,13.16,,,,,,3.64,,,,,,,,,,,,,,
,,VCFP-APC-ASHLAKE,,"Breckenridge, Leigh A.",,65,,2023033101,,03/31/2023,,0,,5879.99,,116.50,6757.00,,,,,,,,,,,,,,,,,,,,,,,,131.85,,97.98,,418.93,,,,228.25,,,,,,,,,,,,,,,,,,,,,,,,,,,,,,,,,,,,,,,,,,
,,,,,,,,2023041401,,04/14/2023,,21,,552.34,,10.50,609.00,,,,,,,,,,,,,,,,,,,,,,,,0.00,,8.83,,37.76,,,,10.07,,,,,,,,,,,,,,,,,,,,,,,,,,,,,,,,,,,,,,,,,,
,,,,,,,,2023042801,,04/28/2023,,108,,992.48,,19.32,1120.56,,,,,,,,,,,,,,,,,,,,,,,,5.52,,16.25,,69.47,,,,36.84,,,,,,,,,,,,,,,,,,,,,,,,,,,,,,,,,,,,,,,,,,
,,,,,,,,2023051201,,05/12/2023,,195,,1066.24,,20.98,1216.84,,,,,,,,,,,,,,,,,,,,,,,,15.15,,17.64,,75.44,,,,42.37,,,,,,,,,,,,,,,,,,,,,,,,,,,,,,,,,,,,,,,,,,
,,,,,,,,2023052601,,05/26/2023,,285,,641.01,,12.25,710.50,,,,,,,,,,,,,,,,,,,,,,,,0.00,,10.30,,44.05,,,,15.14,,,,,,,,,,,,,,,,,,,,,,,,,,,,,,,,,,,,,,,,,,
,,,,,,,,2023060901,,06/09/2023,,374,,577.67,,11.00,638.00,,,,,,,,,,,,,,,,,,,,,,,,0.00,,9.25,,39.56,,,,11.52,,,,,,,,,,,,,,,,,,,,,,,,,,,,,,,,,,,,,,,,,,
,,,,,,,,2023062301,,06/23/2023,,466,,1148.42,,22.83,1324.14,,,,,,,,,,,,,,,,,,,,,,,,25.88,,19.20,,82.10,,,,48.54,,,,,,,,,,,,,,,,,,,,,,,,,,,,,,,,,,,,,,,,,,
,,,,,,,,2023070701,,07/07/2023,,562,,594.40,,11.33,657.14,,,,,,,,,,,,,,,,,,,,,,,,0.00,,9.53,,40.74,,,,12.47,,,,,,,,,,,,,,,,,,,,,,,,,,,,,,,,,,,,,,,,,,
,,,,,,,,2023072101,,07/21/2023,,660,,1144.87,,22.75,1319.50,,,,,,,,,,,,,,,,,,,,,,,,25.41,,19.13,,81.81,,,,48.28,,,,,,,,,,,,,,,,,,,,,,,,,,,,,,,,,,,,,,,,,,
,,,,,,,,2023080401,,08/04/2023,,763,,1214.63,,24.32,1410.56,,,,,,,,,,,,,,,,,,,,,,,,34.52,,20.45,,87.45,,,,53.51,,,,,,,,,,,,,,,,,,,,,,,,,,,,,,,,,,,,,,,,,,
,,,,,,,,2023081801,,08/18/2023,,867,,552.34,,10.50,609.00,,,,,,,,,,,,,,,,,,,,,,,,0.00,,8.83,,37.76,,,,10.07,,,,,,,,,,,,,,,,,,,,,,,,,,,,,,,,,,,,,,,,,,
,,VCFP-CONSULT-ASHLAKE,,"Brown, Wendy A.",,10,,2023033101,,03/31/2023,,0,,9699.37,,0.00,14807.66,,,0.00,592.27,,,42.50,0.00,,,,,,,,,,,,,,,,966.76,,205.65,,879.33,,,,498.47,,,,,,,,,,1903.78,,29.40,,,,,,,,624.90,,,,,,,,,,,,,,,,,,,,,,
,,,,,,,,2023041401,,04/14/2023,,34,,1799.85,,80.00,2692.31,,,0.00,107.69,,,,,,,,,,,,,,,,,,,,212.49,,37.53,,160.47,,,,103.69,,,,,,,,,,269.23,,,,,,4.90,,,,104.15,,,,,,,,,,,,,,,,,,,,,,
,,,,,,,,2023042801,,04/28/2023,,122,,1799.85,,80.00,2692.31,,,0.00,107.69,,,,,,,,,,,,,,,,,,,,212.49,,37.53,,160.47,,,,103.69,,,,,,,,,,269.23,,,,,,4.90,,,,104.15,,,,,,,,,,,,,,,,,,,,,,
,,,,,,,,2023051201,,05/12/2023,,212,,1799.85,,80.00,2692.31,,,0.00,107.69,,,,,,,,,,,,,,,,,,,,212.49,,37.53,,160.47,,,,103.69,,,,,,,,,,269.23,,,,,,4.90,,,,104.15,,,,,,,,,,,,,,,,,,,,,,
,,,,,,,,2023052601,,05/26/2023,,301,,1799.85,,80.00,2692.31,,,0.00,107.69,,,,,,,,,,,,,,,,,,,,212.49,,37.53,,160.47,,,,103.69,,,,,,,,,,269.23,,,,,,4.90,,,,104.15,,,,,,,,,,,,,,,,,,,,,,
,,,,,,,,2023060901,,06/09/2023,,389,,1799.85,,72.00,2423.08,,,0.00,107.69,,,,,8.00,269.23,,,,,,,,,,,,,,212.49,,37.53,,160.47,,,,103.69,,,,,,,,,,269.23,,,,,,4.90,,,,104.15,,,,,,,,,,,,,,,,,,,,,,
,,,,,,,,2023062301,,06/23/2023,,482,,1799.85,,76.00,2557.69,,,0.00,107.69,,,4.00,134.62,,,,,,,,,,,,,,,,212.49,,37.53,,160.47,,,,103.69,,,,,,,,,,269.23,,,,,,4.90,,,,104.15,,,,,,,,,,,,,,,,,,,,,,
,,,,,,,,2023070701,,07/07/2023,,580,,1799.85,,80.00,2692.31,,,0.00,107.69,,,,,,,,,,,,,,,,,,,,212.49,,37.53,,160.47,,,,103.69,,,,,,,,,,269.23,,,,,,4.90,,,,104.15,,,,,,,,,,,,,,,,,,,,,,
,,,,,,,,2023072101,,07/21/2023,,679,,1799.85,,64.00,2153.85,,,0.00,107.69,,,16.00,538.46,,,,,,,,,,,,,,,,212.49,,37.53,,160.47,,,,103.69,,,,,,,,,,269.23,,,,,,4.90,,,,104.15,,,,,,,,,,,,,,,,,,,,,,
,,,,,,,,2023080401,,08/04/2023,,783,,1799.85,,80.00,2692.31,,,0.00,107.69,,,,,,,,,,,,,,,,,,,,212.49,,37.53,,160.47,,,,103.69,,,,,,,,,,269.23,,,,,,4.90,,,,104.15,,,,,,,,,,,,,,,,,,,,,,
,,,,,,,,2023081801,,08/18/2023,,885,,1799.89,,80.00,2692.31,,,0.00,107.69,,,,,,,,,,,,,,,,,,,,212.49,,37.53,,160.43,,,,103.69,,,,,,,,,,269.23,,,,,,4.90,,,,104.15,,,,,,,,,,,,,,,,,,,,,,
,,,,,,,,2023090101,,09/01/2023,,986,,1799.85,,40.00,1346.15,,,0.00,107.69,,,40.00,1346.16,,,,,,,,,,,,,,,,212.49,,37.53,,160.47,,,,103.69,,,,,,,,,,269.23,,,,,,4.90,,,,104.15,,,,,,,,,,,,,,,,,,,,,,
,,,,,,,,2023091501,,09/15/2023,,1092,,1799.85,,80.00,2692.31,,,0.00,107.69,,,,,,,,,,,,,,,,,,,,212.49,,37.53,,160.47,,,,103.69,,,,,,,,,,269.23,,,,,,4.90,,,,104.15,,,,,,,,,,,,,,,,,,,,,,
,,,,,,,,2023092901,,09/29/2023,,1194,,1872.05,,80.00,2692.31,,,0.00,107.69,,,,,,,,,,,,,,,,,,,,235.40,,39.04,,166.92,,,,109.67,,,,,,,,,,269.23,,,,,,,,,,,,,,,,,,,,,,,,,,,,,,,,
,,,,,,,,2023101301,,10/13/2023,,1297,,1798.06,,80.00,2692.31,,,0.00,107.69,,,,,,,,,,,,,,,,,,,,212.72,,37.54,,160.53,,,,103.75,,,,,,,,,,269.23,,,,,,7.38,,,,103.10,,,,,,,,,,,,,,,,,,,,,,
,,,,,,,,2023102701,,10/27/2023,,1402,,1798.06,,80.00,2692.31,,,0.00,107.69,,,,,,,,,,,,,,,,,,,,212.72,,37.54,,160.53,,,,103.75,,,,,,,,,,269.23,,,,,,7.38,,,,103.10,,,,,,,,,,,,,,,,,,,,,,
,,,,,,,,2023111001,,11/10/2023,,1506,,1798.06,,64.00,2153.85,,,0.00,107.69,,,16.00,538.46,,,,,,,,,,,,,,,,212.72,,37.54,,160.53,,,,103.75,,,,,,,,,,269.23,,,,,,7.38,,,,103.10,,,,,,,,,,,,,,,,,,,,,,
,,,,,,,,2023112401,,11/24/2023,,1610,,1798.06,,80.00,2692.31,,,0.00,107.69,,,,,,,,,,,,,,,,,,,,212.72,,37.54,,160.53,,,,103.75,,,,,,,,,,269.23,,,,,,7.38,,,,103.10,,,,,,,,,,,,,,,,,,,,,,
,,,,,,,,2023120801,,12/08/2023,,1745,,1000.00,,,,,,,,,,,,,,0.00,1203.70,,,,,,,,,,,,72.06,,17.45,,74.63,,,,39.56,,,,,,,,,,,,,,,,,,,,,,,,,,,,,,,,,,,,,,,,,,
,,,,,,,,,,12/08/2023,,1746,,1798.35,,80.00,2692.31,,,0.00,107.69,,,,,,,,,,,,,,,,,,,,212.82,,37.55,,160.56,,,,103.77,,,,,,,,,,269.23,,,,,,7.38,,,,102.65,,,,,,,,,,,,,,,,,,,,,,
,,,,,,,,2023122001,,12/20/2023,,3,,0.00,,0.00,4.28,,,,,0.00,51.63,,,,,,,,,,,,,,,,,,0.00,,0.81,,3.47,,,,0.00,,,,,,,,,,,,,,,,,,51.63,,,,,,,,,,,,,,,,,,,,,,,,
,,,,,,,,2023122201,,12/22/2023,,1890,,1798.06,,72.00,2423.08,,,0.00,107.69,,,8.00,269.23,,,,,,,,,,,,,,,,212.72,,37.54,,160.53,,,,103.75,,,,,,,,,,269.23,,,,,,7.38,,,,103.10,,,,,,,,,,,,,,,,,,,,,,
,,VCFP-CCM-REMOTE,,"Conlon, Alyssa ",,69,,2023033101,,03/31/2023,,0,,4893.28,,218.12,5889.24,,,,,,,,,,,,,,,,,,,,,,,,344.79,,85.39,,365.13,,,,200.65,,,,,,,,,,,,,,,,,,,,,,,,,,,,,,,,,,,,,,,,,,
,,,,,,,,2023041401,,04/14/2023,,30,,1052.29,,47.28,1276.56,,,,,,,,,,,,,,,,,,,,,,,,80.80,,18.51,,79.15,,,,45.81,,,,,,,,,,,,,,,,,,,,,,,,,,,,,,,,,,,,,,,,,,
,,,,,,,,2023042801,,04/28/2023,,118,,943.33,,41.87,1130.49,,,,,,,,,,,,,,,,,,,,,,,,63.27,,16.39,,70.09,,,,37.41,,,,,,,,,,,,,,,,,,,,,,,,,,,,,,,,,,,,,,,,,,
,,,,,,,,2023051201,,05/12/2023,,207,,616.65,,26.00,702.00,,,,,,,,,,,,,,,,,,,,,,,,16.93,,10.18,,43.52,,,,14.72,,,,,,,,,,,,,,,,,,,,,,,,,,,,,,,,,,,,,,,,,,
,,,,,,,,2023052601,,05/26/2023,,296,,998.92,,44.63,1205.01,,,,,,,,,,,,,,,,,,,,,,,,72.22,,17.47,,74.71,,,,41.69,,,,,,,,,,,,,,,,,,,,,,,,,,,,,,,,,,,,,,,,,,
,,,,,,,,2023060901,,06/09/2023,,384,,1139.91,,51.63,1394.01,,,,,,,,,,,,,,,,,,,,,,,,94.90,,20.21,,86.43,,,,52.56,,,,,,,,,,,,,,,,,,,,,,,,,,,,,,,,,,,,,,,,,,
,,,,,,,,2023062301,,06/23/2023,,477,,925.20,,40.97,1106.19,,,,,,,,,,,,,,,,,,,,,,,,60.36,,16.04,,68.58,,,,36.01,,,,,,,,,,,,,,,,,,,,,,,,,,,,,,,,,,,,,,,,,,
,,,,,,,,2023070701,,07/07/2023,,573,,1104.47,,49.87,1346.49,,,,,,,,,,,,,,,,,,,,,,,,89.19,,19.52,,83.48,,,,49.83,,,,,,,,,,,,,,,,,,,,,,,,,,,,,,,,,,,,,,,,,,
,,,,,,,,2023072101,,07/21/2023,,672,,748.22,,32.30,872.10,,,,,,,,,,,,,,,,,,,,,,,,33.94,,12.65,,54.07,,,,23.22,,,,,,,,,,,,,,,,,,,,,,,,,,,,,,,,,,,,,,,,,,
,,,,,,,,2023080401,,08/04/2023,,775,,589.92,,24.72,667.44,,,,,,,,,,,,,,,,,,,,,,,,13.47,,9.68,,41.38,,,,12.99,,,,,,,,,,,,,,,,,,,,,,,,,,,,,,,,,,,,,,,,,,
,,,,,,,,2023081801,,08/18/2023,,878,,921.37,,40.78,1101.06,,,,,,,,,,,,,,,,,,,,,,,,59.74,,15.97,,68.27,,,,35.71,,,,,,,,,,,,,,,,,,,,,,,,,,,,,,,,,,,,,,,,,,
,,,,,,,,2023090101,,09/01/2023,,979,,912.70,,40.35,1089.45,,,,,,,,,,,,,,,,,,,,,,,,58.35,,15.80,,67.55,,,,35.05,,,,,,,,,,,,,,,,,,,,,,,,,,,,,,,,,,,,,,,,,,
,,,,,,,,2023091501,,09/15/2023,,1085,,1014.43,,45.40,1225.80,,,,,,,,,,,,,,,,,,,,,,,,74.71,,17.77,,76.00,,,,42.89,,,,,,,,,,,,,,,,,,,,,,,,,,,,,,,,,,,,,,,,,,
,,,,,,,,2023092901,,09/29/2023,,1187,,928.23,,41.12,1110.24,,,,,,,,,,,,,,,,,,,,,,,,60.84,,16.10,,68.83,,,,36.24,,,,,,,,,,,,,,,,,,,,,,,,,,,,,,,,,,,,,,,,,,
,,,,,,,,2023101301,,10/13/2023,,1290,,700.62,,30.02,810.54,,,,,,,,,,,,,,,,,,,,,,,,27.78,,11.75,,50.25,,,,20.14,,,,,,,,,,,,,,,,,,,,,,,,,,,,,,,,,,,,,,,,,,
,,,,,,,,2023102701,,10/27/2023,,1395,,797.72,,34.67,936.09,,,,,,,,,,,,,,,,,,,,,,,,40.34,,13.57,,58.04,,,,26.42,,,,,,,,,,,,,,,,,,,,,,,,,,,,,,,,,,,,,,,,,,
,,,,,,,,2023111001,,11/10/2023,,1499,,696.00,,29.80,804.60,,,,,,,,,,,,,,,,,,,,,,,,27.19,,11.67,,49.89,,,,19.85,,,,,,,,,,,,,,,,,,,,,,,,,,,,,,,,,,,,,,,,,,
,,,,,,,,2023112401,,11/24/2023,,1603,,885.12,,38.98,1052.46,,,,,,,,,,,,,,,,,,,,,,,,53.91,,15.26,,65.25,,,,32.92,,,,,,,,,,,,,,,,,,,,,,,,,,,,,,,,,,,,,,,,,,
,,,,,,,,2023120801,,12/08/2023,,1731,,100.00,,,,,,,,,,,,,,0.00,108.28,,,,,,,,,,,,0.00,,1.57,,6.71,,,,0.00,,,,,,,,,,,,,,,,,,,,,,,,,,,,,,,,,,,,,,,,,,
,,,,,,,,,,12/08/2023,,1732,,421.70,,17.05,460.35,,,,,,,,,,,,,,,,,,,,,,,,0.00,,6.68,,28.54,,,,3.43,,,,,,,,,,,,,,,,,,,,,,,,,,,,,,,,,,,,,,,,,,
,,,,,,,,2023122201,,12/22/2023,,1883,,890.15,,39.23,1059.21,,,,,,,,,,,,,,,,,,,,,,,,54.72,,15.36,,65.67,,,,33.31,,,,,,,,,,,,,,,,,,,,,,,,,,,,,,,,,,,,,,,,,,
,,VCFP-ACCT-BRITIDEAS,,"Conover, Polly A.",,18,,2023033101,,03/31/2023,,0,,1899.31,,41.73,2086.50,,,,,,,,,,,,,,,,,,,,,,,,8.69,,30.25,,129.36,,,,18.89,,,,,,,,,,,,,,,,,,,,,,,,,,,,,,,,,,,,,,,,,,
,,VCFP-APC-ASHLAKE,,"Corsa, Tammy J.",,52,,2023033101,,03/31/2023,,0,,16827.32,,0.00,24230.78,,,,,,,8.00,0.00,,,0.00,350.00,,,,,,,,,,,,2571.22,,320.75,,1371.48,,,,1029.83,,,,,,,,,,,,,,,,,,,,2252.58,,167.40,,,,,,40.20,,,,,,,,,,,,,,
,,,,,,,,2023041401,,04/14/2023,,22,,2319.89,,80.00,3461.54,,,,,,,,,,,,,,,,,,,,,,,,354.43,,44.25,,189.19,,,,143.75,,,,,,,,,,,,,,,,,,,,375.43,,27.90,,,,,,6.70,,,,,,,,,,,,,,
,,,,,,,,2023042801,,04/28/2023,,109,,2319.89,,64.00,2769.22,,,,,,,16.00,692.32,,,,,,,,,,,,,,,,354.43,,44.25,,189.19,,,,143.75,,,,,,,,,,,,,,,,,,,,375.43,,27.90,,,,,,6.70,,,,,,,,,,,,,,
,,,,,,,,2023051201,,05/12/2023,,196,,2319.89,,80.00,3461.54,,,,,,,,,,,,,,,,,,,,,,,,354.43,,44.25,,189.19,,,,143.75,,,,,,,,,,,,,,,,,,,,375.43,,27.90,,,,,,6.70,,,,,,,,,,,,,,
,,,,,,,,,,05/12/2023,,197,,1001.29,,,,,,,,,,,,,,0.00,1550.00,,,,,,,,,,,,341.00,,22.48,,96.10,,,,89.13,,,,,,,,,,,,,,,,,,,,,,,,,,,,,,,,,,,,,,,,,,
,,,,,,,,2023052601,,05/26/2023,,286,,2319.89,,80.00,3461.54,,,,,,,,,,,,,,,,,,,,,,,,354.43,,44.25,,189.19,,,,143.75,,,,,,,,,,,,,,,,,,,,375.43,,27.90,,,,,,6.70,,,,,,,,,,,,,,
,,,,,,,,2023060901,,06/09/2023,,375,,2319.89,,80.00,3461.54,,,,,,,,,,,,,,,,,,,,,,,,354.43,,44.25,,189.19,,,,143.75,,,,,,,,,,,,,,,,,,,,375.43,,27.90,,,,,,6.70,,,,,,,,,,,,,,
,,,,,,,,2023062301,,06/23/2023,,467,,2319.89,,80.00,3461.54,,,,,,,,,,,,,,,,,,,,,,,,354.43,,44.25,,189.19,,,,143.75,,,,,,,,,,,,,,,,,,,,375.43,,27.90,,,,,,6.70,,,,,,,,,,,,,,
,,,,,,,,2023070701,,07/07/2023,,563,,2244.86,,80.00,3461.54,,,0.00,103.85,,,,,,,,,,,,,,,,,,,,331.58,,44.25,,189.19,,,,137.78,,,,,,,,,,103.85,,,,,,,,,,375.43,,27.90,,,,,,6.70,,,,,,,,,,,,,,
,,,,,,,,2023072101,,07/21/2023,,661,,2244.86,,80.00,3461.54,,,0.00,103.85,,,,,,,,,,,,,,,,,,,,331.58,,44.25,,189.19,,,,137.78,,,,,,,,,,103.85,,,,,,,,,,375.43,,27.90,,,,,,6.70,,,,,,,,,,,,,,
,,,,,,,,2023080401,,08/04/2023,,764,,2244.86,,80.00,3461.54,,,0.00,103.85,,,,,,,,,,,,,,,,,,,,331.58,,44.25,,189.19,,,,137.78,,,,,,,,,,103.85,,,,,,,,,,375.43,,27.90,,,,,,6.70,,,,,,,,,,,,,,
,,,,,,,,2023081801,,08/18/2023,,868,,2244.86,,80.00,3461.54,,,0.00,103.85,,,,,,,,,,,,,,,,,,,,331.58,,44.25,,189.19,,,,137.78,,,,,,,,,,103.85,,,,,,,,,,375.43,,27.90,,,,,,6.70,,,,,,,,,,,,,,
,,,,,,,,2023090101,,09/01/2023,,967,,2244.90,,80.00,3461.54,,,0.00,103.85,,,,,,,,,,,,,,,,,,,,331.58,,44.21,,189.19,,,,137.78,,,,,,,,,,103.85,,,,,,,,,,375.43,,27.90,,,,,,6.70,,,,,,,,,,,,,,
,,,,,,,,2023091501,,09/15/2023,,1072,,2244.82,,80.00,3461.54,,,0.00,103.85,,,,,,,,,,,,,,,,,,,,331.58,,44.25,,189.23,,,,137.78,,,,,,,,,,103.85,,,,,,,,,,375.43,,27.90,,,,,,6.70,,,,,,,,,,,,,,
,,,,,,,,,,09/15/2023,,1073,,842.83,,,,,,0.00,40.50,,,,,,,0.00,1350.00,,,,,,,,,,,,288.09,,19.58,,83.70,,,,75.30,,,,,,,,,,40.50,,,,,,,,,,,,,,,,,,,,,,,,,,,,,,,,
,,,,,,,,2023092901,,09/29/2023,,1174,,2509.73,,80.00,3461.54,,,0.00,103.85,,,,,,,,,,,,,,,,,,,,421.79,,50.19,,214.62,,,,161.36,,,,,,,,,,103.85,,,,,,,,,,,,,,,,,,,,,,,,,,,,,,,,
,,,,,,,,2023101301,,10/13/2023,,1277,,2239.45,,64.00,2769.22,,,0.00,103.85,,,16.00,692.32,,,,,,,,,,,,,,,,329.75,,44.13,,188.68,,,,137.30,,,,,,,,,,103.85,,,,,,,,,,382.94,,28.74,,,,,,6.70,,,,,,,,,,,,,,
,,,,,,,,2023102701,,10/27/2023,,1382,,2239.45,,64.00,2769.22,,,0.00,103.85,,,16.00,692.32,,,,,,,,,,,,,,,,329.75,,44.13,,188.68,,,,137.30,,,,,,,,,,103.85,,,,,,,,,,382.94,,28.74,,,,,,6.70,,,,,,,,,,,,,,
,,,,,,,,2023111001,,11/10/2023,,1485,,2239.45,,60.00,2596.14,,,0.00,103.85,,,20.00,865.40,,,,,,,,,,,,,,,,329.75,,44.13,,188.68,,,,137.30,,,,,,,,,,103.85,,,,,,,,,,382.94,,28.74,,,,,,6.70,,,,,,,,,,,,,,
,,,,,,,,2023112401,,11/24/2023,,1589,,2239.45,,80.00,3461.54,,,0.00,103.85,,,,,,,,,,,,,,,,,,,,329.75,,44.13,,188.68,,,,137.30,,,,,,,,,,103.85,,,,,,,,,,382.94,,28.74,,,,,,6.70,,,,,,,,,,,,,,
,,,,,,,,2023120801,,12/08/2023,,1711,,2239.76,,60.00,2596.14,,,0.00,103.85,,,20.00,865.40,,,,,,,,,,,,,,,,329.84,,44.13,,188.70,,,,137.33,,,,,,,,,,103.85,,,,,,,,,,382.49,,28.74,,,,,,6.70,,,,,,,,,,,,,,
,,,,,,,,,,12/08/2023,,1712,,998.92,,,,,,0.00,48.00,,,,,,,0.00,1600.00,,,,,,,,,,,,341.44,,23.20,,99.20,,,,89.24,,,,,,,,,,48.00,,,,,,,,,,,,,,,,,,,,,,,,,,,,,,,,
,,,,,,,,2023122001,,12/20/2023,,15,,0.00,,0.00,5.50,,,,,0.00,66.39,,,,,,,,,,,,,,,,,,0.00,,1.04,,4.46,,,,0.00,,,,,,,,,,,,,,,,,,66.39,,,,,,,,,,,,,,,,,,,,,,,,
,,,,,,,,2023122201,,12/22/2023,,1869,,2239.45,,80.00,3461.54,,,0.00,103.85,,,,,,,,,,,,,,,,,,,,329.75,,44.13,,188.68,,,,137.30,,,,,,,,,,103.85,,,,,,,,,,382.94,,28.74,,,,,,6.70,,,,,,,,,,,,,,
,,VCFP-CALL-DISCOVERY,,"Crump, Earlene ",,125,,2023033101,,03/31/2023,,0,,2399.23,,152.75,2749.50,4.16,112.32,,,,,3.00,54.00,,,,,,,,,,,,,,,,153.36,,42.23,,180.58,,,,132.28,,,,,,,,,,,,0.29,,4.68,,,,,,,,2.47,,,,,,0.70,,,,,,,,,,,,,,
,,,,,,,,2023041401,,04/14/2023,,28,,1187.24,,80.00,1440.00,1.75,47.25,,,,,,,,,,,,,,,,,,,,,,78.42,,21.33,,91.19,,,,66.98,,,,,,,,,,,,,,24.19,,1.48,,,,,,12.78,,,,,,3.64,,,,,,,,,,,,,,
,,,,,,,,2023042801,,04/28/2023,,116,,1198.93,,80.00,1440.00,2.33,62.91,,,,,,,,,,,,,,,,,,,,,,80.30,,21.55,,92.16,,,,67.88,,,,,,,,,,,,,,24.19,,1.48,,,,,,12.78,,,,,,3.64,,,,,,,,,,,,,,
,,,,,,,,2023051201,,05/12/2023,,205,,1170.60,,72.38,1302.84,0.67,18.09,,,,,8.00,144.00,,,,,,,,,,,,,,,,75.74,,21.00,,89.81,,,,65.69,,,,,,,,,,,,,,24.19,,1.48,,,,,,12.78,,,,,,3.64,,,,,,,,,,,,,,
,,,,,,,,2023052601,,05/26/2023,,294,,1185.23,,80.00,1440.00,1.65,44.55,,,,,,,,,,,,,,,,,,,,,,78.10,,21.29,,91.02,,,,66.82,,,,,,,,,,,,,,24.19,,1.48,,,,,,12.78,,,,,,3.64,,,,,,,,,,,,,,
,,,,,,,,2023060901,,06/09/2023,,382,,1170.32,,72.42,1303.56,0.63,17.01,,,,,,,,,,,8.00,144.00,,,,,,,,,,75.70,,21.00,,89.79,,,,65.67,,,,,,,,,,,,,,24.19,,1.48,,,,,,12.78,,,,,,3.64,,,,,,,,,,,,,,
,,,,,,,,2023062301,,06/23/2023,,474,,1110.95,,65.82,1184.76,0.43,11.61,,,,,10.53,189.54,,,,,,,,,,,,,,,,66.95,,19.86,,84.91,,,,61.15,,,,,,,,,,,,,,24.19,,1.48,,,,,,12.78,,,,,,3.64,,,,,,,,,,,,,,
,,,,,,,,2023070701,,07/07/2023,,570,,1184.63,,80.00,1440.00,1.62,43.74,,,,,,,,,,,,,,,,,,,,,,78.00,,21.28,,90.97,,,,66.77,,,,,,,,,,,,,,24.19,,1.48,,,,,,12.78,,,,,,3.64,,,,,,,,,,,,,,
,,,,,,,,2023072101,,07/21/2023,,669,,1190.93,,72.38,1302.84,1.68,45.36,,,,,,,,,,,8.00,144.00,,,,,,,,,,79.02,,21.40,,91.50,,,,67.26,,,,,,,,,,,,,,24.19,,1.48,,,,,,12.78,,,,,,3.64,,,,,,,,,,,,,,
,,,,,,,,2023080401,,08/04/2023,,772,,1190.26,,80.00,1440.00,1.90,51.30,,,,,,,,,,,,,,,,,,,,,,78.91,,21.39,,91.44,,,,67.21,,,,,,,,,,,,,,24.19,,1.48,,,,,,12.78,,,,,,3.64,,,,,,,,,,,,,,
,,,,,,,,2023081801,,08/18/2023,,875,,1176.57,,80.00,1440.00,1.22,32.94,,,,,,,,,,,,,,,,,,,,,,76.71,,21.12,,90.30,,,,66.15,,,,,,,,,,,,,,24.19,,1.48,,,,,,12.78,,,,,,3.64,,,,,,,,,,,,,,
,,,,,,,,2023090101,,09/01/2023,,976,,1206.98,,80.00,1440.00,2.73,73.71,,,,,,,,,,,,,,,,,,,,,,81.60,,21.71,,92.83,,,,68.50,,,,,,,,,,,,,,24.19,,1.48,,,,,,12.78,,,,,,3.64,,,,,,,,,,,,,,
,,,,,,,,2023091501,,09/15/2023,,1081,,1163.00,,64.82,1166.76,,,,,,,8.00,144.00,,,,,8.00,144.00,,,,,,,,,,74.52,,20.86,,89.18,,,,65.11,,,,,,,,,,,,,,24.19,,1.48,,,,,,12.78,,,,,,3.64,,,,,,,,,,,,,,
,,,,,,,,2023092901,,09/29/2023,,1183,,1260.95,,79.37,1428.66,3.28,88.56,,,,,1.00,18.00,,,,,,,,,,,,,,,,86.15,,22.26,,95.18,,,,70.68,,,,,,,,,,,,,,,,,,,,,,,,,,,,,,,,,,,,,,,,,,
,,,,,,,,2023101301,,10/13/2023,,1286,,1190.59,,80.00,1440.00,1.93,52.11,,,,,,,,,,,,,,,,,,,,,,78.96,,21.39,,91.47,,,,67.23,,,,,,,,,,,,,,24.19,,1.48,,,,,,13.16,,,,,,3.64,,,,,,,,,,,,,,
,,,,,,,,2023102701,,10/27/2023,,1391,,1186.96,,80.00,1440.00,1.75,47.25,,,,,,,,,,,,,,,,,,,,,,78.38,,21.32,,91.17,,,,66.95,,,,,,,,,,,,,,24.19,,1.48,,,,,,13.16,,,,,,3.64,,,,,,,,,,,,,,
,,,,,,,,2023111001,,11/10/2023,,1495,,1166.07,,72.50,1305.00,0.38,10.26,,,,,8.00,144.00,,,,,,,,,,,,,,,,75.02,,20.92,,89.43,,,,65.35,,,,,,,,,,,,,,24.19,,1.48,,,,,,13.16,,,,,,3.64,,,,,,,,,,,,,,
,,,,,,,,2023112401,,11/24/2023,,1599,,1172.25,,73.38,1320.84,0.10,2.70,,,,,8.00,144.00,,,,,,,,,,,,,,,,76.01,,21.04,,89.95,,,,65.82,,,,,,,,,,,,,,24.19,,1.48,,,,,,13.16,,,,,,3.64,,,,,,,,,,,,,,
,,,,,,,,2023120801,,12/08/2023,,1723,,200.00,,,,,,,,,,,,,,0.00,238.22,,,,,,,,,,,,10.00,,3.45,,14.77,,,,10.00,,,,,,,,,,,,,,,,,,,,,,,,,,,,,,,,,,,,,,,,,,
,,,,,,,,,,12/08/2023,,1724,,1185.47,,65.78,1184.04,1.73,46.71,0.00,30.38,,,,,,,,,16.00,288.00,,,,,,,,,,78.51,,21.78,,93.12,,,,67.02,,,,,,,,,,30.38,,,,24.19,,1.48,,,,,,13.16,,,,,,3.64,,,,,,,,,,,,,,
,,,,,,,,2023122001,,12/20/2023,,14,,0.00,,0.00,2.28,,,,,0.00,27.60,,,,,,,,,,,,,,,,,,0.00,,0.43,,1.85,,,,0.00,,,,,,,,,,,,,,,,,,27.60,,,,,,,,,,,,,,,,,,,,,,,,
,,,,,,,,2023122201,,12/22/2023,,1879,,1226.12,,80.00,1440.00,4.98,134.46,0.00,31.49,,,,,,,,,,,,,,,,,,,,85.06,,22.59,,96.57,,,,70.16,,,,,,,,,,31.49,,,,24.19,,1.48,,,,,,13.16,,,,,,3.64,,,,,,,,,,,,,,
,,VCFP-MEDASSIST-ASHLAKE,,"Dabney, Tiffany N.",,37,,2023033101,,03/31/2023,,0,,9119.28,,525.75,9989.25,56.36,1606.28,,,,,13.47,255.93,,,,,16.00,304.00,,,,,,,,,,875.70,,167.04,,714.23,,,,469.21,,,,,,,,,,,,14.10,,160.32,,,,,,537.06,,76.68,,,,,,21.84,,,,,,,,,,,,,,
,,,,,,,,2023041401,,04/14/2023,,49,,1146.46,,80.00,1520.00,8.70,247.95,0.00,70.72,,,,,,,,,,,,,,,,,,,,103.08,,24.10,,103.05,,,,56.48,,,,,,,,,,199.78,,,,26.72,,2.35,,,,89.51,,12.78,,,,,,3.64,,,,,,,,,,,,,,
,,,,,,,,2023042801,,04/28/2023,,138,,1199.56,,77.45,1471.55,7.92,225.72,0.00,73.97,,,8.00,152.00,,,,,,,,,,,,,,,,111.74,,25.28,,108.09,,,,60.63,,,,,,,,,,208.97,,,,26.72,,2.35,,,,89.51,,12.78,,,,,,3.64,,,,,,,,,,,,,,
,,,,,,,,2023051201,,05/12/2023,,228,,1096.16,,76.00,1444.00,3.33,94.91,0.00,67.64,,,8.00,152.00,,,,,,,,,,,,,,,,94.88,,22.98,,98.27,,,,52.55,,,,,,,,,,191.07,,,,26.72,,2.35,,,,89.51,,12.78,,,,,,3.64,,,,,,,,,,,,,,
,,,,,,,,2023052601,,05/26/2023,,317,,1221.72,,80.00,1520.00,7.18,204.63,0.00,68.99,,,,,,,,,,,,,,,,,,,,113.58,,23.47,,100.36,,,,61.51,,,,,,,,,,68.99,,,,26.72,,2.35,,,,89.51,,12.78,,,,,,3.64,,,,,,,,,,,,,,
,,,,,,,,2023060901,,06/09/2023,,405,,1248.89,,73.57,1397.83,7.47,212.90,0.00,70.51,,,,,,,,,8.00,152.00,,,,,,,,,,117.97,,24.02,,102.72,,,,63.62,,,,,,,,,,70.51,,,,26.72,,2.35,,,,89.51,,12.78,,,,,,3.64,,,,,,,,,,,,,,
,,,,,,,,,,06/09/2023,,406,,185.13,,,,,,0.00,12.00,,,,,,,0.00,300.00,,,,,,,,,,,,63.36,,4.35,,18.60,,,,16.56,,,,,,,,,,12.00,,,,,,,,,,,,,,,,,,,,,,,,,,,,,,,,
,,,,,,,,2023062301,,06/23/2023,,498,,1247.54,,76.50,1453.50,5.45,155.33,0.00,70.43,,,8.00,152.00,,,,,,,,,,,,,,,,117.75,,24.00,,102.60,,,,63.51,,,,,,,,,,70.43,,,,26.72,,2.35,,,,89.51,,12.78,,,,,,3.64,,,,,,,,,,,,,,
,,,,,,,,2023070701,,07/07/2023,,596,,1327.20,,80.00,1520.00,12.37,352.55,0.00,74.90,,,,,,,,,,,,,,,,,,,,130.62,,25.62,,109.53,,,,69.68,,,,,,,,,,74.90,,,,26.72,,2.35,,,,89.51,,12.78,,,,,,3.64,,,,,,,,,,,,,,
,,,,,,,,2023072101,,07/21/2023,,696,,1232.57,,76.25,1448.75,4.88,139.08,0.00,69.59,,,,,,,,,8.00,152.00,,,,,,,,,,115.33,,23.69,,101.30,,,,62.35,,,,,,,,,,69.59,,,,26.72,,2.35,,,,89.51,,12.78,,,,,,3.64,,,,,,,,,,,,,,
,,,,,,,,2023080401,,08/04/2023,,800,,1275.58,,80.00,1520.00,9.83,280.16,0.00,72.01,,,,,,,,,,,,,,,,,,,,122.28,,24.57,,105.04,,,,65.68,,,,,,,,,,72.01,,,,26.72,,2.35,,,,89.51,,12.78,,,,,,3.64,,,,,,,,,,,,,,
,,,,,,,,2023081801,,08/18/2023,,902,,1179.85,,80.00,1520.00,5.12,145.92,0.00,66.64,,,,,,,,,,,,,,,,,,,,106.82,,22.62,,96.72,,,,58.27,,,,,,,,,,66.64,,,,26.72,,2.35,,,,89.51,,12.78,,,,,,3.64,,,,,,,,,,,,,,
,,,,,,,,2023090101,,09/01/2023,,1003,,1200.96,,55.27,1105.40,3.07,92.10,0.00,67.90,,,17.00,340.00,8.00,160.00,,,,,,,,,,,,,,110.46,,23.08,,98.68,,,,60.01,,,,,,,,,,67.90,,,,28.13,,2.35,,,,89.51,,12.78,,,,,,3.64,,,,,,,,,,,,,,
,,,,,,,,2023091501,,09/15/2023,,1109,,1252.66,,77.08,1541.60,2.28,68.40,0.00,70.80,,,,,,,,,8.00,160.00,,,,,,,,,,118.81,,24.13,,103.17,,,,64.02,,,,,,,,,,70.80,,,,28.13,,2.35,,,,89.51,,12.78,,,,,,3.64,,,,,,,,,,,,,,
,,,,,,,,2023092901,,09/29/2023,,1211,,1321.16,,80.00,1600.00,3.75,112.50,0.00,68.50,,,,,,,,,,,,,,,,,,,,124.90,,24.83,,106.18,,,,66.93,,,,,,,,,,68.50,,,,,,,,,,,,,,,,,,,,,,,,,,,,,,,,
,,,,,,,,2023101301,,10/13/2023,,1314,,1248.02,,80.00,1600.00,5.87,176.10,0.00,71.04,,,,,,,,,,,,,,,,,,,,117.83,,24.01,,102.68,,,,63.55,,,,,,,,,,71.04,,,,26.72,,2.35,,,,103.10,,13.16,,,,,,3.64,,,,,,,,,,,,,,
,,,,,,,,2023102701,,10/27/2023,,1420,,1353.13,,80.00,1600.00,10.85,325.50,0.00,77.02,,,,,,,,,,,,,,,,,,,,135.04,,26.18,,111.95,,,,71.80,,,,,,,,,,77.02,,,,28.13,,2.35,,,,103.10,,13.16,,,,,,3.64,,,,,,,,,,,,,,
,,,,,,,,2023111001,,11/10/2023,,1523,,1211.93,,80.00,1600.00,4.25,127.50,0.00,69.10,,,,,,,,,,,,,,,,,,,,112.24,,23.31,,99.67,,,,60.87,,,,,,,,,,69.10,,,,28.13,,2.35,,,,103.10,,13.16,,,,,,3.64,,,,,,,,,,,,,,
,,,,,,,,2023112401,,11/24/2023,,1626,,1308.84,,80.00,1600.00,8.78,263.40,0.00,74.54,,,,,,,,,,,,,,,,,,,,127.89,,25.28,,108.10,,,,68.37,,,,,,,,,,74.54,,,,28.13,,2.35,,,,103.10,,13.16,,,,,,3.64,,,,,,,,,,,,,,
,,,,,,,,2023120801,,12/08/2023,,1777,,300.00,,,,,,,,,,,,,,0.00,325.23,,,,,,,,,,,,0.00,,4.72,,20.16,,,,0.35,,,,,,,,,,,,,,,,,,,,,,,,,,,,,,,,,,,,,,,,,,
,,,,,,,,,,12/08/2023,,1778,,1262.20,,67.17,1410.57,1.68,52.92,0.00,71.98,,,,,,,,,16.00,336.00,,,,,,,,,,120.58,,24.36,,104.16,,,,64.87,,,,,,,,,,71.98,,,,29.54,,2.35,,,,102.65,,13.16,,,,,,3.64,,,,,,,,,,,,,,
,,,,,,,,2023122001,,12/20/2023,,16,,0.00,,0.00,2.58,,,,,0.00,31.20,,,,,,,,,,,,,,,,,,0.00,,0.49,,2.09,,,,0.00,,,,,,,,,,,,,,,,,,31.20,,,,,,,,,,,,,,,,,,,,,,,,
,,,,,,,,2023122201,,12/22/2023,,1908,,1341.09,,80.00,1680.00,7.32,230.58,0.00,76.42,,,,,,,,,,,,,,,,,,,,133.33,,25.96,,111.02,,,,70.97,,,,,,,,,,76.42,,,,29.54,,2.35,,,,103.10,,13.16,,,,,,3.64,,,,,,,,,,,,,,
,,VCFP-CCM-ASHLAKE,,"Davis, Lakeisha N.",,62,,2023033101,,03/31/2023,,0,,6727.06,,467.75,8185.63,38.08,999.62,,,,,,,,,,,8.00,140.00,,,,,,,,,,552.91,,119.29,,510.07,,,,307.47,,,,,,,,,,,,10.06,,,,,,,,962.46,,109.61,,,,,,26.32,,,,,,,,,,,,,,
,,,,,,,,2023041401,,04/14/2023,,50,,1028.22,,80.00,1400.00,4.85,127.31,,,,,,,,,,,,,,,,,,,,,,77.34,,18.09,,77.36,,,,44.15,,,,,,,,,,,,,,,,2.56,,,,244.99,,27.90,,,,,,6.70,,,,,,,,,,,,,,
,,,,,,,,2023042801,,04/28/2023,,139,,1066.42,,80.00,1400.00,6.80,178.50,,,,,,,,,,,,,,,,,,,,,,83.48,,18.83,,80.53,,,,47.09,,,,,,,,,,,,,,,,2.56,,,,244.99,,27.90,,,,,,6.70,,,,,,,,,,,,,,
,,,,,,,,2023051201,,05/12/2023,,229,,1092.84,,80.00,1400.00,8.15,213.94,,,,,,,,,,,,,,,,,,,,,,87.74,,19.35,,82.73,,,,49.13,,,,,,,,,,,,,,,,2.56,,,,244.99,,27.90,,,,,,6.70,,,,,,,,,,,,,,
,,,,,,,,2023052601,,05/26/2023,,318,,801.15,,41.00,717.50,0.82,21.53,,,,,27.68,484.40,,,,,,,,,,,,,,,,41.11,,13.69,,58.52,,,,26.81,,,,,,,,,,,,,,,,2.56,,,,244.99,,27.90,,,,,,6.70,,,,,,,,,,,,,,
,,,,,,,,2023060901,,06/09/2023,,407,,1042.59,,74.78,1308.65,3.73,97.91,,,,,,,,,,,8.00,140.00,,,,,,,,,,79.65,,18.37,,78.55,,,,45.25,,,,,,,,,,,,,,,,2.56,,,,244.99,,27.90,,,,,,6.70,,,,,,,,,,,,,,
,,,,,,,,2023062301,,06/23/2023,,499,,1091.27,,80.00,1400.00,8.07,211.84,,,,,,,,,,,,,,,,,,,,,,87.49,,19.32,,82.60,,,,49.01,,,,,,,,,,,,,,,,2.56,,,,244.99,,27.90,,,,,,6.70,,,,,,,,,,,,,,
,,,,,,,,2023070701,,07/07/2023,,597,,1083.05,,80.00,1400.00,7.65,200.81,,,,,,,,,,,,,,,,,,,,,,86.16,,19.16,,81.92,,,,48.37,,,,,,,,,,,,,,,,2.56,,,,244.99,,27.90,,,,,,6.70,,,,,,,,,,,,,,
,,,,,,,,2023072101,,07/21/2023,,697,,757.96,,40.00,700.00,4.48,117.60,,,,,12.00,210.00,,,,,8.00,140.00,,,,,,,,,,35.53,,12.88,,55.06,,,,24.02,,,,,,,,,,,,,,,,2.56,,,,244.99,,27.90,,,,,,6.70,,,,,,,,,,,,,,
,,,,,,,,2023080401,,08/04/2023,,801,,1159.81,,80.00,1400.00,11.57,303.71,,,,,,,,,,,,,,,,,,,,,,98.51,,20.65,,88.30,,,,54.29,,,,,,,,,,,,,,,,2.56,,,,244.99,,27.90,,,,,,6.70,,,,,,,,,,,,,,
,,,,,,,,2023081801,,08/18/2023,,903,,1051.71,,80.00,1440.00,4.40,118.80,,,,,,,,,,,,,,,,,,,,,,81.12,,18.55,,79.31,,,,45.96,,,,,,,,,,,,,,,,2.56,,,,244.99,,27.90,,,,,,6.70,,,,,,,,,,,,,,
,,,,,,,,2023090101,,09/01/2023,,1004,,1083.79,,80.00,1520.00,2.87,81.80,,,,,,,,,,,,,,,,,,,,,,86.28,,19.17,,81.98,,,,48.43,,,,,,,,,,,,,,,,2.56,,,,244.99,,27.90,,,,,,6.70,,,,,,,,,,,,,,
,,,,,,,,2023091501,,09/15/2023,,1110,,1099.67,,73.75,1401.25,2.45,69.83,,,,,,,,,,,8.00,152.00,,,,,,,,,,88.83,,19.48,,83.30,,,,49.65,,,,,,,,,,,,,,,,2.56,,,,244.99,,27.90,,,,,,6.70,,,,,,,,,,,,,,
,,,,,,,,2023092901,,09/29/2023,,1212,,1328.94,,80.00,1520.00,4.47,127.40,,,,,,,,,,,,,,,,,,,,,,125.30,,23.89,,102.14,,,,67.13,,,,,,,,,,,,,,,,,,,,,,,,,,,,,,,,,,,,,,,,,,
,,,,,,,,2023101301,,10/13/2023,,1315,,921.79,,80.00,1520.00,0.12,3.42,,,,,,,,,,,,,,,,,,,,,,60.22,,16.02,,68.51,,,,35.94,,,,,,,,,,,,,,,,2.56,,,,382.94,,28.74,,,,,,6.70,,,,,,,,,,,,,,
,,,,,,,,2023102701,,10/27/2023,,1421,,969.20,,80.00,1520.00,2.35,66.98,,,,,,,,,,,,,,,,,,,,,,67.85,,16.94,,72.45,,,,39.60,,,,,,,,,,,,,,,,2.56,,,,382.94,,28.74,,,,,,6.70,,,,,,,,,,,,,,
,,,,,,,,2023111001,,11/10/2023,,1524,,960.99,,79.72,1514.68,2.15,61.28,,,,,,,,,,,,,,,,,,,,,,66.52,,16.78,,71.77,,,,38.96,,,,,,,,,,,,,,,,2.56,,,,382.94,,28.74,,,,,,6.70,,,,,,,,,,,,,,
,,,,,,,,2023112401,,11/24/2023,,1627,,1021.28,,80.00,1520.00,4.80,136.80,,,,,,,,,,,,,,,,,,,,,,76.23,,17.96,,76.78,,,,43.61,,,,,,,,,,,,,,,,2.56,,,,382.94,,28.74,,,,,,6.70,,,,,,,,,,,,,,
,,,,,,,,2023120801,,12/08/2023,,1779,,300.00,,,,,,,,,,,,,,0.00,325.23,,,,,,,,,,,,0.00,,4.72,,20.16,,,,0.35,,,,,,,,,,,,,,,,,,,,,,,,,,,,,,,,,,,,,,,,,,
,,,,,,,,,,12/08/2023,,1780,,997.17,,64.72,1229.68,2.37,67.55,,,,,1.20,22.80,,,,,16.00,304.00,,,,,,,,,,72.35,,17.49,,74.78,,,,41.75,,,,,,,,,,,,,,,,2.56,,,,382.49,,28.74,,,,,,6.70,,,,,,,,,,,,,,
,,,,,,,,2023122001,,12/20/2023,,17,,0.00,,0.00,2.42,,,,,0.00,29.13,,,,,,,,,,,,,,,,,,0.00,,0.46,,1.96,,,,0.00,,,,,,,,,,,,,,,,,,29.13,,,,,,,,,,,,,,,,,,,,,,,,
,,,,,,,,2023122201,,12/22/2023,,1909,,991.94,,80.00,1520.00,3.42,97.47,,,,,,,,,,,,,,,,,,,,,,71.51,,17.39,,74.34,,,,41.35,,,,,,,,,,,,,,,,2.56,,,,382.94,,28.74,,,,,,6.70,,,,,,,,,,,,,,
,,VCFP-MEDASSIST-DISCOVERY,,"Dent, Angelesa T.",,44,,2023033101,,03/31/2023,,0,,10489.96,,526.59,10926.75,15.93,495.83,,,,,19.90,412.93,,,,,24.00,498.00,,,,,,,,,,0.00,,171.68,,734.09,,,,444.46,,,,,,,,,,,,,,,,,,,,433.32,,,,60.00,,,,,,,,,,,,,,,,,,
,,,,,,,,2023041401,,04/14/2023,,55,,1476.14,,80.00,1660.00,2.82,87.77,,,,,,,,,,,,,,,,,,,,,,0.00,,24.15,,103.26,,,,62.00,,,,,,,,,,,,,,,,,,,,72.22,,,,10.00,,,,,,,,,,,,,,,,,,
,,,,,,,,2023042801,,04/28/2023,,145,,1457.54,,79.97,1659.38,2.15,66.92,,,,,,,,,,,,,,,,,,,,,,0.00,,23.84,,101.93,,,,60.77,,,,,,,,,,,,,,,,,,,,72.22,,,,10.00,,,,,,,,,,,,,,,,,,
,,,,,,,,2023051201,,05/12/2023,,234,,1406.87,,71.40,1481.55,0.65,20.23,,,,,8.00,166.00,,,,,,,,,,,,,,,,0.00,,22.99,,98.30,,,,57.40,,,,,,,,,,,,,,,,,,,,72.22,,,,10.00,,,,,,,,,,,,,,,,,,
,,,,,,,,2023052601,,05/26/2023,,322,,1411.72,,79.22,1643.82,0.95,29.57,,,,,,,,,,,,,,,,,,,,,,0.00,,23.07,,98.65,,,,57.73,,,,,,,,,,,,,,,,,,,,72.22,,,,10.00,,,,,,,,,,,,,,,,,,
,,,,,,,,2023060901,,06/09/2023,,413,,1413.06,,64.72,1342.94,,,,,,,8.00,166.00,,,,,8.00,166.00,,,,,,,,,,0.00,,23.09,,98.75,,,,57.82,,,,,,,,,,,,,,,,,,,,72.22,,,,10.00,,,,,,,,,,,,,,,,,,
,,,,,,,,2023062301,,06/23/2023,,505,,1491.78,,80.00,1660.00,3.40,105.83,,,,,,,,,,,,,,,,,,,,,,0.00,,24.41,,104.38,,,,63.04,,,,,,,,,,,,,,,,,,,,72.22,,,,10.00,,,,,,,,,,,,,,,,,,
,,,,,,,,2023070701,,07/07/2023,,604,,1480.45,,80.00,1660.00,2.98,92.75,,,,,,,,,,,,,,,,,,,,,,0.00,,24.22,,103.57,,,,62.29,,,,,,,,,,,,,,,,,,,,72.22,,,,10.00,,,,,,,,,,,,,,,,,,
,,,,,,,,2023072101,,07/21/2023,,705,,1395.64,,70.70,1467.03,0.70,21.79,,,,,,,,,,,8.00,166.00,,,,,,,,,,0.00,,22.80,,97.50,,,,56.66,,,,,,,,,,,,,,,,,,,,72.22,,,,10.00,,,,,,,,,,,,,,,,,,
,,,,,,,,2023080401,,08/04/2023,,809,,1484.22,,80.00,1660.00,3.12,97.11,,,,,,,,,,,,,,,,,,,,,,0.00,,24.29,,103.84,,,,62.54,,,,,,,,,,,,,,,,,,,,72.22,,,,10.00,,,,,,,,,,,,,,,,,,
,,,,,,,,2023081801,,08/18/2023,,911,,1443.26,,77.78,1613.94,3.08,95.87,,,,,,,,,,,,,,,,,,,,,,0.00,,23.60,,100.91,,,,59.82,,,,,,,,,,,,,,,,,,,,72.22,,,,10.00,,,,,,,,,,,,,,,,,,
,,,,,,,,2023090101,,09/01/2023,,1012,,1085.30,,40.00,830.00,1.02,31.75,,,,,20.95,434.71,,,,,,,,,,,,,,,,0.00,,17.61,,75.28,,,,36.05,,,,,,,,,,,,,,,,,,,,72.22,,,,10.00,,,,,,,,,,,,,,,,,,
,,,,,,,,2023091501,,09/15/2023,,1118,,1375.15,,67.53,1401.25,,,,,,,3.08,63.91,,,,,8.00,166.00,,,,,,,,,,0.00,,22.46,,96.03,,,,55.30,,,,,,,,,,,,,,,,,,,,72.22,,,,10.00,,,,,,,,,,,,,,,,,,
,,,,,,,,2023092901,,09/29/2023,,1220,,1491.09,,73.63,1527.82,1.32,41.09,,,,,3.08,63.91,,,0.00,50.00,,,,,,,,,,,,0.00,,24.40,,104.33,,,,63.00,,,,,,,,,,,,,,,,,,,,,,,,,,,,,,,,,,,,,,,,,,
,,VCFP-FRONTDESK-ASHLAKE,,"Dowling, Geraldine M.",,42,,2023033101,,03/31/2023,,0,,7311.10,,537.47,8599.52,21.87,524.88,,,,,8.00,128.00,,,,,16.00,256.00,,,,,,,,,,556.79,,128.50,,549.46,,,,316.41,,,,,,,,,,,,,,,,,,,,547.62,,76.68,,,,,,21.84,,,,,,,,,,,,,,
,,,,,,,,2023041401,,04/14/2023,,41,,998.99,,79.32,1269.12,1.82,43.68,,,,,,,,,,,,,,,,,,,,,,72.23,,17.47,,74.72,,,,41.70,,,,,,,,,,,,,,,,,,,,91.27,,12.78,,,,,,3.64,,,,,,,,,,,,,,
,,,,,,,,2023042801,,04/28/2023,,130,,1028.83,,73.07,1169.12,2.32,55.68,,,,,8.00,128.00,,,,,,,,,,,,,,,,77.03,,18.05,,77.20,,,,44.00,,,,,,,,,,,,,,,,,,,,91.27,,12.78,,,,,,3.64,,,,,,,,,,,,,,
,,,,,,,,2023051201,,05/12/2023,,220,,998.75,,79.78,1276.48,1.50,36.00,,,,,,,,,,,,,,,,,,,,,,72.19,,17.47,,74.70,,,,41.68,,,,,,,,,,,,,,,,,,,,91.27,,12.78,,,,,,3.64,,,,,,,,,,,,,,
,,,,,,,,2023052601,,05/26/2023,,309,,975.00,,78.42,1254.72,0.08,1.92,,,,,1.50,24.00,,,,,,,,,,,,,,,,68.37,,17.01,,72.72,,,,39.85,,,,,,,,,,,,,,,,,,,,91.27,,12.78,,,,,,3.64,,,,,,,,,,,,,,
,,,,,,,,2023060901,,06/09/2023,,397,,1020.29,,63.83,1021.28,2.67,64.08,,,,,,,8.00,128.00,,,8.00,128.00,,,,,,,,,,75.66,,17.89,,76.49,,,,43.34,,,,,,,,,,,,,,,,,,,,91.27,,12.78,,,,,,3.64,,,,,,,,,,,,,,
,,,,,,,,2023062301,,06/23/2023,,490,,1000.77,,79.38,1270.08,1.88,45.12,,,,,,,,,,,,,,,,,,,,,,72.52,,17.51,,74.87,,,,41.84,,,,,,,,,,,,,,,,,,,,91.27,,12.78,,,,,,3.64,,,,,,,,,,,,,,
,,,,,,,,2023070701,,07/07/2023,,588,,1035.46,,64.98,1039.68,2.75,66.00,,,,,16.00,256.00,,,,,,,,,,,,,,,,78.09,,18.18,,77.75,,,,44.51,,,,,,,,,,,,,,,,,,,,91.27,,12.78,,,,,,3.64,,,,,,,,,,,,,,
,,,,,,,,2023072101,,07/21/2023,,688,,1009.21,,74.38,1190.08,0.35,8.40,,,,,,,,,,,8.00,128.00,,,,,,,,,,73.87,,17.67,,75.56,,,,42.48,,,,,,,,,,,,,,,,,,,,91.27,,12.78,,,,,,3.64,,,,,,,,,,,,,,
,,,,,,,,2023080401,,08/04/2023,,792,,1014.81,,80.00,1280.00,2.25,54.00,,,,,,,,,,,,,,,,,,,,,,74.77,,17.78,,76.03,,,,42.92,,,,,,,,,,,,,,,,,,,,91.27,,12.78,,,,,,3.64,,,,,,,,,,,,,,
,,,,,,,,2023081801,,08/18/2023,,894,,974.46,,78.12,1249.92,1.25,30.00,,,,,,,,,,,,,,,,,,,,,,68.28,,17.00,,72.68,,,,39.81,,,,,,,,,,,,,,,,,,,,91.27,,12.78,,,,,,3.64,,,,,,,,,,,,,,
,,,,,,,,2023090101,,09/01/2023,,995,,1133.98,,80.00,1320.00,7.02,173.75,,,,,,,,,,,,,,,,,,,,,,93.94,,20.10,,85.94,,,,52.10,,,,,,,,,,,,,,,,,,,,91.27,,12.78,,,,,,3.64,,,,,,,,,,,,,,
,,,,,,,,2023091501,,09/15/2023,,1101,,1013.23,,56.72,935.88,,,,,,,16.00,264.00,,,,,8.00,132.00,,,,,,,,,,74.52,,17.75,,75.90,,,,42.79,,,,,,,,,,,,,,,,,,,,91.27,,12.78,,,,,,3.64,,,,,,,,,,,,,,
,,,,,,,,2023092901,,09/29/2023,,1203,,1093.69,,64.73,1068.05,,,,,,,16.00,264.00,,,,,,,,,,,,,,,,87.46,,19.31,,82.59,,,,49.00,,,,,,,,,,,,,,,,,,,,,,,,,,,,,,,,,,,,,,,,,,
,,,,,,,,2023101301,,10/13/2023,,1306,,1006.46,,77.13,1272.65,2.52,62.37,,,,,,,,,,,,,,,,,,,,,,73.43,,17.62,,75.34,,,,42.27,,,,,,,,,,,,,,,,,,,,103.10,,13.16,,,,,,3.64,,,,,,,,,,,,,,
,,,,,,,,2023102701,,10/27/2023,,1411,,1092.19,,80.00,1320.00,5.25,129.94,,,,,,,,,,,,,,,,,,,,,,87.22,,19.29,,82.46,,,,48.88,,,,,,,,,,,,,,,,,,,,103.10,,13.16,,,,,,3.64,,,,,,,,,,,,,,
,,,,,,,,2023111001,,11/10/2023,,1515,,1014.76,,71.08,1172.82,1.67,41.33,,,,,8.00,132.00,,,,,,,,,,,,,,,,74.77,,17.78,,76.03,,,,42.91,,,,,,,,,,,,,,,,,,,,103.10,,13.16,,,,,,3.64,,,,,,,,,,,,,,
,,,,,,,,2023112401,,11/24/2023,,1618,,905.23,,60.88,1004.52,1.65,40.84,,,,,9.33,153.95,,,,,,,,,,,,,,,,57.14,,15.65,,66.92,,,,34.47,,,,,,,,,,,,,,,,,,,,103.10,,13.16,,,,,,3.64,,,,,,,,,,,,,,
,,,,,,,,2023120801,,12/08/2023,,1761,,200.00,,,,,,,,,,,,,,0.00,216.57,,,,,,,,,,,,0.00,,3.14,,13.43,,,,0.00,,,,,,,,,,,,,,,,,,,,,,,,,,,,,,,,,,,,,,,,,,
,,,,,,,,,,12/08/2023,,1762,,1052.71,,65.79,1085.54,1.90,47.03,,,,,,,,,,,16.00,264.00,,,,,,,,,,80.87,,18.52,,79.18,,,,45.84,,,,,,,,,,,,,,,,,,,,102.65,,13.16,,,,,,3.64,,,,,,,,,,,,,,
,,,,,,,,2023122001,,12/20/2023,,21,,0.00,,0.00,2.10,,,,,0.00,25.32,,,,,,,,,,,,,,,,,,0.00,,0.40,,1.70,,,,0.00,,,,,,,,,,,,,,,,,,25.32,,,,,,,,,,,,,,,,,,,,,,,,
,,,,,,,,2023122201,,12/22/2023,,1899,,1042.71,,80.00,1320.00,2.57,63.61,,,,,,,,,,,,,,,,,,,,,,79.26,,18.32,,78.35,,,,45.07,,,,,,,,,,,,,,,,,,,,103.10,,13.16,,,,,,3.64,,,,,,,,,,,,,,
,,VCFP-CCM-REMOTE,,"Driscoll, Sally C.",,141,,2023070701,,07/07/2023,,574,,967.63,,44.43,1155.18,,,,,,,,,,,,,,,,,,,,,,,,66.24,,16.75,,71.62,,,,32.94,,,,,,,,,,,,,,,,,,,,,,,,,,,,,,,,,,,,,,,,,,
,,,,,,,,2023072101,,07/21/2023,,673,,700.80,,30.93,804.18,,,,,,,,,,,,,,,,,,,,,,,,27.15,,11.66,,49.86,,,,14.71,,,,,,,,,,,,,,,,,,,,,,,,,,,,,,,,,,,,,,,,,,
,,,,,,,,2023080401,,08/04/2023,,776,,763.54,,34.05,885.30,,,,,,,,,,,,,,,,,,,,,,,,35.26,,12.84,,54.89,,,,18.77,,,,,,,,,,,,,,,,,,,,,,,,,,,,,,,,,,,,,,,,,,
,,,,,,,,2023081801,,08/18/2023,,879,,773.60,,34.55,898.30,,,,,,,,,,,,,,,,,,,,,,,,36.56,,13.03,,55.69,,,,19.42,,,,,,,,,,,,,,,,,,,,,,,,,,,,,,,,,,,,,,,,,,
,,,,,,,,2023090101,,09/01/2023,,980,,800.16,,35.87,932.62,,,,,,,,,,,,,,,,,,,,,,,,39.99,,13.52,,57.82,,,,21.13,,,,,,,,,,,,,,,,,,,,,,,,,,,,,,,,,,,,,,,,,,
,,,,,,,,2023091501,,09/15/2023,,1086,,637.86,,27.80,722.80,,,,,,,,,,,,,,,,,,,,,,,,19.01,,10.48,,44.81,,,,10.64,,,,,,,,,,,,,,,,,,,,,,,,,,,,,,,,,,,,,,,,,,
,,,,,,,,2023092901,,09/29/2023,,1188,,891.91,,40.53,1053.78,,,,,,,,,,,,,,,,,,,,,,,,54.07,,15.28,,65.33,,,,27.19,,,,,,,,,,,,,,,,,,,,,,,,,,,,,,,,,,,,,,,,,,
,,,,,,,,2023101301,,10/13/2023,,1291,,796.33,,35.68,927.68,,,,,,,,,,,,,,,,,,,,,,,,39.50,,13.45,,57.52,,,,20.88,,,,,,,,,,,,,,,,,,,,,,,,,,,,,,,,,,,,,,,,,,
,,,,,,,,2023102701,,10/27/2023,,1396,,735.39,,32.65,848.90,,,,,,,,,,,,,,,,,,,,,,,,31.62,,12.31,,52.63,,,,16.95,,,,,,,,,,,,,,,,,,,,,,,,,,,,,,,,,,,,,,,,,,
,,,,,,,,2023111001,,11/10/2023,,1500,,767.17,,34.23,889.98,,,,,,,,,,,,,,,,,,,,,,,,35.73,,12.90,,55.18,,,,19.00,,,,,,,,,,,,,,,,,,,,,,,,,,,,,,,,,,,,,,,,,,
,,,,,,,,2023112401,,11/24/2023,,1604,,803.17,,36.02,936.52,,,,,,,,,,,,,,,,,,,,,,,,40.38,,13.58,,58.06,,,,21.33,,,,,,,,,,,,,,,,,,,,,,,,,,,,,,,,,,,,,,,,,,
,,,,,,,,2023120801,,12/08/2023,,1733,,50.00,,,,,,,,,,,,,,0.00,54.15,,,,,,,,,,,,0.00,,0.79,,3.36,,,,0.00,,,,,,,,,,,,,,,,,,,,,,,,,,,,,,,,,,,,,,,,,,
,,,,,,,,,,12/08/2023,,1734,,624.38,,27.13,705.38,,,,,,,,,,,,,,,,,,,,,,,,17.27,,10.23,,43.73,,,,9.77,,,,,,,,,,,,,,,,,,,,,,,,,,,,,,,,,,,,,,,,,,
,,,,,,,,2023122201,,12/22/2023,,1884,,710.85,,31.43,817.18,,,,,,,,,,,,,,,,,,,,,,,,28.45,,11.85,,50.67,,,,15.36,,,,,,,,,,,,,,,,,,,,,,,,,,,,,,,,,,,,,,,,,,
,,VCFP-APC-ASHLAKE,,"Dwyer, Camille H.",,31,,2023033101,,03/31/2023,,0,,16292.78,,0.00,22884.68,,,,,,,40.00,0.00,,,0.00,1900.00,,,,,,,,,,,,2336.68,,307.95,,1316.76,,,,983.97,,,,,,,,,,,,,,,,,,,,1521.54,,156.36,,1825.02,,,,43.62,,,,,,,,,,,,,,
,,,,,,,,2023041401,,04/14/2023,,23,,2057.41,,40.00,1634.44,,,,,,,40.00,1634.80,,,,,,,,,,,,,,,,291.52,,38.83,,166.05,,,,124.34,,,,,,,,,,,,,,,,,,,,253.59,,26.06,,304.17,,,,7.27,,,,,,,,,,,,,,
,,,,,,,,2023042801,,04/28/2023,,110,,2057.41,,80.00,3269.24,,,,,,,,,,,,,,,,,,,,,,,,291.52,,38.83,,166.05,,,,124.34,,,,,,,,,,,,,,,,,,,,253.59,,26.06,,304.17,,,,7.27,,,,,,,,,,,,,,
,,,,,,,,,,04/28/2023,,111,,1356.60,,,,,,,,,,,,,,0.00,2100.00,,,,,,,,,,,,462.00,,30.45,,130.20,,,,120.75,,,,,,,,,,,,,,,,,,,,,,,,,,,,,,,,,,,,,,,,,,
,,,,,,,,2023051201,,05/12/2023,,198,,2057.41,,80.00,3269.24,,,,,,,,,,,,,,,,,,,,,,,,291.52,,38.83,,166.05,,,,124.34,,,,,,,,,,,,,,,,,,,,253.59,,26.06,,304.17,,,,7.27,,,,,,,,,,,,,,
,,,,,,,,2023052601,,05/26/2023,,287,,2057.41,,80.00,3269.24,,,,,,,,,,,,,,,,,,,,,,,,291.52,,38.83,,166.05,,,,124.34,,,,,,,,,,,,,,,,,,,,253.59,,26.06,,304.17,,,,7.27,,,,,,,,,,,,,,
,,,,,,,,2023060901,,06/09/2023,,376,,1926.64,,80.00,3269.24,,,0.00,130.77,,,,,,,,,,,,,,,,,,,,291.52,,38.83,,166.05,,,,124.34,,,,,,,,,,,,,,,,,,,,253.59,,26.06,,304.17,,,,7.27,,130.77,,,,,,,,,,,,
,,,,,,,,2023062301,,06/23/2023,,468,,1926.64,,80.00,3269.24,,,0.00,130.77,,,,,,,,,,,,,,,,,,,,291.52,,38.83,,166.05,,,,124.34,,,,,,,,,,,,,,,,,,,,253.59,,26.06,,304.17,,,,7.27,,130.77,,,,,,,,,,,,
,,,,,,,,2023070701,,07/07/2023,,564,,1926.64,,80.00,3269.24,,,0.00,130.77,,,,,,,,,,,,,,,,,,,,291.52,,38.83,,166.05,,,,124.34,,,,,,,,,,,,,,,,,,,,253.59,,26.06,,304.17,,,,7.27,,130.77,,,,,,,,,,,,
,,,,,,,,2023072101,,07/21/2023,,662,,2043.17,,80.00,3461.54,,,0.00,138.46,,,,,,,,,,,,,,,,,,,,333.83,,41.62,,177.97,,,,135.40,,,,,,,,,,,,,,,,,,,,253.59,,26.06,,304.17,,,,7.27,,138.46,,,,,,,,,,,,
,,,,,,,,,,07/21/2023,,663,,1393.80,,,,,,0.00,92.00,,,,,,,0.00,2300.00,,,,,,,,,,,,506.00,,33.35,,142.60,,,,132.25,,,,,,,,,,,,,,,,,,,,,,,,,,,,,,92.00,,,,,,,,,,,,
,,,,,,,,2023080401,,08/04/2023,,765,,2043.17,,40.00,1730.77,,,0.00,138.46,,,40.00,1730.77,,,,,,,,,,,,,,,,333.83,,41.62,,177.97,,,,135.40,,,,,,,,,,,,,,,,,,,,253.59,,26.06,,304.17,,,,7.27,,138.46,,,,,,,,,,,,
,,,,,,,,2023081801,,08/18/2023,,869,,2043.17,,80.00,3461.54,,,0.00,138.46,,,,,,,,,,,,,,,,,,,,333.83,,41.62,,177.97,,,,135.40,,,,,,,,,,,,,,,,,,,,253.59,,26.06,,304.17,,,,7.27,,138.46,,,,,,,,,,,,
,,,,,,,,2023090101,,09/01/2023,,968,,2043.17,,80.00,3461.54,,,0.00,138.46,,,,,,,,,,,,,,,,,,,,333.83,,41.62,,177.97,,,,135.40,,,,,,,,,,,,,,,,,,,,253.59,,26.06,,304.17,,,,7.27,,138.46,,,,,,,,,,,,
,,,,,,,,2023091501,,09/15/2023,,1074,,2043.21,,80.00,3461.54,,,0.00,138.46,,,,,,,,,,,,,,,,,,,,333.83,,41.62,,177.93,,,,135.40,,,,,,,,,,,,,,,,,,,,253.59,,26.06,,304.17,,,,7.27,,138.46,,,,,,,,,,,,
,,,,,,,,2023092901,,09/29/2023,,1175,,2425.01,,80.00,3461.54,,,0.00,138.46,,,,,,,,,,,,,,,,,,,,463.87,,50.19,,214.62,,,,169.39,,,,,,,,,,,,,,,,,,,,,,,,,,,,,,138.46,,,,,,,,,,,,
,,,,,,,,2023101301,,10/13/2023,,1278,,2146.05,,76.00,3288.46,,,0.00,138.46,,,4.00,173.08,,,,,,,,,,,,,,,,368.87,,43.97,,187.85,,,,144.56,,,,,,,,,,,,,,,,,,,,397.67,,26.84,,,,,,7.27,,138.46,,,,,,,,,,,,
,,,,,,,,2023102701,,10/27/2023,,1383,,2146.09,,80.00,3461.54,,,0.00,138.46,,,,,,,,,,,,,,,,,,,,368.87,,43.93,,187.85,,,,144.56,,,,,,,,,,,,,,,,,,,,397.67,,26.84,,,,,,7.27,,138.46,,,,,,,,,,,,
,,,,,,,,2023111001,,11/10/2023,,1486,,2146.09,,8.00,346.16,,,0.00,138.46,,,72.00,3115.38,,,,,,,,,,,,,,,,368.87,,43.93,,187.85,,,,144.56,,,,,,,,,,,,,,,,,,,,397.67,,26.84,,,,,,7.27,,138.46,,,,,,,,,,,,
,,,,,,,,2023112401,,11/24/2023,,1590,,2146.09,,80.00,3461.54,,,0.00,138.46,,,,,,,,,,,,,,,,,,,,368.87,,43.93,,187.85,,,,144.56,,,,,,,,,,,,,,,,,,,,397.67,,26.84,,,,,,7.27,,138.46,,,,,,,,,,,,
,,,,,,,,,,11/24/2023,,1591,,1696.80,,,,,,0.00,112.00,,,,,,,0.00,2800.00,,,,,,,,,,,,616.00,,40.60,,173.60,,,,161.00,,,,,,,,,,,,,,,,,,,,,,,,,,,,,,112.00,,,,,,,,,,,,
,,,,,,,,2023120801,,12/08/2023,,1713,,2146.39,,80.00,3461.54,,,0.00,138.46,,,,,,,,,,,,,,,,,,,,368.97,,43.94,,187.87,,,,144.58,,,,,,,,,,,,,,,,,,,,397.22,,26.84,,,,,,7.27,,138.46,,,,,,,,,,,,
,,,,,,,,2023122001,,12/20/2023,,22,,0.00,,0.00,5.50,,,,,0.00,66.39,,,,,,,,,,,,,,,,,,0.00,,1.04,,4.46,,,,0.00,,,,,,,,,,,,,,,,,,66.39,,,,,,,,,,,,,,,,,,,,,,,,
,,,,,,,,2023122201,,12/22/2023,,1870,,2146.09,,76.00,3288.46,,,0.00,138.46,,,4.00,173.08,,,,,,,,,,,,,,,,368.87,,43.93,,187.85,,,,144.56,,,,,,,,,,,,,,,,,,,,397.67,,26.84,,,,,,7.27,,138.46,,,,,,,,,,,,
,,VCFP-MEDASSIST-ASHLAKE,,"Everette, Shunta L.",,129,,2023042801,,04/28/2023,,141,,287.21,,15.55,311.00,,,,,,,,,,,,,,,,,,,,,,,,0.00,,4.51,,19.28,,,,0.00,,,,,,,,,,,,,,,,,,,,,,,,,,,,,,,,,,,,,,,,,,
,,VCFP-APC-DISCOVERY,,"Feinman, Caroline ",,41,,2023033101,,03/31/2023,,0,,16861.46,,0.00,24230.78,,,,,,,24.00,0.00,,,0.00,1950.00,,,,,,,,,,,,3243.13,,338.49,,1447.33,,,,1088.59,,,,,,,,,,,,,,364.98,,,,,,1254.18,,167.40,,1375.02,,,,40.20,,,,,,,,,,,,,,
,,,,,,,,2023041401,,04/14/2023,,26,,2145.25,,80.00,3461.54,,,,,,,,,,,,,,,,,,,,,,,,413.88,,43.34,,185.30,,,,140.14,,,,,,,,,,,,,,60.83,,,,,,209.03,,27.90,,229.17,,,,6.70,,,,,,,,,,,,,,
,,,,,,,,2023042801,,04/28/2023,,114,,1945.95,,80.00,3461.54,,,0.00,138.46,,,,,,,,,,,,,,,,,,,,384.80,,43.34,,185.30,,,,126.21,,,,,,,,,,242.31,,,,60.83,,,,,,209.03,,27.90,,229.17,,,,6.70,,,,,,,,,,,,,,
,,,,,,,,2023051201,,05/12/2023,,202,,1945.95,,72.00,3115.38,,,0.00,138.46,,,8.00,346.16,,,,,,,,,,,,,,,,384.80,,43.34,,185.30,,,,126.21,,,,,,,,,,242.31,,,,60.83,,,,,,209.03,,27.90,,229.17,,,,6.70,,,,,,,,,,,,,,
,,,,,,,,2023052601,,05/26/2023,,290,,1945.95,,64.00,2769.22,,,0.00,138.46,,,16.00,692.32,,,,,,,,,,,,,,,,384.80,,43.34,,185.30,,,,126.21,,,,,,,,,,242.31,,,,60.83,,,,,,209.03,,27.90,,229.17,,,,6.70,,,,,,,,,,,,,,
,,,,,,,,,,05/26/2023,,291,,1356.60,,,,,,,,,,,,,,0.00,2100.00,,,,,,,,,,,,462.00,,30.45,,130.20,,,,120.75,,,,,,,,,,,,,,,,,,,,,,,,,,,,,,,,,,,,,,,,,,
,,,,,,,,2023060901,,06/09/2023,,379,,1945.95,,72.00,3115.38,,,0.00,138.46,,,8.00,346.16,,,,,,,,,,,,,,,,384.80,,43.34,,185.30,,,,126.21,,,,,,,,,,242.31,,,,60.83,,,,,,209.03,,27.90,,229.17,,,,6.70,,,,,,,,,,,,,,
,,,,,,,,2023062301,,06/23/2023,,471,,1945.95,,80.00,3461.54,,,0.00,138.46,,,,,,,,,,,,,,,,,,,,384.80,,43.34,,185.30,,,,126.21,,,,,,,,,,242.31,,,,60.83,,,,,,209.03,,27.90,,229.17,,,,6.70,,,,,,,,,,,,,,
,,,,,,,,2023070701,,07/07/2023,,567,,1945.95,,64.00,2769.22,,,0.00,138.46,,,16.00,692.32,,,,,,,,,,,,,,,,384.80,,43.34,,185.30,,,,126.21,,,,,,,,,,242.31,,,,60.83,,,,,,209.03,,27.90,,229.17,,,,6.70,,,,,,,,,,,,,,
,,,,,,,,2023072101,,07/21/2023,,666,,1945.95,,56.00,2423.06,,,0.00,138.46,,,24.00,1038.48,,,,,,,,,,,,,,,,384.80,,43.34,,185.30,,,,126.21,,,,,,,,,,242.31,,,,60.83,,,,,,209.03,,27.90,,229.17,,,,6.70,,,,,,,,,,,,,,
,,,,,,,,2023080401,,08/04/2023,,768,,1945.95,,80.00,3461.54,,,0.00,138.46,,,,,,,,,,,,,,,,,,,,384.80,,43.34,,185.30,,,,126.21,,,,,,,,,,242.31,,,,60.83,,,,,,209.03,,27.90,,229.17,,,,6.70,,,,,,,,,,,,,,
,,,,,,,,2023081801,,08/18/2023,,872,,1945.95,,80.00,3461.54,,,0.00,138.46,,,,,,,,,,,,,,,,,,,,384.80,,43.34,,185.30,,,,126.21,,,,,,,,,,242.31,,,,60.83,,,,,,209.03,,27.90,,229.17,,,,6.70,,,,,,,,,,,,,,
,,,,,,,,2023090101,,09/01/2023,,972,,1945.95,,80.00,3461.54,,,0.00,138.46,,,,,,,,,,,,,,,,,,,,384.80,,43.34,,185.30,,,,126.21,,,,,,,,,,242.31,,,,60.83,,,,,,209.03,,27.90,,229.17,,,,6.70,,,,,,,,,,,,,,
,,,,,,,,2023091501,,09/15/2023,,1077,,1946.00,,80.00,3461.54,,,0.00,138.46,,,,,,,,,,,,,,,,,,,,384.80,,43.29,,185.30,,,,126.21,,,,,,,,,,242.31,,,,60.83,,,,,,209.03,,27.90,,229.17,,,,6.70,,,,,,,,,,,,,,
,,,,,,,,,,09/15/2023,,1078,,1041.99,,,,,,0.00,70.00,,,,,,,0.00,1750.00,,,,,,,,,,,,358.05,,25.38,,108.50,,,,93.58,,,,,,,,,,122.50,,,,,,,,,,,,,,,,,,,,,,,,,,,,,,,,
,,,,,,,,2023092901,,09/29/2023,,1179,,2359.48,,,,,,0.00,138.46,,,56.00,3028.85,8.00,432.69,,,,,,,,,,,,,,441.54,,50.19,,214.62,,,,153.40,,,,,,,,,,242.31,,,,,,,,,,,,,,,,,,,,,,,,,,,,,,,,
,,,,,,,,2023101301,,10/13/2023,,1282,,1997.60,,56.00,3197.12,,,0.00,146.15,,,8.00,456.73,,,,,,,,,,,,,,,,393.28,,44.56,,190.51,,,,130.27,,,,,,,,,,255.77,,,,60.83,,,,,,316.42,,28.74,,229.17,,,,6.70,,,,,,,,,,,,,,
,,,,,,,,2023102701,,10/27/2023,,1387,,1994.20,,64.00,3653.85,,,0.00,146.15,,,,,,,,,,,,,,,,,,,,393.28,,44.56,,190.51,,,,130.27,,,,,,,,,,255.77,,,,64.23,,,,,,316.42,,28.74,,229.17,,,,6.70,,,,,,,,,,,,,,
,,,,,,,,2023111001,,11/10/2023,,1490,,1994.20,,64.00,3653.85,,,0.00,146.15,,,,,,,,,,,,,,,,,,,,393.28,,44.56,,190.51,,,,130.27,,,,,,,,,,255.77,,,,64.23,,,,,,316.42,,28.74,,229.17,,,,6.70,,,,,,,,,,,,,,
,,,,,,,,2023112401,,11/24/2023,,1595,,1994.20,,52.00,2968.75,,,0.00,146.15,,,12.00,685.10,,,,,,,,,,,,,,,,393.28,,44.56,,190.51,,,,130.27,,,,,,,,,,255.77,,,,64.23,,,,,,316.42,,28.74,,229.17,,,,6.70,,,,,,,,,,,,,,
,,,,,,,,2023120801,,12/08/2023,,1717,,1994.54,,64.00,3653.85,,,0.00,146.15,,,,,,,,,,,,,,,,,,,,393.33,,44.56,,190.54,,,,130.30,,,,,,,,,,255.77,,,,64.23,,,,,,315.97,,28.74,,229.17,,,,6.70,,,,,,,,,,,,,,
,,,,,,,,,,12/08/2023,,1718,,1312.92,,,,,,0.00,88.20,,,,,,,0.00,2205.00,,,,,,,,,,,,451.14,,31.97,,136.71,,,,117.91,,,,,,,,,,154.35,,,,,,,,,,,,,,,,,,,,,,,,,,,,,,,,
,,,,,,,,2023122001,,12/20/2023,,24,,0.00,,0.00,5.82,,,,,0.00,70.08,,,,,,,,,,,,,,,,,,0.00,,1.10,,4.72,,,,0.00,,,,,,,,,,,,,,,,,,70.08,,,,,,,,,,,,,,,,,,,,,,,,
,,,,,,,,2023122201,,12/22/2023,,1875,,1994.20,,64.00,3653.85,,,0.00,146.15,,,,,,,,,,,,,,,,,,,,393.28,,44.56,,190.51,,,,130.27,,,,,,,,,,255.77,,,,64.23,,,,,,316.42,,28.74,,229.17,,,,6.70,,,,,,,,,,,,,,
,,VCFP-FRONTDESK-DISCOVERY,,"Frasier, Jocelyn E.",,124,,2023033101,,03/31/2023,,0,,1834.74,,134.86,2157.76,1.52,36.48,,,,,,,,,,,,,,,,,,,,,,120.05,,31.82,,136.04,,,,71.59,,,,,,,,,,,,,,,,,,,,,,,,,,,,,,,,,,,,,,,,,,
,,,,,,,,2023041401,,04/14/2023,,46,,1081.32,,80.00,1280.00,1.50,36.00,,,,,,,,,,,,,,,,,,,,,,85.54,,19.08,,81.59,,,,48.07,,,,,,,,,,,,,,,,0.40,,,,,,,,,,,,,,,,,,,,,,,,,,
,,,,,,,,2023042801,,04/28/2023,,134,,1100.48,,80.00,1280.00,2.57,61.68,,,,,,,,,,,,,,,,,,,,,,88.62,,19.45,,83.18,,,,49.55,,,,,,,,,,,,,,,,0.40,,,,,,,,,,,,,,,,,,,,,,,,,,
,,,,,,,,2023051201,,05/12/2023,,224,,1071.53,,79.45,1271.20,1.32,31.68,,,,,,,,,,,,,,,,,,,,,,83.96,,18.89,,80.78,,,,47.32,,,,,,,,,,,,,,,,0.40,,,,,,,,,,,,,,,,,,,,,,,,,,
,,,,,,,,2023052601,,05/26/2023,,313,,1105.13,,80.00,1280.00,2.83,67.92,,,,,,,,,,,,,,,,,,,,,,89.37,,19.54,,83.57,,,,49.91,,,,,,,,,,,,,,,,0.40,,,,,,,,,,,,,,,,,,,,,,,,,,
,,,,,,,,2023060901,,06/09/2023,,401,,1091.70,,67.12,1073.92,,,,,,,8.00,128.00,,,,,8.00,128.00,,,,,,,,,,87.21,,19.28,,82.46,,,,48.87,,,,,,,,,,,,,,,,0.40,,,,,,,,,,,,,,,,,,,,,,,,,,
,,,,,,,,2023062301,,06/23/2023,,494,,1088.84,,80.00,1280.00,1.92,46.08,,,,,,,,,,,,,,,,,,,,,,86.74,,19.23,,82.22,,,,48.65,,,,,,,,,,,,,,,,0.40,,,,,,,,,,,,,,,,,,,,,,,,,,
,,,,,,,,2023070701,,07/07/2023,,592,,895.71,,40.00,640.00,1.80,43.20,,,,,16.00,256.00,8.00,128.00,,,,,,,,,,,,,,55.68,,15.47,,66.17,,,,33.77,,,,,,,,,,,,,,,,0.40,,,,,,,,,,,,,,,,,,,,,,,,,,
,,,,,,,,2023072101,,07/21/2023,,692,,1076.25,,72.97,1167.52,0.57,13.68,,,,,,,,,,,8.00,128.00,,,,,,,,,,84.72,,18.98,,81.17,,,,47.68,,,,,,,,,,,,,,,,0.40,,,,,,,,,,,,,,,,,,,,,,,,,,
,,,,,,,,2023080401,,08/04/2023,,796,,1071.12,,79.52,1272.32,1.25,30.00,,,,,,,,,,,,,,,,,,,,,,83.89,,18.88,,80.74,,,,47.29,,,,,,,,,,,,,,,,0.40,,,,,,,,,,,,,,,,,,,,,,,,,,
,,,,,,,,2023081801,,08/18/2023,,898,,1093.79,,65.87,1053.92,1.47,35.28,,,,,15.22,243.52,,,,,,,,,,,,,,,,87.54,,19.32,,82.63,,,,49.04,,,,,,,,,,,,,,,,0.40,,,,,,,,,,,,,,,,,,,,,,,,,,
,,,,,,,,2023090101,,09/01/2023,,999,,791.87,,48.28,772.48,2.73,65.52,,,,,5.69,91.04,,,,,,,,,,,,,,,,39.63,,13.47,,57.60,,,,26.07,,,,,,,,,,,,,,,,0.40,,,,,,,,,,,,,,,,,,,,,,,,,,
,,,,,,,,2023091501,,09/15/2023,,1105,,1075.10,,72.80,1164.80,0.62,14.88,,,,,,,,,,,8.00,128.00,,,,,,,,,,84.54,,18.96,,81.08,,,,47.60,,,,,,,,,,,,,,,,0.40,,,,,,,,,,,,,,,,,,,,,,,,,,
,,,,,,,,2023092901,,09/29/2023,,1207,,1098.20,,80.00,1280.00,2.42,58.08,,,,,,,,,,,,,,,,,,,,,,88.18,,19.40,,82.96,,,,49.34,,,,,,,,,,,,,,,,,,,,,,,,,,,,,,,,,,,,,,,,,,
,,,,,,,,2023101301,,10/13/2023,,1310,,1086.74,,80.00,1280.00,1.80,43.20,,,,,,,,,,,,,,,,,,,,,,86.40,,19.19,,82.04,,,,48.49,,,,,,,,,,,,,,,,0.34,,,,,,,,,,,,,,,,,,,,,,,,,,
,,,,,,,,2023102701,,10/27/2023,,1416,,1097.73,,72.65,1162.40,1.98,47.52,,,,,8.00,128.00,,,,,,,,,,,,,,,,88.17,,19.40,,82.95,,,,49.33,,,,,,,,,,,,,,,,0.34,,,,,,,,,,,,,,,,,,,,,,,,,,
,,,,,,,,2023111001,,11/10/2023,,1519,,1092.66,,80.00,1280.00,2.13,51.12,,,,,,,,,,,,,,,,,,,,,,87.35,,19.30,,82.53,,,,48.94,,,,,,,,,,,,,,,,0.34,,,,,,,,,,,,,,,,,,,,,,,,,,
,,,,,,,,2023112401,,11/24/2023,,1622,,1122.91,,80.00,1280.00,3.82,91.68,,,,,,,,,,,,,,,,,,,,,,92.22,,19.89,,85.04,,,,51.28,,,,,,,,,,,,,,,,0.34,,,,,,,,,,,,,,,,,,,,,,,,,,
,,,,,,,,2023120801,,12/08/2023,,1769,,200.00,,,,,,,,,,,,,,0.00,216.57,,,,,,,,,,,,0.00,,3.14,,13.43,,,,0.00,,,,,,,,,,,,,,,,,,,,,,,,,,,,,,,,,,,,,,,,,,
,,,,,,,,,,12/08/2023,,1770,,1117.78,,64.53,1032.48,3.18,76.32,,,,,,,,,,,16.00,256.00,,,,,,,,,,91.39,,19.79,,84.62,,,,50.88,,,,,,,,,,,,,,,,0.34,,,,,,,,,,,,,,,,,,,,,,,,,,
,,,,,,,,2023122001,,12/20/2023,,25,,0.00,,0.00,2.04,,,,,0.00,24.54,,,,,,,,,,,,,,,,,,0.00,,0.39,,1.65,,,,0.00,,,,,,,,,,,,,,,,,,24.54,,,,,,,,,,,,,,,,,,,,,,,,
,,,,,,,,2023122201,,12/22/2023,,1904,,1079.05,,80.00,1280.00,1.37,32.88,,,,,,,,,,,,,,,,,,,,,,85.16,,19.04,,81.40,,,,47.89,,,,,,,,,,,,,,,,0.34,,,,,,,,,,,,,,,,,,,,,,,,,,
,,VCFP-MEDASSIST-REMOTE,,"Freeman, Naquinda M.",,16,,2023033101,,03/31/2023,,0,,3478.88,,140.83,3802.41,,,,,,,,,,,,,,,,,,,,,,,,0.00,,55.13,,235.75,,,,32.65,,,,,,,,,,,,,,,,,,,,,,,,,,,,,,,,,,,,,,,,,,
,,,,,,,,2023041401,,04/14/2023,,67,,420.35,,16.92,456.84,,,,,,,,,,,,,,,,,,,,,,,,0.00,,6.62,,28.32,,,,1.55,,,,,,,,,,,,,,,,,,,,,,,,,,,,,,,,,,,,,,,,,,
,,,,,,,,2023042801,,04/28/2023,,149,,438.40,,17.66,476.82,,,,,,,,,,,,,,,,,,,,,,,,0.00,,6.91,,29.56,,,,1.95,,,,,,,,,,,,,,,,,,,,,,,,,,,,,,,,,,,,,,,,,,
,,,,,,,,2023051201,,05/12/2023,,238,,595.41,,24.23,654.21,,,,,,,,,,,,,,,,,,,,,,,,0.00,,9.49,,40.56,,,,8.75,,,,,,,,,,,,,,,,,,,,,,,,,,,,,,,,,,,,,,,,,,
,,,,,,,,2023052601,,05/26/2023,,326,,268.54,,10.77,290.79,,,,,,,,,,,,,,,,,,,,,,,,0.00,,4.22,,18.03,,,,0.00,,,,,,,,,,,,,,,,,,,,,,,,,,,,,,,,,,,,,,,,,,
,,,,,,,,2023060901,,06/09/2023,,417,,432.54,,17.42,470.34,,,,,,,,,,,,,,,,,,,,,,,,0.00,,6.82,,29.16,,,,1.82,,,,,,,,,,,,,,,,,,,,,,,,,,,,,,,,,,,,,,,,,,
,,,,,,,,2023062301,,06/23/2023,,509,,428.39,,17.25,465.75,,,,,,,,,,,,,,,,,,,,,,,,0.00,,6.75,,28.88,,,,1.73,,,,,,,,,,,,,,,,,,,,,,,,,,,,,,,,,,,,,,,,,,
,,,,,,,,2023070701,,07/07/2023,,607,,416.19,,16.75,452.25,,,,,,,,,,,,,,,,,,,,,,,,0.00,,6.56,,28.04,,,,1.46,,,,,,,,,,,,,,,,,,,,,,,,,,,,,,,,,,,,,,,,,,
,,,,,,,,2023072101,,07/21/2023,,709,,380.09,,15.27,412.29,,,,,,,,,,,,,,,,,,,,,,,,0.00,,5.98,,25.56,,,,0.66,,,,,,,,,,,,,,,,,,,,,,,,,,,,,,,,,,,,,,,,,,
,,,,,,,,2023080401,,08/04/2023,,813,,327.39,,13.13,354.51,,,,,,,,,,,,,,,,,,,,,,,,0.00,,5.14,,21.98,,,,0.00,,,,,,,,,,,,,,,,,,,,,,,,,,,,,,,,,,,,,,,,,,
,,,,,,,,2023081801,,08/18/2023,,915,,363.25,,14.58,393.66,,,,,,,,,,,,,,,,,,,,,,,,0.00,,5.71,,24.41,,,,0.29,,,,,,,,,,,,,,,,,,,,,,,,,,,,,,,,,,,,,,,,,,
,,,,,,,,2023090101,,09/01/2023,,1016,,169.06,,6.78,183.06,,,,,,,,,,,,,,,,,,,,,,,,0.00,,2.65,,11.35,,,,0.00,,,,,,,,,,,,,,,,,,,,,,,,,,,,,,,,,,,,,,,,,,
,,,,,,,,2023091501,,09/15/2023,,1121,,278.52,,11.17,301.59,,,,,,,,,,,,,,,,,,,,,,,,0.00,,4.37,,18.70,,,,0.00,,,,,,,,,,,,,,,,,,,,,,,,,,,,,,,,,,,,,,,,,,
,,,,,,,,2023092901,,09/29/2023,,1223,,364.96,,14.65,395.55,,,,,,,,,,,,,,,,,,,,,,,,0.00,,5.74,,24.52,,,,0.33,,,,,,,,,,,,,,,,,,,,,,,,,,,,,,,,,,,,,,,,,,
,,,,,,,,2023101301,,10/13/2023,,1327,,312.42,,12.53,338.31,,,,,,,,,,,,,,,,,,,,,,,,0.00,,4.91,,20.98,,,,0.00,,,,,,,,,,,,,,,,,,,,,,,,,,,,,,,,,,,,,,,,,,
,,,,,,,,2023102701,,10/27/2023,,1433,,459.32,,18.52,500.04,,,,,,,,,,,,,,,,,,,,,,,,0.00,,7.25,,31.00,,,,2.47,,,,,,,,,,,,,,,,,,,,,,,,,,,,,,,,,,,,,,,,,,
,,,,,,,,2023111001,,11/10/2023,,1537,,608.15,,24.77,668.79,,,,,,,,,,,,,,,,,,,,,,,,0.00,,9.70,,41.46,,,,9.48,,,,,,,,,,,,,,,,,,,,,,,,,,,,,,,,,,,,,,,,,,
,,,,,,,,2023112401,,11/24/2023,,1639,,512.39,,20.72,559.44,,,,,,,,,,,,,,,,,,,,,,,,0.00,,8.11,,34.69,,,,4.25,,,,,,,,,,,,,,,,,,,,,,,,,,,,,,,,,,,,,,,,,,
,,,,,,,,2023120801,,12/08/2023,,1803,,100.00,,,,,,,,,,,,,,0.00,108.28,,,,,,,,,,,,0.00,,1.57,,6.71,,,,0.00,,,,,,,,,,,,,,,,,,,,,,,,,,,,,,,,,,,,,,,,,,
,,,,,,,,,,12/08/2023,,1804,,762.86,,31.33,845.91,,,,,,,,,,,,,,,,,,,,,,,,0.00,,12.27,,52.45,,,,18.33,,,,,,,,,,,,,,,,,,,,,,,,,,,,,,,,,,,,,,,,,,
,,,,,,,,2023122201,,12/22/2023,,1921,,697.76,,28.57,771.39,,,,,,,,,,,,,,,,,,,,,,,,0.00,,11.19,,47.83,,,,14.61,,,,,,,,,,,,,,,,,,,,,,,,,,,,,,,,,,,,,,,,,,
,,VCFP-OOSOTH-REMOTE,,"Freeman, Shatayana ",,8,,2023033101,,03/31/2023,,0,,9409.79,,484.69,10255.36,28.01,884.81,0.00,183.50,,,32.00,677.60,,,,,16.00,336.00,,,,,,,,,,933.11,,176.23,,753.53,,,,404.93,,75.00,,,,,,,,183.50,,10.08,,207.60,,,,,,,,,,,,,,,,,,,,,,,,,,,,
,,,,,,,,,,03/31/2023,,1,,0.00,,,,,,,,,,,,,,,,,,,,,,,,,,,,,,,,,,,0.00,,0.00,,,,,,,,,,,,,,,,,,,,,,,,,,,,,,,,,,,,,,,,
,,,,,,,,2023041401,,04/14/2023,,60,,1143.15,,69.23,1502.29,,,0.00,60.09,,,,,,,,,,,,,,,,,,,,100.68,,21.78,,93.14,,,,,,46.00,,,,,,,,60.09,,,,35.77,,1.68,,,,,,,,,,,,,,,,,,,,,,,,,,
,,,,,,,,2023042801,,04/28/2023,,151,,1263.51,,68.93,1495.78,,,0.00,66.78,,,8.00,173.60,,,,,,,,,,,,,,,,119.93,,24.21,,103.50,,,,,,54.00,,,,,,,,66.78,,,,35.77,,1.68,,,,,,,,,,,,,,,,,,,,,,,,,,
,,,,,,,,2023051201,,05/12/2023,,240,,1311.79,,76.30,1655.71,2.47,80.40,0.00,69.44,,,,,,,,,,,,,,,,,,,,127.62,,25.17,,107.64,,,,,,57.00,,,,,,,,69.44,,,,35.77,,1.68,,,,,,,,,,,,,,,,,,,,,,,,,,
,,,,,,,,2023052601,,05/26/2023,,328,,1349.71,,78.23,1697.59,2.82,91.79,0.00,71.58,,,,,,,,,,,,,,,,,,,,133.75,,25.95,,110.94,,,,,,60.00,,,,,,,,71.58,,,,35.77,,1.68,,,,,,,,,,,,,,,,,,,,,,,,,,
,,,,,,,,2023060901,,06/09/2023,,419,,1392.08,,73.25,1589.53,2.58,83.98,0.00,73.88,,,,,,,,,8.00,173.60,,,,,,,,,,140.40,,26.78,,114.52,,,,,,62.00,,,,,,,,73.88,,,,35.77,,1.68,,,,,,,,,,,,,,,,,,,,,,,,,,
,,,,,,,,2023062301,,06/23/2023,,511,,1335.96,,79.97,1735.35,1.07,34.83,0.00,70.81,,,,,,,,,,,,,,,,,,,,131.54,,25.67,,109.75,,,,,,59.00,,,,,,,,70.81,,,,35.77,,1.68,,,,,,,,,,,,,,,,,,,,,,,,,,
,,,,,,,,2023070701,,07/07/2023,,609,,1326.22,,70.05,1520.09,1.92,62.50,0.00,70.25,,,8.00,173.60,,,,,,,,,,,,,,,,129.93,,25.46,,108.88,,,,,,58.00,,,,,,,,70.25,,,,35.77,,1.68,,,,,,,,,,,,,,,,,,,,,,,,,,
,,,,,,,,2023072101,,07/21/2023,,711,,1384.16,,72.55,1574.34,2.73,88.86,0.00,73.47,,,,,,,,,8.00,173.60,,,,,,,,,,139.21,,26.63,,113.88,,,,,,62.00,,,,,,,,73.47,,,,35.77,,1.68,,,,,,,,,,,,,,,,,,,,,,,,,,
,,,,,,,,2023080401,,08/04/2023,,815,,1358.72,,78.98,1713.87,2.68,87.23,0.00,72.04,,,,,,,,,,,,,,,,,,,,135.10,,26.12,,111.67,,,,,,60.00,,,,,,,,72.04,,,,35.77,,1.68,,,,,,,,,,,,,,,,,,,,,,,,,,
,,,,,,,,2023081801,,08/18/2023,,917,,1380.48,,80.00,1736.00,2.95,96.02,0.00,73.28,,,,,,,,,,,,,,,,,,,,138.66,,26.56,,113.59,,,,,,62.00,,,,,,,,73.28,,,,35.77,,1.68,,,,,,,,,,,,,,,,,,,,,,,,,,
,,,,,,,,2023090101,,09/01/2023,,1019,,1339.30,,65.37,1418.53,0.27,8.79,0.00,70.98,,,16.00,347.20,,,,,,,,,,,,,,,,132.04,,25.73,,110.02,,,,,,59.00,,,,,,,,70.98,,,,35.77,,1.68,,,,,,,,,,,,,,,,,,,,,,,,,,
,,,,,,,,2023091501,,09/15/2023,,1123,,1390.64,,65.33,1417.66,2.47,80.40,0.00,73.81,,,,,8.00,173.60,,,8.00,173.60,,,,,,,,,,140.19,,26.76,,114.41,,,,,,62.00,,,,,,,,73.81,,,,35.77,,1.68,,,,,,,,,,,,,,,,,,,,,,,,,,
,,,,,,,,2023092901,,09/29/2023,,1225,,1479.95,,80.00,1736.00,5.55,180.65,0.00,76.67,,,,,,,,,,,,,,,,,,,,148.41,,27.79,,118.83,,,,,,65.00,,,,,,,,76.67,,,,,,,,,,,,,,,,,,,,,,,,,,,,,,,,
,,,,,,,,2023101301,,10/13/2023,,1329,,1335.30,,77.78,1687.83,,,0.00,70.99,,,4.00,86.80,,,,,,,,,,,,,,,,132.05,,25.73,,110.03,,,,,,59.00,,,,,,,,70.99,,,,39.73,,1.80,,,,,,,,,,,,,,,,,,,,,,,,,,
,,,,,,,,2023102701,,10/27/2023,,1435,,1359.97,,79.12,1716.90,2.80,91.14,0.00,72.32,,,,,,,,,,,,,,,,,,,,135.90,,26.22,,112.10,,,,,,60.00,,,,,,,,72.32,,,,39.73,,1.80,,,,,,,,,,,,,,,,,,,,,,,,,,
,,,,,,,,2023111001,,11/10/2023,,1539,,1390.23,,74.00,1605.80,2.17,70.63,0.00,74.00,,,8.00,173.60,,,,,,,,,,,,,,,,140.74,,26.83,,114.70,,,,,,62.00,,,,,,,,74.00,,,,39.73,,1.80,,,,,,,,,,,,,,,,,,,,,,,,,,
,,,,,,,,2023112401,,11/24/2023,,1641,,1411.42,,74.07,1607.32,3.05,99.28,0.00,75.21,,,8.00,173.60,,,,,,,,,,,,,,,,144.21,,27.26,,116.57,,,,,,64.00,,,,,,,,75.21,,,,39.73,,1.80,,,,,,,,,,,,,,,,,,,,,,,,,,
,,,,,,,,2023120801,,12/08/2023,,1807,,1000.00,,,,,,,,,,,,,,0.00,1196.78,,,,,,,,,,,,71.23,,17.35,,74.20,,,,,,34.00,,,,,,,,,,,,,,,,,,,,,,,,,,,,,,,,,,,,,,,,
,,,,,,,,,,12/08/2023,,1808,,1380.89,,61.50,1334.55,2.13,69.33,0.00,73.52,,,4.00,86.80,,,,,16.00,347.20,,,,,,,,,,139.34,,26.65,,113.95,,,,,,62.00,,,,,,,,73.52,,,,39.73,,1.80,,,,,,,,,,,,,,,,,,,,,,,,,,
,,,,,,,,2023122001,,12/20/2023,,26,,0.00,,0.00,2.76,,,,,0.00,33.30,,,,,,,,,,,,,,,,,,0.00,,0.52,,2.24,,,,,,0.00,,,,,,,,,,,,,,,,33.30,,,,,,,,,,,,,,,,,,,,,,,,
,,,,,,,,2023122201,,12/22/2023,,1923,,1413.66,,78.13,1695.42,3.10,100.91,0.00,75.33,,,4.00,86.80,,,,,,,,,,,,,,,,144.55,,27.31,,116.75,,,,,,64.00,,,,,,,,75.33,,,,39.73,,1.80,,,,,,,,,,,,,,,,,,,,,,,,,,
,,VCFP-FRONTDESK-WATERSIDE,,"Gombos, Rachel L.",,43,,2023033101,,03/31/2023,,0,,7450.99,,527.70,8970.90,7.68,195.85,,,,,16.00,272.00,,,,,16.00,272.00,,,,,,,,,,582.75,,131.64,,562.88,,,,328.85,,,,,,,,,,,,21.60,,,,,,,,533.52,,76.68,,,,,,21.84,,,,,,,,,,,,,,
,,,,,,,,2023041401,,04/14/2023,,47,,1035.91,,79.95,1359.15,0.22,5.61,,,,,,,,,,,,,,,,,,,,,,78.75,,18.26,,78.08,,,,44.82,,,,,,,,,,,,,,,,3.60,,,,88.92,,12.78,,,,,,3.64,,,,,,,,,,,,,,
,,,,,,,,2023042801,,04/28/2023,,136,,1067.18,,80.00,1360.00,1.83,46.67,,,,,,,,,,,,,,,,,,,,,,83.77,,18.87,,80.68,,,,47.23,,,,,,,,,,,,,,,,3.60,,,,88.92,,12.78,,,,,,3.64,,,,,,,,,,,,,,
,,,,,,,,2023051201,,05/12/2023,,226,,1032.73,,80.00,1360.00,0.02,0.51,,,,,,,,,,,,,,,,,,,,,,78.24,,18.20,,77.82,,,,44.58,,,,,,,,,,,,,,,,3.60,,,,88.92,,12.78,,,,,,3.64,,,,,,,,,,,,,,
,,,,,,,,2023052601,,05/26/2023,,315,,1056.20,,73.40,1247.80,0.32,8.16,,,,,8.00,136.00,,,,,,,,,,,,,,,,82.01,,18.66,,79.77,,,,46.38,,,,,,,,,,,,,,,,3.60,,,,88.92,,12.78,,,,,,3.64,,,,,,,,,,,,,,
,,,,,,,,2023060901,,06/09/2023,,403,,1027.53,,61.62,1047.54,,,,,,,10.00,170.00,,,,,8.00,136.00,,,,,,,,,,77.40,,18.10,,77.39,,,,44.18,,,,,,,,,,,,,,,,3.60,,,,88.92,,12.78,,,,,,3.64,,,,,,,,,,,,,,
,,,,,,,,2023062301,,06/23/2023,,496,,1033.88,,79.70,1354.90,0.28,7.14,,,,,,,,,,,,,,,,,,,,,,78.42,,18.22,,77.92,,,,44.66,,,,,,,,,,,,,,,,3.60,,,,88.92,,12.78,,,,,,3.64,,,,,,,,,,,,,,
,,,,,,,,2023070701,,07/07/2023,,594,,1061.46,,80.00,1360.00,1.53,39.02,,,,,,,,,,,,,,,,,,,,,,82.86,,18.76,,80.21,,,,46.79,,,,,,,,,,,,,,,,3.60,,,,88.92,,12.78,,,,,,3.64,,,,,,,,,,,,,,
,,,,,,,,2023072101,,07/21/2023,,694,,1059.57,,72.35,1229.95,0.53,13.52,,,,,1.00,17.00,,,,,8.00,136.00,,,,,,,,,,82.55,,18.72,,80.05,,,,46.64,,,,,,,,,,,,,,,,3.60,,,,88.92,,12.78,,,,,,3.64,,,,,,,,,,,,,,
,,,,,,,,2023080401,,08/04/2023,,798,,953.73,,70.80,1203.60,,,,,,,3.00,51.00,,,,,,,,,,,,,,,,65.53,,16.66,,71.25,,,,38.49,,,,,,,,,,,,,,,,3.60,,,,88.92,,12.78,,,,,,3.64,,,,,,,,,,,,,,
,,,,,,,,2023081801,,08/18/2023,,900,,1057.67,,80.00,1360.00,1.33,33.92,,,,,,,,,,,,,,,,,,,,,,82.24,,18.68,,79.89,,,,46.50,,,,,,,,,,,,,,,,3.60,,,,88.92,,12.78,,,,,,3.64,,,,,,,,,,,,,,
,,,,,,,,2023090101,,09/01/2023,,1001,,1074.27,,79.75,1355.75,0.37,9.44,,,,,3.00,51.00,,,,,,,,,,,,,,,,84.92,,19.01,,81.27,,,,47.78,,,,,,,,,,,,,,,,3.60,,,,88.92,,12.78,,,,,,3.64,,,,,,,,,,,,,,
,,,,,,,,2023091501,,09/15/2023,,1107,,1061.49,,55.90,978.81,,,,,,,16.00,280.16,,,,,8.00,140.08,,,,,,,,,,82.86,,18.76,,80.21,,,,46.79,,,,,,,,,,,,,,,,3.60,,,,88.92,,12.78,,,,,,3.64,,,,,,,,,,,,,,
,,,,,,,,2023092901,,09/29/2023,,1209,,1139.10,,75.05,1314.13,,,,,,,4.50,78.80,,,,,,,,,,,,,,,,94.77,,20.20,,86.36,,,,52.50,,,,,,,,,,,,,,,,,,,,,,,,,,,,,,,,,,,,,,,,,,
,,,,,,,,2023101301,,10/13/2023,,1312,,1046.52,,80.00,1400.80,1.00,26.27,,,,,,,,,,,,,,,,,,,,,,84.48,,18.95,,81.04,,,,47.57,,,,,,,,,,,,,,23.91,,4.70,,,,103.10,,13.16,,,,,,3.64,,,,,,,,,,,,,,
,,,,,,,,2023102701,,10/27/2023,,1418,,1032.50,,73.48,1286.64,,,,,,,7.00,122.57,,,,,,,,,,,,,,,,82.33,,18.69,,79.94,,,,46.54,,,,,,,,,,,,,,24.61,,4.70,,,,103.10,,13.16,,,,,,3.64,,,,,,,,,,,,,,
,,,,,,,,2023111001,,11/10/2023,,1521,,1079.64,,72.22,1264.57,2.58,67.76,,,,,8.00,140.08,,,,,,,,,,,,,,,,89.92,,19.61,,83.86,,,,50.17,,,,,,,,,,,,,,24.61,,4.70,,,,103.10,,13.16,,,,,,3.64,,,,,,,,,,,,,,
,,,,,,,,2023112401,,11/24/2023,,1624,,407.77,,30.62,536.16,,,,,,,3.50,61.29,,,,,,,,,,,,,,,,0.00,,6.92,,29.61,,,,3.94,,,,,,,,,,,,,,24.61,,4.70,,,,103.10,,13.16,,,,,,3.64,,,,,,,,,,,,,,
,,,,,,,,2023120801,,12/08/2023,,1773,,200.00,,,,,,,,,,,,,,0.00,216.57,,,,,,,,,,,,0.00,,3.14,,13.43,,,,0.00,,,,,,,,,,,,,,,,,,,,,,,,,,,,,,,,,,,,,,,,,,
,,,,,,,,,,12/08/2023,,1774,,1081.75,,64.82,1135.00,2.27,59.62,,,,,,,,,,,16.00,280.16,,,,,,,,,,90.25,,19.65,,84.03,,,,50.34,,,,,,,,,,,,,,24.61,,4.70,,,,102.65,,13.16,,,,,,3.64,,,,,,,,,,,,,,
,,,,,,,,2023122001,,12/20/2023,,27,,0.00,,0.00,2.22,,,,,0.00,26.85,,,,,,,,,,,,,,,,,,0.00,,0.42,,1.80,,,,0.00,,,,,,,,,,,,,,,,,,26.85,,,,,,,,,,,,,,,,,,,,,,,,
,,,,,,,,2023122201,,12/22/2023,,1906,,1078.74,,80.00,1400.80,2.68,70.39,,,,,,,,,,,,,,,,,,,,,,89.77,,19.59,,83.78,,,,50.10,,,,,,,,,,,,,,24.61,,4.70,,,,103.10,,13.16,,,,,,3.64,,,,,,,,,,,,,,
,,VCFP-MEDASSIST-DISCOVERY,,"Goode, Mary A.",,156,,2023101301,,10/13/2023,,1323,,729.63,,40.00,800.00,0.33,9.90,,,,,,,,,,,,,,,,,,,,,,0.00,,11.74,,50.21,,,,18.32,,,,,,,,,,,,,,,,,,,,,,,,,,,,,,,,,,,,,,,,,,
,,,,,,,,2023102701,,10/27/2023,,1429,,1381.36,,80.00,1600.00,3.83,114.90,,,,,,,,,,,,,,,,,,,,,,133.40,,24.87,,106.32,,,,68.95,,,,,,,,,,,,,,,,,,,,,,,,,,,,,,,,,,,,,,,,,,
,,,,,,,,2023111001,,11/10/2023,,1532,,1255.44,,80.00,1600.00,2.27,68.10,,,0.00,0.25,,,,,,,,,,,,,,,,,,116.02,,22.77,,97.34,,,,60.62,,,,,,,,,,,,,,16.58,,0.98,,0.25,,85.19,,13.16,,,,,,,,,,,,,,,,,,,,
,,,,,,,,2023112401,,11/24/2023,,1635,,1210.68,,80.00,1600.00,0.27,8.10,,,0.00,0.25,,,,,,,,,,,,,,,,,,108.82,,21.90,,93.62,,,,57.17,,,,,,,,,,,,,,16.58,,0.98,,0.25,,85.19,,13.16,,,,,,,,,,,,,,,,,,,,
,,,,,,,,2023120801,,12/08/2023,,1795,,100.00,,,,,,,,,,,,,,0.00,108.28,,,,,,,,,,,,0.00,,1.57,,6.71,,,,0.00,,,,,,,,,,,,,,,,,,,,,,,,,,,,,,,,,,,,,,,,,,
,,,,,,,,,,12/08/2023,,1796,,1206.21,,56.07,1121.40,,,,,0.00,-0.50,8.00,160.00,,,,,16.00,320.00,,,,,,,,,,107.98,,21.79,,93.19,,,,56.77,,,,,,,,,,,,,,16.58,,0.98,,-0.50,,84.74,,13.16,,,,,,,,,,,,,,,,,,,,
,,,,,,,,2023122001,,12/20/2023,,28,,0.00,,0.00,1.27,,,,,0.00,15.34,,,,,,,,,,,,,,,,,,0.00,,0.24,,1.03,,,,0.00,,,,,,,,,,,,,,,,,,15.34,,,,,,,,,,,,,,,,,,,,,,,,
,,,,,,,,2023122201,,12/22/2023,,1917,,1054.46,,61.20,1224.00,0.90,27.00,,,,,7.38,147.60,,,,,,,,,,,,,,,,83.65,,18.85,,80.62,,,,45.11,,,,,,,,,,,,,,16.58,,0.98,,,,85.19,,13.16,,,,,,,,,,,,,,,,,,,,
,,VCFP-FRONTDESK-DISCOVERY,,"Green, Delavon O.",,59,,2023033101,,03/31/2023,,0,,8406.00,,509.60,8663.20,12.15,309.84,,,,,15.38,261.46,,,,,24.00,408.00,,,,,,,,,,0.00,,138.45,,591.99,,,,298.26,,,,,,,,,,,,5.63,,107.89,,,,,,,,73.38,,,,,,20.90,,,,,,,,,,,,,,
,,,,,,,,2023041401,,04/14/2023,,42,,1256.22,,80.00,1360.00,3.47,88.49,,,,,,,,,,,,,,,,,,,,,,0.00,,20.77,,88.79,,,,46.52,,,,,,,,,,,,,,18.79,,0.98,,,,,,12.78,,,,,,3.64,,,,,,,,,,,,,,
,,,,,,,,2023042801,,04/28/2023,,135,,1252.91,,80.00,1360.00,3.32,84.66,,,,,,,,,,,,,,,,,,,,,,0.00,,20.71,,88.55,,,,46.30,,,,,,,,,,,,,,18.79,,0.98,,,,,,12.78,,,,,,3.64,,,,,,,,,,,,,,
,,,,,,,,2023051201,,05/12/2023,,225,,1200.35,,78.53,1335.01,1.92,48.96,,,,,,,,,,,,,,,,,,,,,,0.00,,19.83,,84.79,,,,42.81,,,,,,,,,,,,,,18.79,,0.98,,,,,,12.78,,,,,,3.64,,,,,,,,,,,,,,
,,,,,,,,2023052601,,05/26/2023,,314,,1266.01,,73.23,1244.91,3.50,89.25,,,,,7.39,125.63,,,,,,,,,,,,,,,,0.00,,20.93,,89.49,,,,47.17,,,,,,,,,,,,,,18.79,,0.98,,,,,,12.78,,,,,,3.64,,,,,,,,,,,,,,
,,,,,,,,2023060901,,06/09/2023,,402,,1217.88,,71.53,1216.01,,,,,,,3.07,52.19,,,,,8.00,136.00,,,,,,,,,,0.00,,20.12,,86.04,,,,43.97,,,,,,,,,,,,,,18.79,,0.98,,,,,,12.78,,,,,,3.64,,,,,,,,,,,,,,
,,,,,,,,2023062301,,06/23/2023,,495,,1158.32,,72.67,1235.39,1.87,47.69,,,,,3.08,52.36,,,,,,,,,,,,,,,,0.00,,19.13,,81.78,,,,40.02,,,,,,,,,,,,,,18.79,,0.98,,,,,,12.78,,,,,,3.64,,,,,,,,,,,,,,
,,,,,,,,2023070701,,07/07/2023,,593,,1185.56,,79.73,1355.41,0.45,11.48,,,,,,,,,,,,,,,,,,,,,,0.00,,19.58,,83.73,,,,41.83,,,,,,,,,,,,,,18.79,,0.98,,,,,,12.78,,,,,,3.64,,,,,,,,,,,,,,
,,,,,,,,2023072101,,07/21/2023,,693,,1191.08,,62.68,1065.56,1.40,35.70,,,,,8.00,136.00,,,,,8.00,136.00,,,,,,,,,,0.00,,19.67,,84.12,,,,42.20,,,,,,,,,,,,,,18.79,,0.98,,,,,,12.78,,,,,,3.64,,,,,,,,,,,,,,
,,,,,,,,2023080401,,08/04/2023,,797,,1160.46,,70.70,1201.90,,,,,,,8.00,136.00,,,,,,,,,,,,,,,,0.00,,19.16,,81.93,,,,40.16,,,,,,,,,,,,,,18.79,,0.98,,,,,,12.78,,,,,,3.64,,,,,,,,,,,,,,
,,,,,,,,2023081801,,08/18/2023,,899,,1188.09,,80.00,1360.00,2.83,72.17,0.00,57.29,,,,,,,,,,,,,,,,,,,,0.00,,20.53,,87.78,,,,42.29,,,,,,,,,,57.29,,,,18.79,,0.98,,,,,,12.78,,,,,,3.64,,,,,,,,,,,,,,
,,,,,,,,2023090101,,09/01/2023,,1000,,1163.81,,80.00,1360.00,1.68,42.84,0.00,56.11,,,,,,,,,,,,,,,,,,,,0.00,,20.10,,85.96,,,,40.67,,,,,,,,,,56.11,,,,18.79,,0.98,,,,,,12.78,,,,,,3.64,,,,,,,,,,,,,,
,,,,,,,,2023091501,,09/15/2023,,1106,,1124.66,,61.28,1041.76,,,0.00,54.22,,,10.46,177.82,,,,,8.00,136.00,,,,,,,,,,0.00,,19.42,,83.03,,,,38.06,,,,,,,,,,54.22,,,,18.79,,0.98,,,,,,12.78,,,,,,3.64,,,,,,,,,,,,,,
,,,,,,,,2023092901,,09/29/2023,,1208,,1194.97,,77.82,1322.94,3.00,76.50,0.00,55.98,,,,,,,,,,,,,,,,,,,,0.00,,20.29,,86.77,,,,41.43,,,,,,,,,,55.98,,,,,,,,,,,,,,,,,,,,,,,,,,,,,,,,
,,,,,,,,2023101301,,10/13/2023,,1311,,1193.04,,80.00,1360.00,3.08,78.54,0.00,57.54,,,,,,,,,,,,,,,,,,,,0.00,,20.62,,88.15,,,,42.62,,,,,,,,,,57.54,,,,18.79,,0.98,,,,,,13.16,,,,,,3.64,,,,,,,,,,,,,,
,,,,,,,,2023102701,,10/27/2023,,1417,,1165.48,,64.88,1102.96,2.27,57.89,0.00,54.80,,,12.31,209.27,,,,,,,,,,,,,,,,0.00,,20.11,,85.99,,,,40.77,,,,,,,,,,54.80,,,,18.79,,0.98,,,,,,-13.16,,,,,,-3.64,,,,,,,,,,,,,,
,,,,,,,,2023111001,,11/10/2023,,1520,,1214.35,,80.00,1360.00,3.40,86.70,0.00,57.87,,,,,,,,,,,,,,,,,,,,0.00,,20.98,,89.70,,,,44.03,,,,,,,,,,57.87,,,,18.79,,0.98,,,,,,,,,,,,,,,,,,,,,,,,,,
,,,,,,,,2023112401,,11/24/2023,,1623,,1186.47,,80.00,1360.00,2.08,53.04,0.00,56.52,,,,,,,,,,,,,,,,,,,,0.00,,20.49,,87.61,,,,42.18,,,,,,,,,,56.52,,,,18.79,,0.98,,,,,,,,,,,,,,,,,,,,,,,,,,
,,,,,,,,2023120801,,12/08/2023,,1771,,200.00,,,,,,,,,,,,,,0.00,216.57,,,,,,,,,,,,0.00,,3.14,,13.43,,,,0.00,,,,,,,,,,,,,,,,,,,,,,,,,,,,,,,,,,,,,,,,,,
,,,,,,,,,,12/08/2023,,1772,,1167.46,,61.77,1050.09,,,0.00,55.60,,,4.00,68.00,,,,,16.00,272.00,,,,,,,,,,0.00,,20.16,,86.19,,,,40.91,,,,,,,,,,55.60,,,,18.79,,0.98,,,,,,,,,,,,,,,,,,,,,,,,,,
,,,,,,,,2023122001,,12/20/2023,,29,,0.00,,0.00,2.16,,,,,0.00,26.07,,,,,,,,,,,,,,,,,,0.00,,0.41,,1.75,,,,0.00,,,,,,,,,,,,,,,,,,26.07,,,,,,,,,,,,,,,,,,,,,,,,
,,,,,,,,2023122201,,12/22/2023,,1905,,1192.53,,79.55,1392.13,1.10,28.88,0.00,56.84,,,,,,,,,,,,,,,,,,,,0.00,,20.60,,88.10,,,,42.62,,,,,,,,,,56.84,,,,19.34,,0.98,,,,,,,,,,,,,,,,,,,,,,,,,,
,,VCFP-FRONTDESK-ASHLAKE,,"Gusti, Madison K.",,60,,2023033101,,03/31/2023,,0,,7202.50,,512.11,8193.76,10.49,251.76,,,,,23.38,374.08,,,,,24.00,384.00,,,,,,,,,,537.01,,126.11,,539.24,,,,292.54,,,,,,,,,,,,,,,,,,,,351.92,,73.38,,60.00,,,,20.90,,,,,,,,,,,,,,
,,,,,,,,2023041401,,04/14/2023,,43,,985.64,,79.33,1269.28,0.12,2.88,,,,,,,,,,,,,,,,,,,,,,69.75,,17.17,,73.44,,,,38.45,,,,,,,,,,,,,,,,,,,,61.29,,12.78,,10.00,,,,3.64,,,,,,,,,,,,,,
,,,,,,,,2023042801,,04/28/2023,,131,,1019.78,,80.00,1280.00,1.58,37.92,,,,,,,,,,,,,,,,,,,,,,75.24,,17.84,,76.27,,,,41.08,,,,,,,,,,,,,,,,,,,,61.29,,12.78,,10.00,,,,3.64,,,,,,,,,,,,,,
,,,,,,,,2023051201,,05/12/2023,,221,,1015.11,,80.00,1280.00,1.32,31.68,,,,,,,,,,,,,,,,,,,,,,74.49,,17.75,,75.89,,,,40.73,,,,,,,,,,,,,,,,,,,,61.29,,12.78,,10.00,,,,3.64,,,,,,,,,,,,,,
,,,,,,,,2023052601,,05/26/2023,,310,,997.16,,79.83,1277.28,0.43,10.32,,,,,,,,,,,,,,,,,,,,,,71.60,,17.40,,74.39,,,,39.34,,,,,,,,,,,,,,,,,,,,61.29,,12.78,,10.00,,,,3.64,,,,,,,,,,,,,,
,,,,,,,,2023060901,,06/09/2023,,398,,998.41,,72.58,1161.28,,,,,,,,,,,,,8.00,128.00,,,,,,,,,,71.80,,17.42,,74.50,,,,39.44,,,,,,,,,,,,,,,,,,,,61.29,,12.78,,10.00,,,,3.64,,,,,,,,,,,,,,
,,,,,,,,2023062301,,06/23/2023,,491,,991.49,,64.00,1024.00,,,,,,,16.00,256.00,,,,,,,,,,,,,,,,70.69,,17.29,,73.92,,,,38.90,,,,,,,,,,,,,,,,,,,,61.29,,12.78,,10.00,,,,3.64,,,,,,,,,,,,,,
,,,,,,,,2023070701,,07/07/2023,,589,,1009.78,,80.00,1280.00,3.53,84.72,0.00,54.59,,,,,,,,,,,,,,,,,,,,74.31,,18.52,,79.17,,,,40.64,,,,,,,,,,54.59,,,,,,,,,,61.29,,12.78,,10.00,,,,3.64,,,,,,,,,,,,,,
,,,,,,,,2023072101,,07/21/2023,,689,,980.86,,72.48,1159.68,1.52,36.48,0.00,52.97,,,,,,,,,8.00,128.00,,,,,,,,,,69.63,,17.93,,76.66,,,,38.40,,,,,,,,,,52.97,,,,,,,,,,61.29,,12.78,,10.00,,,,3.64,,,,,,,,,,,,,,
,,,,,,,,2023080401,,08/04/2023,,793,,977.27,,80.00,1280.00,1.63,39.12,0.00,52.76,,,,,,,,,,,,,,,,,,,,69.05,,17.86,,76.35,,,,38.12,,,,,,,,,,52.76,,,,,,,,,,61.29,,12.78,,10.00,,,,3.64,,,,,,,,,,,,,,
,,,,,,,,2023081801,,08/18/2023,,895,,961.02,,80.00,1280.00,0.68,16.32,0.00,51.85,,,,,,,,,,,,,,,,,,,,66.43,,17.52,,74.93,,,,36.86,,,,,,,,,,51.85,,,,,,,,,,61.29,,12.78,,10.00,,,,3.64,,,,,,,,,,,,,,
,,,,,,,,2023090101,,09/01/2023,,996,,978.47,,79.52,1272.32,2.02,48.48,0.00,52.83,,,,,,,,,,,,,,,,,,,,69.25,,17.88,,76.45,,,,38.21,,,,,,,,,,52.83,,,,,,,,,,61.29,,12.78,,10.00,,,,3.64,,,,,,,,,,,,,,
,,,,,,,,2023091501,,09/15/2023,,1102,,955.88,,64.57,1033.12,,,0.00,51.56,,,8.00,128.00,,,,,8.00,128.00,,,,,,,,,,65.60,,17.42,,74.49,,,,36.46,,,,,,,,,,51.56,,,,,,,,,,61.29,,12.78,,10.00,,,,3.64,,,,,,,,,,,,,,
,,,,,,,,2023092901,,09/29/2023,,1204,,1021.42,,79.53,1272.48,0.70,16.80,0.00,51.57,,,,,,,,,,,,,,,,,,,,76.14,,18.69,,79.94,,,,41.52,,,,,,,,,,51.57,,,,,,,,,,,,,,,,,,,,,,,,,,,,,,,,
,,,,,,,,2023101301,,10/13/2023,,1307,,899.47,,76.98,1231.68,0.50,12.00,0.00,49.75,,,,,,,,,,,,,,,,,,,,56.50,,16.29,,69.67,,,,32.10,,,,,,,,,,49.75,,,,,,,,,,103.10,,13.16,,,,,,3.64,,,,,,,,,,,,,,
,,,,,,,,2023102701,,10/27/2023,,1412,,936.77,,79.83,1277.28,0.78,18.72,0.00,51.84,,,,,,,,,,,,,,,,,,,,62.53,,17.05,,72.92,,,,34.99,,,,,,,,,,51.84,,,,,,,,,,103.10,,13.16,,,,,,3.64,,,,,,,,,,,,,,
,,,,,,,,2023111001,,11/10/2023,,1516,,910.76,,70.72,1131.52,,,0.00,50.38,,,8.00,128.00,,,,,,,,,,,,,,,,58.32,,16.52,,70.66,,,,32.98,,,,,,,,,,50.38,,,,,,,,,,103.10,,13.16,,,,,,3.64,,,,,,,,,,,,,,
,,,,,,,,2023112401,,11/24/2023,,1619,,911.67,,78.80,1260.80,,,0.00,50.43,,,,,,,,,,,,,,,,,,,,58.47,,16.54,,70.74,,,,33.05,,,,,,,,,,50.43,,,,,,,,,,103.10,,13.16,,,,,,3.64,,,,,,,,,,,,,,
,,,,,,,,2023120801,,12/08/2023,,1763,,200.00,,,,,,,,,,,,,,0.00,216.57,,,,,,,,,,,,0.00,,3.14,,13.43,,,,0.00,,,,,,,,,,,,,,,,,,,,,,,,,,,,,,,,,,,,,,,,,,
,,,,,,,,,,12/08/2023,,1764,,926.27,,55.93,894.88,0.08,1.92,0.00,51.23,,,8.00,128.00,,,,,16.00,256.00,,,,,,,,,,60.83,,16.84,,72.00,,,,34.18,,,,,,,,,,51.23,,,,,,,,,,102.65,,13.16,,,,,,3.64,,,,,,,,,,,,,,
,,,,,,,,2023122001,,12/20/2023,,31,,0.00,,0.00,2.04,,,,,0.00,24.54,,,,,,,,,,,,,,,,,,0.00,,0.39,,1.65,,,,0.00,,,,,,,,,,,,,,,,,,24.54,,,,,,,,,,,,,,,,,,,,,,,,
,,,,,,,,2023122201,,12/22/2023,,1900,,955.11,,79.43,1321.72,,,0.00,52.87,,,,,,,,,,,,,,,,,,,,65.49,,17.43,,74.51,,,,36.41,,,,,,,,,,52.87,,,,,,,,,,103.10,,13.16,,,,,,3.64,,,,,,,,,,,,,,
,,VCFP-MEDASSIST-DISCOVERY,,"Hankins, Malaysia J.",,20,,2023033101,,03/31/2023,,0,,9858.47,,526.42,11054.82,23.41,737.43,,,,,24.00,504.00,,,,,24.00,504.00,,,,,,,,,,966.87,,178.06,,761.34,,,,512.91,,,,,,,,,,,,2.04,,,,,,,,383.88,,76.68,,60.00,,,,,,,,,,,,,,,,,,
,,,,,,,,2023041401,,04/14/2023,,56,,1403.59,,77.82,1634.22,3.03,95.45,,,,,5.00,105.00,,,,,,,,,,,,,,,,137.36,,25.34,,108.37,,,,72.91,,,,,,,,,,,,,,,,0.34,,,,63.98,,12.78,,10.00,,,,,,,,,,,,,,,,,,
,,,,,,,,2023042801,,04/28/2023,,146,,1370.45,,80.00,1680.00,3.50,110.25,,,,,,,,,,,,,,,,,,,,,,132.03,,24.70,,105.62,,,,70.35,,,,,,,,,,,,,,,,0.34,,,,63.98,,12.78,,10.00,,,,,,,,,,,,,,,,,,
,,,,,,,,2023051201,,05/12/2023,,235,,1291.10,,79.63,1672.23,0.37,11.66,,,,,,,,,,,,,,,,,,,,,,119.27,,23.16,,99.02,,,,64.24,,,,,,,,,,,,,,,,0.34,,,,63.98,,12.78,,10.00,,,,,,,,,,,,,,,,,,
,,,,,,,,2023052601,,05/26/2023,,323,,1383.38,,80.00,1680.00,4.05,127.58,,,,,,,,,,,,,,,,,,,,,,134.11,,24.95,,106.69,,,,71.35,,,,,,,,,,,,,,,,0.34,,,,63.98,,12.78,,10.00,,,,,,,,,,,,,,,,,,
,,,,,,,,2023060901,,06/09/2023,,414,,1313.65,,72.95,1531.95,0.45,14.18,,,,,,,,,,,8.00,168.00,,,,,,,,,,122.90,,23.60,,100.90,,,,65.98,,,,,,,,,,,,,,,,0.34,,,,63.98,,12.78,,10.00,,,,,,,,,,,,,,,,,,
,,,,,,,,2023062301,,06/23/2023,,506,,1368.57,,80.00,1680.00,3.42,107.73,,,,,,,,,,,,,,,,,,,,,,131.73,,24.66,,105.46,,,,70.21,,,,,,,,,,,,,,,,0.34,,,,63.98,,12.78,,10.00,,,,,,,,,,,,,,,,,,
,,,,,,,,2023070701,,07/07/2023,,605,,1321.88,,74.15,1557.15,,,,,,,8.00,168.00,,,,,,,,,,,,,,,,124.22,,23.76,,101.58,,,,66.61,,,,,,,,,,,,,,,,0.34,,,,63.98,,12.78,,10.00,,,,,,,,,,,,,,,,,,
,,,,,,,,2023072101,,07/21/2023,,706,,1354.08,,74.75,1569.75,0.97,30.56,,,,,,,,,,,8.00,168.00,,,,,,,,,,129.40,,24.38,,104.26,,,,69.09,,,,,,,,,,,,,,,,0.34,,,,63.98,,12.78,,10.00,,,,,,,,,,,,,,,,,,
,,,,,,,,2023080401,,08/04/2023,,810,,1413.45,,80.00,1680.00,5.33,167.90,,,,,,,,,,,,,,,,,,,,,,138.95,,25.54,,109.19,,,,73.67,,,,,,,,,,,,,,,,0.34,,,,63.98,,12.78,,10.00,,,,,,,,,,,,,,,,,,
,,,,,,,,2023081801,,08/18/2023,,912,,1358.39,,64.40,1352.40,2.72,85.68,,,,,16.00,336.00,,,,,,,,,,,,,,,,130.09,,24.47,,104.61,,,,69.42,,,,,,,,,,,,,,,,0.34,,,,63.98,,12.78,,10.00,,,,,,,,,,,,,,,,,,
,,,,,,,,2023090101,,09/01/2023,,1013,,1399.11,,80.00,1680.00,4.72,148.68,,,,,,,,,,,,,,,,,,,,,,136.65,,25.26,,108.00,,,,72.56,,,,,,,,,,,,,,,,0.34,,,,63.98,,12.78,,10.00,,,,,,,,,,,,,,,,,,
,,,,,,,,2023091501,,09/15/2023,,1119,,1308.88,,73.32,1539.72,,,,,,,,,,,,,8.00,168.00,,,,,,,,,,122.13,,23.50,,100.50,,,,65.61,,,,,,,,,,,,,,,,0.34,,,,63.98,,12.78,,10.00,,,,,,,,,,,,,,,,,,
,,,,,,,,2023092901,,09/29/2023,,1221,,1406.92,,72.23,1516.83,2.13,67.10,,,,,8.00,168.00,,,,,,,,,,,,,,,,137.85,,25.40,,108.62,,,,73.14,,,,,,,,,,,,,,,,,,,,,,,,,,,,,,,,,,,,,,,,,,
,,,,,,,,2023101301,,10/13/2023,,1324,,1275.63,,80.00,1680.00,8.72,274.68,,,,,,,,,,,,,,,,,,,,,,148.23,,26.66,,113.98,,,,78.11,,,,,,,,,,,,,,,,0.34,,,,103.10,,13.16,,,,,,,,,,,,,,,,,,195.47,,
,,,,,,,,2023102701,,10/27/2023,,1430,,1190.38,,80.00,1680.00,3.95,124.43,,,,,,,,,,,,,,,,,,,,,,132.09,,24.71,,105.65,,,,70.38,,,,,,,,,,,,,,,,0.34,,,,67.28,,13.16,,20.00,,,,,,,,,,,,,,,,180.44,,
,,,,,,,,2023111001,,11/10/2023,,1533,,1259.73,,68.68,1442.28,,,,,,,12.30,258.30,,,,,,,,,,,,,,,,117.48,,22.94,,98.10,,,,63.38,,,,,,,,,,,,,,,,0.34,,,,85.19,,13.16,,20.00,,,,,,,,,,,,,,,,20.26,,
,,,,,,,,,,11/10/2023,,1534,,258.40,,,,,,,,,,,,,,0.00,400.00,,,,,,,,,,,,88.00,,5.80,,24.80,,,,23.00,,,,,,,,,,,,,,,,,,,,,,,,,,,,,,,,,,,,,,,,,,
,,,,,,,,2023112401,,11/24/2023,,1636,,1341.00,,80.00,1680.00,3.25,102.38,,,,,,,,,,,,,,,,,,,,,,127.30,,24.13,,103.17,,,,68.09,,,,,,,,,,,,,,,,0.34,,,,85.19,,13.16,,20.00,,,,,,,,,,,,,,,,,,
,,,,,,,,2023120801,,12/08/2023,,1797,,600.00,,,,,,,,,,,,,,0.00,680.48,,,,,,,,,,,,14.78,,9.87,,42.19,,,,13.64,,,,,,,,,,,,,,,,,,,,,,,,,,,,,,,,,,,,,,,,,,
,,,,,,,,,,12/08/2023,,1798,,1315.25,,63.58,1335.18,2.42,76.23,,,,,,,,,,,16.00,336.00,,,,,,,,,,123.16,,23.63,,101.03,,,,66.10,,,,,,,,,,,,,,,,0.34,,,,84.74,,13.16,,20.00,,,,,,,,,,,,,,,,,,
,,,,,,,,2023122001,,12/20/2023,,33,,0.00,,0.00,2.67,,,,,0.00,32.22,,,,,,,,,,,,,,,,,,0.00,,0.51,,2.16,,,,0.00,,,,,,,,,,,,,,,,,,32.22,,,,,,,,,,,,,,,,,,,,,,,,
,,,,,,,,2023122201,,12/22/2023,,1918,,1362.15,,74.22,1558.62,2.67,84.11,,,,,8.00,168.00,,,,,,,,,,,,,,,,130.70,,24.54,,104.93,,,,69.72,,,,,,,,,,,,,,,,0.34,,,,85.19,,13.16,,20.00,,,,,,,,,,,,,,,,,,
,,VCFP-CALL-DISCOVERY,,"Hemphill, Sonia ",,49,,2023033101,,03/31/2023,,0,,9939.63,,0.00,12384.68,,,,,,,8.00,0.00,,,,,,,,,,,,,,,,979.44,,179.58,,767.85,,,,504.56,,,,,,,,,,,,13.62,,,,,,,,,,,,,,,,,,,,,,,,,,,,,,
,,,,,,,,2023041401,,04/14/2023,,29,,1419.63,,80.00,1769.24,,,,,,,,,,,,,,,,,,,,,,,,139.92,,25.65,,109.69,,,,72.08,,,,,,,,,,,,,,,,2.27,,,,,,,,,,,,,,,,,,,,,,,,,,
,,,,,,,,2023042801,,04/28/2023,,117,,1419.63,,80.00,1769.24,,,,,,,,,,,,,,,,,,,,,,,,139.92,,25.65,,109.69,,,,72.08,,,,,,,,,,,,,,,,2.27,,,,,,,,,,,,,,,,,,,,,,,,,,
,,,,,,,,2023051201,,05/12/2023,,206,,1419.63,,80.00,1769.24,,,,,,,,,,,,,,,,,,,,,,,,139.92,,25.65,,109.69,,,,72.08,,,,,,,,,,,,,,,,2.27,,,,,,,,,,,,,,,,,,,,,,,,,,
,,,,,,,,2023052601,,05/26/2023,,295,,1419.63,,80.00,1769.24,,,,,,,,,,,,,,,,,,,,,,,,139.92,,25.65,,109.69,,,,72.08,,,,,,,,,,,,,,,,2.27,,,,,,,,,,,,,,,,,,,,,,,,,,
,,,,,,,,2023060901,,06/09/2023,,383,,1419.63,,68.00,1503.80,,,,,,,,,,,,,,,12.00,265.44,,,,,,,,139.92,,25.65,,109.69,,,,72.08,,,,,,,,,,,,,,,,2.27,,,,,,,,,,,,,,,,,,,,,,,,,,
,,,,,,,,2023062301,,06/23/2023,,475,,1419.63,,80.00,1769.24,,,,,,,,,,,,,,,,,,,,,,,,139.92,,25.65,,109.69,,,,72.08,,,,,,,,,,,,,,,,2.27,,,,,,,,,,,,,,,,,,,,,,,,,,
,,,,,,,,2023070701,,07/07/2023,,571,,1419.63,,80.00,1769.24,,,,,,,,,,,,,,,,,,,,,,,,139.92,,25.65,,109.69,,,,72.08,,,,,,,,,,,,,,,,2.27,,,,,,,,,,,,,,,,,,,,,,,,,,
,,,,,,,,2023072101,,07/21/2023,,670,,1419.63,,80.00,1769.24,,,,,,,,,,,,,,,,,,,,,,,,139.92,,25.65,,109.69,,,,72.08,,,,,,,,,,,,,,,,2.27,,,,,,,,,,,,,,,,,,,,,,,,,,
,,,,,,,,2023080401,,08/04/2023,,773,,1419.63,,80.00,1769.24,,,,,,,,,,,,,,,,,,,,,,,,139.92,,25.65,,109.69,,,,72.08,,,,,,,,,,,,,,,,2.27,,,,,,,,,,,,,,,,,,,,,,,,,,
,,,,,,,,2023081801,,08/18/2023,,876,,1419.63,,80.00,1769.24,,,,,,,,,,,,,,,,,,,,,,,,139.92,,25.65,,109.69,,,,72.08,,,,,,,,,,,,,,,,2.27,,,,,,,,,,,,,,,,,,,,,,,,,,
,,,,,,,,2023090101,,09/01/2023,,977,,1419.59,,60.00,1326.84,,,,,,,20.00,442.40,,,,,,,,,,,,,,,,139.92,,25.69,,109.69,,,,72.08,,,,,,,,,,,,,,,,2.27,,,,,,,,,,,,,,,,,,,,,,,,,,
,,,,,,,,2023091501,,09/15/2023,,1082,,1419.63,,80.00,1769.24,,,,,,,,,,,,,,,,,,,,,,,,139.92,,25.65,,109.69,,,,72.08,,,,,,,,,,,,,,,,2.27,,,,,,,,,,,,,,,,,,,,,,,,,,
,,,,,,,,2023092901,,09/29/2023,,1184,,1421.90,,40.00,884.44,,,,,,,32.00,707.84,8.00,176.96,,,,,,,,,,,,,,139.92,,25.65,,109.69,,,,72.08,,,,,,,,,,,,,,,,,,,,,,,,,,,,,,,,,,,,,,,,,,
,,,,,,,,2023101301,,10/13/2023,,1287,,1419.59,,80.00,1769.24,,,,,,,,,,,,,,,,,,,,,,,,139.92,,25.65,,109.73,,,,72.08,,,,,,,,,,,,,,,,2.27,,,,,,,,,,,,,,,,,,,,,,,,,,
,,,,,,,,2023102701,,10/27/2023,,1392,,1419.63,,80.00,1769.24,,,,,,,,,,,,,,,,,,,,,,,,139.92,,25.65,,109.69,,,,72.08,,,,,,,,,,,,,,,,2.27,,,,,,,,,,,,,,,,,,,,,,,,,,
,,,,,,,,2023111001,,11/10/2023,,1496,,1405.08,,80.00,1769.24,,,0.00,17.69,,,,,,,,,,,,,,,,,,,,137.80,,25.65,,109.69,,,,71.06,,,,,,,,,,17.69,,,,,,2.27,,,,,,,,,,,,,,,,,,,,,,,,,,
,,,,,,,,2023112401,,11/24/2023,,1600,,1405.08,,80.00,1769.24,,,0.00,17.69,,,,,,,,,,,,,,,,,,,,137.80,,25.65,,109.69,,,,71.06,,,,,,,,,,17.69,,,,,,2.27,,,,,,,,,,,,,,,,,,,,,,,,,,
,,,,,,,,2023120801,,12/08/2023,,1725,,800.00,,,,,,,,,,,,,,0.00,936.72,,,,,,,,,,,,40.40,,13.58,,58.08,,,,24.66,,,,,,,,,,,,,,,,,,,,,,,,,,,,,,,,,,,,,,,,,,
,,,,,,,,,,12/08/2023,,1726,,1405.04,,56.00,1238.36,,,0.00,17.69,,,24.00,530.88,,,,,,,,,,,,,,,,137.80,,25.69,,109.69,,,,71.06,,,,,,,,,,17.69,,,,,,2.27,,,,,,,,,,,,,,,,,,,,,,,,,,
,,,,,,,,2023122001,,12/20/2023,,34,,0.00,,0.00,2.81,,,,,0.00,33.93,,,,,,,,,,,,,,,,,,0.00,,0.53,,2.28,,,,0.00,,,,,,,,,,,,,,,,,,33.93,,,,,,,,,,,,,,,,,,,,,,,,
,,,,,,,,2023122201,,12/22/2023,,1880,,1483.84,,80.00,1876.00,,,0.00,18.76,,,,,,,,,,,,,,,,,,,,150.48,,27.20,,116.31,,,,77.14,,,,,,,,,,18.76,,,,,,2.27,,,,,,,,,,,,,,,,,,,,,,,,,,
,,VCFP-SLEEPTCH-DISCOVERY,,"Hitt, Cherie L.",,134,,2023062301,,06/23/2023,,520,,1160.51,,38.13,1334.55,,,,,,,,,,,,,,,,,,,,,,,,26.92,,19.35,,82.74,,,,45.03,,,,,,,,,,,,,,,,,,,,,,,,,,,,,,,,,,,,,,,,,,
,,,,,,,,2023070701,,07/07/2023,,617,,1996.35,,69.70,2439.50,,,,,,,,,,,,,,,,,,,,,,,,147.97,,35.37,,151.25,,,,108.56,,,,,,,,,,,,,,,,,,,,,,,,,,,,,,,,,,,,,,,,,,
,,,,,,,,2023072101,,07/21/2023,,719,,1290.08,,72.15,2525.25,,,,,,,,,,,,,,,,,,,,,,,,43.83,,21.80,,93.23,,,,54.75,,,,,,,,,,,,,,,,,,,,980.71,,31.94,,,,,,8.91,,,,,,,,,,,,,,
,,,,,,,,2023080401,,08/04/2023,,823,,1393.20,,58.62,2051.70,,,,,,,12.00,420.00,,,,,,,,,,,,,,,,57.29,,23.76,,101.58,,,,62.49,,,,,,,,,,,,,,,,,,,,800.05,,26.06,,,,,,7.27,,,,,,,,,,,,,,
,,,,,,,,2023081801,,08/18/2023,,925,,1391.86,,70.57,2469.95,,,,,,,,,,,,,,,,,,,,,,,,57.12,,23.73,,101.47,,,,62.39,,,,,,,,,,,,,,,,,,,,800.05,,26.06,,,,,,7.27,,,,,,,,,,,,,,
,,,,,,,,2023090101,,09/01/2023,,1029,,1408.22,,59.18,2071.30,,,,,,,12.00,420.00,,,,,,,,,,,,,,,,59.25,,24.04,,102.79,,,,63.62,,,,,,,,,,,,,,,,,,,,800.05,,26.06,,,,,,7.27,,,,,,,,,,,,,,
,,,,,,,,2023091501,,09/15/2023,,1132,,1078.45,,22.88,800.80,,,,,,,36.00,1260.00,,,,,,,,,,,,,,,,16.20,,17.80,,76.10,,,,38.87,,,,,,,,,,,,,,,,,,,,800.05,,26.06,,,,,,7.27,,,,,,,,,,,,,,
,,,,,,,,2023092901,,09/29/2023,,1234,,2176.79,,72.47,2681.39,,,,,,,,,,,,,,,,,,,,,,,,177.00,,38.88,,166.25,,,,122.47,,,,,,,,,,,,,,,,,,,,,,,,,,,,,,,,,,,,,,,,,,
,,,,,,,,2023101301,,10/13/2023,,1339,,1790.11,,70.13,2594.81,,,,,,,,,,,,,,,,,,,,,,,,114.79,,31.36,,134.11,,,,92.66,,,,,,,,,,,,,,,,,,,,397.67,,26.84,,,,,,7.27,,,,,,,,,,,,,,
,,,,,,,,2023102701,,10/27/2023,,1443,,2062.53,,72.00,2960.00,,,,,,,,,,,,,,,,,,,,,,,,158.62,,36.66,,156.75,,,,113.66,,,,,,,,,,,,,,,,,,,,397.67,,26.84,,,,,,7.27,,,,,,,,,,,,,,
,,,,,,,,2023111001,,11/10/2023,,1547,,2062.53,,72.00,2960.00,,,,,,,,,,,,,,,,,,,,,,,,158.62,,36.66,,156.75,,,,113.66,,,,,,,,,,,,,,,,,,,,397.67,,26.84,,,,,,7.27,,,,,,,,,,,,,,
,,,,,,,,2023112401,,11/24/2023,,1650,,2062.53,,72.00,2960.00,,,,,,,,,,,,,,,,,,,,,,,,158.62,,36.66,,156.75,,,,113.66,,,,,,,,,,,,,,,,,,,,397.67,,26.84,,,,,,7.27,,,,,,,,,,,,,,
,,,,,,,,2023120801,,12/08/2023,,1818,,100.00,,,,,,,,,,,,,,0.00,108.28,,,,,,,,,,,,0.00,,1.57,,6.71,,,,0.00,,,,,,,,,,,,,,,,,,,,,,,,,,,,,,,,,,,,,,,,,,
,,,,,,,,,,12/08/2023,,1819,,2062.86,,72.00,2960.00,,,,,,,,,,,,,,,,,,,,,,,,158.67,,36.67,,156.78,,,,113.69,,,,,,,,,,,,,,,,,,,,397.22,,26.84,,,,,,7.27,,,,,,,,,,,,,,
,,,,,,,,2023122001,,12/20/2023,,35,,0.00,,0.00,4.70,,,,,0.00,56.76,,,,,,,,,,,,,,,,,,0.00,,0.89,,3.81,,,,0.00,,,,,,,,,,,,,,,,,,56.76,,,,,,,,,,,,,,,,,,,,,,,,
,,,,,,,,2023122201,,12/22/2023,,1932,,2062.53,,60.00,2466.67,,,,,,,12.00,493.33,,,,,,,,,,,,,,,,158.62,,36.66,,156.75,,,,113.66,,,,,,,,,,,,,,,,,,,,397.67,,26.84,,,,,,7.27,,,,,,,,,,,,,,
,,VCFP-CONSULT-DISCOVERY,,"Hoy, Sarah M.",,19,,2023033101,,03/31/2023,,0,,11186.45,,0.00,16153.90,,,0.00,646.10,,,31.00,0.00,,,,,,,,,,,,,,,,1198.31,,224.76,,961.05,,,,623.80,,,,,,,,,,1292.27,,14.10,,,,,,,,554.64,,76.68,,,,,,21.84,,,,,,,,,,,,,,
,,,,,,,,2023041401,,04/14/2023,,36,,1586.12,,80.00,2307.70,,,0.00,92.31,,,,,,,,,,,,,,,,,,,,169.32,,31.88,,136.33,,,,88.22,,,,,,,,,,184.62,,,,,,2.35,,,,92.44,,12.78,,,,,,3.64,,,,,,,,,,,,,,
,,,,,,,,2023042801,,04/28/2023,,125,,1586.12,,80.00,2307.70,,,0.00,92.31,,,,,,,,,,,,,,,,,,,,169.32,,31.88,,136.33,,,,88.22,,,,,,,,,,184.62,,,,,,2.35,,,,92.44,,12.78,,,,,,3.64,,,,,,,,,,,,,,
,,,,,,,,2023051201,,05/12/2023,,215,,1586.12,,80.00,2307.70,,,0.00,92.31,,,,,,,,,,,,,,,,,,,,169.32,,31.88,,136.33,,,,88.22,,,,,,,,,,184.62,,,,,,2.35,,,,92.44,,12.78,,,,,,3.64,,,,,,,,,,,,,,
,,,,,,,,2023052601,,05/26/2023,,304,,1586.12,,48.00,1384.50,,,0.00,92.31,,,32.00,923.20,,,,,,,,,,,,,,,,169.32,,31.88,,136.33,,,,88.22,,,,,,,,,,184.62,,,,,,2.35,,,,92.44,,12.78,,,,,,3.64,,,,,,,,,,,,,,
,,,,,,,,2023060901,,06/09/2023,,392,,1586.12,,80.00,2307.70,,,0.00,92.31,,,,,,,,,,,,,,,,,,,,169.32,,31.88,,136.33,,,,88.22,,,,,,,,,,184.62,,,,,,2.35,,,,92.44,,12.78,,,,,,3.64,,,,,,,,,,,,,,
,,,,,,,,2023062301,,06/23/2023,,485,,1586.12,,80.00,2307.70,,,0.00,92.31,,,,,,,,,,,,,,,,,,,,169.32,,31.88,,136.33,,,,88.22,,,,,,,,,,184.62,,,,,,2.35,,,,92.44,,12.78,,,,,,3.64,,,,,,,,,,,,,,
,,,,,,,,2023070701,,07/07/2023,,583,,1995.75,,80.00,3076.93,,,0.00,123.08,,,,,,,,,,,,,,,,,,,,280.84,,43.04,,184.02,,,,123.61,,,,,,,,,,338.46,,,,,,2.35,,,,92.44,,12.78,,,,,,3.64,,,,,,,,,,,,,,
,,,,,,,,2023072101,,07/21/2023,,683,,1995.75,,80.00,3076.93,,,0.00,123.08,,,,,,,,,,,,,,,,,,,,280.84,,43.04,,184.02,,,,123.61,,,,,,,,,,338.46,,,,,,2.35,,,,92.44,,12.78,,,,,,3.64,,,,,,,,,,,,,,
,,,,,,,,2023080401,,08/04/2023,,787,,1995.75,,80.00,3076.93,,,0.00,123.08,,,,,,,,,,,,,,,,,,,,280.84,,43.04,,184.02,,,,123.61,,,,,,,,,,338.46,,,,,,2.35,,,,92.44,,12.78,,,,,,3.64,,,,,,,,,,,,,,
,,,,,,,,2023081801,,08/18/2023,,889,,1995.75,,80.00,3076.93,,,0.00,123.08,,,,,,,,,,,,,,,,,,,,280.84,,43.04,,184.02,,,,123.61,,,,,,,,,,338.46,,,,,,2.35,,,,92.44,,12.78,,,,,,3.64,,,,,,,,,,,,,,
,,,,,,,,2023090101,,09/01/2023,,990,,1995.75,,40.00,1538.47,,,0.00,123.08,,,32.00,1230.77,8.00,307.69,,,,,,,,,,,,,,280.84,,43.04,,184.02,,,,123.61,,,,,,,,,,338.46,,,,,,2.35,,,,92.44,,12.78,,,,,,3.64,,,,,,,,,,,,,,
,,,,,,,,2023091501,,09/15/2023,,1096,,1995.75,,80.00,3076.93,,,0.00,123.08,,,,,,,,,,,,,,,,,,,,280.84,,43.04,,184.02,,,,123.61,,,,,,,,,,338.46,,,,,,2.35,,,,92.44,,12.78,,,,,,3.64,,,,,,,,,,,,,,
,,,,,,,,2023092901,,09/29/2023,,1198,,2068.42,,80.00,3076.93,,,0.00,123.08,,,,,,,,,,,,,,,,,,,,304.79,,44.62,,190.77,,,,129.87,,,,,,,,,,338.46,,,,,,,,,,,,,,,,,,,,,,,,,,,,,,,,
,,,,,,,,2023101301,,10/13/2023,,1301,,1987.67,,80.00,3076.93,,,0.00,123.08,,,,,,,,,,,,,,,,,,,,278.41,,42.88,,183.34,,,,122.97,,,,,,,,,,338.46,,,,,,3.30,,,,103.10,,13.16,,,,,,3.64,,,,,,,,,,,,,,
,,,,,,,,2023102701,,10/27/2023,,1406,,1987.67,,40.00,1538.47,,,0.00,123.08,,,40.00,1538.46,,,,,,,,,,,,,,,,278.41,,42.88,,183.34,,,,122.97,,,,,,,,,,338.46,,,,,,3.30,,,,103.10,,13.16,,,,,,3.64,,,,,,,,,,,,,,
,,,,,,,,2023111001,,11/10/2023,,1510,,1987.67,,80.00,3076.93,,,0.00,123.08,,,,,,,,,,,,,,,,,,,,278.41,,42.88,,183.34,,,,122.97,,,,,,,,,,338.46,,,,,,3.30,,,,103.10,,13.16,,,,,,3.64,,,,,,,,,,,,,,
,,,,,,,,2023112401,,11/24/2023,,1613,,1987.67,,80.00,3076.93,,,0.00,123.08,,,,,,,,,,,,,,,,,,,,278.41,,42.88,,183.34,,,,122.97,,,,,,,,,,338.46,,,,,,3.30,,,,103.10,,13.16,,,,,,3.64,,,,,,,,,,,,,,
,,,,,,,,2023120801,,12/08/2023,,1751,,1000.00,,,,,,,,,,,,,,0.00,1206.45,,,,,,,,,,,,72.39,,17.49,,74.80,,,,41.77,,,,,,,,,,,,,,,,,,,,,,,,,,,,,,,,,,,,,,,,,,
,,,,,,,,,,12/08/2023,,1752,,1987.97,,80.00,3076.93,,,0.00,123.08,,,,,,,,,,,,,,,,,,,,278.51,,42.88,,183.36,,,,123.00,,,,,,,,,,338.46,,,,,,3.30,,,,102.65,,13.16,,,,,,3.64,,,,,,,,,,,,,,
,,,,,,,,2023122001,,12/20/2023,,36,,0.00,,0.00,4.89,,,,,0.00,59.01,,,,,,,,,,,,,,,,,,0.00,,0.93,,3.96,,,,0.00,,,,,,,,,,,,,,,,,,59.01,,,,,,,,,,,,,,,,,,,,,,,,
,,,,,,,,2023122201,,12/22/2023,,1894,,1987.67,,80.00,3076.93,,,0.00,123.08,,,,,,,,,,,,,,,,,,,,278.41,,42.88,,183.34,,,,122.97,,,,,,,,,,338.46,,,,,,3.30,,,,103.10,,13.16,,,,,,3.64,,,,,,,,,,,,,,
,,VCFP-CALL-DISCOVERY,,"Hubbard, Melanie ",,70,,2023033101,,03/31/2023,,0,,3568.85,,233.45,3968.65,4.98,127.00,,,,,9.23,156.91,,,,,,,,,,,,,,,,222.07,,61.66,,263.66,,,,126.71,,,,,,,,,,,,9.61,,,,,,,,,,,,,,,,,,,,,,,,,,,,,,
,,VCFP-CONSULT-REMOTE,,"Hubley, Evelyn M.",,53,,2023033101,,03/31/2023,,0,,358.09,,25.85,387.75,,,,,,,,,,,,,,,,,,,,,,,,0.00,,5.62,,24.04,,,,0.00,,,,,,,,,,,,,,,,,,,,,,,,,,,,,,,,,,,,,,,,,,
,,VCFP-CCM-REMOTE,,"Hubley, Lisa D.",,63,,2023033101,,03/31/2023,,0,,6650.52,,357.72,9658.44,2.67,108.15,,,,,12.32,332.64,,,,,,,,,,,,,,,,627.45,,119.55,,511.18,,,,336.09,,,,,,,,,,,,,,,,,,,,1718.51,,109.61,,,,,,26.32,,,,,,,,,,,,,,
,,,,,,,,2023112401,,11/24/2023,,1,,7433.79,,,,,,,,,,,,,,,,,,,,,,0.00,8049.60,,,,0.00,,0.00,,0.00,,,,0.00,,,,,,116.73,,499.08,,,,,,,,,,,,,,,,,,,,,,,,,,,,,,,,,,
,,,,,,,,,,11/24/2023,,1,,2593.18,,,,,,,,,,,,,,,,,,,,,,0.00,2808.00,,,,0.00,,0.00,,0.00,,,,0.00,,,,,,40.72,,174.10,,,,,,,,,,,,,,,,,,,,,,,,,,,,,,,,,,
,,,,,,,,,,11/24/2023,,1,,2808.00,,,,,,,,,,,,,,,,,,,,,,,,0.00,2808.00,,0.00,,0.00,,0.00,,,,0.00,,,,,,,,,,,,,,,,,,,,,,,,,,,,,,,,,,,,,,,,,,
,,,,,,,,2023122901,,12/29/2023,,1,,2808.00,,,,,,,,,,,,,,,,,,,,,,,,0.00,2808.00,,0.00,,0.00,,0.00,,,,0.00,,,,,,,,,,,,,,,,,,,,,,,,,,,,,,,,,,,,,,,,,,
,,,,,,,,,,12/29/2023,,1,,2808.00,,,,,,,,,,,,,,,,,,,,,,,,0.00,2808.00,,0.00,,0.00,,0.00,,,,0.00,,,,,,,,,,,,,,,,,,,,,,,,,,,,,,,,,,,,,,,,,,
,,,,,,,,2023123101,,12/31/2023,,2283,,0.00,,,,,,,,,,,,,,,,,,,,,,0.00,-10857.60,0.00,-8424.00,,0.00,,0.00,,0.00,,,,0.00,,,,,,-157.45,,-673.18,,,,,,,,,,,,,,,,,,,,,,,,,,,,,,,,,,
,,VCFP-CONSULT-ASHLAKE,,"Huff, Helena I.",,160,,2023122201,,12/22/2023,,1891,,591.35,,32.67,653.40,,,,,,,,,,,,,,,,,,,,,,,,12.07,,9.47,,40.51,,,,0.00,,,,,,,,,,,,,,,,,,,,,,,,,,,,,,,,,,,,,,,,,,
,,VCFP-MEDASSIST-ASHLAKE,,"Lloyd, Sarah ",,123,,2023033101,,03/31/2023,,0,,2759.22,,160.00,2960.00,16.96,470.64,,,,,,,,,,,,,,,,,,,,,,266.91,,49.74,,212.70,,,,142.07,,,,,,,,,,,,,,,,,,,,,,,,,,,,,,,,,,,,,,,,,,
,,,,,,,,2023041401,,04/14/2023,,52,,1461.18,,80.00,1480.00,12.42,344.66,,,,,,,,,,,,,,,,,,,,,,146.57,,26.46,,113.13,,,,77.32,,,,,,,,,,,,,,,,,,,,,,,,,,,,,,,,,,,,,,,,,,
,,,,,,,,2023042801,,04/28/2023,,142,,1326.21,,79.23,1465.76,4.08,113.22,,,,,3.50,64.75,,,,,,,,,,,,,,,,124.86,,23.83,,101.91,,,,66.92,,,,,,,,,,,,,,,,,,,,,,,,,,,,,,,,,,,,,,,,,,
,,,,,,,,2023051201,,05/12/2023,,231,,1406.52,,80.00,1480.00,9.78,271.40,,,,,,,,,,,,,,,,,,,,,,137.78,,25.40,,108.59,,,,73.11,,,,,,,,,,,,,,,,,,,,,,,,,,,,,,,,,,,,,,,,,,
,,,,,,,,2023052601,,05/26/2023,,319,,1341.11,,80.00,1480.00,6.62,183.71,,,,,,,,,,,,,,,,,,,,,,127.26,,24.12,,103.15,,,,68.07,,,,,,,,,,,,,,,,,,,,,,,,,,,,,,,,,,,,,,,,,,
,,,,,,,,2023060901,,06/09/2023,,408,,1368.93,,76.25,1410.63,5.13,142.36,,,,,,,,,,,8.00,148.00,,,,,,,,,,131.73,,24.66,,105.46,,,,70.21,,,,,,,,,,,,,,,,,,,,,,,,,,,,,,,,,,,,,,,,,,
,,,,,,,,2023062301,,06/23/2023,,500,,1318.89,,80.00,1480.00,4.88,135.42,,,,,1.00,18.50,,,,,,,,,,,,,,,,123.69,,23.69,,101.30,,,,66.35,,,,,,,,,,,,,,,,,,,,,,,,,,,,,,,,,,,,,,,,,,
,,,,,,,,2023070701,,07/07/2023,,599,,1374.85,,80.00,1480.00,8.25,228.94,,,,,,,,,,,,,,,,,,,,,,132.69,,24.78,,105.95,,,,70.67,,,,,,,,,,,,,,,,,,,,,,,,,,,,,,,,,,,,,,,,,,
,,,,,,,,2023072101,,07/21/2023,,699,,1320.74,,75.10,1389.35,3.57,99.07,,,,,,,,,,,8.00,148.00,,,,,,,,,,123.99,,23.73,,101.46,,,,66.50,,,,,,,,,,,,,,,,,,,,,,,,,,,,,,,,,,,,,,,,,,
,,,,,,,,2023080401,,08/04/2023,,803,,1362.98,,76.12,1408.22,4.93,136.81,,,,,,,8.00,148.00,,,,,,,,,,,,,,130.78,,24.55,,104.97,,,,69.75,,,,,,,,,,,,,,,,,,,,,,,,,,,,,,,,,,,,,,,,,,
,,,,,,,,2023081801,,08/18/2023,,905,,1222.07,,80.00,1480.00,0.87,24.14,,,,,,,,,,,,,,,,,,,,,,108.11,,21.81,,93.26,,,,58.89,,,,,,,,,,,,,,,,,,,,,,,,,,,,,,,,,,,,,,,,,,
,,,,,,,,2023090101,,09/01/2023,,1006,,1248.57,,80.00,1480.00,2.15,59.66,,,,,,,,,,,,,,,,,,,,,,112.37,,22.33,,95.46,,,,60.93,,,,,,,,,,,,,,,,,,,,,,,,,,,,,,,,,,,,,,,,,,
,,,,,,,,2023091501,,09/15/2023,,1112,,1220.69,,71.90,1330.15,0.87,24.14,,,,,,,,,,,8.00,148.00,,,,,,,,,,107.89,,21.78,,93.14,,,,58.79,,,,,,,,,,,,,,,,,,,,,,,,,,,,,,,,,,,,,,,,,,
,,,,,,,,2023092901,,09/29/2023,,1214,,1300.73,,40.00,740.00,5.67,157.34,,,,,38.50,712.25,,,,,,,,,,,,,,,,120.77,,23.34,,99.79,,,,64.96,,,,,,,,,,,,,,,,,,,,,,,,,,,,,,,,,,,,,,,,,,
,,,,,,,,2023101301,,10/13/2023,,1317,,1403.42,,80.00,1480.00,9.63,267.23,,,,,,,,,,,,,,,,,,,,,,137.28,,25.33,,108.33,,,,72.87,,,,,,,,,,,,,,,,,,,,,,,,,,,,,,,,,,,,,,,,,,
,,,,,,,,2023102701,,10/27/2023,,1423,,1427.03,,80.00,1480.01,10.77,298.87,,,,,,,,,,,,,,,,,,,,,,141.08,,25.79,,110.29,,,,74.69,,,,,,,,,,,,,,,,,,,,,,,,,,,,,,,,,,,,,,,,,,
,,,,,,,,2023111001,,11/10/2023,,1526,,1283.49,,79.55,1471.68,3.47,96.29,,,,,1.00,18.50,,,,,,,,,,,,,,,,117.99,,23.00,,98.36,,,,63.63,,,,,,,,,,,,,,,,,,,,,,,,,,,,,,,,,,,,,,,,,,
,,,,,,,,2023112401,,11/24/2023,,1629,,1324.74,,80.00,1480.00,5.83,161.78,,,,,,,,,,,,,,,,,,,,,,124.63,,23.81,,101.79,,,,66.81,,,,,,,,,,,,,,,,,,,,,,,,,,,,,,,,,,,,,,,,,,
,,,,,,,,2023120801,,12/08/2023,,1783,,150.00,,,,,,,,,,,,,,0.00,162.43,,,,,,,,,,,,0.00,,2.36,,10.07,,,,0.00,,,,,,,,,,,,,,,,,,,,,,,,,,,,,,,,,,,,,,,,,,
,,,,,,,,,,12/08/2023,,1784,,1325.59,,67.03,1240.06,3.85,106.84,,,,,,,,,,,16.00,296.00,,,,,,,,,,124.76,,23.82,,101.86,,,,66.87,,,,,,,,,,,,,,,,,,,,,,,,,,,,,,,,,,,,,,,,,,
,,,,,,,,2023122001,,12/20/2023,,40,,0.00,,0.00,2.36,,,,,0.00,28.38,,,,,,,,,,,,,,,,,,0.00,,0.45,,1.91,,,,0.00,,,,,,,,,,,,,,,,,,28.38,,,,,,,,,,,,,,,,,,,,,,,,
,,,,,,,,2023122201,,12/22/2023,,1911,,1259.54,,80.00,1480.00,2.68,74.37,,,,,,,,,,,,,,,,,,,,,,114.14,,22.54,,96.37,,,,61.78,,,,,,,,,,,,,,,,,,,,,,,,,,,,,,,,,,,,,,,,,,
,,VCFP-CCM-REMOTE,,"Long, Jessica L.",,40,,2023033101,,03/31/2023,,0,,9975.39,,501.84,12044.16,0.98,35.28,,,,,28.92,694.08,,,,,16.00,384.00,,,,,,,,,,991.72,,181.06,,774.18,,,,524.83,,,,,,,,,,,,39.60,,,,,,,,572.22,,76.68,,,,,,21.84,,,,,,,,,,,,,,
,,,,,,,,2023041401,,04/14/2023,,31,,1355.12,,72.13,1731.12,,,,,,,3.00,72.00,,,,,,,,,,,,,,,,130.57,,24.52,,104.86,,,,69.66,,,,,,,,,,,,,,,,6.60,,,,95.37,,12.78,,,,,,3.64,,,,,,,,,,,,,,
,,,,,,,,2023042801,,04/28/2023,,119,,1311.25,,69.55,1669.20,,,,,,,3.13,75.12,,,,,,,,,,,,,,,,123.52,,23.67,,101.22,,,,66.27,,,,,,,,,,,,,,,,6.60,,,,95.37,,12.78,,,,,,3.64,,,,,,,,,,,,,,
,,,,,,,,2023051201,,05/12/2023,,208,,1293.35,,71.68,1720.32,,,,,,,,,,,,,,,,,,,,,,,,120.64,,23.32,,99.73,,,,64.89,,,,,,,,,,,,,,,,6.60,,,,95.37,,12.78,,,,,,3.64,,,,,,,,,,,,,,
,,,,,,,,2023052601,,05/26/2023,,297,,1426.11,,74.15,1779.60,0.63,22.68,,,,,4.00,96.00,,,,,,,,,,,,,,,,141.99,,25.90,,110.76,,,,75.13,,,,,,,,,,,,,,,,6.60,,,,95.37,,12.78,,,,,,3.64,,,,,,,,,,,,,,
,,,,,,,,2023060901,,06/09/2023,,385,,1456.54,,72.27,1734.48,0.35,12.60,,,,,,,,,,,8.00,192.00,,,,,,,,,,146.89,,26.50,,113.29,,,,77.47,,,,,,,,,,,,,,,,6.60,,,,95.37,,12.78,,,,,,3.64,,,,,,,,,,,,,,
,,,,,,,,2023062301,,06/23/2023,,478,,1479.10,,75.88,1821.12,1.45,52.20,,,,,4.00,96.00,,,,,,,,,,,,,,,,150.52,,26.93,,115.17,,,,79.21,,,,,,,,,,,,,,,,6.60,,,,95.37,,12.78,,,,,,3.64,,,,,,,,,,,,,,
,,,,,,,,2023070701,,07/07/2023,,576,,1409.72,,78.18,1876.32,,,,,,,,,,,,,,,,,,,,,,,,139.36,,25.59,,109.40,,,,73.86,,,,,,,,,,,,,,,,6.60,,,,95.37,,12.78,,,,,,3.64,,,,,,,,,,,,,,
,,,,,,,,2023072101,,07/21/2023,,675,,1431.91,,63.42,1522.08,,,,,,,,,8.00,192.00,,,8.00,192.00,,,,,,,,,,142.93,,26.02,,111.25,,,,75.58,,,,,,,,,,,,,,,,6.60,,,,95.37,,12.78,,,,,,3.64,,,,,,,,,,,,,,
,,,,,,,,2023080401,,08/04/2023,,778,,1391.36,,76.60,1838.40,0.37,13.32,,,,,,,,,,,,,,,,,,,,,,136.41,,25.23,,107.88,,,,72.45,,,,,,,,,,,,,,,,6.60,,,,95.37,,12.78,,,,,,3.64,,,,,,,,,,,,,,
,,,,,,,,2023081801,,08/18/2023,,881,,1371.05,,60.02,1440.48,,,,,,,16.00,384.00,,,,,,,,,,,,,,,,133.14,,24.83,,106.19,,,,70.88,,,,,,,,,,,,,,,,6.60,,,,95.37,,12.78,,,,,,3.64,,,,,,,,,,,,,,
,,,,,,,,2023090101,,09/01/2023,,982,,1450.24,,75.17,1912.32,0.48,18.32,,,,,,,,,,,,,,,,,,,,,,145.88,,26.37,,112.77,,,,76.99,,,,,,,,,,,,,,,,6.60,,,,95.37,,12.78,,,,,,3.64,,,,,,,,,,,,,,
,,,,,,,,2023091501,,09/15/2023,,1088,,1479.27,,63.42,1613.40,,,,,,,6.00,152.64,,,,,8.00,203.52,,,,,,,,,,150.55,,26.94,,115.18,,,,79.23,,,,,,,,,,,,,,,,6.60,,,,95.37,,12.78,,,,,,3.64,,,,,,,,,,,,,,
,,,,,,,,2023092901,,09/29/2023,,1190,,1545.65,,75.23,1913.85,0.63,24.04,,,,,,,,,,,,,,,,,,,,,,160.16,,28.10,,120.15,,,,83.83,,,,,,,,,,,,,,,,,,,,,,,,,,,,,,,,,,,,,,,,,,
,,,,,,,,2023101301,,10/13/2023,,1293,,1356.33,,64.33,1636.56,,,,,,,6.93,176.30,,,,,,,,,,,,,,,,130.77,,24.55,,104.96,,,,69.75,,,,,,,,,,,,,,,,6.60,,,,103.10,,13.16,,,,,,3.64,,,,,,,,,,,,,,
,,,,,,,,2023102701,,10/27/2023,,1398,,1477.03,,77.62,1974.65,,,,,,,,,,,,,,,,,,,,,,,,150.19,,26.89,,114.99,,,,79.05,,,,,,,,,,,,,,,,6.60,,,,103.10,,13.16,,,,,,3.64,,,,,,,,,,,,,,
,,,,,,,,2023111001,,11/10/2023,,1502,,1406.80,,67.92,1727.88,,,,,,,6.00,152.64,,,,,,,,,,,,,,,,138.89,,25.53,,109.16,,,,73.64,,,,,,,,,,,,,,,,6.60,,,,103.10,,13.16,,,,,,3.64,,,,,,,,,,,,,,
,,,,,,,,2023112401,,11/24/2023,,1606,,1412.12,,74.20,1887.65,,,,,,,,,,,,,,,,,,,,,,,,139.75,,25.63,,109.60,,,,74.05,,,,,,,,,,,,,,,,6.60,,,,103.10,,13.16,,,,,,3.64,,,,,,,,,,,,,,
,,,,,,,,2023120801,,12/08/2023,,1737,,350.00,,,,,,,,,,,,,,0.00,380.58,,,,,,,,,,,,0.00,,5.52,,23.60,,,,1.46,,,,,,,,,,,,,,,,,,,,,,,,,,,,,,,,,,,,,,,,,,
,,,,,,,,,,12/08/2023,,1738,,1462.74,,60.85,1548.02,,,,,,,,,,,,,16.00,407.04,,,,,,,,,,147.89,,26.62,,113.81,,,,77.95,,,,,,,,,,,,,,,,6.60,,,,102.65,,13.16,,,,,,3.64,,,,,,,,,,,,,,
,,,,,,,,2023122001,,12/20/2023,,41,,0.00,,0.00,3.23,,,,,0.00,39.03,,,,,,,,,,,,,,,,,,0.00,,0.61,,2.62,,,,0.00,,,,,,,,,,,,,,,,,,39.03,,,,,,,,,,,,,,,,,,,,,,,,
,,,,,,,,2023122201,,12/22/2023,,1886,,1469.06,,74.20,1887.65,,,,,,,3.00,76.32,,,,,,,,,,,,,,,,148.90,,26.74,,114.33,,,,78.44,,,,,,,,,,,,,,,,6.60,,,,103.10,,13.16,,,,,,3.64,,,,,,,,,,,,,,
,,VCFP-CCM-REMOTE,,"Mace, Shanna N.",,130,,2023051201,,05/12/2023,,209,,1414.50,,79.82,1756.04,0.10,3.30,,,,,,,,,,,,,,,,,,,,,,138.74,,25.51,,109.08,,,,71.51,,,,,,,,,,,,,,,,,,,,,,,,,,,,,,,,,,,,,,,,,,
,,,,,,,,2023052601,,05/26/2023,,298,,1393.51,,80.00,1760.00,0.67,22.11,,,,,,,,,,,,,,,,,,,,,,136.41,,25.23,,107.88,,,,70.40,,,,,,,,,,,,,,,,,,,,35.78,,4.94,,,,,,1.41,,,,5.14,,1.41,,,,,,,,
,,,,,,,,2023060901,,06/09/2023,,386,,1335.34,,72.00,1584.00,0.75,24.75,,,,,,,,,,,8.00,176.00,,,,,,,,,,128.72,,24.30,,103.91,,,,66.71,,,,,,,,,,,,,,,,,,,,92.44,,12.77,,,,,,3.63,,,,13.29,,3.64,,,,,,,,
,,,,,,,,2023062301,,06/23/2023,,479,,1316.55,,79.98,1759.56,,,,,,,,,,,,,,,,,,,,,,,,125.70,,23.94,,102.34,,,,65.26,,,,,,,,,,,,,,,,,,,,92.44,,12.77,,,,,,3.63,,,,13.29,,3.64,,,,,,,,
,,,,,,,,2023070701,,07/07/2023,,577,,1316.88,,80.00,1760.00,,,,,,,,,,,,,,,,,,,,,,,,125.75,,23.94,,102.37,,,,65.29,,,,,,,,,,,,,,,,,,,,92.44,,12.77,,,,,,3.63,,,,13.29,,3.64,,,,,,,,
,,,,,,,,2023072101,,07/21/2023,,676,,1316.88,,72.00,1584.00,,,,,,,,,,,,,8.00,176.00,,,,,,,,,,125.75,,23.94,,102.37,,,,65.29,,,,,,,,,,,,,,,,,,,,92.44,,12.77,,,,,,3.63,,,,13.29,,3.64,,,,,,,,
,,,,,,,,2023080401,,08/04/2023,,779,,1300.47,,79.00,1738.00,,,,,,,,,,,,,,,,,,,,,,,,123.11,,23.62,,101.01,,,,64.02,,,,,,,,,,,,,,,,,,,,92.44,,12.77,,,,,,3.63,,,,13.29,,3.64,,,,,,,,
,,,,,,,,2023081801,,08/18/2023,,882,,1316.88,,80.00,1760.00,,,,,,,,,,,,,,,,,,,,,,,,125.75,,23.94,,102.37,,,,65.29,,,,,,,,,,,,,,,,,,,,92.44,,12.77,,,,,,3.63,,,,13.29,,3.64,,,,,,,,
,,,,,,,,2023090101,,09/01/2023,,983,,1310.80,,71.63,1575.86,,,,,,,8.00,176.00,,,,,,,,,,,,,,,,124.78,,23.82,,101.87,,,,64.82,,,,,,,,,,,,,,,,,,,,92.44,,12.77,,,,,,3.63,,,,13.29,,3.64,,,,,,,,
,,,,,,,,2023091501,,09/15/2023,,1089,,1317.20,,72.02,1584.44,,,,,,,,,,,,,8.00,176.00,,,,,,,,,,125.81,,23.95,,102.40,,,,65.31,,,,,,,,,,,,,,,,,,,,92.44,,12.77,,,,,,3.63,,,,13.29,,3.64,,,,,,,,
,,,,,,,,2023092901,,09/29/2023,,1191,,1414.99,,80.00,1760.00,,,,,,,,,,,,,,,,,,,,,,,,138.82,,25.52,,109.12,,,,71.55,,,,,,,,,,,,,,,,,,,,,,,,,,,,,,,,,,,,,,,,,,
,,,,,,,,2023101301,,10/13/2023,,1294,,1308.24,,80.00,1760.00,,,,,,,,,,,,,,,,,,,,,,,,124.43,,23.78,,101.69,,,,64.65,,,,,,,,,,,,,,,,,,,,103.10,,13.16,,,,,,3.63,,,,13.68,,3.64,,,,,,,,
,,,,,,,,2023102701,,10/27/2023,,1399,,1310.20,,80.00,1760.00,0.08,2.64,,,,,,,,,,,,,,,,,,,,,,124.75,,23.82,,101.85,,,,64.81,,,,,,,,,,,,,,,,,,,,103.10,,13.16,,,,,,3.63,,,,13.68,,3.64,,,,,,,,
,,,,,,,,2023111001,,11/10/2023,,1503,,1308.24,,80.00,1760.00,,,,,,,,,,,,,,,,,,,,,,,,124.43,,23.78,,101.69,,,,64.65,,,,,,,,,,,,,,,,,,,,103.10,,13.16,,,,,,3.63,,,,13.68,,3.64,,,,,,,,
,,,,,,,,2023112401,,11/24/2023,,1607,,1308.24,,72.00,1584.00,,,,,,,,,8.00,176.00,,,,,,,,,,,,,,124.43,,23.78,,101.69,,,,64.65,,,,,,,,,,,,,,,,,,,,103.10,,13.16,,,,,,3.63,,,,13.68,,3.64,,,,,,,,
,,,,,,,,2023120801,,12/08/2023,,1739,,200.00,,,,,,,,,,,,,,0.00,216.57,,,,,,,,,,,,0.00,,3.14,,13.43,,,,0.00,,,,,,,,,,,,,,,,,,,,,,,,,,,,,,,,,,,,,,,,,,
,,,,,,,,,,12/08/2023,,1740,,1310.54,,64.12,1410.64,,,,,,,,,,,,,16.00,352.00,,,,,,,,,,124.80,,23.83,,101.88,,,,64.83,,,,,,,,,,,,,,,,,,,,102.65,,13.16,,,,,,3.63,,,,13.68,,3.64,,,,,,,,
,,,,,,,,2023122001,,12/20/2023,,42,,0.00,,0.00,2.80,,,,,0.00,33.75,,,,,,,,,,,,,,,,,,0.00,,0.53,,2.27,,,,0.00,,,,,,,,,,,,,,,,,,33.75,,,,,,,,,,,,,,,,,,,,,,,,
,,,,,,,,2023122201,,12/22/2023,,1887,,1307.90,,63.98,1407.56,,,,,,,16.00,352.00,,,,,,,,,,,,,,,,124.38,,23.78,,101.66,,,,64.63,,,,,,,,,,,,,,,,,,,,103.10,,13.16,,,,,,3.63,,,,13.68,,3.64,,,,,,,,
,,VCFP-MEDASSIST-ASHLAKE,,"Manuel, Sara V.",,126,,2023041401,,04/14/2023,,53,,744.31,,39.27,824.67,,,,,,,,,,,,,,,,,,,,,,,,0.00,,11.96,,51.13,,,,17.27,,,,,,,,,,,,,,,,,,,,,,,,,,,,,,,,,,,,,,,,,,
,,VCFP-MEDASSIST-ASHLAKE,,"Mare, Diane L.",,38,,2023033101,,03/31/2023,,0,,8804.16,,496.02,8928.36,23.36,630.72,,,,,23.38,420.84,,,,,16.00,288.00,,,,,,,,,,281.03,,148.88,,636.61,,,,397.24,,,,,,,,,,,,,,,,,,,,,,,,,,,,,,,,,,,,,,,,,,
,,,,,,,,2023041401,,04/14/2023,,54,,1103.54,,80.00,1440.00,2.80,75.60,0.00,60.62,,,,,,,,,,,,,,,,,,,,22.29,,21.98,,93.97,,,,46.48,,,,,,,,,,227.34,,,,,,,,,,,,,,,,,,,,,,,,,,,,,,,,
,,,,,,,,2023042801,,04/28/2023,,143,,1164.50,,80.00,1440.00,6.33,170.91,0.00,64.44,,,,,,,,,,,,,,,,,,,,30.39,,23.36,,99.88,,,,51.14,,,,,,,,,,241.64,,,,,,,,,,,,,,,,,,,,,,,,,,,,,,,,
,,,,,,,,2023051201,,05/12/2023,,232,,1046.16,,77.22,1389.96,1.33,35.91,0.00,57.03,,,,,,,,,,,,,,,,,,,,14.66,,20.68,,88.40,,,,42.09,,,,,,,,,,213.88,,,,,,,,,,,,,,,,,,,,,,,,,,,,,,,,
,,,,,,,,2023052601,,05/26/2023,,320,,1146.73,,80.00,1440.00,5.30,143.10,0.00,63.32,,,,,,,,,,,,,,,,,,,,28.02,,22.95,,98.15,,,,49.78,,,,,,,,,,237.47,,,,,,,,,,,,,,,,,,,,,,,,,,,,,,,,
,,,,,,,,2023060901,,06/09/2023,,409,,1099.52,,71.65,1289.70,2.80,75.60,0.00,60.37,,,,,,,,,8.00,144.00,,,,,,,,,,21.75,,21.88,,93.58,,,,46.17,,,,,,,,,,226.40,,,,,,,,,,,,,,,,,,,,,,,,,,,,,,,,
,,,,,,,,2023062301,,06/23/2023,,501,,1118.11,,73.67,1326.06,2.53,68.31,0.00,61.53,,,8.00,144.00,,,,,,,,,,,,,,,,24.22,,22.31,,95.38,,,,47.59,,,,,,,,,,230.76,,,,,,,,,,,,,,,,,,,,,,,,,,,,,,,,
,,,,,,,,2023070701,,07/07/2023,,600,,1120.47,,73.05,1314.90,3.08,83.16,0.00,61.68,,,8.00,144.00,,,,,,,,,,,,,,,,24.54,,22.36,,95.61,,,,47.77,,,,,,,,,,231.31,,,,,,,,,,,,,,,,,,,,,,,,,,,,,,,,
,,,,,,,,2023072101,,07/21/2023,,700,,1096.23,,73.27,1318.86,1.53,41.31,0.00,60.17,,,,,,,,,8.00,144.00,,,,,,,,,,21.32,,21.81,,93.26,,,,45.92,,,,,,,,,,225.63,,,,,,,,,,,,,,,,,,,,,,,,,,,,,,,,
,,,,,,,,2023080401,,08/04/2023,,804,,1018.35,,76.80,1382.40,,,0.00,55.30,,,,,,,,,,,,,,,,,,,,10.97,,20.04,,85.71,,,,39.97,,,,,,,,,,207.36,,,,,,,,,,,,,,,,,,,,,,,,,,,,,,,,
,,,,,,,,2023081801,,08/18/2023,,906,,1140.46,,79.85,1517.15,1.97,56.15,0.00,62.93,,,,,,,,,,,,,,,,,,,,27.19,,22.81,,97.54,,,,49.30,,,,,,,,,,236.00,,,,,,,,,,,,,,,,,,,,,,,,,,,,,,,,
,,,,,,,,2023090101,,09/01/2023,,1007,,1104.29,,71.83,1364.77,,,0.00,60.67,,,,,8.00,152.00,,,,,,,,,,,,,,22.39,,21.99,,94.04,,,,46.54,,,,,,,,,,227.52,,,,,,,,,,,,,,,,,,,,,,,,,,,,,,,,
,,,,,,,,2023091501,,09/15/2023,,1113,,1142.46,,73.77,1401.63,0.80,22.80,0.00,63.06,,,,,,,,,8.00,152.00,,,,,,,,,,27.46,,22.86,,97.74,,,,49.45,,,,,,,,,,236.46,,,,,,,,,,,,,,,,,,,,,,,,,,,,,,,,
,,,,,,,,2023092901,,09/29/2023,,1215,,1130.43,,77.78,1477.82,2.80,79.80,0.00,62.30,,,,,,,,,,,,,,,,,,,,25.86,,22.59,,96.57,,,,48.53,,,,,,,,,,233.64,,,,,,,,,,,,,,,,,,,,,,,,,,,,,,,,
,,,,,,,,2023101301,,10/13/2023,,1318,,1134.62,,80.00,1520.00,1.55,44.18,0.00,62.57,,,,,,,,,,,,,,,,,,,,26.42,,22.68,,96.98,,,,48.85,,,,,,,,,,234.63,,,,,,,,,,,,,,,,,,,,,,,,,,,,,,,,
,,,,,,,,2023102701,,10/27/2023,,1424,,1057.10,,40.00,760.00,2.63,74.96,0.00,57.72,,,32.00,608.00,,,,,,,,,,,,,,,,16.11,,20.92,,89.46,,,,42.93,,,,,,,,,,216.44,,,,,,,,,,,,,,,,,,,,,,,,,,,,,,,,
,,,,,,,,2023111001,,11/10/2023,,1527,,494.28,,18.82,357.58,,,0.00,25.93,,,15.30,290.70,,,,,,,,,,,,,,,,0.00,,9.40,,40.19,,,,7.17,,,,,,,,,,97.24,,,,,,,,,,,,,,,,,,,,,,,,,,,,,,,,
,,,,,,,,2023112401,,11/24/2023,,1630,,1151.03,,80.00,1520.00,2.45,69.83,0.00,63.59,,,,,,,,,,,,,,,,,,,,28.60,,23.05,,98.57,,,,50.11,,,,,,,,,,238.47,,,,,,,,,,,,,,,,,,,,,,,,,,,,,,,,
,,,,,,,,2023120801,,12/08/2023,,1785,,300.00,,,,,,,,,,,,,,0.00,325.23,,,,,,,,,,,,0.00,,4.72,,20.16,,,,0.35,,,,,,,,,,,,,,,,,,,,,,,,,,,,,,,,,,,,,,,,,,
,,,,,,,,,,12/08/2023,,1786,,1155.33,,64.13,1218.47,2.60,74.10,0.00,63.86,,,,,,,,,16.00,304.00,,,,,,,,,,29.17,,23.15,,98.99,,,,50.44,,,,,,,,,,239.49,,,,,,,,,,,,,,,,,,,,,,,,,,,,,,,,
,,,,,,,,2023122001,,12/20/2023,,43,,0.00,,0.00,2.42,,,,,0.00,29.13,,,,,,,,,,,,,,,,,,0.00,,0.46,,1.96,,,,0.00,,,,,,,,,,,,,,,,,,29.13,,,,,,,,,,,,,,,,,,,,,,,,
,,,,,,,,2023122201,,12/22/2023,,1912,,1174.18,,80.00,1520.00,3.72,106.02,0.00,65.04,,,,,,,,,,,,,,,,,,,,31.67,,23.58,,100.81,,,,51.88,,,,,,,,,,243.90,,,,,,,,,,,,,,,,,,,,,,,,,,,,,,,,
,,VCFP-MEDASSIST-DISCOVERY,,"Marmolejas, Grace M.",,155,,2023101301,,10/13/2023,,1325,,752.65,,40.75,815.00,,,,,,,,,,,,,,,,,,,,,,,,0.00,,11.82,,50.53,,,,0.00,,,,,,,,,,,,,,,,,,,,,,,,,,,,,,,,,,,,,,,,,,
,,,,,,,,2023102701,,10/27/2023,,1431,,1382.27,,80.00,1600.00,0.73,21.90,,,,,,,,,,,,,,,,,,,,,,0.00,,21.87,,93.52,,,,0.00,,,,,,,,,,,,,,10.63,,0.11,,,,102.07,,9.27,,,,,,2.16,,,,,,,,,,,,,,
,,,,,,,,2023111001,,11/10/2023,,1535,,1416.50,,73.18,1463.60,0.83,24.90,,,,,6.15,123.00,,,,,,,,,,,,,,,,3.90,,22.82,,97.59,,,,0.00,,,,,,,,,,,,,,32.95,,0.34,,,,10.60,,13.16,,10.00,,,,3.64,,,,,,,,,,,,,,
,,,,,,,,2023112401,,11/24/2023,,1637,,1254.08,,64.22,1284.40,,,,,,,3.08,61.60,8.00,160.00,,,,,,,,,,,,,,0.00,,20.21,,86.43,,,,0.00,,,,,,,,,,,,,,32.95,,0.34,,,,85.19,,13.16,,10.00,,,,3.64,,,,,,,,,,,,,,
,,,,,,,,2023120801,,12/08/2023,,1799,,100.00,,,,,,,,,,,,,,0.00,108.28,,,,,,,,,,,,0.00,,1.57,,6.71,,,,0.00,,,,,,,,,,,,,,,,,,,,,,,,,,,,,,,,,,,,,,,,,,
,,,,,,,,,,12/08/2023,,1800,,1436.47,,66.60,1332.00,1.95,58.50,,,,,,,,,,,16.00,320.00,,,,,,,,,,6.88,,23.18,,99.14,,,,0.00,,,,,,,,,,,,,,32.95,,0.34,,,,84.74,,13.16,,10.00,,,,3.64,,,,,,,,,,,,,,
,,,,,,,,2023122001,,12/20/2023,,44,,0.00,,0.00,1.69,,,,,0.00,20.46,,,,,,,,,,,,,,,,,,0.00,,0.32,,1.37,,,,0.00,,,,,,,,,,,,,,,,,,20.46,,,,,,,,,,,,,,,,,,,,,,,,
,,,,,,,,2023122201,,12/22/2023,,1919,,719.84,,40.00,800.00,0.15,4.50,,,,,6.15,123.00,,,,,,,,,,,,,,,,0.00,,11.82,,50.56,,,,0.00,,,,,,,,,,,,,,32.95,,0.34,,,,85.19,,13.16,,10.00,,,,3.64,,,,,,,,,,,,,,
,,VCFP-MEDASSIST-ASHLAKE,,"Martinez, Loruhama ",,131,,2023042801,,04/28/2023,,144,,473.95,,25.73,514.60,,,,,,,,,,,,,,,,,,,,,,,,0.00,,7.46,,31.91,,,,1.28,,,,,,,,,,,,,,,,,,,,,,,,,,,,,,,,,,,,,,,,,,
,,,,,,,,2023051201,,05/12/2023,,233,,1542.23,,80.00,1600.00,4.65,139.50,,,,,,,,,,,,,,,,,,,,,,0.00,,25.22,,107.85,,,,64.20,,,,,,,,,,,,,,,,,,,,,,,,,,,,,,,,,,,,,,,,,,
,,,,,,,,2023052601,,05/26/2023,,321,,1508.42,,80.00,1600.00,5.88,176.40,,,,,,,,,,,,,,,,,,,,,,0.00,,24.66,,105.43,,,,61.95,,,,,,,,,,,,,,,,,,,,62.17,,10.72,,,,,,3.05,,,,,,,,,,,,,,
,,,,,,,,2023060901,,06/09/2023,,410,,1391.94,,62.85,1257.00,2.65,79.50,,,,,8.00,160.00,,,,,8.00,160.00,,,,,,,,,,0.00,,22.71,,97.09,,,,54.22,,,,,,,,,,,,,,,,,,,,74.12,,12.78,,,,,,3.64,,,,,,,,,,,,,,
,,,,,,,,2023062301,,06/23/2023,,502,,1517.60,,80.00,1600.00,6.72,201.60,,,,,,,,,,,,,,,,,,,,,,0.00,,24.81,,106.09,,,,62.56,,,,,,,,,,,,,,,,,,,,74.12,,12.78,,,,,,3.64,,,,,,,,,,,,,,
,,,,,,,,2023070701,,07/07/2023,,601,,1442.26,,80.00,1600.00,3.82,114.60,,,,,,,,,,,,,,,,,,,,,,0.00,,23.55,,100.69,,,,57.56,,,,,,,,,,,,,,,,,,,,74.12,,12.78,,,,,,3.64,,,,,,,,,,,,,,
,,,,,,,,2023072101,,07/21/2023,,701,,1371.94,,65.67,1313.40,,,,,,,8.00,160.00,,,,,8.00,160.00,,,,,,,,,,0.00,,22.37,,95.66,,,,52.89,,,,,,,,,,,,,,,,,,,,74.12,,12.78,,,,,,3.64,,,,,,,,,,,,,,
,,,,,,,,2023080401,,08/04/2023,,805,,1539.94,,80.00,1600.00,7.58,227.40,,,,,,,,,,,,,,,,,,,,,,0.00,,25.18,,107.69,,,,64.05,,,,,,,,,,,,,,,,,,,,74.12,,12.78,,,,,,3.64,,,,,,,,,,,,,,
,,,,,,,,2023081801,,08/18/2023,,907,,1421.73,,80.00,1600.00,3.03,90.90,,,,,,,,,,,,,,,,,,,,,,0.00,,23.21,,99.22,,,,56.20,,,,,,,,,,,,,,,,,,,,74.12,,12.78,,,,,,3.64,,,,,,,,,,,,,,
,,,,,,,,2023090101,,09/01/2023,,1008,,1349.08,,79.63,1592.60,0.48,14.40,,,,,,,,,,,,,,,,,,,,,,0.00,,21.99,,94.02,,,,51.37,,,,,,,,,,,,,,,,,,,,74.12,,12.78,,,,,,3.64,,,,,,,,,,,,,,
,,,,,,,,2023091501,,09/15/2023,,1114,,1426.15,,74.28,1485.60,1.68,50.40,,,,,,,,,,,8.00,160.00,,,,,,,,,,0.00,,23.28,,99.54,,,,56.49,,,,,,,,,,,,,,,,,,,,74.12,,12.78,,,,,,3.64,,,,,,,,,,,,,,
,,,,,,,,2023092901,,09/29/2023,,1216,,1502.74,,80.00,1600.00,3.13,93.90,,,,,,,,,,,,,,,,,,,,,,0.00,,24.56,,105.02,,,,61.58,,,,,,,,,,,,,,,,,,,,,,,,,,,,,,,,,,,,,,,,,,
,,,,,,,,2023101301,,10/13/2023,,1319,,1416.75,,80.00,1600.00,3.22,96.60,,,,,,,,,,,,,,,,,,,,,,0.00,,23.12,,98.87,,,,55.87,,,,,,,,,,,,,,,,,,,,85.19,,13.16,,,,,,3.64,,,,,,,,,,,,,,
,,,,,,,,2023102701,,10/27/2023,,1425,,1457.28,,80.00,1600.00,4.78,143.40,,,,,,,,,,,,,,,,,,,,,,0.00,,23.80,,101.77,,,,58.56,,,,,,,,,,,,,,,,,,,,85.19,,13.16,,,,,,3.64,,,,,,,,,,,,,,
,,,,,,,,2023111001,,11/10/2023,,1528,,1450.01,,80.00,1600.00,4.50,135.00,,,,,,,,,,,,,,,,,,,,,,0.00,,23.68,,101.25,,,,58.07,,,,,,,,,,,,,,,,,,,,85.19,,13.16,,,,,,3.64,,,,,,,,,,,,,,
,,,,,,,,2023112401,,11/24/2023,,1631,,1408.45,,80.00,1600.00,2.90,87.00,,,,,,,,,,,,,,,,,,,,,,0.00,,22.98,,98.27,,,,55.31,,,,,,,,,,,,,,,,,,,,85.19,,13.16,,,,,,3.64,,,,,,,,,,,,,,
,,,,,,,,2023120801,,12/08/2023,,1787,,150.00,,,,,,,,,,,,,,0.00,162.43,,,,,,,,,,,,0.00,,2.36,,10.07,,,,0.00,,,,,,,,,,,,,,,,,,,,,,,,,,,,,,,,,,,,,,,,,,
,,,,,,,,,,12/08/2023,,1788,,1424.42,,65.65,1313.00,2.40,72.00,,,,,,,,,,,16.00,320.00,,,,,,,,,,0.00,,23.25,,99.41,,,,56.38,,,,,,,,,,,,,,,,,,,,84.74,,13.16,,,,,,3.64,,,,,,,,,,,,,,
,,,,,,,,2023122001,,12/20/2023,,45,,0.00,,0.00,2.54,,,,,0.00,30.69,,,,,,,,,,,,,,,,,,0.00,,0.48,,2.06,,,,0.00,,,,,,,,,,,,,,,,,,30.69,,,,,,,,,,,,,,,,,,,,,,,,
,,,,,,,,2023122201,,12/22/2023,,1913,,1476.52,,80.00,1600.00,5.52,165.60,,,,,,,,,,,,,,,,,,,,,,0.00,,24.12,,103.14,,,,59.83,,,,,,,,,,,,,,,,,,,,85.19,,13.16,,,,,,3.64,,,,,,,,,,,,,,
,,VCFP-MEDASSIST-ASHLAKE,,"McClendon, Asia C.",,136,,2023060901,,06/09/2023,,411,,1242.76,,71.07,1279.26,,,,,,,,,,,,,8.00,144.00,,,,,,,,,,21.49,,20.64,,88.24,,,,50.13,,,,,,,,,,,,,,,,,,,,,,,,,,,,,,,,,,,,,,,,,,
,,,,,,,,2023062301,,06/23/2023,,503,,1348.92,,80.00,1440.00,4.65,125.55,,,,,,,,,,,,,,,,,,,,,,38.56,,22.70,,97.06,,,,58.31,,,,,,,,,,,,,,,,,,,,,,,,,,,,,,,,,,,,,,,,,,
,,,,,,,,2023070701,,07/07/2023,,602,,1198.45,,68.60,1234.80,0.68,18.36,,,,,6.15,110.70,,,,,,,,,,,,,,,,14.36,,19.78,,84.56,,,,46.71,,,,,,,,,,,,,,,,,,,,,,,,,,,,,,,,,,,,,,,,,,
,,,,,,,,2023072101,,07/21/2023,,702,,1316.35,,74.27,1336.86,1.52,41.04,,,,,,,,,,,8.00,144.00,,,,,,,,,,33.32,,22.07,,94.36,,,,55.80,,,,,,,,,,,,,,,,,,,,,,,,,,,,,,,,,,,,,,,,,,
,,,,,,,,2023080401,,08/04/2023,,806,,1267.27,,79.05,1422.90,1.23,33.21,,,,,,,,,,,,,,,,,,,,,,25.43,,21.11,,90.28,,,,52.02,,,,,,,,,,,,,,,,,,,,,,,,,,,,,,,,,,,,,,,,,,
,,,,,,,,2023081801,,08/18/2023,,908,,1305.60,,80.00,1440.00,2.50,67.50,,,,,,,,,,,,,,,,,,,,,,31.60,,21.86,,93.47,,,,54.97,,,,,,,,,,,,,,,,,,,,,,,,,,,,,,,,,,,,,,,,,,
,,,,,,,,2023090101,,09/01/2023,,1009,,1342.47,,80.00,1440.00,4.33,116.91,,,,,,,,,,,,,,,,,,,,,,37.52,,22.58,,96.53,,,,57.81,,,,,,,,,,,,,,,,,,,,,,,,,,,,,,,,,,,,,,,,,,
,,,,,,,,2023091501,,09/15/2023,,1115,,1310.71,,60.88,1095.84,,,,,,,15.25,274.50,,,,,8.00,144.00,,,,,,,,,,32.42,,21.96,,93.89,,,,55.36,,,,,,,,,,,,,,,,,,,,,,,,,,,,,,,,,,,,,,,,,,
,,,,,,,,2023092901,,09/29/2023,,1217,,1440.57,,80.00,1440.00,9.20,248.40,,,,,,,,,,,,,,,,,,,,,,53.30,,24.48,,104.68,,,,65.37,,,,,,,,,,,,,,,,,,,,,,,,,,,,,,,,,,,,,,,,,,
,,,,,,,,2023101301,,10/13/2023,,1320,,1278.71,,76.42,1375.56,2.52,68.04,,,,,3.00,54.00,,,,,,,,,,,,,,,,30.41,,21.72,,92.85,,,,54.40,,,,,,,,,,,,,,19.51,,,,,,,,,,,,,,,,,,,,,,,,,,,,
,,,,,,,,2023102701,,10/27/2023,,1426,,1292.13,,80.00,1440.00,2.80,75.60,,,,,,,,,,,,,,,,,,,,,,32.57,,21.98,,93.97,,,,55.44,,,,,,,,,,,,,,19.51,,,,,,,,,,,,,,,,,,,,,,,,,,,,
,,,,,,,,2023111001,,11/10/2023,,1529,,1322.76,,80.00,1440.00,4.32,116.64,,,,,,,,,,,,,,,,,,,,,,37.49,,22.57,,96.51,,,,57.80,,,,,,,,,,,,,,19.51,,,,,,,,,,,,,,,,,,,,,,,,,,,,
,,,,,,,,2023112401,,11/24/2023,,1632,,1272.01,,80.00,1440.00,1.80,48.60,,,,,,,,,,,,,,,,,,,,,,29.33,,21.58,,92.29,,,,53.88,,,,,,,,,,,,,,19.51,,,,,,,,,,,,,,,,,,,,,,,,,,,,
,,,,,,,,2023120801,,12/08/2023,,1789,,100.00,,,,,,,,,,,,,,0.00,108.28,,,,,,,,,,,,0.00,,1.57,,6.71,,,,0.00,,,,,,,,,,,,,,,,,,,,,,,,,,,,,,,,,,,,,,,,,,
,,,,,,,,,,12/08/2023,,1790,,1348.68,,66.90,1237.65,0.08,2.22,,,,,3.00,55.50,,,,,16.00,296.00,,,,,,,,,,41.66,,23.07,,98.66,,,,59.79,,,,,,,,,,,,,,19.51,,,,,,,,,,,,,,,,,,,,,,,,,,,,
,,,,,,,,2023122001,,12/20/2023,,46,,0.00,,0.00,1.73,,,,,0.00,20.89,,,,,,,,,,,,,,,,,,0.00,,0.33,,1.40,,,,0.00,,,,,,,,,,,,,,,,,,20.89,,,,,,,,,,,,,,,,,,,,,,,,
,,,,,,,,2023122201,,12/22/2023,,1914,,1367.60,,73.88,1366.78,3.70,102.68,,,,,8.00,148.00,,,,,,,,,,,,,,,,44.79,,23.45,,100.28,,,,61.29,,,,,,,,,,,,,,20.05,,,,,,,,,,,,,,,,,,,,,,,,,,,,
,,VCFP-SLEEPTCH-WATERSIDE,,"McGowan, Marcia A.",,47,,2023033101,,03/31/2023,,0,,12453.81,,390.35,14833.30,,,,,,,45.85,1742.30,,,,,12.00,456.00,,,,,,,,,,1271.42,,232.68,,994.90,,,,729.51,,,,,,,,,,,,88.50,,275.88,,,,,,784.92,,156.36,,,,,,43.62,,,,,,,,,,,,,,
,,,,,,,,2023041401,,04/14/2023,,68,,2472.08,,78.28,2974.64,7.38,420.66,,,,,,,,,,,,,,,,,,,,,,292.97,,46.85,,200.33,,,,158.19,,,,,,,,,,,,,,45.98,,14.75,,,,130.82,,26.06,,,,,,7.27,,,,,,,,,,,,,,
,,,,,,,,2023042801,,04/28/2023,,158,,2003.48,,72.82,2767.16,,,,,,,,,,,,,,,,,,,,,,,,217.59,,37.74,,161.39,,,,122.08,,,,,,,,,,,,,,45.98,,14.75,,,,130.82,,26.06,,,,,,7.27,,,,,,,,,,,,,,
,,,,,,,,2023051201,,05/12/2023,,247,,1518.17,,36.00,1368.00,,,,,,,19.70,748.60,,,,,,,,,,,,,,,,139.52,,28.31,,121.05,,,,84.67,,,,,,,,,,,,,,45.98,,14.75,,,,130.82,,26.06,,,,,,7.27,,,,,,,,,,,,,,
,,,,,,,,2023052601,,05/26/2023,,336,,1253.81,,41.05,1559.90,,,,,,,5.54,210.52,,,,,,,,,,,,,,,,104.09,,23.29,,99.59,,,,64.76,,,,,,,,,,,,,,45.98,,14.75,,,,130.82,,26.06,,,,,,7.27,,,,,,,,,,,,,,
,,,,,,,,2023060901,,06/09/2023,,427,,2109.22,,76.55,2908.90,,,,,,,,,,,,,,,,,,,,,,,,234.60,,39.80,,170.17,,,,130.23,,,,,,,,,,,,,,45.98,,14.75,,,,130.82,,26.06,,,,,,7.27,,,,,,,,,,,,,,
,,,,,,,,2023062301,,06/23/2023,,522,,2053.38,,74.58,2834.04,,,,,,,,,,,,,,,,,,,,,,,,225.62,,38.71,,165.53,,,,125.92,,,,,,,,,,,,,,45.98,,14.75,,,,130.82,,26.06,,,,,,7.27,,,,,,,,,,,,,,
,,,,,,,,2023070701,,07/07/2023,,619,,1994.41,,72.50,2755.00,,,,,,,,,,,,,,,,,,,,,,,,216.13,,37.57,,160.63,,,,121.38,,,,,,,,,,,,,,45.98,,14.75,,,,130.82,,26.06,,,,,,7.27,,,,,,,,,,,,,,
,,,,,,,,2023072101,,07/21/2023,,721,,1314.65,,48.68,1849.84,,,,,,,,,,,,,,,,,,,,,,,,112.03,,24.44,,104.51,,,,69.33,,,,,,,,,,,,,,45.98,,14.75,,,,130.82,,26.06,,,,,,7.27,,,,,,,,,,,,,,
,,,,,,,,2023080401,,08/04/2023,,825,,928.08,,35.40,1345.20,,,,,,,,,,,,,,,,,,,,,,,,61.57,,17.13,,73.23,,,,40.31,,,,,,,,,,,,,,45.98,,14.75,,,,130.82,,26.06,,,,,,7.27,,,,,,,,,,,,,,
,,,,,,,,2023081801,,08/18/2023,,927,,1972.58,,47.73,1813.74,,,,,,,12.00,456.00,12.00,456.00,,,,,,,,,,,,,,212.62,,37.14,,158.82,,,,119.70,,,,,,,,,,,,,,45.98,,14.75,,,,130.82,,26.06,,,,,,7.27,,,,,,,,,,,,,,
,,,,,,,,2023090101,,09/01/2023,,1031,,1917.87,,69.80,2652.40,,,,,,,,,,,,,,,,,,,,,,,,203.82,,36.08,,154.27,,,,115.48,,,,,,,,,,,,,,45.98,,14.75,,,,130.82,,26.06,,,,,,7.27,,,,,,,,,,,,,,
,,,,,,,,2023091501,,09/15/2023,,1134,,1994.41,,72.50,2755.00,,,,,,,,,,,,,,,,,,,,,,,,216.13,,37.57,,160.63,,,,121.38,,,,,,,,,,,,,,45.98,,14.75,,,,130.82,,26.06,,,,,,7.27,,,,,,,,,,,,,,
,,,,,,,,2023092901,,09/29/2023,,1236,,1823.25,,60.00,2280.00,,,,,,,,,,,,,,,,,,,,,,,,178.83,,33.06,,141.36,,,,103.50,,,,,,,,,,,,,,,,,,,,,,,,,,,,,,,,,,,,,,,,,,
,,,,,,,,2023101301,,10/13/2023,,1341,,2000.34,,60.00,2280.00,,,,,,,12.00,456.00,,,,,,,,,,,,,,,,217.09,,37.68,,161.12,,,,121.83,,,,,,,,,,,,,,45.98,,14.75,,,,103.10,,26.84,,,,,,7.27,,,,,,,,,,,,,,
,,,,,,,,2023102701,,10/27/2023,,1445,,2280.36,,60.00,2652.00,,,,,,,12.00,468.00,,,,,,,,,,,,,,,,263.17,,43.25,,184.93,,,,143.91,,,,,,,,,,,,,,52.42,,14.75,,,,103.10,,26.84,,,,,,7.27,,,,,,,,,,,,,,
,,,,,,,,2023111001,,11/10/2023,,1549,,2280.36,,60.00,2652.00,,,,,,,12.00,468.00,,,,,,,,,,,,,,,,263.17,,43.25,,184.93,,,,143.91,,,,,,,,,,,,,,52.42,,14.75,,,,103.10,,26.84,,,,,,7.27,,,,,,,,,,,,,,
,,,,,,,,2023112401,,11/24/2023,,1652,,1713.66,,36.00,1560.00,,,,,,,18.47,800.37,,,,,,,,,,,,,,,,172.01,,32.24,,137.84,,,,100.24,,,,,,,,,,,,,,52.42,,14.75,,,,103.10,,26.84,,,,,,7.27,,,,,,,,,,,,,,
,,,,,,,,2023120801,,12/08/2023,,1822,,200.00,,,,,,,,,,,,,,0.00,270.71,,,,,,,,,,,,50.00,,3.93,,16.78,,,,0.00,,,,,,,,,,,,,,,,,,,,,,,,,,,,,,,,,,,,,,,,,,
,,,,,,,,,,12/08/2023,,1823,,1892.77,,60.00,2600.00,,,,,,,,,,,,,,,,,,,,,,,,200.82,,35.72,,152.72,,,,114.04,,,,,,,,,,,,,,52.42,,14.75,,,,102.65,,26.84,,,,,,7.27,,,,,,,,,,,,,,
,,,,,,,,2023122001,,12/20/2023,,47,,0.00,,0.00,4.96,,,,,0.00,59.82,,,,,,,,,,,,,,,,,,0.00,,0.94,,4.02,,,,0.00,,,,,,,,,,,,,,,,,,59.82,,,,,,,,,,,,,,,,,,,,,,,,
,,,,,,,,2023122201,,12/22/2023,,1934,,2280.36,,72.00,3120.00,,,,,,,,,,,,,,,,,,,,,,,,263.17,,43.25,,184.93,,,,143.91,,,,,,,,,,,,,,52.42,,14.75,,,,103.10,,26.84,,,,,,7.27,,,,,,,,,,,,,,
,,VCFP-MEDASSIST-DISCOVERY,,"Moore, Shameka N.",,64,,2023033101,,03/31/2023,,0,,8284.61,,467.16,10043.95,25.44,820.45,,,,,8.00,172.00,,,,,,,,,,,,,,,,828.30,,152.57,,652.35,,,,439.42,,,,,,,,,,,,9.90,,154.59,,,,,,283.72,,102.38,,100.00,,,,28.56,,,,,,,,,,,,,,
,,,,,,,,2023041401,,04/14/2023,,57,,1243.60,,76.43,1643.25,2.37,76.43,,,,,,,,,,,,,,,,,,,,,,118.31,,23.04,,98.53,,,,63.78,,,,,,,,,,,,,,39.35,,2.52,,,,72.22,,26.06,,25.00,,,,7.27,,,,,,,,,,,,,,
,,,,,,,,2023042801,,04/28/2023,,147,,1375.68,,80.00,1720.00,5.48,176.73,,,,,,,,,,,,,,,,,,,,,,139.56,,25.61,,109.50,,,,73.96,,,,,,,,,,,,,,39.35,,2.52,,,,72.22,,26.06,,25.00,,,,7.27,,,,,,,,,,,,,,
,,,,,,,,2023051201,,05/12/2023,,236,,1244.97,,72.07,1549.51,,,,,,,,,8.00,172.00,,,,,,,,,,,,,,118.53,,23.07,,98.64,,,,63.88,,,,,,,,,,,,,,39.35,,2.52,,,,72.22,,26.06,,25.00,,,,7.27,,,,,,,,,,,,,,
,,,,,,,,2023052601,,05/26/2023,,324,,1340.08,,80.00,1720.00,4.00,129.00,,,,,,,,,,,,,,,,,,,,,,133.83,,24.92,,106.54,,,,71.21,,,,,,,,,,,,,,39.35,,2.52,,,,72.22,,26.06,,25.00,,,,7.27,,,,,,,,,,,,,,
,,,,,,,,2023060901,,06/09/2023,,415,,1200.05,,69.27,1489.31,,,,,,,,,,,,,8.00,172.00,,,,,,,,,,111.31,,22.20,,94.91,,,,60.42,,,,,,,,,,,,,,39.35,,2.52,,,,72.22,,26.06,,25.00,,,,7.27,,,,,,,,,,,,,,
,,,,,,,,2023062301,,06/23/2023,,507,,1333.59,,80.00,1720.00,3.73,120.29,,,,,,,,,,,,,,,,,,,,,,132.78,,24.79,,106.00,,,,70.71,,,,,,,,,,,,,,39.35,,2.52,,,,72.22,,26.06,,25.00,,,,7.27,,,,,,,,,,,,,,
,,,,,,,,2023070701,,07/07/2023,,606,,1254.66,,79.58,1710.97,0.73,23.54,,,,,,,,,,,,,,,,,,,,,,120.09,,23.26,,99.45,,,,64.63,,,,,,,,,,,,,,39.35,,2.52,,,,72.22,,26.06,,25.00,,,,7.27,,,,,,,,,,,,,,
,,,,,,,,2023072101,,07/21/2023,,707,,1275.45,,57.97,1246.36,,,,,,,16.00,344.00,,,,,8.00,172.00,,,,,,,,,,123.43,,23.66,,101.17,,,,66.23,,,,,,,,,,,,,,39.35,,2.52,,,,72.22,,26.06,,25.00,,,,7.27,,,,,,,,,,,,,,
,,,,,,,,2023080401,,08/04/2023,,811,,1284.66,,79.62,1711.83,1.95,62.89,,,,,,,,,,,,,,,,,,,,,,124.92,,23.84,,101.94,,,,66.94,,,,,,,,,,,,,,39.35,,2.52,,,,72.22,,26.06,,25.00,,,,7.27,,,,,,,,,,,,,,
,,,,,,,,2023081801,,08/18/2023,,913,,1244.25,,78.90,1696.35,0.75,24.19,,,,,,,,,,,,,,,,,,,,,,118.41,,23.05,,98.58,,,,63.83,,,,,,,,,,,,,,39.35,,2.52,,,,72.22,,26.06,,25.00,,,,7.27,,,,,,,,,,,,,,
,,,,,,,,2023090101,,09/01/2023,,1014,,1267.90,,80.00,1720.00,1.00,32.25,,,,,,,,,,,,,,,,,,,,,,122.22,,23.51,,100.55,,,,65.65,,,,,,,,,,,,,,39.35,,2.52,,,,72.22,,26.06,,25.00,,,,7.27,,,,,,,,,,,,,,
,,,,,,,,2023091501,,09/15/2023,,1120,,1262.22,,70.97,1525.86,1.45,46.76,,,,,,,,,,,8.00,172.00,,,,,,,,,,121.30,,23.40,,100.07,,,,65.21,,,,,,,,,,,,,,39.35,,2.52,,,,72.22,,26.06,,25.00,,,,7.27,,,,,,,,,,,,,,
,,,,,,,,2023092901,,09/29/2023,,1222,,1489.68,,80.00,1720.00,4.43,142.87,,,,,,,,,,,,,,,,,,,,,,151.16,,27.01,,115.50,,,,79.52,,,,,,,,,,,,,,,,,,,,,,,,,,,,,,,,,,,,,,,,,,
,,,,,,,,2023101301,,10/13/2023,,1326,,1232.50,,80.00,1720.00,0.73,23.54,,,,,,,,,,,,,,,,,,,,,,116.52,,22.83,,97.60,,,,62.92,,,,,,,,,,,,,,39.35,,2.52,,,,85.19,,26.84,,50.00,,,,7.27,,,,,,,,,,,,,,
,,,,,,,,2023102701,,10/27/2023,,1432,,1234.67,,25.23,542.45,,,,,,,16.00,344.00,,,,,,,40.00,860.00,,,,,,,,116.87,,22.87,,97.78,,,,63.09,,,,,,,,,,,,,,39.35,,2.52,,,,85.19,,26.84,,50.00,,,,7.27,,,,,,,,,,,,,,
,,,,,,,,2023111001,,11/10/2023,,1536,,1264.65,,55.68,1197.12,2.28,73.53,,,,,24.00,516.00,,,,,,,,,,,,,,,,121.70,,23.45,,100.28,,,,65.40,,,,,,,,,,,,,,39.35,,2.52,,,,85.19,,26.84,,50.00,,,,7.27,,,,,,,,,,,,,,
,,,,,,,,2023112401,,11/24/2023,,1638,,1217.58,,78.62,1690.33,1.03,33.22,,,,,,,,,,,,,,,,,,,,,,114.13,,22.54,,96.36,,,,61.77,,,,,,,,,,,,,,39.35,,2.52,,,,85.19,,26.84,,50.00,,,,7.27,,,,,,,,,,,,,,
,,,,,,,,2023120801,,12/08/2023,,1801,,100.00,,,,,,,,,,,,,,0.00,108.28,,,,,,,,,,,,0.00,,1.57,,6.71,,,,0.00,,,,,,,,,,,,,,,,,,,,,,,,,,,,,,,,,,,,,,,,,,
,,,,,,,,,,12/08/2023,,1802,,1225.70,,58.42,1256.03,,,,,,,6.23,133.95,,,,,16.00,344.00,,,,,,,,,,115.43,,22.69,,97.04,,,,62.40,,,,,,,,,,,,,,39.35,,2.52,,,,84.74,,26.84,,50.00,,,,7.27,,,,,,,,,,,,,,
,,,,,,,,2023122001,,12/20/2023,,49,,0.00,,0.00,2.73,,,,,0.00,32.97,,,,,,,,,,,,,,,,,,0.00,,0.52,,2.21,,,,0.00,,,,,,,,,,,,,,,,,,32.97,,,,,,,,,,,,,,,,,,,,,,,,
,,,,,,,,2023122201,,12/22/2023,,1920,,1107.88,,65.77,1414.06,2.63,84.82,,,,,3.61,77.62,,,,,,,,,,,,,,,,96.48,,20.40,,87.25,,,,53.32,,,,,,,,,,,,,,39.35,,2.52,,,,85.19,,26.84,,50.00,,,,7.27,,,,,,,,,,,,,,
,,VCFP-PHYSICIAN-DISCOVERY,,"Moyer, Ying C.",,127,,2023041401,,04/14/2023,,63,,1308.56,,0.00,2019.24,,,,,,,,,,,,,,,,,,,,,,,,121.69,,23.45,,100.27,,,,63.34,,,,,,,,,,,,,,,,,,,,356.04,,36.76,,,,,,9.13,,,,,,,,,,,,,,
,,,,,,,,2023042801,,04/28/2023,,154,,2636.59,,80.00,4038.47,,,,,,,,,,,,,,,,,,,,,,,,488.76,,51.83,,221.63,,,,175.89,,,,,,,,,,,,,,,,,,,,410.82,,42.42,,,,,,10.53,,,,,,,,,,,,,,
,,,,,,,,2023051201,,05/12/2023,,243,,2636.59,,80.00,4038.47,,,,,,,,,,,,,,,,,,,,,,,,488.76,,51.83,,221.63,,,,175.89,,,,,,,,,,,,,,,,,,,,410.82,,42.42,,,,,,10.53,,,,,,,,,,,,,,
,,,,,,,,2023052601,,05/26/2023,,331,,2636.59,,80.00,4038.47,,,,,,,,,,,,,,,,,,,,,,,,488.76,,51.83,,221.63,,,,175.89,,,,,,,,,,,,,,,,,,,,410.82,,42.42,,,,,,10.53,,,,,,,,,,,,,,
,,,,,,,,2023060901,,06/09/2023,,422,,2636.59,,80.00,4038.47,,,,,,,,,,,,,,,,,,,,,,,,488.76,,51.83,,221.63,,,,175.89,,,,,,,,,,,,,,,,,,,,410.82,,42.42,,,,,,10.53,,,,,,,,,,,,,,
,,,,,,,,2023062301,,06/23/2023,,515,,2636.59,,80.00,4038.47,,,,,,,,,,,,,,,,,,,,,,,,488.76,,51.83,,221.63,,,,175.89,,,,,,,,,,,,,,,,,,,,410.82,,42.42,,,,,,10.53,,,,,,,,,,,,,,
,,,,,,,,2023070701,,07/07/2023,,612,,2636.59,,80.00,4038.47,,,,,,,,,,,,,,,,,,,,,,,,488.76,,51.83,,221.63,,,,175.89,,,,,,,,,,,,,,,,,,,,410.82,,42.42,,,,,,10.53,,,,,,,,,,,,,,
,,,,,,,,2023072101,,07/21/2023,,714,,2636.59,,80.00,4038.47,,,,,,,,,,,,,,,,,,,,,,,,488.76,,51.83,,221.63,,,,175.89,,,,,,,,,,,,,,,,,,,,410.82,,42.42,,,,,,10.53,,,,,,,,,,,,,,
,,,,,,,,2023080401,,08/04/2023,,818,,2636.59,,80.00,4038.47,,,,,,,,,,,,,,,,,,,,,,,,488.76,,51.83,,221.63,,,,175.89,,,,,,,,,,,,,,,,,,,,410.82,,42.42,,,,,,10.53,,,,,,,,,,,,,,
,,,,,,,,2023081801,,08/18/2023,,920,,2636.59,,80.00,4038.47,,,,,,,,,,,,,,,,,,,,,,,,488.76,,51.83,,221.63,,,,175.89,,,,,,,,,,,,,,,,,,,,410.82,,42.42,,,,,,10.53,,,,,,,,,,,,,,
,,,,,,,,2023090101,,09/01/2023,,1024,,2636.59,,80.00,4038.47,,,,,,,,,,,,,,,,,,,,,,,,488.76,,51.83,,221.63,,,,175.89,,,,,,,,,,,,,,,,,,,,410.82,,42.42,,,,,,10.53,,,,,,,,,,,,,,
,,,,,,,,2023091501,,09/15/2023,,1128,,2636.59,,80.00,4038.47,,,,,,,,,,,,,,,,,,,,,,,,488.76,,51.83,,221.63,,,,175.89,,,,,,,,,,,,,,,,,,,,410.82,,42.42,,,,,,10.53,,,,,,,,,,,,,,
,,,,,,,,2023092901,,09/29/2023,,1230,,2936.13,,48.00,4038.47,,,,,,,,,,,,,,,,,,,,,,,,590.79,,58.60,,250.39,,,,202.56,,,,,,,,,,,,,,,,,,,,,,,,,,,,,,,,,,,,,,,,,,
,,,,,,,,2023101301,,10/13/2023,,1334,,2530.10,,40.00,3365.39,,,,,,,,,8.00,673.08,,,,,,,,,,,,,,452.49,,49.44,,211.41,,,,166.41,,,,,,,,,,,,,,,,,,,,574.40,,43.69,,,,,,10.53,,,,,,,,,,,,,,
,,,,,,,,2023102701,,10/27/2023,,1439,,2530.10,,40.00,3365.39,,,,,,,8.00,673.08,,,,,,,,,,,,,,,,452.49,,49.44,,211.41,,,,166.41,,,,,,,,,,,,,,,,,,,,574.40,,43.69,,,,,,10.53,,,,,,,,,,,,,,
,,,,,,,,2023111001,,11/10/2023,,1543,,2530.10,,48.00,4038.47,,,,,,,,,,,,,,,,,,,,,,,,452.49,,49.44,,211.41,,,,166.41,,,,,,,,,,,,,,,,,,,,574.40,,43.69,,,,,,10.53,,,,,,,,,,,,,,
,,,,,,,,2023112401,,11/24/2023,,1646,,2530.10,,44.00,3701.93,,,,,,,4.00,336.54,,,,,,,,,,,,,,,,452.49,,49.44,,211.41,,,,166.41,,,,,,,,,,,,,,,,,,,,574.40,,43.69,,,,,,10.53,,,,,,,,,,,,,,
,,,,,,,,2023120801,,12/08/2023,,1812,,2530.38,,32.00,2692.31,,,,,,,16.00,1346.16,,,,,,,,,,,,,,,,452.59,,49.45,,211.44,,,,166.44,,,,,,,,,,,,,,,,,,,,573.95,,43.69,,,,,,10.53,,,,,,,,,,,,,,
,,,,,,,,2023122001,,12/20/2023,,50,,0.00,,0.00,6.42,,,,,0.00,77.43,,,,,,,,,,,,,,,,,,0.00,,1.22,,5.20,,,,0.00,,,,,,,,,,,,,,,,,,77.43,,,,,,,,,,,,,,,,,,,,,,,,
,,,,,,,,2023122201,,12/22/2023,,1927,,2530.10,,48.00,4038.47,,,,,,,,,,,,,,,,,,,,,,,,452.49,,49.44,,211.41,,,,166.41,,,,,,,,,,,,,,,,,,,,574.40,,43.69,,,,,,10.53,,,,,,,,,,,,,,
,,VCFP-APC-DISCOVERY,,"Nutting, Marianna B.",,128,,2023052601,,05/26/2023,,292,,1711.94,,0.00,2288.47,,,,,,,,,,,,,,,,,,,,,,,,186.62,,31.30,,133.82,,,,92.40,,,,,,,,,,,,,,,,2.28,,,,107.87,,17.31,,,,,,4.93,,,,,,,,,,,,,,
,,,,,,,,2023060901,,06/09/2023,,380,,2377.59,,0.00,3269.24,,,,,,,,,,,,,,,,,,,,,,,,400.43,,46.01,,196.74,,,,150.75,,,,,,,,,,,,,,,,1.68,,,,79.62,,12.78,,,,,,3.64,,,,,,,,,,,,,,
,,,,,,,,2023062301,,06/23/2023,,472,,2377.59,,0.00,3269.24,,,,,,,,,,,,,,,,,,,,,,,,400.43,,46.01,,196.74,,,,150.75,,,,,,,,,,,,,,,,1.68,,,,79.62,,12.78,,,,,,3.64,,,,,,,,,,,,,,
,,,,,,,,2023070701,,07/07/2023,,568,,2377.59,,72.00,2942.32,,,,,,,8.00,326.92,,,,,,,,,,,,,,,,400.43,,46.01,,196.74,,,,150.75,,,,,,,,,,,,,,,,1.68,,,,79.62,,12.78,,,,,,3.64,,,,,,,,,,,,,,
,,,,,,,,2023072101,,07/21/2023,,667,,2377.59,,76.00,3105.78,,,,,,,4.00,163.46,,,,,,,,,,,,,,,,400.43,,46.01,,196.74,,,,150.75,,,,,,,,,,,,,,,,1.68,,,,79.62,,12.78,,,,,,3.64,,,,,,,,,,,,,,
,,,,,,,,2023080401,,08/04/2023,,769,,2377.59,,80.00,3269.24,,,,,,,,,,,,,,,,,,,,,,,,400.43,,46.01,,196.74,,,,150.75,,,,,,,,,,,,,,,,1.68,,,,79.62,,12.78,,,,,,3.64,,,,,,,,,,,,,,
,,,,,,,,2023081801,,08/18/2023,,873,,2377.59,,64.00,2615.39,,,,,,,16.00,653.85,,,,,,,,,,,,,,,,400.43,,46.01,,196.74,,,,150.75,,,,,,,,,,,,,,,,1.68,,,,79.62,,12.78,,,,,,3.64,,,,,,,,,,,,,,
,,,,,,,,2023090101,,09/01/2023,,973,,2377.59,,80.00,3269.24,,,,,,,,,,,,,,,,,,,,,,,,400.43,,46.01,,196.74,,,,150.75,,,,,,,,,,,,,,,,1.68,,,,79.62,,12.78,,,,,,3.64,,,,,,,,,,,,,,
,,,,,,,,,,09/01/2023,,974,,484.49,,,,,,,,,,,,,,0.00,750.00,,,,,,,,,,,,165.00,,10.88,,46.50,,,,43.13,,,,,,,,,,,,,,,,,,,,,,,,,,,,,,,,,,,,,,,,,,
,,,,,,,,2023091501,,09/15/2023,,1079,,2377.59,,72.00,2942.32,,,,,,,,,8.00,326.92,,,,,,,,,,,,,,400.43,,46.01,,196.74,,,,150.75,,,,,,,,,,,,,,,,1.68,,,,79.62,,12.78,,,,,,3.64,,,,,,,,,,,,,,
,,,,,,,,2023092901,,09/29/2023,,1180,,2441.32,,80.00,3269.24,,,,,,,,,,,,,,,,,,,,,,,,421.56,,47.40,,202.69,,,,156.27,,,,,,,,,,,,,,,,,,,,,,,,,,,,,,,,,,,,,,,,,,
,,,,,,,,2023101301,,10/13/2023,,1283,,2362.17,,80.00,3269.24,,,,,,,,,,,,,,,,,,,,,,,,395.18,,45.67,,195.26,,,,149.38,,,,,,,,,,,,,,,,1.68,,,,103.10,,13.16,,,,,,3.64,,,,,,,,,,,,,,
,,,,,,,,2023102701,,10/27/2023,,1388,,2362.17,,80.00,3269.24,,,,,,,,,,,,,,,,,,,,,,,,395.18,,45.67,,195.26,,,,149.38,,,,,,,,,,,,,,,,1.68,,,,103.10,,13.16,,,,,,3.64,,,,,,,,,,,,,,
,,,,,,,,2023111001,,11/10/2023,,1491,,2362.17,,80.00,3269.24,,,,,,,,,,,,,,,,,,,,,,,,395.18,,45.67,,195.26,,,,149.38,,,,,,,,,,,,,,,,1.68,,,,103.10,,13.16,,,,,,3.64,,,,,,,,,,,,,,
,,,,,,,,2023112401,,11/24/2023,,1596,,2362.17,,80.00,3269.24,,,,,,,,,,,,,,,,,,,,,,,,395.18,,45.67,,195.26,,,,149.38,,,,,,,,,,,,,,,,1.68,,,,103.10,,13.16,,,,,,3.64,,,,,,,,,,,,,,
,,,,,,,,2023120801,,12/08/2023,,1719,,2362.47,,80.00,3269.24,,,,,,,,,,,,,,,,,,,,,,,,395.28,,45.67,,195.29,,,,149.40,,,,,,,,,,,,,,,,1.68,,,,102.65,,13.16,,,,,,3.64,,,,,,,,,,,,,,
,,,,,,,,,,12/08/2023,,1720,,1130.49,,,,,,,,,,,,,,0.00,1750.00,,,,,,,,,,,,385.00,,25.38,,108.50,,,,100.63,,,,,,,,,,,,,,,,,,,,,,,,,,,,,,,,,,,,,,,,,,
,,,,,,,,2023122001,,12/20/2023,,52,,0.00,,0.00,5.19,,,,,0.00,62.67,,,,,,,,,,,,,,,,,,0.00,,0.98,,4.21,,,,0.00,,,,,,,,,,,,,,,,,,62.67,,,,,,,,,,,,,,,,,,,,,,,,
,,,,,,,,2023122201,,12/22/2023,,1876,,2362.17,,80.00,3269.24,,,,,,,,,,,,,,,,,,,,,,,,395.18,,45.67,,195.26,,,,149.38,,,,,,,,,,,,,,,,1.68,,,,103.10,,13.16,,,,,,3.64,,,,,,,,,,,,,,
,,VCFP-MEDASSIST-ASHLAKE,,"Pal, Sanghamitra ",,45,,2023033101,,03/31/2023,,0,,7486.73,,393.35,7080.30,31.00,837.00,,,,,21.53,387.54,,,,,16.00,288.00,,,,,,,,,,124.66,,124.60,,532.76,,,,294.69,,,,,,,,,,,,29.40,,,,,,,,,,,,,,,,,,,,,,,,,,,,,,
,,VCFP-APC-DISCOVERY,,"Peele, Jennifer P.",,50,,2023033101,,03/31/2023,,0,,22992.35,,0.00,29615.39,,,,,,,36.00,0.00,,,0.00,1250.00,,,,,,,,,,,,3187.72,,435.82,,1863.49,,,,1458.11,,,,,,,,,,,,118.74,,,,,,,,554.64,,254.52,,,,,,,,,,,,,,,,,,,,
,,,,,,,,2023041401,,04/14/2023,,27,,3111.45,,64.00,3384.69,,,,,,,16.00,846.08,,,,,,,,,,,,,,,,449.58,,59.39,,253.95,,,,201.75,,,,,,,,,,,,,,,,19.79,,,,92.44,,42.42,,,,,,,,,,,,,,,,,,,,
,,,,,,,,2023042801,,04/28/2023,,115,,3111.45,,80.00,4230.77,,,,,,,,,,,,,,,,,,,,,,,,449.58,,59.39,,253.95,,,,201.75,,,,,,,,,,,,,,,,19.79,,,,92.44,,42.42,,,,,,,,,,,,,,,,,,,,
,,,,,,,,2023051201,,05/12/2023,,203,,3111.45,,80.00,4230.77,,,,,,,,,,,,,,,,,,,,,,,,449.58,,59.39,,253.95,,,,201.75,,,,,,,,,,,,,,,,19.79,,,,92.44,,42.42,,,,,,,,,,,,,,,,,,,,
,,,,,,,,,,05/12/2023,,204,,1615.00,,,,,,,,,,,,,,0.00,2500.00,,,,,,,,,,,,550.00,,36.25,,155.00,,,,143.75,,,,,,,,,,,,,,,,,,,,,,,,,,,,,,,,,,,,,,,,,,
,,,,,,,,2023052601,,05/26/2023,,293,,3111.45,,76.00,4019.25,,,,,,,4.00,211.52,,,,,,,,,,,,,,,,449.58,,59.39,,253.95,,,,201.75,,,,,,,,,,,,,,,,19.79,,,,92.44,,42.42,,,,,,,,,,,,,,,,,,,,
,,,,,,,,2023060901,,06/09/2023,,381,,3111.45,,72.00,3807.73,,,,,,,8.00,423.04,,,,,,,,,,,,,,,,449.58,,59.39,,253.95,,,,201.75,,,,,,,,,,,,,,,,19.79,,,,92.44,,42.42,,,,,,,,,,,,,,,,,,,,
,,,,,,,,2023062301,,06/23/2023,,473,,3111.45,,80.00,4230.77,,,,,,,,,,,,,,,,,,,,,,,,449.58,,59.39,,253.95,,,,201.75,,,,,,,,,,,,,,,,19.79,,,,92.44,,42.42,,,,,,,,,,,,,,,,,,,,
,,,,,,,,2023070701,,07/07/2023,,569,,3111.45,,80.00,4230.77,,,,,,,,,,,,,,,,,,,,,,,,449.58,,59.39,,253.95,,,,201.75,,,,,,,,,,,,,,,,19.79,,,,92.44,,42.42,,,,,,,,,,,,,,,,,,,,
,,,,,,,,2023072101,,07/21/2023,,668,,2899.91,,48.00,2538.61,,,0.00,169.23,,,32.00,1692.16,,,,,,,,,,,,,,,,449.58,,59.39,,253.95,,,,201.75,,,,,,,,,,,,,,,,19.79,,,,92.44,,42.42,,,,,,,,211.54,,,,,,,,,,,,
,,,,,,,,2023080401,,08/04/2023,,770,,2899.91,,80.00,4230.77,,,0.00,169.23,,,,,,,,,,,,,,,,,,,,449.58,,59.39,,253.95,,,,201.75,,,,,,,,,,,,,,,,19.79,,,,92.44,,42.42,,,,,,,,211.54,,,,,,,,,,,,
,,,,,,,,,,08/04/2023,,771,,2234.99,,,,,,0.00,150.00,,,,,,,0.00,3750.00,,,,,,,,,,,,825.00,,54.38,,232.50,,,,215.63,,,,,,,,,,,,,,,,,,,,,,,,,,,,,,187.50,,,,,,,,,,,,
,,,,,,,,2023081801,,08/18/2023,,874,,2899.95,,72.00,3807.73,,,0.00,169.23,,,8.00,423.04,,,,,,,,,,,,,,,,449.58,,59.39,,253.91,,,,201.75,,,,,,,,,,,,,,,,19.79,,,,92.44,,42.42,,,,,,,,211.54,,,,,,,,,,,,
,,,,,,,,2023090101,,09/01/2023,,975,,2899.91,,80.00,4230.77,,,0.00,169.23,,,,,,,,,,,,,,,,,,,,449.58,,59.39,,253.95,,,,201.75,,,,,,,,,,,,,,,,19.79,,,,92.44,,42.42,,,,,,,,211.54,,,,,,,,,,,,
,,,,,,,,2023091501,,09/15/2023,,1080,,2899.91,,80.00,4230.77,,,0.00,169.23,,,,,,,,,,,,,,,,,,,,449.58,,59.39,,253.95,,,,201.75,,,,,,,,,,,,,,,,19.79,,,,92.44,,42.42,,,,,,,,211.54,,,,,,,,,,,,
,,,,,,,,2023092901,,09/29/2023,,1181,,3006.23,,64.00,4230.77,,,0.00,169.23,,,,,,,,,,,,,,,,,,,,479.84,,61.35,,262.31,,,,209.50,,,,,,,,,,,,,,,,,,,,,,,,,,,,,,211.54,,,,,,,,,,,,
,,,,,,,,2023101301,,10/13/2023,,1284,,2884.09,,64.00,4230.77,,,0.00,169.23,,,,,,,,,,,,,,,,,,,,446.95,,59.22,,253.21,,,,201.06,,,,,,,,,,,,,,,,27.91,,,,103.10,,43.69,,,,,,,,211.54,,,,,,,,,,,,
,,,,,,,,2023102701,,10/27/2023,,1389,,2884.09,,64.00,4230.77,,,0.00,169.23,,,,,,,,,,,,,,,,,,,,446.95,,59.22,,253.21,,,,201.06,,,,,,,,,,,,,,,,27.91,,,,103.10,,43.69,,,,,,,,211.54,,,,,,,,,,,,
,,,,,,,,2023111001,,11/10/2023,,1492,,2997.20,,64.00,4423.08,,,0.00,176.92,,,,,,,,,,,,,,,,,,,,490.77,,62.01,,265.13,,,,212.12,,,,,,,,,,,,,,,,27.91,,,,103.10,,43.69,,,,,,,,221.15,,,,,,,,,,,,
,,,,,,,,,,11/10/2023,,1493,,2392.94,,,,,,0.00,160.60,,,,,,,0.00,4015.00,,,,,,,,,,,,883.30,,58.22,,248.93,,,,230.86,,,,,,,,,,,,,,,,,,,,,,,,,,,,,,200.75,,,,,,,,,,,,
,,,,,,,,2023112401,,11/24/2023,,1597,,2997.20,,56.00,3870.20,,,0.00,176.92,,,8.00,552.88,,,,,,,,,,,,,,,,490.77,,62.01,,265.13,,,,212.12,,,,,,,,,,,,,,,,27.91,,,,103.10,,43.69,,,,,,,,221.15,,,,,,,,,,,,
,,,,,,,,2023120801,,12/08/2023,,1721,,2997.48,,61.00,4215.75,,,0.00,176.92,,,3.00,207.33,,,,,,,,,,,,,,,,490.88,,62.01,,265.16,,,,212.15,,,,,,,,,,,,,,,,27.91,,,,102.65,,43.69,,,,,,,,221.15,,,,,,,,,,,,
,,,,,,,,2023122001,,12/20/2023,,53,,0.00,,0.00,6.92,,,,,0.00,83.58,,,,,,,,,,,,,,,,,,0.00,,1.31,,5.61,,,,0.00,,,,,,,,,,,,,,,,,,83.58,,,,,,,,,,,,,,,,,,,,,,,,
,,,,,,,,2023122201,,12/22/2023,,1877,,2997.20,,48.00,3317.31,,,0.00,176.92,,,16.00,1105.77,,,,,,,,,,,,,,,,490.77,,62.01,,265.13,,,,212.12,,,,,,,,,,,,,,,,27.91,,,,103.10,,43.69,,,,,,,,221.15,,,,,,,,,,,,
,,VCFP-APC-ASHLAKE,,"Pool, Erin M.",,34,,2023033101,,03/31/2023,,0,,17802.59,,0.00,22884.68,,,,,,,24.00,0.00,,,0.00,1350.00,,,16.00,0.00,,,,,,,,2910.70,,342.84,,1465.95,,,,1122.32,,,,,,,,,,,,,,,,,,,,491.76,,76.68,,,,,,21.84,,,,,,,,,,,,,,
,,,,,,,,2023041401,,04/14/2023,,24,,2375.70,,80.00,3269.24,,,,,,,,,,,,,,,,,,,,,,,,399.92,,45.98,,196.59,,,,152.67,,,,,,,,,,,,,,,,,,,,81.96,,12.78,,,,,,3.64,,,,,,,,,,,,,,
,,,,,,,,2023042801,,04/28/2023,,112,,2375.70,,80.00,3269.24,,,,,,,,,,,,,,,,,,,,,,,,399.92,,45.98,,196.59,,,,152.67,,,,,,,,,,,,,,,,,,,,81.96,,12.78,,,,,,3.64,,,,,,,,,,,,,,
,,,,,,,,2023051201,,05/12/2023,,199,,2375.70,,72.00,2942.28,,,,,,,8.00,326.96,,,,,,,,,,,,,,,,399.92,,45.98,,196.59,,,,152.67,,,,,,,,,,,,,,,,,,,,81.96,,12.78,,,,,,3.64,,,,,,,,,,,,,,
,,,,,,,,,,05/12/2023,,200,,742.89,,,,,,,,,,,,,,0.00,1150.00,,,,,,,,,,,,253.00,,16.68,,71.30,,,,66.13,,,,,,,,,,,,,,,,,,,,,,,,,,,,,,,,,,,,,,,,,,
,,,,,,,,2023052601,,05/26/2023,,288,,2375.70,,72.00,2942.28,,,,,,,8.00,326.96,,,,,,,,,,,,,,,,399.92,,45.98,,196.59,,,,152.67,,,,,,,,,,,,,,,,,,,,81.96,,12.78,,,,,,3.64,,,,,,,,,,,,,,
,,,,,,,,2023060901,,06/09/2023,,377,,2375.70,,80.00,3269.24,,,,,,,,,,,,,,,,,,,,,,,,399.92,,45.98,,196.59,,,,152.67,,,,,,,,,,,,,,,,,,,,81.96,,12.78,,,,,,3.64,,,,,,,,,,,,,,
,,,,,,,,2023062301,,06/23/2023,,469,,2281.22,,80.00,3269.24,,,0.00,130.77,,,,,,,,,,,,,,,,,,,,371.15,,45.98,,196.59,,,,145.15,,,,,,,,,,130.77,,,,,,,,,,81.96,,12.78,,,,,,3.64,,,,,,,,,,,,,,
,,,,,,,,2023070701,,07/07/2023,,565,,2281.22,,72.00,2942.28,,,0.00,130.77,,,8.00,326.96,,,,,,,,,,,,,,,,371.15,,45.98,,196.59,,,,145.15,,,,,,,,,,130.77,,,,,,,,,,81.96,,12.78,,,,,,3.64,,,,,,,,,,,,,,
,,,,,,,,2023072101,,07/21/2023,,664,,2281.22,,64.00,2615.32,,,0.00,130.77,,,16.00,653.92,,,,,,,,,,,,,,,,371.15,,45.98,,196.59,,,,145.15,,,,,,,,,,130.77,,,,,,,,,,81.96,,12.78,,,,,,3.64,,,,,,,,,,,,,,
,,,,,,,,2023080401,,08/04/2023,,766,,2281.22,,80.00,3269.24,,,0.00,130.77,,,,,,,,,,,,,,,,,,,,371.15,,45.98,,196.59,,,,145.15,,,,,,,,,,130.77,,,,,,,,,,81.96,,12.78,,,,,,3.64,,,,,,,,,,,,,,
,,,,,,,,2023081801,,08/18/2023,,870,,2281.22,,72.00,2942.28,,,0.00,130.77,,,8.00,326.96,,,,,,,,,,,,,,,,371.15,,45.98,,196.59,,,,145.15,,,,,,,,,,130.77,,,,,,,,,,81.96,,12.78,,,,,,3.64,,,,,,,,,,,,,,
,,,,,,,,2023090101,,09/01/2023,,969,,2281.22,,80.00,3269.24,,,0.00,130.77,,,,,,,,,,,,,,,,,,,,371.15,,45.94,,196.63,,,,145.15,,,,,,,,,,130.77,,,,,,,,,,81.96,,12.78,,,,,,3.64,,,,,,,,,,,,,,
,,,,,,,,,,09/01/2023,,970,,894.79,,,,,,0.00,58.00,,,,,,,0.00,1450.00,,,,,,,,,,,,306.24,,21.03,,89.90,,,,80.04,,,,,,,,,,58.00,,,,,,,,,,,,,,,,,,,,,,,,,,,,,,,,
,,,,,,,,2023091501,,09/15/2023,,1075,,2281.22,,40.00,1634.44,,,0.00,130.77,,,40.00,1634.80,,,,,,,,,,,,,,,,371.15,,45.98,,196.59,,,,145.15,,,,,,,,,,130.77,,,,,,,,,,81.96,,12.78,,,,,,3.64,,,,,,,,,,,,,,
,,,,,,,,2023092901,,09/29/2023,,1176,,2344.78,,80.00,3269.24,,,0.00,130.77,,,,,,,,,,,,,,,,,,,,392.79,,47.40,,202.69,,,,150.81,,,,,,,,,,130.77,,,,,,,,,,,,,,,,,,,,,,,,,,,,,,,,
,,,,,,,,2023101301,,10/13/2023,,1279,,2192.52,,72.00,2942.28,,,0.00,130.77,,,8.00,326.96,,,,,,,,,,,,,,,,366.41,,45.67,,195.26,,,,143.91,,,,,,,,,,130.77,,,,74.80,,,,,,103.10,,13.16,,,,,,3.64,,,,,,,,,,,,,,
,,,,,,,,2023102701,,10/27/2023,,1384,,2192.52,,76.00,3105.76,,,0.00,130.77,,,4.00,163.48,,,,,,,,,,,,,,,,366.41,,45.67,,195.26,,,,143.91,,,,,,,,,,130.77,,,,74.80,,,,,,103.10,,13.16,,,,,,3.64,,,,,,,,,,,,,,
,,,,,,,,2023111001,,11/10/2023,,1487,,2187.12,,80.00,3269.24,,,0.00,130.77,,,,,,,,,,,,,,,,,,,,366.41,,45.67,,195.26,,,,143.91,,,,,,,,,,130.77,,,,74.80,,5.40,,,,103.10,,13.16,,,,,,3.64,,,,,,,,,,,,,,
,,,,,,,,2023112401,,11/24/2023,,1592,,2190.72,,80.00,3269.24,,,0.00,130.77,,,,,,,,,,,,,,,,,,,,366.41,,45.67,,195.26,,,,143.91,,,,,,,,,,130.77,,,,74.80,,1.80,,,,103.10,,13.16,,,,,,3.64,,,,,,,,,,,,,,
,,,,,,,,2023120801,,12/08/2023,,1714,,2191.01,,48.00,1961.40,,,0.00,130.77,,,32.00,1307.84,,,,,,,,,,,,,,,,366.51,,45.67,,195.29,,,,143.94,,,,,,,,,,130.77,,,,74.80,,1.80,,,,102.65,,13.16,,,,,,3.64,,,,,,,,,,,,,,
,,,,,,,,2023122001,,12/20/2023,,54,,0.00,,0.00,5.19,,,,,0.00,62.67,,,,,,,,,,,,,,,,,,0.00,,0.98,,4.21,,,,0.00,,,,,,,,,,,,,,,,,,62.67,,,,,,,,,,,,,,,,,,,,,,,,
,,,,,,,,2023122201,,12/22/2023,,1871,,2309.39,,0.00,3461.54,,,0.00,138.46,,,,,,,,,,,,,,,,,,,,407.03,,48.45,,207.18,,,,154.53,,,,,,,,,,138.46,,,,74.80,,1.80,,,,103.10,,13.16,,,,,,3.64,,,,,,,,,,,,,,
,,,,,,,,,,12/22/2023,,1872,,1141.63,,,,,,0.00,74.00,,,,,,,0.00,1850.00,,,,,,,,,,,,390.72,,26.83,,114.70,,,,102.12,,,,,,,,,,74.00,,,,,,,,,,,,,,,,,,,,,,,,,,,,,,,,
,,VCFP-FRONTDESK-ASHLAKE,,"Raines, Mary E.",,26,,2023033101,,03/31/2023,,0,,7296.77,,532.07,9045.19,30.88,787.45,,,,,11.00,187.00,,,,,16.00,272.00,,,,,,,,,,563.42,,129.30,,552.89,,,,375.20,,,,,,,,,,,,,,,,,,,,1297.38,,76.68,,,,,,,,,,,,,,,,,,,,
,,,,,,,,2023041401,,04/14/2023,,44,,989.97,,80.00,1360.00,2.85,72.68,,,,,,,,,,,,,,,,,,,,,,72.06,,17.45,,74.63,,,,49.56,,,,,,,,,,,,,,,,,,,,216.23,,12.78,,,,,,,,,,,,,,,,,,,,
,,,,,,,,2023042801,,04/28/2023,,132,,1024.22,,80.00,1360.00,4.65,118.58,,,,,,,,,,,,,,,,,,,,,,77.56,,18.12,,77.47,,,,52.20,,,,,,,,,,,,,,,,,,,,216.23,,12.78,,,,,,,,,,,,,,,,,,,,
,,,,,,,,2023051201,,05/12/2023,,222,,1017.94,,80.00,1360.00,4.32,110.16,,,,,,,,,,,,,,,,,,,,,,76.55,,18.00,,76.95,,,,51.71,,,,,,,,,,,,,,,,,,,,216.23,,12.78,,,,,,,,,,,,,,,,,,,,
,,,,,,,,2023052601,,05/26/2023,,311,,1053.32,,73.43,1321.74,1.92,51.84,,,,,,,8.00,144.00,,,,,,,,,,,,,,82.24,,18.68,,79.89,,,,54.44,,,,,,,,,,,,,,,,,,,,216.23,,12.78,,,,,,,,,,,,,,,,,,,,
,,,,,,,,2023060901,,06/09/2023,,399,,1059.97,,73.73,1327.14,2.05,55.35,,,,,,,,,,,8.00,144.00,,,,,,,,,,83.31,,18.81,,80.44,,,,54.95,,,,,,,,,,,,,,,,,,,,216.23,,12.78,,,,,,,,,,,,,,,,,,,,
,,,,,,,,2023062301,,06/23/2023,,492,,1065.53,,80.00,1440.00,3.48,93.96,,,,,,,,,,,,,,,,,,,,,,84.21,,18.92,,80.91,,,,55.38,,,,,,,,,,,,,,,,,,,,216.23,,12.78,,,,,,,,,,,,,,,,,,,,
,,,,,,,,2023070701,,07/07/2023,,590,,938.77,,40.00,720.00,2.52,68.04,,,,,32.00,576.00,,,,,,,,,,,,,,,,63.82,,16.46,,70.37,,,,45.61,,,,,,,,,,,,,,,,,,,,216.23,,12.78,,,,,,,,,,,,,,,,,,,,
,,,,,,,,2023072101,,07/21/2023,,690,,1051.09,,73.22,1317.96,1.95,52.65,,,,,,,,,,,8.00,144.00,,,,,,,,,,81.89,,18.64,,79.71,,,,54.27,,,,,,,,,,,,,,,,,,,,216.23,,12.78,,,,,,,,,,,,,,,,,,,,
,,,,,,,,2023080401,,08/04/2023,,794,,1127.36,,80.00,1440.00,6.55,176.85,,,,,,,,,,,,,,,,,,,,,,94.16,,20.12,,86.05,,,,60.15,,,,,,,,,,,,,,,,,,,,216.23,,12.78,,,,,,,,,,,,,,,,,,,,
,,,,,,,,2023081801,,08/18/2023,,896,,1067.00,,73.43,1321.74,2.60,70.20,,,,,8.00,144.00,,,,,,,,,,,,,,,,84.45,,18.95,,81.03,,,,55.50,,,,,,,,,,,,,,,,,,,,216.23,,12.78,,,,,,,,,,,,,,,,,,,,
,,,,,,,,2023090101,,09/01/2023,,997,,1105.22,,80.00,1440.00,5.45,147.15,,,,,,,,,,,,,,,,,,,,,,90.59,,19.69,,84.20,,,,58.44,,,,,,,,,,,,,,,,,,,,216.23,,12.78,,,,,,,,,,,,,,,,,,,,
,,,,,,,,2023091501,,09/15/2023,,1103,,1045.11,,73.00,1314.00,1.80,48.60,,,,,,,,,,,8.00,144.00,,,,,,,,,,80.93,,18.53,,79.21,,,,53.81,,,,,,,,,,,,,,,,,,,,216.23,,12.78,,,,,,,,,,,,,,,,,,,,
,,,,,,,,2023092901,,09/29/2023,,1205,,1222.28,,80.00,1440.00,2.78,75.06,,,,,,,,,,,,,,,,,,,,,,109.42,,21.97,,93.93,,,,67.46,,,,,,,,,,,,,,,,,,,,,,,,,,,,,,,,,,,,,,,,,,
,,,,,,,,2023101301,,10/13/2023,,1308,,1121.56,,80.00,1440.00,3.87,104.49,,,,,,,,,,,,,,,,,,,,,,99.00,,20.71,,88.55,,,,62.47,,,,,,,,,,,,,,35.94,,,,,,103.10,,13.16,,,,,,,,,,,,,,,,,,,,
,,,,,,,,2023102701,,10/27/2023,,1413,,1105.85,,77.63,1397.34,2.67,72.09,,,,,3.00,54.00,,,,,,,,,,,,,,,,96.48,,20.40,,87.24,,,,61.26,,,,,,,,,,,,,,35.94,,,,,,103.10,,13.16,,,,,,,,,,,,,,,,,,,,
,,,,,,,,2023111001,,11/10/2023,,1517,,1001.38,,48.13,866.34,1.55,41.85,,,,,26.40,475.20,,,,,,,,,,,,,,,,79.67,,18.37,,78.56,,,,53.21,,,,,,,,,,,,,,35.94,,,,,,103.10,,13.16,,,,,,,,,,,,,,,,,,,,
,,,,,,,,2023112401,,11/24/2023,,1620,,1143.31,,80.00,1440.00,4.95,133.65,,,,,,,,,,,,,,,,,,,,,,102.50,,21.13,,90.36,,,,64.15,,,,,,,,,,,,,,35.94,,,,,,103.10,,13.16,,,,,,,,,,,,,,,,,,,,
,,,,,,,,2023120801,,12/08/2023,,1765,,300.00,,,,,,,,,,,,,,0.00,335.68,,,,,,,,,,,,0.00,,4.87,,20.81,,,,10.00,,,,,,,,,,,,,,,,,,,,,,,,,,,,,,,,,,,,,,,,,,
,,,,,,,,,,12/08/2023,,1766,,1096.18,,67.07,1207.26,1.88,50.76,,,,,,,,,,,14.00,252.00,,,,,,,,,,94.92,,20.22,,86.44,,,,60.51,,,,,,,,,,,,,,35.94,,,,,,102.65,,13.16,,,,,,,,,,,,,,,,,,,,
,,,,,,,,2023122001,,12/20/2023,,55,,0.00,,0.00,2.28,,,,,0.00,27.60,,,,,,,,,,,,,,,,,,0.00,,0.43,,1.85,,,,0.00,,,,,,,,,,,,,,,,,,27.60,,,,,,,,,,,,,,,,,,,,,,,,
,,,,,,,,2023122201,,12/22/2023,,1901,,1142.31,,80.00,1440.00,4.90,132.30,,,,,,,,,,,,,,,,,,,,,,102.34,,21.11,,90.27,,,,64.07,,,,,,,,,,,,,,35.94,,,,,,103.10,,13.16,,,,,,,,,,,,,,,,,,,,
,,VCFP-APC-DISCOVERY,,"Ramirez, Helen L.",,151,,2023092901,,09/29/2023,,1182,,695.90,,16.00,769.24,,,,,,,,,,,,,,,,,,,,,,,,0.00,,11.15,,47.69,,,,14.50,,,,,,,,,,,,,,,,,,,,,,,,,,,,,,,,,,,,,,,,,,
,,,,,,,,2023101301,,10/13/2023,,1285,,1364.02,,32.00,1538.47,,,,,,,,,,,,,,,,,,,,,,,,0.00,,22.31,,95.39,,,,56.75,,,,,,,,,,,,,,,,,,,,,,,,,,,,,,,,,,,,,,,,,,
,,,,,,,,2023102701,,10/27/2023,,1390,,1364.02,,32.00,1538.47,,,,,,,,,,,,,,,,,,,,,,,,0.00,,22.31,,95.39,,,,56.75,,,,,,,,,,,,,,,,,,,,,,,,,,,,,,,,,,,,,,,,,,
,,,,,,,,2023111001,,11/10/2023,,1494,,1364.02,,32.00,1538.47,,,,,,,,,,,,,,,,,,,,,,,,0.00,,22.31,,95.39,,,,56.75,,,,,,,,,,,,,,,,,,,,,,,,,,,,,,,,,,,,,,,,,,
,,,,,,,,2023112401,,11/24/2023,,1598,,1364.02,,32.00,1538.47,,,,,,,,,,,,,,,,,,,,,,,,0.00,,22.31,,95.39,,,,56.75,,,,,,,,,,,,,,,,,,,,,,,,,,,,,,,,,,,,,,,,,,
,,,,,,,,2023120801,,12/08/2023,,1722,,1364.02,,32.00,1538.47,,,,,,,,,,,,,,,,,,,,,,,,0.00,,22.31,,95.39,,,,56.75,,,,,,,,,,,,,,,,,,,,,,,,,,,,,,,,,,,,,,,,,,
,,,,,,,,2023122201,,12/22/2023,,1878,,1364.02,,32.00,1538.47,,,,,,,,,,,,,,,,,,,,,,,,0.00,,22.31,,95.39,,,,56.75,,,,,,,,,,,,,,,,,,,,,,,,,,,,,,,,,,,,,,,,,,
,,VCFP-CALL-DISCOVERY,,"Ramos, Wendy ",,152,,2023091501,,09/15/2023,,1083,,1103.16,,64.50,1096.50,,,,,,,,,,,,,8.00,136.00,,,,,,,,,,0.00,,17.87,,76.42,,,,35.05,,,,,,,,,,,,,,,,,,,,,,,,,,,,,,,,,,,,,,,,,,
,,,,,,,,2023092901,,09/29/2023,,1185,,1180.16,,74.20,1261.40,0.30,7.65,,,,,3.08,52.36,,,,,,,,,,,,,,,,0.00,,19.16,,81.93,,,,40.16,,,,,,,,,,,,,,,,,,,,,,,,,,,,,,,,,,,,,,,,,,
,,,,,,,,2023101301,,10/13/2023,,1288,,1244.06,,80.00,1360.00,1.38,35.19,,,,,,,,,,,,,,,,,,,,,,0.00,,20.23,,86.50,,,,44.40,,,,,,,,,,,,,,,,,,,,,,,,,,,,,,,,,,,,,,,,,,
,,,,,,,,2023102701,,10/27/2023,,1393,,1223.89,,79.13,1345.21,0.38,9.69,,,,,1.00,17.00,,,,,,,,,,,,,,,,0.00,,19.89,,85.06,,,,43.06,,,,,,,,,,,,,,,,,,,,,,,,,,,,,,,,,,,,,,,,,,
,,,,,,,,2023111001,,11/10/2023,,1497,,1220.29,,79.60,1353.20,0.57,14.54,,,,,,,,,,,,,,,,,,,,,,0.00,,19.83,,84.80,,,,42.82,,,,,,,,,,,,,,,,,,,,,,,,,,,,,,,,,,,,,,,,,,
,,,,,,,,2023112401,,11/24/2023,,1601,,1172.36,,65.90,1120.30,,,,,,,11.30,192.10,,,,,,,,,,,,,,,,0.00,,19.03,,81.37,,,,39.64,,,,,,,,,,,,,,,,,,,,,,,,,,,,,,,,,,,,,,,,,,
,,,,,,,,2023120801,,12/08/2023,,1727,,100.00,,,,,,,,,,,,,,0.00,108.28,,,,,,,,,,,,0.00,,1.57,,6.71,,,,0.00,,,,,,,,,,,,,,,,,,,,,,,,,,,,,,,,,,,,,,,,,,
,,,,,,,,,,12/08/2023,,1728,,1213.28,,63.98,1087.66,,,,,,,,,,,,,16.00,272.00,,,,,,,,,,0.00,,19.72,,84.30,,,,42.36,,,,,,,,,,,,,,,,,,,,,,,,,,,,,,,,,,,,,,,,,,
,,,,,,,,2023122001,,12/20/2023,,56,,0.00,,0.00,1.62,,,,,0.00,19.56,,,,,,,,,,,,,,,,,,0.00,,0.31,,1.31,,,,0.00,,,,,,,,,,,,,,,,,,19.56,,,,,,,,,,,,,,,,,,,,,,,,
,,,,,,,,2023122201,,12/22/2023,,1881,,1282.04,,80.00,1360.00,3.10,79.05,,,,,,,,,,,,,,,,,,,,,,0.00,,20.87,,89.22,,,,46.92,,,,,,,,,,,,,,,,,,,,,,,,,,,,,,,,,,,,,,,,,,
,,VCFP-PHYSICIAN-ASHLAKE,,"Ravula, Shantan ",,15,,2023033101,,03/31/2023,,0,,41966.62,,0.00,67307.80,,,0.00,2744.27,,,8.00,0.00,,,0.00,1300.00,,,,,,,,,,,,8467.74,,938.22,,4011.72,,,,3095.38,,,,,,,,,,6174.66,,50.76,,,,,,,,3585.00,,254.52,,,,,,63.18,,,,,,,,,,,,,,
,,,,,,,,2023041401,,04/14/2023,,62,,5786.76,,72.00,8653.88,,,0.00,384.62,,,8.00,961.52,,,,,,,,,,,,,,,,1186.56,,129.99,,555.83,,,,431.96,,,,,,,,,,865.39,,,,,,8.46,,,,597.50,,42.42,,,,,,10.53,,,,,,,,,,,,,,
,,,,,,,,2023042801,,04/28/2023,,153,,5786.76,,80.00,9615.40,,,0.00,384.62,,,,,,,,,,,,,,,,,,,,1186.56,,129.99,,555.83,,,,431.96,,,,,,,,,,865.39,,,,,,8.46,,,,597.50,,42.42,,,,,,10.53,,,,,,,,,,,,,,
,,,,,,,,2023051201,,05/12/2023,,242,,5786.76,,72.00,8653.88,,,0.00,384.62,,,,,8.00,961.52,,,,,,,,,,,,,,1186.56,,129.99,,555.83,,,,431.96,,,,,,,,,,865.39,,,,,,8.46,,,,597.50,,42.42,,,,,,10.53,,,,,,,,,,,,,,
,,,,,,,,2023052601,,05/26/2023,,330,,5786.76,,80.00,9615.40,,,0.00,384.62,,,,,,,,,,,,,,,,,,,,1186.56,,129.99,,555.83,,,,431.96,,,,,,,,,,865.39,,,,,,8.46,,,,597.50,,42.42,,,,,,10.53,,,,,,,,,,,,,,
,,,,,,,,2023060901,,06/09/2023,,421,,5786.76,,80.00,9615.40,,,0.00,384.62,,,,,,,,,,,,,,,,,,,,1186.56,,129.99,,555.83,,,,431.96,,,,,,,,,,865.39,,,,,,8.46,,,,597.50,,42.42,,,,,,10.53,,,,,,,,,,,,,,
,,,,,,,,2023062301,,06/23/2023,,513,,5786.76,,80.00,9615.40,,,0.00,384.62,,,,,,,,,,,,,,,,,,,,1186.56,,130.00,,555.83,,,,431.96,,,,,,,,,,865.39,,,,,,8.46,,,,597.50,,42.42,,,,,,10.53,,,,,,,,,,,,,,
,,,,,,,,,,06/23/2023,,514,,842.41,,,,,,0.00,58.00,,,,,,,0.00,1450.00,,,,,,,,,,,,290.29,,21.02,,89.90,,,,75.87,,,,,,,,,,130.50,,,,,,,,,,,,,,,,,,,,,,,,,,,,,,,,
,,,,,,,,2023070701,,07/07/2023,,611,,5786.76,,80.00,9615.40,,,0.00,384.62,,,,,,,,,,,,,,,,,,,,1186.56,,129.99,,555.83,,,,431.96,,,,,,,,,,865.39,,,,,,8.46,,,,597.50,,42.42,,,,,,10.53,,,,,,,,,,,,,,
,,,,,,,,2023072101,,07/21/2023,,713,,5786.76,,80.00,9615.40,,,0.00,384.62,,,,,,,,,,,,,,,,,,,,1186.56,,129.99,,555.83,,,,431.96,,,,,,,,,,865.39,,,,,,8.46,,,,597.50,,42.42,,,,,,10.53,,,,,,,,,,,,,,
,,,,,,,,2023080401,,08/04/2023,,817,,5786.76,,40.00,4807.80,,,0.00,384.62,,,40.00,4807.60,,,,,,,,,,,,,,,,1186.56,,129.99,,555.83,,,,431.96,,,,,,,,,,865.39,,,,,,8.46,,,,597.50,,42.42,,,,,,10.53,,,,,,,,,,,,,,
,,,,,,,,2023081801,,08/18/2023,,919,,5786.76,,0.00,0.20,,,0.00,384.62,,,80.00,9615.20,,,,,,,,,,,,,,,,1186.56,,129.99,,555.83,,,,431.96,,,,,,,,,,865.39,,,,,,8.46,,,,597.50,,42.42,,,,,,10.53,,,,,,,,,,,,,,
,,,,,,,,2023090101,,09/01/2023,,1021,,6070.08,,32.00,3846.28,,,0.00,384.62,,,48.00,5769.12,,,,,,,,,,,,,,,,1186.56,,129.99,,272.51,,,,431.96,,,,,,,,,,865.39,,,,,,8.46,,,,597.50,,42.42,,,,,,10.53,,,,,,,,,,,,,,
,,,,,,,,2023091501,,09/15/2023,,1125,,6342.59,,80.00,9615.40,,,0.00,384.62,,,,,,,,,,,,,,,,,,,,1186.56,,129.99,,0.00,,,,431.96,,,,,,,,,,865.39,,,,,,8.46,,,,597.50,,42.42,,,,,,10.53,,,,,,,,,,,,,,
,,,,,,,,2023092901,,09/29/2023,,1227,,6804.61,,80.00,9615.40,,,0.00,384.62,,,,,,,,,,,,,,,,,,,,1336.62,,139.42,,0.00,,,,469.36,,,,,,,,,,865.39,,,,,,,,,,,,,,,,,,,,,,,,,,,,,,,,
,,,,,,,,2023101301,,10/13/2023,,1331,,6200.06,,80.00,9615.40,,,0.00,384.62,,,,,,,,,,,,,,,,,,,,1142.27,,127.07,,0.00,,,,420.38,,,,,,,,,,865.39,,,,,,8.46,,,,474.63,,43.69,,322.92,,,,10.53,,,,,,,,,,,,,,
,,,,,,,,2023102701,,10/27/2023,,1437,,6192.17,,80.00,9615.40,,,0.00,384.62,,,,,,,,,,,,,,,,,,,,1142.27,,127.07,,0.00,,7.89,,420.38,,,,,,,,,,865.39,,,,,,8.46,,,,474.63,,43.69,,322.92,,,,10.53,,,,,,,,,,,,,,
,,,,,,,,2023111001,,11/10/2023,,1541,,6121.19,,72.00,8653.88,,,0.00,384.62,,,8.00,961.52,,,,,,,,,,,,,,,,1142.27,,127.07,,0.00,,78.87,,420.38,,,,,,,,,,865.39,,,,,,8.46,,,,474.63,,43.69,,322.92,,,,10.53,,,,,,,,,,,,,,
,,,,,,,,2023112401,,11/24/2023,,1643,,6121.19,,80.00,9615.40,,,0.00,384.63,,,,,,,,,,,,,,,,,,,,1142.27,,127.07,,0.00,,78.88,,420.37,,,,,,,,,,865.39,,,,,,8.46,,,,474.63,,43.69,,322.92,,,,10.53,,,,,,,,,,,,,,
,,,,,,,,,,11/24/2023,,1644,,3166.70,,,,,,0.00,199.79,,,,,,,0.00,4995.00,,,,,,,,,,,,1000.00,,72.43,,0.00,,44.95,,261.37,,,,,,,,,,449.55,,,,,,,,,,,,,,,,,,,,,,,,,,,,,,,,
,,,,,,,,2023120801,,12/08/2023,,1810,,6121.49,,80.00,9615.40,,,0.00,384.62,,,,,,,,,,,,,,,,,,,,1142.37,,127.08,,0.00,,78.88,,420.41,,,,,,,,,,865.39,,,,,,8.46,,,,474.18,,43.69,,322.92,,,,10.53,,,,,,,,,,,,,,
,,,,,,,,2023122001,,12/20/2023,,57,,0.00,,0.00,3.55,,,,,0.00,147.51,,,,,,,,,,,,,,,,,,0.00,,2.19,,0.00,,1.36,,0.00,,,,,,,,,,,,,,,,,,147.51,,,,,,,,,,,,,,,,,,,,,,,,
,,,,,,,,2023122201,,12/22/2023,,1925,,6620.99,,80.00,9615.40,,,0.00,168.27,,,,,,,,,,,,,,,,,,,,1299.50,,127.07,,0.00,,78.87,,460.47,,,,,,,,,,168.27,,,,,,8.46,,,,474.63,,43.69,,322.92,,,,10.53,,,,,,,,,,,,,,
,,VCFP-PHYSICIAN-ASHLAKE,,"Raza, Harris ",,148,,2023090101,,09/01/2023,,1022,,2791.76,,0.00,3846.15,,,,,,,,,,,,,,,,,,,,,,,,542.30,,55.36,,236.72,,,,191.94,,,,,,,,,,,,,,,,,,,,,,21.85,,,,,,6.22,,,,,,,,,,,,,,
,,,,,,,,,,09/01/2023,,1023,,3230.00,,,,,,,,,,,,,,0.00,5000.00,,,,,,,,,,,,1100.00,,72.50,,310.00,,,,287.50,,,,,,,,,,,,,,,,,,,,,,,,,,,,,,,,,,,,,,,,,,
,,,,,,,,2023091501,,09/15/2023,,1126,,5203.24,,0.00,7692.31,,,,,,,,,,,,,,,,,,,,,,,,1471.67,,111.30,,475.91,,,,413.77,,,,,,,,,,,,,,,,,,,,,,12.78,,,,,,3.64,,,,,,,,,,,,,,
,,,,,,,,,,09/15/2023,,1127,,3230.00,,,,,,,,,,,,,,0.00,5000.00,,,,,,,,,,,,1100.00,,72.50,,310.00,,,,287.50,,,,,,,,,,,,,,,,,,,,,,,,,,,,,,,,,,,,,,,,,,
,,,,,,,,2023092901,,09/29/2023,,1228,,5212.22,,80.00,7692.31,,,,,,,,,,,,,,,,,,,,,,,,1476.92,,111.54,,476.92,,,,414.71,,,,,,,,,,,,,,,,,,,,,,,,,,,,,,,,,,,,,,,,,,
,,,,,,,,,,09/29/2023,,1229,,3230.00,,,,,,,,,,,,,,0.00,5000.00,,,,,,,,,,,,1100.00,,72.50,,310.00,,,,287.50,,,,,,,,,,,,,,,,,,,,,,,,,,,,,,,,,,,,,,,,,,
,,,,,,,,2023101301,,10/13/2023,,1332,,5203.04,,72.00,6923.08,,,,,,,8.00,769.23,,,,,,,,,,,,,,,,1471.55,,111.29,,475.88,,,,413.75,,,,,,,,,,,,,,,,,,,,,,13.16,,,,,,3.64,,,,,,,,,,,,,,
,,,,,,,,,,10/13/2023,,1333,,3230.00,,,,,,,,,,,,,,0.00,5000.00,,,,,,,,,,,,1100.00,,72.50,,310.00,,,,287.50,,,,,,,,,,,,,,,,,,,,,,,,,,,,,,,,,,,,,,,,,,
,,,,,,,,2023102701,,10/27/2023,,1438,,5203.04,,80.00,7692.31,,,,,,,,,,,,,,,,,,,,,,,,1471.55,,111.29,,475.88,,,,413.75,,,,,,,,,,,,,,,,,,,,,,13.16,,,,,,3.64,,,,,,,,,,,,,,
,,,,,,,,2023111001,,11/10/2023,,1542,,5203.04,,80.00,7692.31,,,,,,,,,,,,,,,,,,,,,,,,1471.55,,111.29,,475.88,,,,413.75,,,,,,,,,,,,,,,,,,,,,,13.16,,,,,,3.64,,,,,,,,,,,,,,
,,,,,,,,2023112401,,11/24/2023,,1645,,5203.04,,48.00,4615.39,,,,,,,32.00,3076.92,,,,,,,,,,,,,,,,1471.55,,111.29,,475.88,,,,413.75,,,,,,,,,,,,,,,,,,,,,,13.16,,,,,,3.64,,,,,,,,,,,,,,
,,,,,,,,2023120801,,12/08/2023,,1811,,5203.04,,80.00,7692.31,,,,,,,,,,,,,,,,,,,,,,,,1471.55,,111.29,,475.88,,,,413.75,,,,,,,,,,,,,,,,,,,,,,13.16,,,,,,3.64,,,,,,,,,,,,,,
,,,,,,,,2023122001,,12/20/2023,,58,,0.00,,0.00,12.22,,,,,0.00,147.51,,,,,,,,,,,,,,,,,,0.00,,2.32,,9.90,,,,0.00,,,,,,,,,,,,,,,,,,147.51,,,,,,,,,,,,,,,,,,,,,,,,
,,,,,,,,2023122201,,12/22/2023,,1926,,5203.04,,80.00,7692.31,,,,,,,,,,,,,,,,,,,,,,,,1471.55,,111.29,,475.88,,,,413.75,,,,,,,,,,,,,,,,,,,,,,13.16,,,,,,3.64,,,,,,,,,,,,,,
,,VCFP-SCRIBES-ASHLAKE,,"Reed, Taylor N.",,35,,2023033101,,03/31/2023,,0,,8301.06,,477.92,9080.48,18.37,523.56,,,,,19.69,374.11,,,,,16.00,304.00,,,,,,,,,,721.04,,147.66,,631.39,,,,380.44,,,,,,,,,,,,2.04,,,,,,,,,,76.68,,,,,,21.84,,,,,,,,,,,,,,
,,,,,,,,2023041401,,04/14/2023,,65,,1343.49,,80.00,1520.00,5.65,161.03,,,,,,,,,,,,,,,,,,,,,,127.37,,24.14,,103.21,,,,66.06,,,,,,,,,,,,,,,,0.34,,,,,,12.78,,,,,,3.64,,,,,,,,,,,,,,
,,,,,,,,2023042801,,04/28/2023,,156,,1406.20,,80.00,1520.00,8.60,245.10,,,,,,,,,,,,,,,,,,,,,,137.46,,25.36,,108.42,,,,70.90,,,,,,,,,,,,,,,,0.34,,,,,,12.78,,,,,,3.64,,,,,,,,,,,,,,
,,,,,,,,2023051201,,05/12/2023,,245,,1165.62,,69.37,1318.03,4.37,124.55,,,,,,,,,,,,,,,,,,,,,,98.75,,20.68,,88.42,,,,52.35,,,,,,,,,,,,,,,,0.34,,,,,,12.78,,,,,,3.64,,,,,,,,,,,,,,
,,,,,,,,2023052601,,05/26/2023,,333,,1319.68,,80.00,1520.00,4.53,129.11,,,,,,,,,,,,,,,,,,,,,,123.54,,23.67,,101.23,,,,64.23,,,,,,,,,,,,,,,,0.34,,,,,,12.78,,,,,,3.64,,,,,,,,,,,,,,
,,,,,,,,2023060901,,06/09/2023,,424,,1288.92,,55.00,1045.00,3.75,106.88,,,,,8.00,152.00,8.00,152.00,,,8.00,152.00,,,,,,,,,,118.59,,23.08,,98.67,,,,61.86,,,,,,,,,,,,,,,,0.34,,,,,,12.78,,,,,,3.64,,,,,,,,,,,,,,
,,,,,,,,2023062301,,06/23/2023,,518,,1312.24,,80.00,1520.00,4.18,119.13,,,,,,,,,,,,,,,,,,,,,,122.34,,23.53,,100.61,,,,63.65,,,,,,,,,,,,,,,,0.34,,,,,,12.78,,,,,,3.64,,,,,,,,,,,,,,
,,,,,,,,2023070701,,07/07/2023,,615,,1223.05,,76.53,1454.07,4.93,140.51,,,,,,,,,,,,,,,,,,,,,,107.99,,21.80,,93.20,,,,56.78,,,,,,,,,,,,,,,,0.34,,,,75.00,,12.78,,,,,,3.64,,,,,,,,,,,,,,
,,,,,,,,2023072101,,07/21/2023,,717,,1263.31,,74.22,1410.18,3.03,86.36,,,,,,,,,,,8.00,152.00,,,,,,,,,,114.47,,22.58,,96.54,,,,59.88,,,,,,,,,,,,,,,,0.34,,,,75.00,,12.78,,,,,,3.64,,,,,,,,,,,,,,
,,,,,,,,2023080401,,08/04/2023,,821,,1228.09,,79.78,1515.82,3.00,85.50,,,,,,,,,,,,,,,,,,,,,,108.80,,21.89,,93.61,,,,57.17,,,,,,,,,,,,,,,,0.34,,,,75.00,,12.78,,,,,,3.64,,,,,,,,,,,,,,
,,,,,,,,2023081801,,08/18/2023,,923,,1099.66,,47.22,897.18,,,,,,,28.00,532.00,,,,,,,,,,,,,,,,88.15,,19.40,,82.94,,,,47.27,,,,,,,,,,,,,,,,0.34,,,,75.00,,12.78,,,,,,3.64,,,,,,,,,,,,,,
,,,,,,,,2023090101,,09/01/2023,,1027,,758.32,,40.00,760.00,1.65,47.03,,,,,0.00,75.81,,,,,,,,,,,,,,,,35.01,,12.80,,54.74,,,,21.97,,,,,,,,,,,,,,,,,,,,,,,,,,,,,,,,,,,,,,,,,,
,,VCFP-FRONTDESK-ASHLAKE,,"RIVERA, MARIA D.",,159,,2023122201,,12/22/2023,,1902,,726.57,,40.00,760.00,1.70,48.45,,,,,,,,,,,,,,,,,,,,,,0.00,,11.72,,50.12,,,,20.04,,,,,,,,,,,,,,,,,,,,,,,,,,,,,,,,,,,,,,,,,,
,,VCFP-SLEEPTCH-WATERSIDE,,"Sabourin, Andrea L.",,48,,2023033101,,03/31/2023,,0,,14434.17,,511.22,18915.14,,,,,,,12.00,444.00,,,,,12.00,444.00,,,,,,,,,,2062.58,,273.28,,1168.50,,,,890.51,,,,,,,,,,,,17.70,,,,,,,,857.88,,76.68,,,,,,21.84,,,,,,,,,,,,,,
,,,,,,,,2023041401,,04/14/2023,,69,,2503.42,,78.28,2896.36,11.52,639.36,,,,,,,,,,,,,,,,,,,,,,445.12,,48.96,,209.33,,,,166.54,,,,,,,,,,,,,,,,2.95,,,,142.98,,12.78,,,,,,3.64,,,,,,,,,,,,,,
,,,,,,,,2023042801,,04/28/2023,,159,,2095.65,,78.50,2904.50,,,,,,,,,,,,,,,,,,,,,,,,306.25,,39.80,,170.20,,,,130.25,,,,,,,,,,,,,,,,2.95,,,,142.98,,12.78,,,,,,3.64,,,,,,,,,,,,,,
,,,,,,,,2023051201,,05/12/2023,,248,,2318.42,,75.82,2805.34,,,,,,,12.00,444.00,,,,,,,,,,,,,,,,382.11,,44.80,,191.58,,,,150.08,,,,,,,,,,,,,,,,2.95,,,,142.98,,12.78,,,,,,3.64,,,,,,,,,,,,,,
,,,,,,,,2023052601,,05/26/2023,,337,,1980.91,,25.70,950.90,,,,,,,48.00,1776.00,,,,,,,,,,,,,,,,267.18,,37.23,,159.19,,,,120.04,,,,,,,,,,,,,,,,2.95,,,,142.98,,12.78,,,,,,3.64,,,,,,,,,,,,,,
,,,,,,,,2023060901,,06/09/2023,,428,,1441.02,,53.00,1961.00,,,,,,,,,,,,,,,,,,,,,,,,143.81,,26.12,,111.70,,,,76.00,,,,,,,,,,,,,,,,2.95,,,,142.98,,12.78,,,,,,3.64,,,,,,,,,,,,,,
,,,,,,,,2023062301,,06/23/2023,,523,,1999.57,,50.48,1867.76,,,,,,,24.00,888.00,,,,,,,,,,,,,,,,273.53,,37.65,,160.97,,,,121.69,,,,,,,,,,,,,,,,2.95,,,,142.98,,12.78,,,,,,3.64,,,,,,,,,,,,,,
,,,,,,,,2023070701,,07/07/2023,,620,,1971.37,,73.30,2712.10,,,,,,,,,,,,,,,,,,,,,,,,263.92,,37.01,,158.27,,,,119.18,,,,,,,,,,,,,,,,2.95,,,,142.98,,12.78,,,,,,3.64,,,,,,,,,,,,,,
,,,,,,,,2023072101,,07/21/2023,,722,,1945.55,,72.22,2672.14,,,,,,,,,,,,,,,,,,,,,,,,255.13,,36.43,,155.79,,,,116.89,,,,,,,,,,,,,,,,2.95,,,,142.98,,12.78,,,,,,3.64,,,,,,,,,,,,,,
,,,,,,,,2023080401,,08/04/2023,,826,,1954.64,,60.60,2242.20,,,,,,,12.00,444.00,,,,,,,,,,,,,,,,258.22,,36.64,,156.66,,,,117.69,,,,,,,,,,,,,,,,2.95,,,,142.98,,12.78,,,,,,3.64,,,,,,,,,,,,,,
,,,,,,,,2023081801,,08/18/2023,,928,,1952.72,,72.52,2683.24,,,,,,,,,,,,,,,,,,,,,,,,257.57,,36.60,,156.48,,,,117.52,,,,,,,,,,,,,,,,2.95,,,,142.98,,12.78,,,,,,3.64,,,,,,,,,,,,,,
,,,,,,,,2023090101,,09/01/2023,,1032,,2052.62,,76.70,2837.90,,,,,,,,,,,,,,,,,,,,,,,,291.60,,38.84,,166.07,,,,126.42,,,,,,,,,,,,,,,,2.95,,,,142.98,,12.78,,,,,,3.64,,,,,,,,,,,,,,
,,,,,,,,2023091501,,09/15/2023,,1135,,1967.79,,61.15,2262.55,,,,,,,,,,,,,12.00,444.00,,,,,,,,,,262.70,,36.93,,157.92,,,,118.86,,,,,,,,,,,,,,,,2.95,,,,142.98,,12.78,,,,,,3.64,,,,,,,,,,,,,,
,,,,,,,,2023092901,,09/29/2023,,1237,,2103.10,,74.38,2752.06,,,,,,,,,,,,,,,,,,,,,,,,307.78,,39.90,,170.63,,,,130.65,,,,,,,,,,,,,,,,,,,,,,,,,,,,,,,,,,,,,,,,,,
,,,,,,,,2023101301,,10/13/2023,,1342,,2007.64,,73.75,2728.75,,,,,,,,,,,,,,,,,,,,,,,,276.27,,37.83,,161.75,,,,122.41,,,,,,,,,,,,,,,,2.95,,,,103.10,,13.16,,,,,,3.64,,,,,,,,,,,,,,
,,,,,,,,2023102701,,10/27/2023,,1446,,2260.38,,60.00,2652.00,,,,,,,12.00,468.00,,,,,,,,,,,,,,,,362.35,,43.50,,186.01,,,,144.91,,,,,,,,,,,,,,,,2.95,,,,103.10,,13.16,,,,,,3.64,,,,,,,,,,,,,,
,,,,,,,,2023111001,,11/10/2023,,1550,,2260.38,,60.00,2652.00,,,,,,,12.00,468.00,,,,,,,,,,,,,,,,362.35,,43.50,,186.01,,,,144.91,,,,,,,,,,,,,,,,2.95,,,,103.10,,13.16,,,,,,3.64,,,,,,,,,,,,,,
,,,,,,,,2023112401,,11/24/2023,,1653,,2260.38,,60.00,2600.00,,,,,,,12.00,520.00,,,,,,,,,,,,,,,,362.35,,43.50,,186.01,,,,144.91,,,,,,,,,,,,,,,,2.95,,,,103.10,,13.16,,,,,,3.64,,,,,,,,,,,,,,
,,,,,,,,2023120801,,12/08/2023,,1824,,200.00,,,,,,,,,,,,,,0.00,216.57,,,,,,,,,,,,0.00,,3.14,,13.43,,,,0.00,,,,,,,,,,,,,,,,,,,,,,,,,,,,,,,,,,,,,,,,,,
,,,,,,,,,,12/08/2023,,1825,,2260.67,,72.00,3120.00,,,,,,,,,,,,,,,,,,,,,,,,362.45,,43.51,,186.03,,,,144.94,,,,,,,,,,,,,,,,2.95,,,,102.65,,13.16,,,,,,3.64,,,,,,,,,,,,,,
,,,,,,,,2023122001,,12/20/2023,,61,,0.00,,0.00,4.96,,,,,0.00,59.82,,,,,,,,,,,,,,,,,,0.00,,0.94,,4.02,,,,0.00,,,,,,,,,,,,,,,,,,59.82,,,,,,,,,,,,,,,,,,,,,,,,
,,,,,,,,2023122201,,12/22/2023,,1935,,2260.38,,60.00,2600.00,,,,,,,12.00,520.00,,,,,,,,,,,,,,,,362.35,,43.50,,186.01,,,,144.91,,,,,,,,,,,,,,,,2.95,,,,103.10,,13.16,,,,,,3.64,,,,,,,,,,,,,,
,,VCFP-MEDASSIST-WATERSIDE,,"Sanchez, Marisabel ",,149,,2023090101,,09/01/2023,,1018,,774.81,,40.00,800.00,1.30,39.00,,,,,,,,,,,,,,,,,,,,,,0.00,,12.17,,52.02,,,,,,,,0.00,,,,,,,,,,,,,,,,,,,,,,,,,,,,,,,,,,,,,,
,,,,,,,,2023091501,,09/15/2023,,1122,,1472.02,,72.98,1459.60,2.00,60.00,,,,,,,,,,,8.00,160.00,,,,,,,,,,61.42,,24.35,,104.14,,,,,,,,0.00,,,,,,,,,,12.83,,4.84,,,,,,,,,,,,,,,,,,,,,,,,,,
,,,,,,,,2023092901,,09/29/2023,,1224,,1472.15,,79.87,1597.40,0.03,0.90,,,,,3.00,60.00,,,,,,,,,,,,,,,,59.29,,24.05,,102.81,,,,,,,,0.00,,,,,,,,,,,,,,,,,,,,,,,,,,,,,,,,,,,,,,
,,,,,,,,2023101301,,10/13/2023,,1328,,1457.61,,80.00,1600.00,2.33,69.90,,,,,,,,,,,,,,,,,,,,,,60.45,,24.21,,103.53,,,,,,,,0.00,,,,,,,,,,17.50,,6.60,,,,,,,,,,,,,,,,,,,,,,,,,,
,,,,,,,,2023102701,,10/27/2023,,1434,,1365.45,,69.47,1389.40,,,,,,,8.43,168.60,,,,,,,,,,,,,,,,49.26,,22.59,,96.60,,,,,,,,0.00,,,,,,,,,,17.50,,6.60,,,,,,,,,,,,,,,,,,,,,,,,,,
,,,,,,,,2023111001,,11/10/2023,,1538,,1212.69,,67.32,1346.40,0.87,26.10,,,,,,,,,,,,,,,,,,,,,,30.71,,19.90,,85.10,,,,,,,,0.00,,,,,,,,,,17.50,,6.60,,,,,,,,,,,,,,,,,,,,,,,,,,
,,,,,,,,2023112401,,11/24/2023,,1640,,1309.45,,63.00,1260.00,3.00,90.00,,,,,7.00,140.00,,,,,,,,,,,,,,,,42.46,,21.61,,92.38,,,,,,,,0.00,,,,,,,,,,17.50,,6.60,,,,,,,,,,,,,,,,,,,,,,,,,,
,,,,,,,,2023120801,,12/08/2023,,1805,,100.00,,,,,,,,,,,,,,0.00,108.28,,,,,,,,,,,,0.00,,1.57,,6.71,,,,,,,,0.00,,,,,,,,,,,,,,,,,,,,,,,,,,,,,,,,,,,,,,
,,,,,,,,,,12/08/2023,,1806,,1439.65,,64.50,1290.00,1.27,38.10,,,,,,,,,,,16.00,320.00,,,,,,,,,,58.27,,23.90,,102.18,,,,,,,,0.00,,,,,,,,,,17.50,,6.60,,,,,,,,,,,,,,,,,,,,,,,,,,
,,,,,,,,2023122001,,12/20/2023,,62,,0.00,,0.00,1.90,,,,,0.00,23.01,,,,,,,,,,,,,,,,,,0.00,,0.36,,1.54,,,,,,,,0.00,,,,,,,,,,,,,,23.01,,,,,,,,,,,,,,,,,,,,,,,,
,,,,,,,,2023122201,,12/22/2023,,1922,,1441.55,,80.00,1600.00,1.68,50.40,,,,,,,,,,,,,,,,,,,,,,58.50,,23.93,,102.32,,,,,,,,0.00,,,,,,,,,,17.50,,6.60,,,,,,,,,,,,,,,,,,,,,,,,,,
,,VCFP-CONSULT-WATERSIDE,,"Saxe, Cynthia S.",,25,,2023033101,,03/31/2023,,0,,9836.28,,0.00,13461.56,,,,,,,48.00,0.00,,,,,,,,,,,,,,,,998.51,,181.88,,777.69,,,,513.70,,,,,,,,,,,,61.98,,173.40,,,,,,819.60,,76.68,,,,,,21.84,,,,,,,,,,,,,,
,,,,,,,,2023041401,,04/14/2023,,39,,1383.27,,80.00,1923.08,,,,,,,,,,,,,,,,,,,,,,,,140.02,,25.67,,109.74,,,,72.13,,,,,,,,,,,,,,28.90,,10.33,,,,136.60,,12.78,,,,,,3.64,,,,,,,,,,,,,,
,,,,,,,,2023042801,,04/28/2023,,128,,1383.27,,64.00,1538.44,,,,,,,16.00,384.64,,,,,,,,,,,,,,,,140.02,,25.67,,109.74,,,,72.13,,,,,,,,,,,,,,28.90,,10.33,,,,136.60,,12.78,,,,,,3.64,,,,,,,,,,,,,,
,,,,,,,,2023051201,,05/12/2023,,218,,1383.27,,80.00,1923.08,,,,,,,,,,,,,,,,,,,,,,,,140.02,,25.67,,109.74,,,,72.13,,,,,,,,,,,,,,28.90,,10.33,,,,136.60,,12.78,,,,,,3.64,,,,,,,,,,,,,,
,,,,,,,,2023052601,,05/26/2023,,307,,1383.27,,80.00,1923.08,,,,,,,,,,,,,,,,,,,,,,,,140.02,,25.67,,109.74,,,,72.13,,,,,,,,,,,,,,28.90,,10.33,,,,136.60,,12.78,,,,,,3.64,,,,,,,,,,,,,,
,,,,,,,,2023060901,,06/09/2023,,395,,1383.27,,80.00,1923.08,,,,,,,,,,,,,,,,,,,,,,,,140.02,,25.67,,109.74,,,,72.13,,,,,,,,,,,,,,28.90,,10.33,,,,136.60,,12.78,,,,,,3.64,,,,,,,,,,,,,,
,,,,,,,,2023062301,,06/23/2023,,488,,1383.27,,80.00,1923.08,,,,,,,,,,,,,,,,,,,,,,,,140.02,,25.67,,109.74,,,,72.13,,,,,,,,,,,,,,28.90,,10.33,,,,136.60,,12.78,,,,,,3.64,,,,,,,,,,,,,,
,,,,,,,,2023070701,,07/07/2023,,586,,1383.27,,80.00,1923.08,,,,,,,,,,,,,,,,,,,,,,,,140.02,,25.67,,109.74,,,,72.13,,,,,,,,,,,,,,28.90,,10.33,,,,136.60,,12.78,,,,,,3.64,,,,,,,,,,,,,,
,,,,,,,,2023072101,,07/21/2023,,686,,1383.27,,72.00,1730.76,,,,,,,8.00,192.32,,,,,,,,,,,,,,,,140.02,,25.67,,109.74,,,,72.13,,,,,,,,,,,,,,28.90,,10.33,,,,136.60,,12.78,,,,,,3.64,,,,,,,,,,,,,,
,,,,,,,,2023080401,,08/04/2023,,790,,1383.27,,72.00,1730.76,,,,,,,8.00,192.32,,,,,,,,,,,,,,,,140.02,,25.67,,109.74,,,,72.13,,,,,,,,,,,,,,28.90,,10.33,,,,136.60,,12.78,,,,,,3.64,,,,,,,,,,,,,,
,,,,,,,,2023081801,,08/18/2023,,892,,1383.27,,80.00,1923.08,,,,,,,,,,,,,,,,,,,,,,,,140.02,,25.63,,109.78,,,,72.13,,,,,,,,,,,,,,28.90,,10.33,,,,136.60,,12.78,,,,,,3.64,,,,,,,,,,,,,,
,,,,,,,,2023090101,,09/01/2023,,993,,1383.27,,80.00,1923.08,,,,,,,,,,,,,,,,,,,,,,,,140.02,,25.67,,109.74,,,,72.13,,,,,,,,,,,,,,28.90,,10.33,,,,136.60,,12.78,,,,,,3.64,,,,,,,,,,,,,,
,,,,,,,,2023091501,,09/15/2023,,1099,,1383.27,,80.00,1923.08,,,,,,,,,,,,,,,,,,,,,,,,140.02,,25.67,,109.74,,,,72.13,,,,,,,,,,,,,,28.90,,10.33,,,,136.60,,12.78,,,,,,3.64,,,,,,,,,,,,,,
,,,,,,,,2023092901,,09/29/2023,,1201,,1536.67,,80.00,1923.08,,,,,,,,,,,,,,,,,,,,,,,,158.38,,27.88,,119.23,,,,80.92,,,,,,,,,,,,,,,,,,,,,,,,,,,,,,,,,,,,,,,,,,
,,,,,,,,2023101301,,10/13/2023,,1304,,1404.56,,80.00,1923.08,,,,,,,,,,,,,,,,,,,,,,,,144.00,,26.15,,111.80,,,,74.03,,,,,,,,,,,,,,32.31,,10.33,,,,103.10,,13.16,,,,,,3.64,,,,,,,,,,,,,,
,,,,,,,,2023102701,,10/27/2023,,1409,,1404.56,,80.00,1923.08,,,,,,,,,,,,,,,,,,,,,,,,144.00,,26.15,,111.80,,,,74.03,,,,,,,,,,,,,,32.31,,10.33,,,,103.10,,13.16,,,,,,3.64,,,,,,,,,,,,,,
,,,,,,,,2023111001,,11/10/2023,,1513,,1404.56,,56.00,1346.12,,,,,,,24.00,576.96,,,,,,,,,,,,,,,,144.00,,26.15,,111.80,,,,74.03,,,,,,,,,,,,,,32.31,,10.33,,,,103.10,,13.16,,,,,,3.64,,,,,,,,,,,,,,
,,,,,,,,2023112401,,11/24/2023,,1616,,1404.56,,80.00,1923.08,,,,,,,,,,,,,,,,,,,,,,,,144.00,,26.15,,111.80,,,,74.03,,,,,,,,,,,,,,32.31,,10.33,,,,103.10,,13.16,,,,,,3.64,,,,,,,,,,,,,,
,,,,,,,,2023120801,,12/08/2023,,1757,,300.00,,,,,,,,,,,,,,0.00,324.85,,,,,,,,,,,,0.00,,4.71,,20.14,,,,0.00,,,,,,,,,,,,,,,,,,,,,,,,,,,,,,,,,,,,,,,,,,
,,,,,,,,,,12/08/2023,,1758,,1404.90,,72.00,1730.76,,,,,,,8.00,192.32,,,,,,,,,,,,,,,,144.05,,26.15,,111.83,,,,74.06,,,,,,,,,,,,,,32.31,,10.33,,,,102.65,,13.16,,,,,,3.64,,,,,,,,,,,,,,
,,,,,,,,2023122001,,12/20/2023,,63,,0.00,,0.00,3.06,,,,,0.00,36.87,,,,,,,,,,,,,,,,,,0.00,,0.58,,2.48,,,,0.00,,,,,,,,,,,,,,,,,,36.87,,,,,,,,,,,,,,,,,,,,,,,,
,,,,,,,,2023122201,,12/22/2023,,1897,,1404.56,,80.00,1923.08,,,,,,,,,,,,,,,,,,,,,,,,144.00,,26.15,,111.80,,,,74.03,,,,,,,,,,,,,,32.31,,10.33,,,,103.10,,13.16,,,,,,3.64,,,,,,,,,,,,,,
,,VCFP-CCM-REMOTE,,"Scampoli, Jessica N.",,30,,2023033101,,03/31/2023,,0,,10166.58,,528.63,12687.12,0.76,27.36,,,,,8.00,192.00,,,,,16.00,384.00,,,,,,,,,,1017.85,,184.21,,787.68,,,,537.34,,,,,,,,,,,,10.80,,,,,,,,509.34,,76.68,,,,,,,,,,,,,,,,,,,,
,,,,,,,,2023041401,,04/14/2023,,32,,1437.94,,78.90,1893.60,,,,,,,,,,,,,,,,,,,,,,,,143.13,,26.04,,111.35,,,,75.67,,,,,,,,,,,,,,,,1.80,,,,84.89,,12.78,,,,,,,,,,,,,,,,,,,,
,,,,,,,,2023042801,,04/28/2023,,120,,1438.30,,78.92,1894.08,,,,,,,,,,,,,,,,,,,,,,,,143.18,,26.05,,111.38,,,,75.70,,,,,,,,,,,,,,,,1.80,,,,84.89,,12.78,,,,,,,,,,,,,,,,,,,,
,,,,,,,,2023051201,,05/12/2023,,210,,1436.51,,78.82,1891.68,,,,,,,,,,,,,,,,,,,,,,,,142.90,,26.01,,111.23,,,,75.56,,,,,,,,,,,,,,,,1.80,,,,84.89,,12.78,,,,,,,,,,,,,,,,,,,,
,,,,,,,,2023052601,,05/26/2023,,299,,1523.89,,75.70,1816.80,,,,,,,8.00,192.00,,,,,,,,,,,,,,,,156.95,,27.71,,118.49,,,,82.29,,,,,,,,,,,,,,,,1.80,,,,84.89,,12.78,,,,,,,,,,,,,,,,,,,,
,,,,,,,,2023060901,,06/09/2023,,387,,1273.58,,31.57,757.68,,,,,,,30.15,723.60,,,,,8.00,192.00,,,,,,,,,,116.69,,22.85,,97.69,,,,63.00,,,,,,,,,,,,,,,,1.80,,,,84.89,,12.78,,,,,,,,,,,,,,,,,,,,
,,,,,,,,2023062301,,06/23/2023,,480,,1405.19,,77.07,1849.68,,,,,,,,,,,,,,,,,,,,,,,,137.86,,25.40,,108.62,,,,73.14,,,,,,,,,,,,,,,,1.80,,,,84.89,,12.78,,,,,,,,,,,,,,,,,,,,
,,,,,,,,2023070701,,07/07/2023,,578,,1419.50,,77.87,1868.88,,,,,,,,,,,,,,,,,,,,,,,,140.16,,25.68,,109.82,,,,74.25,,,,,,,,,,,,,,,,1.80,,,,84.89,,12.78,,,,,,,,,,,,,,,,,,,,
,,,,,,,,2023072101,,07/21/2023,,677,,1422.37,,70.03,1680.72,,,,,,,,,,,,,8.00,192.00,,,,,,,,,,140.62,,25.74,,110.05,,,,74.47,,,,,,,,,,,,,,,,1.80,,,,84.89,,12.78,,,,,,,,,,,,,,,,,,,,
,,,,,,,,2023080401,,08/04/2023,,780,,1070.45,,39.07,993.94,,,,,,,16.00,407.04,,,,,,,,,,,,,,,,84.01,,18.90,,80.81,,,,47.34,,,,,,,,,,,,,,,,1.80,,,,84.89,,12.78,,,,,,,,,,,,,,,,,,,,
,,,,,,,,,,08/04/2023,,781,,309.26,,,,,,,,,,,,,,,,,,,,0.00,335.48,,,,,,0.00,,4.86,,20.80,,,,0.56,,,,,,,,,,,,,,,,,,,,,,,,,,,,,,,,,,,,,,,,,,
,,,,,,,,2023081801,,08/18/2023,,883,,1466.15,,75.92,1931.40,,,,,,,,,,,,,,,,,,,,,,,,147.66,,26.59,,113.69,,,,77.84,,,,,,,,,,,,,,,,1.80,,,,84.89,,12.78,,,,,,,,,,,,,,,,,,,,
,,,,,,,,2023090101,,09/01/2023,,984,,1482.85,,76.80,1953.79,,,,,,,,,,,,,,,,,,,,,,,,150.35,,26.91,,115.08,,,,79.13,,,,,,,,,,,,,,,,1.80,,,,84.89,,12.78,,,,,,,,,,,,,,,,,,,,
,,,,,,,,2023091501,,09/15/2023,,1090,,1492.71,,61.32,1559.98,,,,,,,,,8.00,203.52,,,8.00,203.52,,,,,,,,,,151.94,,27.11,,115.90,,,,79.89,,,,,,,,,,,,,,,,1.80,,,,84.89,,12.78,,,,,,,,,,,,,,,,,,,,
,,,,,,,,2023092901,,09/29/2023,,1192,,1557.13,,76.78,1953.28,,,,,,,,,,,,,,,,,,,,,,,,162.01,,28.32,,121.10,,,,84.72,,,,,,,,,,,,,,,,,,,,,,,,,,,,,,,,,,,,,,,,,,
,,,,,,,,2023101301,,10/13/2023,,1295,,1435.76,,75.05,1909.27,,,,,,,,,,,,,,,,,,,,,,,,142.78,,26.00,,111.17,,,,75.50,,,,,,,,,,,,,,,,1.80,,,,103.10,,13.16,,,,,,,,,,,,,,,,,,,,
,,,,,,,,2023102701,,10/27/2023,,1400,,1463.67,,76.52,1946.67,,,,,,,,,,,,,,,,,,,,,,,,147.26,,26.54,,113.49,,,,77.65,,,,,,,,,,,,,,,,1.80,,,,103.10,,13.16,,,,,,,,,,,,,,,,,,,,
,,,,,,,,2023111001,,11/10/2023,,1504,,1450.38,,75.82,1928.86,,,,,,,,,,,,,,,,,,,,,,,,145.13,,26.28,,112.38,,,,76.63,,,,,,,,,,,,,,,,1.80,,,,103.10,,13.16,,,,,,,,,,,,,,,,,,,,
,,,,,,,,2023112401,,11/24/2023,,1608,,1510.72,,79.00,2009.76,,,,,,,,,,,,,,,,,,,,,,,,154.84,,27.46,,117.40,,,,81.28,,,,,,,,,,,,,,,,1.80,,,,103.10,,13.16,,,,,,,,,,,,,,,,,,,,
,,,,,,,,2023120801,,12/08/2023,,1741,,350.00,,,,,,,,,,,,,,0.00,380.58,,,,,,,,,,,,0.00,,5.52,,23.60,,,,1.46,,,,,,,,,,,,,,,,,,,,,,,,,,,,,,,,,,,,,,,,,,
,,,,,,,,,,12/08/2023,,1742,,1500.05,,62.42,1587.96,,,,,,,,,,,,,16.00,407.04,,,,,,,,,,153.12,,27.25,,116.51,,,,80.46,,,,,,,,,,,,,,,,1.80,,,,102.65,,13.16,,,,,,,,,,,,,,,,,,,,
,,,,,,,,2023122001,,12/20/2023,,64,,0.00,,0.00,3.23,,,,,0.00,39.03,,,,,,,,,,,,,,,,,,0.00,,0.61,,2.62,,,,0.00,,,,,,,,,,,,,,,,,,39.03,,,,,,,,,,,,,,,,,,,,,,,,
,,,,,,,,2023122201,,12/22/2023,,1888,,1441.84,,67.37,1713.89,,,,,,,8.00,203.52,,,,,,,,,,,,,,,,143.75,,26.12,,111.67,,,,75.97,,,,,,,,,,,,,,,,1.80,,,,103.10,,13.16,,,,,,,,,,,,,,,,,,,,
,,VCFP-APC-ASHLAKE,,"Schmitz, Conner R.",,153,,2023092901,,09/29/2023,,1177,,1172.29,,40.00,1634.62,,,,,,,,,,,,,,,,,,,,,,,,99.77,,20.80,,88.95,,,,52.84,,,,,,,,,,,,,,,,,,,,185.74,,11.08,,,,,,3.15,,,,,,,,,,,,,,
,,,,,,,,2023101301,,10/13/2023,,1280,,2287.00,,80.00,3269.24,,,,,,,,,,,,,,,,,,,,,,,,395.18,,45.67,,195.26,,,,151.43,,,,,,,,,,,,,,74.80,,,,,,103.10,,13.16,,,,,,3.64,,,,,,,,,,,,,,
,,,,,,,,2023102701,,10/27/2023,,1385,,2287.00,,72.00,2942.32,,,,,,,8.00,326.92,,,,,,,,,,,,,,,,395.18,,45.67,,195.26,,,,151.43,,,,,,,,,,,,,,74.80,,,,,,103.10,,13.16,,,,,,3.64,,,,,,,,,,,,,,
,,,,,,,,2023111001,,11/10/2023,,1488,,2287.00,,80.00,3269.24,,,,,,,,,,,,,,,,,,,,,,,,395.18,,45.67,,195.26,,,,151.43,,,,,,,,,,,,,,74.80,,,,,,103.10,,13.16,,,,,,3.64,,,,,,,,,,,,,,
,,,,,,,,2023112401,,11/24/2023,,1593,,2287.00,,80.00,3269.24,,,,,,,,,,,,,,,,,,,,,,,,395.18,,45.67,,195.26,,,,151.43,,,,,,,,,,,,,,74.80,,,,,,103.10,,13.16,,,,,,3.64,,,,,,,,,,,,,,
,,,,,,,,2023120801,,12/08/2023,,1715,,2287.29,,80.00,3269.24,,,,,,,,,,,,,,,,,,,,,,,,395.28,,45.67,,195.29,,,,151.46,,,,,,,,,,,,,,74.80,,,,,,102.65,,13.16,,,,,,3.64,,,,,,,,,,,,,,
,,,,,,,,2023122001,,12/20/2023,,65,,0.00,,0.00,5.19,,,,,0.00,62.67,,,,,,,,,,,,,,,,,,0.00,,0.98,,4.21,,,,0.00,,,,,,,,,,,,,,,,,,62.67,,,,,,,,,,,,,,,,,,,,,,,,
,,,,,,,,2023122201,,12/22/2023,,1873,,2287.00,,80.00,3269.24,,,,,,,,,,,,,,,,,,,,,,,,395.18,,45.67,,195.26,,,,151.43,,,,,,,,,,,,,,74.80,,,,,,103.10,,13.16,,,,,,3.64,,,,,,,,,,,,,,
,,VCFP-APC-ASHLAKE,,"Seefried, Karli ",,71,,2023033101,,03/31/2023,,0,,13983.92,,0.00,21846.16,,,,,,,8.00,0.00,,,,,,,,,,,,,,,,1921.52,,264.10,,1129.27,,,,912.23,,,,,,,,,,,,2.93,,,,,,,,3413.56,,175.15,,,,,,43.48,,,,,,,,,,,,,,
,,,,,,,,2023041401,,04/14/2023,,25,,3513.76,,0.00,5461.54,,,,,,,,,,,,,,,,,,,,,,,,487.19,,66.44,,284.08,,,,229.69,,,,,,,,,,,,,,,,0.71,,,,826.72,,42.42,,,,,,10.53,,,,,,,,,,,,,,
,,,,,,,,2023042801,,04/28/2023,,113,,3513.76,,80.00,5461.54,,,,,,,,,,,,,,,,,,,,,,,,487.19,,66.44,,284.08,,,,229.69,,,,,,,,,,,,,,,,0.71,,,,826.72,,42.42,,,,,,10.53,,,,,,,,,,,,,,
,,,,,,,,2023051201,,05/12/2023,,201,,3513.76,,80.00,5461.54,,,,,,,,,,,,,,,,,,,,,,,,487.19,,66.44,,284.08,,,,229.69,,,,,,,,,,,,,,,,0.71,,,,826.72,,42.42,,,,,,10.53,,,,,,,,,,,,,,
,,,,,,,,2023052601,,05/26/2023,,289,,3513.76,,80.00,5461.54,,,,,,,,,,,,,,,,,,,,,,,,487.19,,66.44,,284.08,,,,229.69,,,,,,,,,,,,,,,,0.71,,,,826.72,,42.42,,,,,,10.53,,,,,,,,,,,,,,
,,,,,,,,2023060901,,06/09/2023,,378,,3513.76,,80.00,5461.54,,,,,,,,,,,,,,,,,,,,,,,,487.19,,66.44,,284.08,,,,229.69,,,,,,,,,,,,,,,,0.71,,,,826.72,,42.42,,,,,,10.53,,,,,,,,,,,,,,
,,,,,,,,2023062301,,06/23/2023,,470,,3513.76,,56.00,3823.08,,,,,,,24.00,1638.46,,,,,,,,,,,,,,,,487.19,,66.44,,284.08,,,,229.69,,,,,,,,,,,,,,,,0.71,,,,826.72,,42.42,,,,,,10.53,,,,,,,,,,,,,,
,,,,,,,,2023070701,,07/07/2023,,566,,3513.76,,80.00,5461.54,,,,,,,,,,,,,,,,,,,,,,,,487.19,,66.44,,284.08,,,,229.69,,,,,,,,,,,,,,,,0.71,,,,826.72,,42.42,,,,,,10.53,,,,,,,,,,,,,,
,,,,,,,,2023072101,,07/21/2023,,665,,3513.76,,72.00,4915.39,,,,,,,8.00,546.15,,,,,,,,,,,,,,,,487.19,,66.44,,284.08,,,,229.69,,,,,,,,,,,,,,,,0.71,,,,826.72,,42.42,,,,,,10.53,,,,,,,,,,,,,,
,,,,,,,,2023080401,,08/04/2023,,767,,3513.80,,80.00,5461.54,,,,,,,,,,,,,,,,,,,,,,,,487.19,,66.44,,284.04,,,,229.69,,,,,,,,,,,,,,,,0.71,,,,826.72,,42.42,,,,,,10.53,,,,,,,,,,,,,,
,,,,,,,,2023081801,,08/18/2023,,871,,3513.76,,40.00,2730.77,,,,,,,40.00,2730.77,,,,,,,,,,,,,,,,487.19,,66.44,,284.08,,,,229.69,,,,,,,,,,,,,,,,0.71,,,,826.72,,42.42,,,,,,10.53,,,,,,,,,,,,,,
,,,,,,,,2023090101,,09/01/2023,,971,,3513.76,,80.00,5461.54,,,,,,,,,,,,,,,,,,,,,,,,487.19,,66.44,,284.08,,,,229.69,,,,,,,,,,,,,,,,0.71,,,,826.72,,42.42,,,,,,10.53,,,,,,,,,,,,,,
,,,,,,,,2023091501,,09/15/2023,,1076,,3513.76,,48.00,3276.93,,,,,,,32.00,2184.61,,,,,,,,,,,,,,,,487.19,,66.44,,284.08,,,,229.69,,,,,,,,,,,,,,,,0.71,,,,826.72,,42.42,,,,,,10.53,,,,,,,,,,,,,,
,,,,,,,,2023092901,,09/29/2023,,1178,,4065.15,,80.00,5461.54,,,,,,,,,,,,,,,,,,,,,,,,698.31,,79.19,,338.62,,,,280.27,,,,,,,,,,,,,,,,,,,,,,,,,,,,,,,,,,,,,,,,,,
,,,,,,,,2023101301,,10/13/2023,,1281,,3414.54,,80.00,5461.54,,,0.00,218.46,,,,,,,,,,,,,,,,,,,,457.16,,68.58,,293.25,,,,222.50,,,,,,,,,,273.08,,,,,,0.71,,,,677.50,,43.69,,,,,,10.53,,,,,,,,,,,,,,
,,,,,,,,2023102701,,10/27/2023,,1386,,3452.92,,80.00,5461.54,,,0.00,218.46,,,,,,,,,,,,,,,,,,,,470.26,,68.58,,293.25,,,,225.64,,,,,,,,,,218.46,,,,,,0.71,,,,677.50,,43.69,,,,,,10.53,,,,,,,,,,,,,,
,,,,,,,,2023111001,,11/10/2023,,1489,,3452.92,,80.00,5461.54,,,0.00,218.46,,,,,,,,,,,,,,,,,,,,470.26,,68.58,,293.25,,,,225.64,,,,,,,,,,218.46,,,,,,0.71,,,,677.50,,43.69,,,,,,10.53,,,,,,,,,,,,,,
,,,,,,,,2023112401,,11/24/2023,,1594,,3452.92,,80.00,5461.54,,,0.00,218.46,,,,,,,,,,,,,,,,,,,,470.26,,68.58,,293.25,,,,225.64,,,,,,,,,,218.46,,,,,,0.71,,,,677.50,,43.69,,,,,,10.53,,,,,,,,,,,,,,
,,,,,,,,2023120801,,12/08/2023,,1716,,3453.20,,80.00,5461.54,,,0.00,218.46,,,,,,,,,,,,,,,,,,,,470.37,,68.59,,293.28,,,,225.66,,,,,,,,,,218.46,,,,,,0.71,,,,677.05,,43.69,,,,,,10.53,,,,,,,,,,,,,,
,,,,,,,,2023122001,,12/20/2023,,66,,0.00,,0.00,8.67,,,,,0.00,104.73,,,,,,,,,,,,,,,,,,0.00,,1.64,,7.03,,,,0.00,,,,,,,,,,,,,,,,,,104.73,,,,,,,,,,,,,,,,,,,,,,,,
,,,,,,,,2023122201,,12/22/2023,,1874,,3452.92,,72.00,4915.39,,,0.00,218.46,,,8.00,546.15,,,,,,,,,,,,,,,,470.26,,68.58,,293.25,,,,225.64,,,,,,,,,,218.46,,,,,,0.71,,,,677.50,,43.69,,,,,,10.53,,,,,,,,,,,,,,
,,VCFP-OWNERS-ASHLAKE,,"Shah, Amar ",,1,,2023033101,,03/31/2023,,0,,25328.34,,0.00,43076.95,,,0.00,1723.05,,,,,,,,,,,,,,,,,,,,6322.61,,624.62,,2670.77,,,,1961.75,,,,,,,,,,5600.00,,58.80,,510.06,,,,,,,,,,,,,,,,,,,,,,,,,,,,
,,,,,,,,2023041401,,04/14/2023,,61,,3604.79,,80.00,6153.85,,,0.00,246.15,,,,,,,,,,,,,,,,,,,,903.23,,89.23,,381.54,,,,280.25,,,,,,,,,,800.00,,,,85.01,,9.80,,,,,,,,,,,,,,,,,,,,,,,,,,
,,,,,,,,2023042801,,04/28/2023,,152,,3604.79,,80.00,6153.85,,,0.00,246.15,,,,,,,,,,,,,,,,,,,,903.23,,89.23,,381.54,,,,280.25,,,,,,,,,,800.00,,,,85.01,,9.80,,,,,,,,,,,,,,,,,,,,,,,,,,
,,,,,,,,2023051201,,05/12/2023,,241,,3604.79,,80.00,6153.85,,,0.00,246.15,,,,,,,,,,,,,,,,,,,,903.23,,89.23,,381.54,,,,280.25,,,,,,,,,,800.00,,,,85.01,,9.80,,,,,,,,,,,,,,,,,,,,,,,,,,
,,,,,,,,2023052601,,05/26/2023,,329,,3604.79,,80.00,6153.85,,,0.00,246.15,,,,,,,,,,,,,,,,,,,,903.23,,89.23,,381.54,,,,280.25,,,,,,,,,,800.00,,,,85.01,,9.80,,,,,,,,,,,,,,,,,,,,,,,,,,
,,,,,,,,2023060901,,06/09/2023,,420,,3604.79,,80.00,6153.85,,,0.00,246.15,,,,,,,,,,,,,,,,,,,,903.23,,89.23,,381.54,,,,280.25,,,,,,,,,,800.00,,,,85.01,,9.80,,,,,,,,,,,,,,,,,,,,,,,,,,
,,,,,,,,2023062301,,06/23/2023,,512,,3604.79,,80.00,6153.85,,,0.00,246.15,,,,,,,,,,,,,,,,,,,,903.23,,89.23,,381.54,,,,280.25,,,,,,,,,,800.00,,,,85.01,,9.80,,,,,,,,,,,,,,,,,,,,,,,,,,
,,,,,,,,2023070701,,07/07/2023,,610,,3604.79,,80.00,6153.85,,,0.00,246.15,,,,,,,,,,,,,,,,,,,,903.23,,89.23,,381.54,,,,280.25,,,,,,,,,,800.00,,,,85.01,,9.80,,,,,,,,,,,,,,,,,,,,,,,,,,
,,,,,,,,2023072101,,07/21/2023,,712,,3604.79,,80.00,6153.85,,,0.00,246.15,,,,,,,,,,,,,,,,,,,,903.23,,89.23,,381.54,,,,280.25,,,,,,,,,,800.00,,,,85.01,,9.80,,,,,,,,,,,,,,,,,,,,,,,,,,
,,,,,,,,2023080401,,08/04/2023,,816,,3604.79,,80.00,6153.85,,,0.00,246.15,,,,,,,,,,,,,,,,,,,,903.23,,89.23,,381.54,,,,280.25,,,,,,,,,,800.00,,,,85.01,,9.80,,,,,,,,,,,,,,,,,,,,,,,,,,
,,,,,,,,2023081801,,08/18/2023,,918,,3604.79,,80.00,6153.85,,,0.00,246.15,,,,,,,,,,,,,,,,,,,,903.23,,89.23,,381.54,,,,280.25,,,,,,,,,,800.00,,,,85.01,,9.80,,,,,,,,,,,,,,,,,,,,,,,,,,
,,,,,,,,2023090101,,09/01/2023,,1020,,3604.79,,80.00,6153.85,,,0.00,246.15,,,,,,,,,,,,,,,,,,,,903.23,,89.23,,381.54,,,,280.25,,,,,,,,,,800.00,,,,85.01,,9.80,,,,,,,,,,,,,,,,,,,,,,,,,,
,,,,,,,,2023091501,,09/15/2023,,1124,,3604.79,,80.00,6153.85,,,0.00,246.15,,,,,,,,,,,,,,,,,,,,903.23,,89.23,,381.54,,,,280.25,,,,,,,,,,800.00,,,,85.01,,9.80,,,,,,,,,,,,,,,,,,,,,,,,,,
,,,,,,,,2023092901,,09/29/2023,,1226,,3699.60,,80.00,6153.85,,,0.00,246.15,,,,,,,,,,,,,,,,,,,,903.23,,89.23,,381.54,,,,280.25,,,,,,,,,,800.00,,,,,,,,,,,,,,,,,,,,,,,,,,,,,,,,
,,,,,,,,2023101301,,10/13/2023,,1330,,3604.79,,80.00,6153.85,,,0.00,246.15,,,,,,,,,,,,,,,,,,,,903.23,,89.23,,381.54,,,,280.25,,,,,,,,,,800.00,,,,85.01,,9.80,,,,,,,,,,,,,,,,,,,,,,,,,,
,,,,,,,,2023102701,,10/27/2023,,1436,,3604.79,,80.00,6153.85,,,0.00,246.15,,,,,,,,,,,,,,,,,,,,903.23,,89.23,,381.54,,,,280.25,,,,,,,,,,800.00,,,,85.01,,9.80,,,,,,,,,,,,,,,,,,,,,,,,,,
,,,,,,,,2023111001,,11/10/2023,,1540,,3604.79,,80.00,6153.85,,,0.00,246.15,,,,,,,,,,,,,,,,,,,,903.23,,89.23,,381.54,,,,280.25,,,,,,,,,,800.00,,,,85.01,,9.80,,,,,,,,,,,,,,,,,,,,,,,,,,
,,,,,,,,2023112401,,11/24/2023,,1642,,3604.79,,80.00,6153.85,,,0.00,246.15,,,,,,,,,,,,,,,,,,,,903.23,,89.23,,381.54,,,,280.25,,,,,,,,,,800.00,,,,85.01,,9.80,,,,,,,,,,,,,,,,,,,,,,,,,,
,,,,,,,,2023120801,,12/08/2023,,1809,,3604.79,,80.00,6153.85,,,0.00,246.15,,,,,,,,,,,,,,,,,,,,903.23,,89.23,,381.54,,,,280.25,,,,,,,,,,800.00,,,,85.01,,9.80,,,,,,,,,,,,,,,,,,,,,,,,,,
,,,,,,,,2023122001,,12/20/2023,,67,,0.00,,0.00,9.77,,,,,0.00,117.99,,,,,,,,,,,,,,,,,,0.00,,1.85,,7.92,,,,0.00,,,,,,,,,,,,,,,,,,117.99,,,,,,,,,,,,,,,,,,,,,,,,
,,,,,,,,2023122201,,12/22/2023,,1924,,3604.79,,80.00,6153.85,,,0.00,246.15,,,,,,,,,,,,,,,,,,,,903.23,,89.23,,381.54,,,,280.25,,,,,,,,,,800.00,,,,85.01,,9.80,,,,,,,,,,,,,,,,,,,,,,,,,,
,,VCFP-MEDASSIST-ASHLAKE,,"Solis-Shepperson, Christina M.",,137,,2023060901,,06/09/2023,,412,,1145.95,,65.65,1247.35,,,,,,,,,,,,,8.00,152.00,,,,,,,,,,95.54,,20.29,,86.76,,,,50.81,,,,,,,,,,,,,,,,,,,,,,,,,,,,,,,,,,,,,,,,,,
,,,,,,,,2023062301,,06/23/2023,,504,,1104.76,,69.48,1320.12,,,,,,,3.08,58.52,,,,,,,,,,,,,,,,88.91,,19.49,,83.34,,,,47.64,,,,,,,,,,,,,,,,,,,,32.56,,,,,,,,1.94,,,,,,,,,,,,,,
,,,,,,,,2023070701,,07/07/2023,,603,,1263.18,,80.00,1520.00,3.55,101.18,,,,,,,,,,,,,,,,,,,,,,114.39,,22.57,,96.50,,,,59.85,,,,,,,,,,,,,,,,,,,,61.05,,,,,,,,3.64,,,,,,,,,,,,,,
,,,,,,,,2023072101,,07/21/2023,,703,,1222.00,,74.00,1406.00,0.28,7.98,,,,,,,,,,,8.00,152.00,,,,,,,,,,107.77,,21.77,,93.08,,,,56.67,,,,,,,,,,,,,,,,,,,,61.05,,,,,,,,3.64,,,,,,,,,,,,,,
,,,,,,,,2023080401,,08/04/2023,,807,,1218.45,,73.60,1398.40,0.38,10.83,,,,,8.00,152.00,,,,,,,,,,,,,,,,107.20,,21.70,,92.79,,,,56.40,,,,,,,,,,,,,,,,,,,,61.05,,,,,,,,3.64,,,,,,,,,,,,,,
,,,,,,,,2023081801,,08/18/2023,,909,,1226.96,,70.77,1344.63,,,,,,,12.00,228.00,,,,,,,,,,,,,,,,108.57,,21.87,,93.49,,,,57.05,,,,,,,,,,,,,,,,,,,,61.05,,,,,,,,3.64,,,,,,,,,,,,,,
,,,,,,,,2023090101,,09/01/2023,,1010,,1119.94,,75.22,1429.18,,,,,,,,,,,,,,,,,,,,,,,,91.35,,19.79,,84.60,,,,48.81,,,,,,,,,,,,,,,,,,,,61.05,,,,,,,,3.64,,,,,,,,,,,,,,
,,,,,,,,2023091501,,09/15/2023,,1116,,897.98,,67.95,1291.05,,,,,,,6.25,118.75,,,,,8.00,152.00,,,,,,,,,,107.27,,21.71,,92.82,,,,56.43,,,,,,,,,,,,,,,,,,,,61.05,,,,,,,,3.64,,,,,,,,,,128.36,,192.54,,
,,,,,,,,2023092901,,09/29/2023,,1218,,1172.40,,80.00,1520.00,4.57,130.25,,,,,,,,,,,,,,,,,,,,,,125.65,,23.93,,102.32,,,,65.24,,,,,,,,,,,,,,,,,,,,,,,,,,,,,,,,,,,,,,60.51,,100.20,,
,,,,,,,,2023101301,,10/13/2023,,1321,,1266.43,,80.00,1520.00,4.55,129.68,,,,,,,,,,,,,,,,,,,,,,114.92,,22.63,,96.77,,,,60.10,,,,,,,,,,,,,,,,,,,,85.19,,,,,,,,3.64,,,,,,,,,,,,,,
,,,,,,,,2023102701,,10/27/2023,,1427,,1257.29,,80.00,1520.00,4.12,117.42,,,,,,,,,,,,,,,,,,,,,,113.45,,22.45,,96.01,,,,59.39,,,,,,,,,,,,,,,,,,,,85.19,,,,,,,,3.64,,,,,,,,,,,,,,
,,,,,,,,2023111001,,11/10/2023,,1530,,1268.70,,74.68,1418.92,2.87,81.80,,,,,,,8.00,152.00,,,,,,,,,,,,,,115.28,,22.68,,96.96,,,,60.27,,,,,,,,,,,,,,,,,,,,85.19,,,,,,,,3.64,,,,,,,,,,,,,,
,,,,,,,,2023112401,,11/24/2023,,1633,,1231.99,,77.35,1469.65,2.03,57.86,,,,,4.00,76.00,,,,,,,,,,,,,,,,109.38,,21.96,,93.91,,,,57.44,,,,,,,,,,,,,,,,,,,,85.19,,,,,,,,3.64,,,,,,,,,,,,,,
,,,,,,,,2023120801,,12/08/2023,,1791,,100.00,,,,,,,,,,,,,,0.00,108.28,,,,,,,,,,,,0.00,,1.57,,6.71,,,,0.00,,,,,,,,,,,,,,,,,,,,,,,,,,,,,,,,,,,,,,,,,,
,,,,,,,,,,12/08/2023,,1792,,1127.31,,59.48,1130.12,0.75,21.38,,,,,,,,,,,16.00,304.00,,,,,,,,,,91.67,,19.82,,84.76,,,,48.96,,,,,,,,,,,,,,,,,,,,84.74,,,,,,,,3.64,,,,,,,,,,,,,,-5.40
,,,,,,,,2023122001,,12/20/2023,,69,,0.00,,0.00,2.42,,,,,0.00,29.13,,,,,,,,,,,,,,,,,,0.00,,0.46,,1.96,,,,0.00,,,,,,,,,,,,,,,,,,29.13,,,,,,,,,,,,,,,,,,,,,,,,
,,,,,,,,2023122201,,12/22/2023,,1915,,1204.84,,79.30,1506.70,2.12,60.42,,,,,,,,,,,,,,,,,,,,,,105.01,,21.44,,91.65,,,,55.35,,,,,,,,,,,,,,,,,,,,85.19,,,,,,,,3.64,,,,,,,,,,,,,,
,,VCFP-CCM-REMOTE,,"Sunkel, Sarah R.",,24,,2023033101,,03/31/2023,,0,,10331.95,,534.52,13897.52,5.35,208.65,0.00,586.04,,,5.00,130.00,,,,,16.00,416.00,,,,,,,,,,1093.32,,212.46,,908.43,,,,573.51,,,,,,,,,,1318.66,,28.20,,185.64,,,,,,,,,,,,,,,,,,,,,,,,,,,,
,,,,,,,,2023041401,,04/14/2023,,33,,1507.12,,80.00,2080.00,1.72,67.08,0.00,85.88,,,,,,,,,,,,,,,,,,,,162.08,,31.13,,133.12,,,,84.75,,,,,,,,,,193.24,,,,30.94,,4.70,,,,,,,,,,,,,,,,,,,,,,,,,,
,,,,,,,,2023042801,,04/28/2023,,121,,1483.02,,80.00,2080.00,0.80,31.20,0.00,84.45,,,,,,,,,,,,,,,,,,,,158.16,,30.61,,130.89,,,,82.87,,,,,,,,,,190.01,,,,30.94,,4.70,,,,,,,,,,,,,,,,,,,,,,,,,,
,,,,,,,,2023051201,,05/12/2023,,211,,1472.09,,78.22,2033.72,1.57,61.23,0.00,83.80,,,,,,,,,,,,,,,,,,,,156.38,,30.38,,129.89,,,,82.02,,,,,,,,,,188.55,,,,30.94,,4.70,,,,,,,,,,,,,,,,,,,,,,,,,,
,,,,,,,,2023052601,,05/26/2023,,300,,1485.63,,80.00,2080.00,0.90,35.10,0.00,84.60,,,,,,,,,,,,,,,,,,,,158.58,,30.67,,131.14,,,,83.08,,,,,,,,,,190.36,,,,30.94,,4.70,,,,,,,,,,,,,,,,,,,,,,,,,,
,,,,,,,,2023060901,,06/09/2023,,388,,1480.20,,0.00,2115.39,,,0.00,84.62,,,,,,,,,,,,,,,,,,,,158.62,,30.67,,131.15,,,,83.09,,,,,,,,,,190.39,,,,36.57,,4.70,,,,,,,,,,,,,,,,,,,,,,,,,,
,,,,,,,,2023062301,,06/23/2023,,481,,1479.56,,72.00,1903.85,,,0.00,84.62,,,8.00,211.54,,,,,,,,,,,,,,,,158.62,,30.67,,131.15,,,,83.09,,,,,,,,,,190.39,,,,37.21,,4.70,,,,,,,,,,,,,,,,,,,,,,,,,,
,,,,,,,,2023070701,,07/07/2023,,579,,1479.56,,0.00,2115.39,,,0.00,84.62,,,,,,,,,,,,,,,,,,,,158.62,,30.67,,131.15,,,,83.09,,,,,,,,,,190.39,,,,37.21,,4.70,,,,,,,,,,,,,,,,,,,,,,,,,,
,,,,,,,,2023072101,,07/21/2023,,678,,1479.56,,72.00,1903.85,,,0.00,84.62,,,,,8.00,211.54,,,,,,,,,,,,,,158.62,,30.67,,131.15,,,,83.09,,,,,,,,,,190.39,,,,37.21,,4.70,,,,,,,,,,,,,,,,,,,,,,,,,,
,,,,,,,,2023080401,,08/04/2023,,782,,1479.56,,80.00,2115.39,,,0.00,84.62,,,,,,,,,,,,,,,,,,,,158.62,,30.67,,131.15,,,,83.09,,,,,,,,,,190.39,,,,37.21,,4.70,,,,,,,,,,,,,,,,,,,,,,,,,,
,,,,,,,,2023081801,,08/18/2023,,884,,1479.56,,80.00,2115.39,,,0.00,84.62,,,,,,,,,,,,,,,,,,,,158.62,,30.67,,131.15,,,,83.09,,,,,,,,,,190.39,,,,37.21,,4.70,,,,,,,,,,,,,,,,,,,,,,,,,,
,,,,,,,,2023090101,,09/01/2023,,985,,1479.56,,40.00,1057.69,,,0.00,84.62,,,40.00,1057.70,,,,,,,,,,,,,,,,158.62,,30.67,,131.15,,,,83.09,,,,,,,,,,190.39,,,,37.21,,4.70,,,,,,,,,,,,,,,,,,,,,,,,,,
,,,,,,,,2023091501,,09/15/2023,,1091,,1479.56,,80.00,2115.39,,,0.00,84.62,,,,,,,,,,,,,,,,,,,,158.62,,30.67,,131.15,,,,83.09,,,,,,,,,,190.39,,,,37.21,,4.70,,,,,,,,,,,,,,,,,,,,,,,,,,
,,,,,,,,2023092901,,09/29/2023,,1193,,1556.28,,72.00,1903.85,,,0.00,84.62,,,8.00,211.54,,,,,,,,,,,,,,,,163.69,,30.67,,131.15,,,,85.52,,,,,,,,,,148.08,,,,,,,,,,,,,,,,,,,,,,,,,,,,,,,,
,,,,,,,,2023101301,,10/13/2023,,1296,,1514.33,,80.00,2115.39,,,0.00,84.62,,,,,,,,,,,,,,,,,,,,163.69,,30.67,,131.19,,,,85.52,,,,,,,,,,148.08,,,,37.21,,4.70,,,,,,,,,,,,,,,,,,,,,,,,,,
,,,,,,,,2023102701,,10/27/2023,,1401,,1514.37,,80.00,2115.39,,,0.00,84.62,,,,,,,,,,,,,,,,,,,,163.69,,30.67,,131.15,,,,85.52,,,,,,,,,,148.08,,,,37.21,,4.70,,,,,,,,,,,,,,,,,,,,,,,,,,
,,,,,,,,2023111001,,11/10/2023,,1505,,1514.37,,80.00,2115.39,,,0.00,84.62,,,,,,,,,,,,,,,,,,,,163.69,,30.67,,131.15,,,,85.52,,,,,,,,,,148.08,,,,37.21,,4.70,,,,,,,,,,,,,,,,,,,,,,,,,,
,,,,,,,,2023112401,,11/24/2023,,1609,,1514.33,,80.00,2115.39,,,0.00,84.62,,,,,,,,,,,,,,,,,,,,163.69,,30.71,,131.15,,,,85.52,,,,,,,,,,148.08,,,,37.21,,4.70,,,,,,,,,,,,,,,,,,,,,,,,,,
,,,,,,,,2023120801,,12/08/2023,,1743,,1000.00,,,,,,,,,,,,,,0.00,1206.45,,,,,,,,,,,,72.39,,17.49,,74.80,,,,41.77,,,,,,,,,,,,,,,,,,,,,,,,,,,,,,,,,,,,,,,,,,
,,,,,,,,,,12/08/2023,,1744,,1514.37,,56.00,1480.77,,,0.00,84.62,,,24.00,634.62,,,,,,,,,,,,,,,,163.69,,30.67,,131.15,,,,85.52,,,,,,,,,,148.08,,,,37.21,,4.70,,,,,,,,,,,,,,,,,,,,,,,,,,
,,,,,,,,2023122001,,12/20/2023,,70,,0.00,,0.00,3.36,,,,,0.00,40.56,,,,,,,,,,,,,,,,,,0.00,,0.64,,2.72,,,,0.00,,,,,,,,,,,,,,,,,,40.56,,,,,,,,,,,,,,,,,,,,,,,,
,,,,,,,,2023122201,,12/22/2023,,1889,,1514.37,,80.00,2115.39,,,0.00,84.62,,,,,,,,,,,,,,,,,,,,163.69,,30.67,,131.15,,,,85.52,,,,,,,,,,148.08,,,,37.21,,4.70,,,,,,,,,,,,,,,,,,,,,,,,,,
,,VCFP-CONSULT-ASHLAKE,,"Szala, Julie ",,121,,2023033101,,03/31/2023,,0,,8082.98,,0.00,10384.62,,,,,,,,,,,,,,,,,,,,,,,,811.86,,150.58,,643.85,,,,514.32,,,,,,,,,,,,30.80,,150.23,,,,,,,,,,,,,,,,,,,,,,,,,,,,
,,,,,,,,2023041401,,04/14/2023,,1017567509,,2697.07,,0.00,3461.54,,,,,,,,,,,,,,,,,,,,,,,,270.62,,50.19,,214.62,,,,171.44,,,,,,,,,,,,,,47.80,,9.80,,,,,,,,,,,,,,,,,,,,,,,,,,
,,,,,,,,2023042801,,04/28/2023,,123,,2697.07,,80.00,3461.54,,,,,,,,,,,,,,,,,,,,,,,,270.62,,50.19,,214.62,,,,171.44,,,,,,,,,,,,,,47.80,,9.80,,,,,,,,,,,,,,,,,,,,,,,,,,
,,,,,,,,2023051201,,05/12/2023,,213,,2697.07,,80.00,3461.54,,,,,,,,,,,,,,,,,,,,,,,,270.62,,50.19,,214.62,,,,171.44,,,,,,,,,,,,,,47.80,,9.80,,,,,,,,,,,,,,,,,,,,,,,,,,
,,,,,,,,2023052601,,05/26/2023,,302,,2697.07,,80.00,3461.54,,,,,,,,,,,,,,,,,,,,,,,,270.62,,50.19,,214.62,,,,171.44,,,,,,,,,,,,,,47.80,,9.80,,,,,,,,,,,,,,,,,,,,,,,,,,
,,,,,,,,2023060901,,06/09/2023,,390,,2697.07,,80.00,3461.54,,,,,,,,,,,,,,,,,,,,,,,,270.62,,50.19,,214.62,,,,171.44,,,,,,,,,,,,,,47.80,,9.80,,,,,,,,,,,,,,,,,,,,,,,,,,
,,,,,,,,2023062301,,06/23/2023,,483,,2647.07,,80.00,3461.54,,,,,,,,,,,,,,,,,,,,,,,,320.62,,50.19,,214.62,,,,171.44,,,,,,,,,,,,,,47.80,,9.80,,,,,,,,,,,,,,,,,,,,,,,,,,
,,,,,,,,2023070701,,07/07/2023,,581,,2647.07,,80.00,3461.54,,,,,,,,,,,,,,,,,,,,,,,,320.62,,50.19,,214.62,,,,171.44,,,,,,,,,,,,,,47.80,,9.80,,,,,,,,,,,,,,,,,,,,,,,,,,
,,,,,,,,2023072101,,07/21/2023,,680,,2647.11,,80.00,3461.54,,,,,,,,,,,,,,,,,,,,,,,,320.62,,50.19,,214.58,,,,171.44,,,,,,,,,,,,,,47.80,,9.80,,,,,,,,,,,,,,,,,,,,,,,,,,
,,,,,,,,2023080401,,08/04/2023,,784,,2622.07,,64.00,2769.23,,,,,,,16.00,692.31,,,,,,,,,,,,,,,,345.62,,50.19,,214.62,,,,171.44,,,,,,,,,,,,,,47.80,,9.80,,,,,,,,,,,,,,,,,,,,,,,,,,
,,,,,,,,2023081801,,08/18/2023,,886,,2622.07,,72.00,3115.39,,,,,,,8.00,346.15,,,,,,,,,,,,,,,,345.62,,50.19,,214.62,,,,171.44,,,,,,,,,,,,,,47.80,,9.80,,,,,,,,,,,,,,,,,,,,,,,,,,
,,,,,,,,2023090101,,09/01/2023,,987,,2622.07,,72.00,3115.39,,,,,,,8.00,346.15,,,,,,,,,,,,,,,,345.62,,50.19,,214.62,,,,171.44,,,,,,,,,,,,,,47.80,,9.80,,,,,,,,,,,,,,,,,,,,,,,,,,
,,,,,,,,2023091501,,09/15/2023,,1093,,2622.07,,80.00,3461.54,,,,,,,,,,,,,,,,,,,,,,,,345.62,,50.19,,214.62,,,,171.44,,,,,,,,,,,,,,47.80,,9.80,,,,,,,,,,,,,,,,,,,,,,,,,,
,,,,,,,,2023092901,,09/29/2023,,1195,,2679.67,,80.00,3461.54,,,,,,,,,,,,,,,,,,,,,,,,345.62,,50.19,,214.62,,,,171.44,,,,,,,,,,,,,,,,,,,,,,,,,,,,,,,,,,,,,,,,,,
,,,,,,,,2023101301,,10/13/2023,,1298,,2451.25,,72.00,3115.39,,,0.00,138.46,,,8.00,346.15,,,,,,,,,,,,,,,,320.69,,50.19,,214.62,,,,159.50,,,,,,,,,,207.69,,,,47.80,,9.80,,,,,,,,,,,,,,,,,,,,,,,,,,
,,,,,,,,2023102701,,10/27/2023,,1403,,2451.25,,80.00,3461.54,,,0.00,138.46,,,,,,,,,,,,,,,,,,,,320.69,,50.19,,214.62,,,,159.50,,,,,,,,,,207.69,,,,47.80,,9.80,,,,,,,,,,,,,,,,,,,,,,,,,,
,,,,,,,,2023111001,,11/10/2023,,1507,,2451.25,,80.00,3461.54,,,0.00,138.46,,,,,,,,,,,,,,,,,,,,320.69,,50.19,,214.62,,,,159.50,,,,,,,,,,207.69,,,,47.80,,9.80,,,,,,,,,,,,,,,,,,,,,,,,,,
,,,,,,,,2023112401,,11/24/2023,,1611,,2451.29,,72.00,3115.39,,,0.00,138.46,,,8.00,346.15,,,,,,,,,,,,,,,,320.69,,50.19,,214.58,,,,159.50,,,,,,,,,,207.69,,,,47.80,,9.80,,,,,,,,,,,,,,,,,,,,,,,,,,
,,,,,,,,2023120801,,12/08/2023,,1747,,500.00,,,,,,,,,,,,,,0.00,634.95,,,,,,,,,,,,75.00,,9.22,,39.37,,,,11.36,,,,,,,,,,,,,,,,,,,,,,,,,,,,,,,,,,,,,,,,,,
,,,,,,,,,,12/08/2023,,1748,,2451.25,,80.00,3461.54,,,0.00,138.46,,,,,,,,,,,,,,,,,,,,320.69,,50.19,,214.62,,,,159.50,,,,,,,,,,207.69,,,,47.80,,9.80,,,,,,,,,,,,,,,,,,,,,,,,,,
,,,,,,,,2023122001,,12/20/2023,,71,,0.00,,0.00,5.50,,,,,0.00,66.39,,,,,,,,,,,,,,,,,,0.00,,1.04,,4.46,,,,0.00,,,,,,,,,,,,,,,,,,66.39,,,,,,,,,,,,,,,,,,,,,,,,
,,,,,,,,2023122201,,12/22/2023,,1892,,2451.25,,72.00,3115.39,,,0.00,138.46,,,,,8.00,346.15,,,,,,,,,,,,,,320.69,,50.19,,214.62,,,,159.50,,,,,,,,,,207.69,,,,47.80,,9.80,,,,,,,,,,,,,,,,,,,,,,,,,,
,,VCFP-FRONTDESK-ASHLAKE,,"Taylor, Brittany S.",,22,,2023033101,,03/31/2023,,0,,7397.92,,515.82,8452.83,17.89,442.79,,,,,35.75,573.00,,,,,16.00,256.00,,,,,,,,,,595.49,,133.18,,569.46,,,,320.57,,,,,,,,,,,,10.08,,158.16,,,,,,441.24,,76.68,,,,,,21.84,,,,,,,,,,,,,,
,,,,,,,,2023041401,,04/14/2023,,45,,1072.30,,80.00,1320.00,4.37,108.16,,,,,,,,,,,,,,,,,,,,,,88.20,,19.40,,82.97,,,,47.29,,,,,,,,,,,,,,26.36,,1.68,,,,73.54,,12.78,,,,,,3.64,,,,,,,,,,,,,,
,,,,,,,,2023042801,,04/28/2023,,133,,1036.29,,80.00,1320.00,2.42,59.90,,,,,,,,,,,,,,,,,,,,,,82.41,,18.70,,79.98,,,,44.52,,,,,,,,,,,,,,26.36,,1.68,,,,73.54,,12.78,,,,,,3.64,,,,,,,,,,,,,,
,,,,,,,,2023051201,,05/12/2023,,223,,1061.77,,80.00,1320.00,3.80,94.05,,,,,,,,,,,,,,,,,,,,,,86.51,,19.20,,82.09,,,,46.48,,,,,,,,,,,,,,26.36,,1.68,,,,73.54,,12.78,,,,,,3.64,,,,,,,,,,,,,,
,,,,,,,,2023052601,,05/26/2023,,312,,1038.14,,80.00,1320.00,2.52,62.37,,,,,,,,,,,,,,,,,,,,,,82.70,,18.74,,80.13,,,,44.66,,,,,,,,,,,,,,26.36,,1.68,,,,73.54,,12.78,,,,,,3.64,,,,,,,,,,,,,,
,,,,,,,,2023060901,,06/09/2023,,400,,1042.69,,73.57,1213.91,1.72,42.57,,,,,,,,,,,8.00,132.00,,,,,,,,,,83.44,,18.83,,80.51,,,,45.01,,,,,,,,,,,,,,26.36,,1.68,,,,73.54,,12.78,,,,,,3.64,,,,,,,,,,,,,,
,,,,,,,,2023062301,,06/23/2023,,493,,1062.14,,80.00,1320.00,3.82,94.55,,,,,,,,,,,,,,,,,,,,,,86.57,,19.21,,82.12,,,,46.51,,,,,,,,,,,,,,26.36,,1.68,,,,73.54,,12.78,,,,,,3.64,,,,,,,,,,,,,,
,,,,,,,,2023070701,,07/07/2023,,591,,1077.47,,80.00,1320.00,4.65,115.09,,,,,,,,,,,,,,,,,,,,,,89.03,,19.50,,83.40,,,,47.69,,,,,,,,,,,,,,26.36,,1.68,,,,73.54,,12.78,,,,,,3.64,,,,,,,,,,,,,,
,,,,,,,,2023072101,,07/21/2023,,691,,1021.52,,58.43,964.10,,,,,,,16.00,264.00,,,,,8.00,132.00,,,,,,,,,,80.03,,18.42,,78.75,,,,43.38,,,,,,,,,,,,,,26.36,,1.68,,,,73.54,,12.78,,,,,,3.64,,,,,,,,,,,,,,
,,,,,,,,2023080401,,08/04/2023,,795,,1047.98,,72.30,1192.95,1.52,37.62,,,,,10.00,165.00,,,,,,,,,,,,,,,,84.29,,18.93,,80.95,,,,45.42,,,,,,,,,,,,,,26.36,,1.68,,,,73.54,,12.78,,,,,,3.64,,,,,,,,,,,,,,
,,,,,,,,2023081801,,08/18/2023,,897,,1051.25,,80.00,1320.00,3.23,79.94,,,,,,,,,,,,,,,,,,,,,,84.81,,18.99,,81.22,,,,45.67,,,,,,,,,,,,,,26.36,,1.68,,,,73.54,,12.78,,,,,,3.64,,,,,,,,,,,,,,
,,,,,,,,2023090101,,09/01/2023,,998,,1092.92,,80.00,1320.00,4.82,119.30,,,,,1.00,16.50,,,,,,,,,,,,,,,,91.52,,19.80,,84.68,,,,48.88,,,,,,,,,,,,,,26.36,,1.68,,,,73.54,,12.78,,,,,,3.64,,,,,,,,,,,,,,
,,,,,,,,2023091501,,09/15/2023,,1104,,1044.29,,73.33,1209.95,1.10,27.23,,,,,1.30,21.45,,,,,8.00,132.00,,,,,,,,,,83.70,,18.86,,80.64,,,,45.14,,,,,,,,,,,,,,26.36,,1.68,,,,73.54,,12.78,,,,,,3.64,,,,,,,,,,,,,,
,,,,,,,,2023092901,,09/29/2023,,1206,,1077.41,,77.17,1273.31,1.38,34.16,,,,,,,,,,,,,,,,,,,,,,84.51,,18.96,,81.06,,,,45.53,,,,,,,,,,,,,,,,,,,,,,,,,,,,,,,,,,,,,,,,,,
,,,,,,,,2023101301,,10/13/2023,,1309,,1008.32,,77.32,1275.78,1.28,31.68,,,,,4.00,66.00,,,,,,,,,,,,,,,,78.04,,18.18,,77.72,,,,42.43,,,,,,,,,,,,,,27.19,,1.68,,,,103.10,,13.16,,,,,,3.64,,,,,,,,,,,,,,
,,,,,,,,2023102701,,10/27/2023,,1414,,1020.20,,80.00,1320.00,2.47,61.13,,,,,0.50,8.25,,,,,,,,,,,,,,,,79.95,,18.41,,78.71,,,,43.34,,,,,,,,,,,,,,27.19,,1.68,,,,103.10,,13.16,,,,,,3.64,,,,,,,,,,,,,,
,,,,,,,,,,10/27/2023,,1415,,646.00,,,,,,,,,,,,,,0.00,1000.00,,,,,,,,,,,,220.00,,14.50,,62.00,,,,57.50,,,,,,,,,,,,,,,,,,,,,,,,,,,,,,,,,,,,,,,,,,
,,,,,,,,2023111001,,11/10/2023,,1518,,1019.65,,76.28,1258.62,1.92,47.52,,,,,5.00,82.50,,,,,,,,,,,,,,,,79.86,,18.40,,78.66,,,,43.30,,,,,,,,,,,,,,27.19,,1.68,,,,103.10,,13.16,,,,,,3.64,,,,,,,,,,,,,,
,,,,,,,,2023112401,,11/24/2023,,1621,,1022.67,,73.03,1205.00,2.25,55.69,,,,,,,8.00,132.00,,,,,,,,,,,,,,80.35,,18.46,,78.91,,,,43.53,,,,,,,,,,,,,,27.19,,1.68,,,,103.10,,13.16,,,,,,3.64,,,,,,,,,,,,,,
,,,,,,,,2023120801,,12/08/2023,,1767,,200.00,,,,,,,,,,,,,,0.00,216.57,,,,,,,,,,,,0.00,,3.14,,13.43,,,,0.00,,,,,,,,,,,,,,,,,,,,,,,,,,,,,,,,,,,,,,,,,,
,,,,,,,,,,12/08/2023,,1768,,996.72,,61.97,1022.51,,,,,,,4.30,70.95,,,,,16.00,264.00,,,,,,,,,,76.18,,17.95,,76.76,,,,41.53,,,,,,,,,,,,,,27.19,,1.68,,,,102.65,,13.16,,,,,,3.64,,,,,,,,,,,,,,
,,,,,,,,2023122001,,12/20/2023,,72,,0.00,,0.00,2.10,,,,,0.00,25.32,,,,,,,,,,,,,,,,,,0.00,,0.40,,1.70,,,,0.00,,,,,,,,,,,,,,,,,,25.32,,,,,,,,,,,,,,,,,,,,,,,,
,,,,,,,,2023122201,,12/22/2023,,1903,,1033.62,,80.00,1320.00,3.53,87.37,,,,,,,,,,,,,,,,,,,,,,82.11,,18.67,,79.82,,,,44.38,,,,,,,,,,,,,,27.19,,1.68,,,,103.10,,13.16,,,,,,3.64,,,,,,,,,,,,,,
,,VCFP-CONSULT-ASHLAKE,,"Thacker, Edith M.",,51,,2023033101,,03/31/2023,,0,,13278.50,,505.84,12800.96,40.44,1536.32,,,,,45.00,1135.00,,,,,16.00,400.00,,,,,,,,,,48.44,,220.42,,942.50,,,,707.72,,,,,,,,,,,,3.96,,,,,,,,572.22,,76.68,,,,,,21.84,,,,,,,,,,,,,,
,,,,,,,,2023041401,,04/14/2023,,66,,2183.12,,80.00,2160.00,12.25,496.13,,,,,,,,,,,,,,,,,,,,,,43.39,,36.89,,157.75,,,,122.53,,,,,,,,,,,,,,,,0.66,,,,95.37,,12.78,,,,,,3.64,,,,,,,,,,,,,,
,,,,,,,,2023042801,,04/28/2023,,157,,2025.09,,80.00,2160.00,7.02,284.31,,,,,,,,,,,,,,,,,,,,,,17.98,,33.82,,144.62,,,,110.35,,,,,,,,,,,,,,,,0.66,,,,95.37,,12.78,,,,,,3.64,,,,,,,,,,,,,,
,,,,,,,,2023051201,,05/12/2023,,246,,1975.54,,80.00,2160.00,5.38,217.89,,,,,,,,,,,,,,,,,,,,,,10.01,,32.86,,140.50,,,,106.53,,,,,,,,,,,,,,,,0.66,,,,95.37,,12.78,,,,,,3.64,,,,,,,,,,,,,,
,,,,,,,,2023052601,,05/26/2023,,334,,2195.20,,80.00,2160.00,12.65,512.33,,,,,,,,,,,,,,,,,,,,,,45.34,,37.13,,158.75,,,,123.46,,,,,,,,,,,,,,,,0.66,,,,95.37,,12.78,,,,,,3.64,,,,,,,,,,,,,,
,,,,,,,,2023060901,,06/09/2023,,425,,1850.87,,70.98,1916.46,2.22,89.91,,,,,,,,,,,8.00,216.00,,,,,,,,,,0.00,,30.60,,130.86,,,,97.59,,,,,,,,,,,,,,,,0.66,,,,95.37,,12.78,,,,,,3.64,,,,,,,,,,,,,,
,,,,,,,,2023062301,,06/23/2023,,519,,2110.00,,80.00,2160.00,9.83,398.12,,,,,,,,,,,,,,,,,,,,,,31.63,,35.47,,151.67,,,,116.90,,,,,,,,,,,,,,,,0.66,,,,95.37,,12.78,,,,,,3.64,,,,,,,,,,,,,,
,,,,,,,,2023070701,,07/07/2023,,616,,2188.55,,80.00,2160.00,12.43,503.42,,,,,,,,,,,,,,,,,,,,,,44.27,,37.00,,158.20,,,,122.95,,,,,,,,,,,,,,,,0.66,,,,95.37,,12.78,,,,,,3.64,,,,,,,,,,,,,,
,,,,,,,,2023072101,,07/21/2023,,718,,1923.57,,56.27,1519.29,3.48,140.94,,,,,16.00,432.00,,,,,8.00,216.00,,,,,,,,,,1.65,,31.85,,136.18,,,,102.53,,,,,,,,,,,,,,,,0.66,,,,95.37,,12.78,,,,,,3.64,,,,,,,,,,,,,,
,,,,,,,,2023080401,,08/04/2023,,822,,2067.69,,80.00,2160.00,8.43,341.42,,,,,,,,,,,,,,,,,,,,,,24.83,,34.65,,148.16,,,,113.64,,,,,,,,,,,,,,,,0.66,,,,95.37,,12.78,,,,,,3.64,,,,,,,,,,,,,,
,,,,,,,,2023081801,,08/18/2023,,924,,1967.09,,80.00,2160.00,5.10,206.55,,,,,,,,,,,,,,,,,,,,,,8.64,,32.69,,139.80,,,,105.88,,,,,,,,,,,,,,,,0.66,,,,95.37,,12.78,,,,,,3.64,,,,,,,,,,,,,,
,,,,,,,,2023090101,,09/01/2023,,1028,,1854.03,,40.00,1080.00,1.63,66.02,,,,,40.00,1080.00,,,,,,,,,,,,,,,,0.00,,30.66,,131.08,,,,97.80,,,,,,,,,,,,,,,,0.66,,,,95.37,,12.78,,,,,,3.64,,,,,,,,,,,,,,
,,,,,,,,2023091501,,09/15/2023,,1131,,1891.56,,68.05,1837.35,,,,,,,8.00,216.00,,,,,8.00,216.00,,,,,,,,,,0.00,,31.28,,133.77,,,,100.29,,,,,,,,,,,,,,,,0.66,,,,95.37,,12.78,,,,,,3.64,,,,,,,,,,,,,,
,,,,,,,,2023092901,,09/29/2023,,1233,,2035.43,,80.00,2160.00,4.58,185.49,,,,,,,,,,,,,,,,,,,,,,19.53,,34.01,,145.42,,,,111.10,,,,,,,,,,,,,,,,,,,,,,,,,,,,,,,,,,,,,,,,,,
,,,,,,,,2023101301,,10/13/2023,,1338,,1840.49,,51.57,1392.39,,,,,,,24.00,648.00,8.00,216.00,,,,,,,,,,,,,,0.00,,30.98,,132.46,,,,99.08,,,,,,,,,,,,,,31.50,,1.98,,,,103.10,,13.16,,,,,,3.64,,,,,,,,,,,,,,
,,,,,,,,2023102701,,10/27/2023,,1442,,1938.80,,80.00,2160.00,5.45,220.73,,,,,,,,,,,,,,,,,,,,,,9.37,,32.78,,140.17,,,,106.23,,,,,,,,,,,,,,31.50,,1.98,,,,103.10,,13.16,,,,,,3.64,,,,,,,,,,,,,,
,,,,,,,,2023111001,,11/10/2023,,1546,,1909.48,,80.00,2160.00,4.48,181.44,,,,,,,,,,,,,,,,,,,,,,4.66,,32.21,,137.74,,,,103.97,,,,,,,,,,,,,,31.50,,1.98,,,,103.10,,13.16,,,,,,3.64,,,,,,,,,,,,,,
,,,,,,,,2023112401,,11/24/2023,,1649,,1847.16,,40.00,1080.00,2.57,104.09,,,,,40.00,1080.00,,,,,,,,,,,,,,,,0.00,,31.09,,132.94,,,,99.52,,,,,,,,,,,,,,31.50,,1.98,,,,103.10,,13.16,,,,,,3.64,,,,,,,,,,,,,,
,,,,,,,,2023120801,,12/08/2023,,1816,,800.00,,,,,,,,,,,,,,0.00,897.82,,,,,,,,,,,,0.00,,13.02,,55.66,,,,29.14,,,,,,,,,,,,,,,,,,,,,,,,,,,,,,,,,,,,,,,,,,
,,,,,,,,,,12/08/2023,,1817,,1982.23,,65.57,1770.39,5.83,236.12,,,,,,,,,,,16.00,432.00,,,,,,,,,,16.36,,33.63,,143.78,,,,109.58,,,,,,,,,,,,,,31.50,,1.98,,,,102.65,,13.16,,,,,,3.64,,,,,,,,,,,,,,
,,,,,,,,2023122001,,12/20/2023,,74,,0.00,,0.00,3.43,,,,,0.00,41.43,,,,,,,,,,,,,,,,,,0.00,,0.65,,2.78,,,,0.00,,,,,,,,,,,,,,,,,,41.43,,,,,,,,,,,,,,,,,,,,,,,,
,,,,,,,,2023122201,,12/22/2023,,1931,,1863.41,,68.72,1855.44,,,,,,,15.83,427.41,,,,,,,,,,,,,,,,0.00,,31.36,,134.10,,,,100.60,,,,,,,,,,,,,,31.50,,1.98,,,,103.10,,13.16,,,,,,3.64,,,,,,,,,,,,,,
,,VCFP-MEDASSIST-DISCOVERY,,"Turner, Keturah N.",,17,,2023033101,,03/31/2023,,0,,8633.21,,505.56,9605.64,9.49,270.48,,,,,27.69,526.11,,,,,16.00,304.00,,,,,,,,,,168.36,,146.63,,626.98,,,,359.51,,,,,,,,,,,,,,177.96,,,,,,375.06,,76.68,,120.00,,,,21.84,,,,,,,,,,,,,,
,,,,,,,,2023041401,,04/14/2023,,58,,1225.58,,79.72,1514.68,0.85,24.23,,,,,,,,,,,,,,,,,,,,,,23.49,,20.88,,89.28,,,,51.09,,,,,,,,,,,,,,29.66,,,,,,62.51,,12.78,,20.00,,,,3.64,,,,,,,,,,,,,,
,,,,,,,,2023042801,,04/28/2023,,148,,1043.97,,68.53,1302.07,,,,,,,,,,,,,,,,,,,,,,,,0.00,,17.45,,74.59,,,,37.47,,,,,,,,,,,,,,29.66,,,,,,62.51,,12.78,,20.00,,,,3.64,,,,,,,,,,,,,,
,,,,,,,,2023051201,,05/12/2023,,237,,1239.12,,80.00,1520.00,1.30,37.05,,,,,,,,,,,,,,,,,,,,,,25.67,,21.14,,90.40,,,,52.13,,,,,,,,,,,,,,29.66,,,,,,62.51,,12.78,,20.00,,,,3.64,,,,,,,,,,,,,,
,,,,,,,,2023052601,,05/26/2023,,325,,1230.25,,72.98,1386.62,0.23,6.56,,,,,8.00,152.00,,,,,,,,,,,,,,,,24.25,,20.97,,89.67,,,,51.45,,,,,,,,,,,,,,29.66,,,,,,62.51,,12.78,,20.00,,,,3.64,,,,,,,,,,,,,,
,,,,,,,,2023060901,,06/09/2023,,416,,1220.97,,64.67,1228.73,,,,,,,,,8.00,152.00,,,8.00,152.00,,,,,,,,,,22.75,,20.79,,88.90,,,,50.73,,,,,,,,,,,,,,29.66,,,,,,62.51,,12.78,,20.00,,,,3.64,,,,,,,,,,,,,,
,,,,,,,,2023062301,,06/23/2023,,508,,19.35,,,,,,,,,,8.00,152.00,,,,,,,,,,,,,,,,0.00,,0.77,,3.29,,,,0.00,,,,,,,,,,,,,,29.66,,,,,,62.51,,12.78,,20.00,,,,3.64,,,,,,,,,,,,,,
,,VCFP-CONSULT-DISCOVERY,,"Vega, Amaryllis S.",,32,,2023033101,,03/31/2023,,0,,9272.73,,545.58,10911.60,43.53,1305.90,0.00,508.68,,,9.00,180.00,,,,,16.00,320.00,,,,,,,,,,877.37,,175.91,,752.15,,,,455.63,,,,,,,,,,597.69,,,,,,,,,,509.34,,76.68,,,,,,,,,,,,,,,,,,,,
,,,,,,,,2023041401,,04/14/2023,,37,,1389.45,,72.00,1730.77,,,0.00,76.92,,,8.00,192.31,,,,,,,,,,,,,,,,135.82,,26.47,,113.18,,,,70.11,,,,,,,,,,90.38,,,,,,,,,,84.89,,12.78,,,,,,,,,,,,,,,,,,,,
,,,,,,,,2023042801,,04/28/2023,,126,,1389.45,,72.00,1730.77,,,0.00,76.92,,,,,8.00,192.31,,,,,,,,,,,,,,135.82,,26.47,,113.18,,,,70.11,,,,,,,,,,90.38,,,,,,,,,,84.89,,12.78,,,,,,,,,,,,,,,,,,,,
,,,,,,,,2023051201,,05/12/2023,,216,,1389.45,,80.00,1923.08,,,0.00,76.92,,,,,,,,,,,,,,,,,,,,135.82,,26.47,,113.18,,,,70.11,,,,,,,,,,90.38,,,,,,,,,,84.89,,12.78,,,,,,,,,,,,,,,,,,,,
,,,,,,,,2023052601,,05/26/2023,,305,,1389.45,,80.00,1923.08,,,0.00,76.92,,,,,,,,,,,,,,,,,,,,135.82,,26.47,,113.18,,,,70.11,,,,,,,,,,90.38,,,,,,,,,,84.89,,12.78,,,,,,,,,,,,,,,,,,,,
,,,,,,,,2023060901,,06/09/2023,,393,,1389.45,,69.00,1658.66,,,0.00,76.92,,,6.00,144.23,,,,,,,5.00,120.19,,,,,,,,135.82,,26.47,,113.18,,,,70.11,,,,,,,,,,90.38,,,,,,,,,,84.89,,12.78,,,,,,,,,,,,,,,,,,,,
,,,,,,,,2023062301,,06/23/2023,,486,,1389.45,,72.00,1730.77,,,0.00,76.92,,,8.00,192.31,,,,,,,,,,,,,,,,135.82,,26.47,,113.18,,,,70.11,,,,,,,,,,90.38,,,,,,,,,,84.89,,12.78,,,,,,,,,,,,,,,,,,,,
,,,,,,,,2023070701,,07/07/2023,,584,,1389.45,,72.00,1730.77,,,0.00,76.92,,,8.00,192.31,,,,,,,,,,,,,,,,135.82,,26.47,,113.18,,,,70.11,,,,,,,,,,90.38,,,,,,,,,,84.89,,12.78,,,,,,,,,,,,,,,,,,,,
,,,,,,,,2023072101,,07/21/2023,,684,,1389.45,,72.00,1730.77,,,0.00,76.92,,,,,,,,,8.00,192.31,,,,,,,,,,135.82,,26.47,,113.18,,,,70.11,,,,,,,,,,90.38,,,,,,,,,,84.89,,12.78,,,,,,,,,,,,,,,,,,,,
,,,,,,,,2023080401,,08/04/2023,,788,,1389.45,,80.00,1923.08,,,0.00,76.92,,,,,,,,,,,,,,,,,,,,135.82,,26.47,,113.18,,,,70.11,,,,,,,,,,90.38,,,,,,,,,,84.89,,12.78,,,,,,,,,,,,,,,,,,,,
,,,,,,,,2023081801,,08/18/2023,,890,,1389.49,,72.00,1730.77,,,0.00,76.92,,,8.00,192.31,,,,,,,,,,,,,,,,135.82,,26.47,,113.14,,,,70.11,,,,,,,,,,90.38,,,,,,,,,,84.89,,12.78,,,,,,,,,,,,,,,,,,,,
,,,,,,,,2023090101,,09/01/2023,,991,,1389.45,,80.00,1923.08,,,0.00,76.92,,,,,,,,,,,,,,,,,,,,135.82,,26.47,,113.18,,,,70.11,,,,,,,,,,90.38,,,,,,,,,,84.89,,12.78,,,,,,,,,,,,,,,,,,,,
,,,,,,,,2023091501,,09/15/2023,,1097,,1471.08,,56.00,1426.93,,,0.00,81.54,,,16.00,407.69,,,,,8.00,203.85,,,,,,,,,,149.01,,28.14,,120.33,,,,76.43,,,,,,,,,,95.81,,,,,,,,,,84.89,,12.78,,,,,,,,,,,,,,,,,,,,
,,,,,,,,2023092901,,09/29/2023,,1199,,1543.93,,80.00,2038.47,,,0.00,81.54,,,,,,,,,,,,,,,,,,,,160.73,,29.56,,126.39,,,,82.05,,,,,,,,,,95.81,,,,,,,,,,,,,,,,,,,,,,,,,,,,,,,,
,,,,,,,,2023101301,,10/13/2023,,1302,,1457.20,,80.00,2038.47,,,0.00,81.54,,,,,,,,,,,,,,,,,,,,146.78,,27.87,,119.18,,,,75.37,,,,,,,,,,95.81,,,,,,,,,,103.10,,13.16,,,,,,,,,,,,,,,,,,,,
,,,,,,,,2023102701,,10/27/2023,,1407,,1457.20,,80.00,2038.47,,,0.00,81.54,,,,,,,,,,,,,,,,,,,,146.78,,27.87,,119.18,,,,75.37,,,,,,,,,,95.81,,,,,,,,,,103.10,,13.16,,,,,,,,,,,,,,,,,,,,
,,,,,,,,2023111001,,11/10/2023,,1511,,1457.20,,72.00,1834.62,,,0.00,81.54,,,8.00,203.85,,,,,,,,,,,,,,,,146.78,,27.87,,119.18,,,,75.37,,,,,,,,,,95.81,,,,,,,,,,103.10,,13.16,,,,,,,,,,,,,,,,,,,,
,,,,,,,,2023112401,,11/24/2023,,1614,,1457.20,,80.00,2038.47,,,0.00,81.54,,,,,,,,,,,,,,,,,,,,146.78,,27.87,,119.18,,,,75.37,,,,,,,,,,95.81,,,,,,,,,,103.10,,13.16,,,,,,,,,,,,,,,,,,,,
,,,,,,,,2023120801,,12/08/2023,,1753,,800.00,,,,,,,,,,,,,,0.00,936.72,,,,,,,,,,,,40.40,,13.58,,58.08,,,,24.66,,,,,,,,,,,,,,,,,,,,,,,,,,,,,,,,,,,,,,,,,,
,,,,,,,,,,12/08/2023,,1754,,1457.54,,80.00,2038.47,,,0.00,81.54,,,,,,,,,,,,,,,,,,,,146.84,,27.88,,119.20,,,,75.39,,,,,,,,,,95.81,,,,,,,,,,102.65,,13.16,,,,,,,,,,,,,,,,,,,,
,,,,,,,,2023122001,,12/20/2023,,75,,0.00,,0.00,3.23,,,,,0.00,39.09,,,,,,,,,,,,,,,,,,0.00,,0.61,,2.62,,,,0.00,,,,,,,,,,,,,,,,,,39.09,,,,,,,,,,,,,,,,,,,,,,,,
,,,,,,,,2023122201,,12/22/2023,,1895,,1457.20,,72.00,1834.62,,,0.00,81.54,,,8.00,203.85,,,,,,,,,,,,,,,,146.78,,27.87,,119.18,,,,75.37,,,,,,,,,,95.81,,,,,,,,,,103.10,,13.16,,,,,,,,,,,,,,,,,,,,
,,VCFP-CALL-DISCOVERY,,"Vega, Rosemarie ",,140,,2023062301,,06/23/2023,,476,,694.21,,40.00,750.00,0.47,13.22,,,,,,,,,,,,,,,,,,,,,,0.00,,11.07,,47.32,,,,10.62,,,,,,,,,,,,,,,,,,,,,,,,,,,,,,,,,,,,,,,,,,
,,,,,,,,2023070701,,07/07/2023,,572,,1279.21,,74.52,1397.25,1.37,38.53,,,,,,,,,,,,,,,,,,,,,,0.00,,20.82,,89.02,,,,46.73,,,,,,,,,,,,,,,,,,,,,,,,,,,,,,,,,,,,,,,,,,
,,,,,,,,2023072101,,07/21/2023,,671,,1177.05,,64.92,1217.25,,,,,,,,,,,,,8.00,150.00,,,,,,,,,,0.00,,19.20,,82.10,,,,40.32,,,,,,,,,,,,,,,,5.57,,,,,,33.63,,,,,,9.38,,,,,,,,,,,,,,
,,,,,,,,2023080401,,08/04/2023,,774,,1354.01,,80.00,1500.00,2.15,60.47,,,,,,,,,,,,,,,,,,,,,,0.00,,22.14,,94.68,,,,51.99,,,,,,,,,,,,,,,,4.32,,,,,,26.06,,,,,,7.27,,,,,,,,,,,,,,
,,,,,,,,2023081801,,08/18/2023,,877,,1241.07,,56.27,1055.06,,,,,,,20.00,375.00,,,,,,,,,,,,,,,,0.00,,20.25,,86.60,,,,44.49,,,,,,,,,,,,,,,,4.32,,,,,,26.06,,,,,,7.27,,,,,,,,,,,,,,
,,,,,,,,2023090101,,09/01/2023,,978,,1235.57,,69.85,1309.69,1.80,50.63,,,,,3.38,63.38,,,,,,,,,,,,,,,,0.00,,20.16,,86.20,,,,44.12,,,,,,,,,,,,,,,,4.32,,,,,,26.06,,,,,,7.27,,,,,,,,,,,,,,
,,,,,,,,2023091501,,09/15/2023,,1084,,1316.82,,69.45,1302.19,0.27,7.59,,,,,3.08,57.75,,,,,8.00,150.00,,,,,,,,,,0.00,,21.52,,92.02,,,,49.52,,,,,,,,,,,,,,,,4.32,,,,,,26.06,,,,,,7.27,,,,,,,,,,,,,,
,,,,,,,,2023092901,,09/29/2023,,1186,,1413.26,,80.00,1500.00,3.22,90.56,,,,,,,,,,,,,,,,,,,,,,0.00,,23.06,,98.61,,,,55.63,,,,,,,,,,,,,,,,,,,,,,,,,,,,,,,,,,,,,,,,,,
,,,,,,,,2023101301,,10/13/2023,,1289,,1322.16,,80.00,1500.00,0.87,24.47,,,,,,,,,,,,,,,,,,,,,,0.00,,21.61,,92.40,,,,49.87,,,,,,,,,,,,,,,,4.32,,,,,,26.84,,,,,,7.27,,,,,,,,,,,,,,
,,,,,,,,2023102701,,10/27/2023,,1394,,1366.73,,80.00,1500.00,2.70,75.94,,,,,,,,,,,,,,,,,,,,,,0.00,,22.36,,95.59,,,,52.83,,,,,,,,,,,,,,,,4.32,,,,,,26.84,,,,,,7.27,,,,,,,,,,,,,,
,,,,,,,,2023111001,,11/10/2023,,1498,,1073.88,,53.52,1003.50,0.33,9.28,,,,,12.00,225.00,,,,,,,,,,,,,,,,0.00,,17.45,,74.63,,,,33.39,,,,,,,,,,,,,,,,4.32,,,,,,26.84,,,,,,7.27,,,,,,,,,,,,,,
,,,,,,,,2023112401,,11/24/2023,,1602,,1261.83,,76.72,1438.50,0.58,16.31,,,,,,,,,,,,,,,,,,,,,,0.00,,20.60,,88.08,,,,45.87,,,,,,,,,,,,,,,,4.32,,,,,,26.84,,,,,,7.27,,,,,,,,,,,,,,
,,,,,,,,2023120801,,12/08/2023,,1729,,150.00,,,,,,,,,,,,,,0.00,162.43,,,,,,,,,,,,0.00,,2.36,,10.07,,,,0.00,,,,,,,,,,,,,,,,,,,,,,,,,,,,,,,,,,,,,,,,,,
,,,,,,,,,,12/08/2023,,1730,,1330.03,,64.62,1211.63,0.78,21.94,,,,,,,,,,,16.00,300.00,,,,,,,,,,0.00,,21.74,,92.97,,,,50.40,,,,,,,,,,,,,,,,4.32,,,,,,26.84,,,,,,7.27,,,,,,,,,,,,,,
,,,,,,,,2023122001,,12/20/2023,,76,,0.00,,0.00,2.38,,,,,0.00,28.77,,,,,,,,,,,,,,,,,,0.00,,0.45,,1.93,,,,0.00,,,,,,,,,,,,,,,,,,28.77,,,,,,,,,,,,,,,,,,,,,,,,
,,,,,,,,2023122201,,12/22/2023,,1882,,1350.97,,78.25,1467.19,3.22,90.56,,,,,,,,,,,,,,,,,,,,,,0.00,,22.09,,94.47,,,,51.79,,,,,,,,,,,,,,,,4.32,,,,,,26.84,,,,,,7.27,,,,,,,,,,,,,,
,,VCFP-CONSULT-DISCOVERY,,"Vega, Tomiluis ",,7,,2023033101,,03/31/2023,,0,,13356.71,,0.00,18846.17,,,,,,,40.00,0.00,,,,,,,,,,,,,,,,1689.64,,248.70,,1063.39,,,,793.03,,,,,,,,,,,,,,,,,,,,1487.10,,167.40,,,,,,40.20,,,,,,,,,,,,,,
,,,,,,,,2023041401,,04/14/2023,,38,,1882.04,,80.00,2692.31,,,,,,,,,,,,,,,,,,,,,,,,232.50,,34.94,,149.41,,,,110.97,,,,,,,,,,,,,,,,,,,,247.85,,27.90,,,,,,6.70,,,,,,,,,,,,,,
,,,,,,,,2023042801,,04/28/2023,,127,,1882.04,,80.00,2692.31,,,,,,,,,,,,,,,,,,,,,,,,232.50,,34.94,,149.41,,,,110.97,,,,,,,,,,,,,,,,,,,,247.85,,27.90,,,,,,6.70,,,,,,,,,,,,,,
,,,,,,,,2023051201,,05/12/2023,,217,,1882.04,,80.00,2692.31,,,,,,,,,,,,,,,,,,,,,,,,232.50,,34.94,,149.41,,,,110.97,,,,,,,,,,,,,,,,,,,,247.85,,27.90,,,,,,6.70,,,,,,,,,,,,,,
,,,,,,,,2023052601,,05/26/2023,,306,,1882.04,,80.00,2692.31,,,,,,,,,,,,,,,,,,,,,,,,232.50,,34.94,,149.41,,,,110.97,,,,,,,,,,,,,,,,,,,,247.85,,27.90,,,,,,6.70,,,,,,,,,,,,,,
,,,,,,,,2023060901,,06/09/2023,,394,,1882.04,,75.00,2524.06,,,,,,,,,,,,,,,5.00,168.25,,,,,,,,232.50,,34.94,,149.41,,,,110.97,,,,,,,,,,,,,,,,,,,,247.85,,27.90,,,,,,6.70,,,,,,,,,,,,,,
,,,,,,,,2023062301,,06/23/2023,,487,,1882.04,,80.00,2692.31,,,,,,,,,,,,,,,,,,,,,,,,232.50,,34.94,,149.41,,,,110.97,,,,,,,,,,,,,,,,,,,,247.85,,27.90,,,,,,6.70,,,,,,,,,,,,,,
,,,,,,,,2023070701,,07/07/2023,,585,,1882.04,,80.00,2692.31,,,,,,,,,,,,,,,,,,,,,,,,232.50,,34.94,,149.41,,,,110.97,,,,,,,,,,,,,,,,,,,,247.85,,27.90,,,,,,6.70,,,,,,,,,,,,,,
,,,,,,,,2023072101,,07/21/2023,,685,,1882.04,,80.00,2692.31,,,,,,,,,,,,,,,,,,,,,,,,232.50,,34.94,,149.41,,,,110.97,,,,,,,,,,,,,,,,,,,,247.85,,27.90,,,,,,6.70,,,,,,,,,,,,,,
,,,,,,,,2023080401,,08/04/2023,,789,,1882.04,,72.00,2423.11,,,,,,,8.00,269.20,,,,,,,,,,,,,,,,232.50,,34.94,,149.41,,,,110.97,,,,,,,,,,,,,,,,,,,,247.85,,27.90,,,,,,6.70,,,,,,,,,,,,,,
,,,,,,,,2023081801,,08/18/2023,,891,,1882.04,,72.00,2423.11,,,,,,,8.00,269.20,,,,,,,,,,,,,,,,232.50,,34.94,,149.41,,,,110.97,,,,,,,,,,,,,,,,,,,,247.85,,27.90,,,,,,6.70,,,,,,,,,,,,,,
,,,,,,,,2023090101,,09/01/2023,,992,,1882.04,,80.00,2692.31,,,,,,,,,,,,,,,,,,,,,,,,232.50,,34.94,,149.41,,,,110.97,,,,,,,,,,,,,,,,,,,,247.85,,27.90,,,,,,6.70,,,,,,,,,,,,,,
,,,,,,,,2023091501,,09/15/2023,,1098,,1882.04,,80.00,2692.31,,,,,,,,,,,,,,,,,,,,,,,,232.50,,34.94,,149.41,,,,110.97,,,,,,,,,,,,,,,,,,,,247.85,,27.90,,,,,,6.70,,,,,,,,,,,,,,
,,,,,,,,2023092901,,09/29/2023,,1200,,2064.50,,64.00,2153.91,,,,,,,16.00,538.40,,,,,,,,,,,,,,,,294.64,,39.04,,166.92,,,,127.21,,,,,,,,,,,,,,,,,,,,,,,,,,,,,,,,,,,,,,,,,,
,,,,,,,,2023101301,,10/13/2023,,1303,,1925.07,,40.00,1346.31,,,,,,,40.00,1346.00,,,,,,,,,,,,,,,,268.26,,37.30,,159.49,,,,120.32,,,,,,,,,,,,,,61.61,,0.36,,,,103.10,,13.16,,,,,,3.64,,,,,,,,,,,,,,
,,,,,,,,2023102701,,10/27/2023,,1408,,1925.07,,80.00,2692.31,,,,,,,,,,,,,,,,,,,,,,,,268.26,,37.30,,159.49,,,,120.32,,,,,,,,,,,,,,61.61,,0.36,,,,103.10,,13.16,,,,,,3.64,,,,,,,,,,,,,,
,,,,,,,,2023111001,,11/10/2023,,1512,,1925.07,,72.00,2423.11,,,,,,,,,8.00,269.20,,,,,,,,,,,,,,268.26,,37.30,,159.49,,,,120.32,,,,,,,,,,,,,,61.61,,0.36,,,,103.10,,13.16,,,,,,3.64,,,,,,,,,,,,,,
,,,,,,,,2023112401,,11/24/2023,,1615,,1925.07,,80.00,2692.31,,,,,,,,,,,,,,,,,,,,,,,,268.26,,37.30,,159.49,,,,120.32,,,,,,,,,,,,,,61.61,,0.36,,,,103.10,,13.16,,,,,,3.64,,,,,,,,,,,,,,
,,,,,,,,2023120801,,12/08/2023,,1755,,1000.00,,,,,,,,,,,,,,0.00,1206.45,,,,,,,,,,,,72.39,,17.49,,74.80,,,,41.77,,,,,,,,,,,,,,,,,,,,,,,,,,,,,,,,,,,,,,,,,,
,,,,,,,,,,12/08/2023,,1756,,1925.36,,64.00,2153.91,,,,,,,16.00,538.40,,,,,,,,,,,,,,,,268.36,,37.31,,159.52,,,,120.34,,,,,,,,,,,,,,61.61,,0.36,,,,102.65,,13.16,,,,,,3.64,,,,,,,,,,,,,,
,,,,,,,,2023122001,,12/20/2023,,77,,0.00,,0.00,4.28,,,,,0.00,51.63,,,,,,,,,,,,,,,,,,0.00,,0.81,,3.47,,,,0.00,,,,,,,,,,,,,,,,,,51.63,,,,,,,,,,,,,,,,,,,,,,,,
,,,,,,,,2023122201,,12/22/2023,,1896,,1925.07,,80.00,2692.31,,,,,,,,,,,,,,,,,,,,,,,,268.26,,37.30,,159.49,,,,120.32,,,,,,,,,,,,,,61.61,,0.36,,,,103.10,,13.16,,,,,,3.64,,,,,,,,,,,,,,
,,VCFP-PHYSICIAN-DISCOVERY,,"Velasquez, David ",,46,,2023033101,,03/31/2023,,0,,44198.97,,0.00,61923.12,,,,,,,64.00,0.00,,,0.00,1050.00,,,,,,,,,,,,9113.37,,888.67,,3799.83,,,,3286.82,,,,,,,,,,,,,,,,,,,,1485.48,,156.36,,,,,,43.62,,,,,,,,,,,,,,
,,,,,,,,2023041401,,04/14/2023,,64,,5710.75,,80.00,8846.16,,,0.00,353.85,,,,,,,,,,,,,,,,,,,,1152.78,,124.20,,531.05,,,,427.24,,,,,,,,,,619.23,,,,,,,,,,247.58,,26.06,,,,,,7.27,,,,,,,,,,,,,,
,,,,,,,,2023042801,,04/28/2023,,155,,5710.75,,80.00,8846.16,,,0.00,353.85,,,,,,,,,,,,,,,,,,,,1152.78,,124.20,,531.05,,,,427.24,,,,,,,,,,619.23,,,,,,,,,,247.58,,26.06,,,,,,7.27,,,,,,,,,,,,,,
,,,,,,,,2023051201,,05/12/2023,,244,,5710.75,,52.00,5749.92,,,0.00,353.85,,,28.00,3096.24,,,,,,,,,,,,,,,,1152.78,,124.20,,531.05,,,,427.24,,,,,,,,,,619.23,,,,,,,,,,247.58,,26.06,,,,,,7.27,,,,,,,,,,,,,,
,,,,,,,,2023052601,,05/26/2023,,332,,5710.75,,80.00,8846.16,,,0.00,353.85,,,,,,,,,,,,,,,,,,,,1152.78,,124.20,,531.05,,,,427.24,,,,,,,,,,619.23,,,,,,,,,,247.58,,26.06,,,,,,7.27,,,,,,,,,,,,,,
,,,,,,,,2023060901,,06/09/2023,,423,,5710.75,,48.00,5307.60,,,0.00,353.85,,,32.00,3538.56,,,,,,,,,,,,,,,,1152.78,,124.20,,531.05,,,,427.24,,,,,,,,,,619.23,,,,,,,,,,247.58,,26.06,,,,,,7.27,,,,,,,,,,,,,,
,,,,,,,,2023062301,,06/23/2023,,516,,5710.75,,80.00,8846.16,,,0.00,353.85,,,,,,,,,,,,,,,,,,,,1152.78,,124.20,,531.05,,,,427.24,,,,,,,,,,619.23,,,,,,,,,,247.58,,26.06,,,,,,7.27,,,,,,,,,,,,,,
,,,,,,,,,,06/23/2023,,517,,1090.67,,,,,,0.00,54.00,,,,,,,0.00,1350.00,,,,,,,,,,,,19.01,,19.58,,83.70,,,,42.54,,,,,,,,,,94.50,,,,,,,,,,,,,,,,,,,,,,,,,,,,,,,,
,,,,,,,,2023070701,,07/07/2023,,613,,5710.75,,80.00,8846.16,,,0.00,353.85,,,,,,,,,,,,,,,,,,,,1152.78,,124.20,,531.05,,,,427.24,,,,,,,,,,619.23,,,,,,,,,,247.58,,26.06,,,,,,7.27,,,,,,,,,,,,,,
,,,,,,,,2023072101,,07/21/2023,,715,,5710.75,,80.00,8846.16,,,0.00,353.85,,,,,,,,,,,,,,,,,,,,1152.78,,124.20,,531.05,,,,427.24,,,,,,,,,,619.23,,,,,,,,,,247.58,,26.06,,,,,,7.27,,,,,,,,,,,,,,
,,,,,,,,2023080401,,08/04/2023,,819,,5710.75,,80.00,8846.16,,,0.00,353.85,,,,,,,,,,,,,,,,,,,,1152.78,,124.20,,531.05,,,,427.24,,,,,,,,,,619.23,,,,,,,,,,247.58,,26.06,,,,,,7.27,,,,,,,,,,,,,,
,,,,,,,,2023081801,,08/18/2023,,921,,5710.83,,80.00,8846.16,,,0.00,353.85,,,,,,,,,,,,,,,,,,,,1152.78,,124.16,,531.01,,,,427.24,,,,,,,,,,619.23,,,,,,,,,,247.58,,26.06,,,,,,7.27,,,,,,,,,,,,,,
,,,,,,,,2023090101,,09/01/2023,,1025,,5710.75,,80.00,8846.16,,,0.00,353.85,,,,,,,,,,,,,,,,,,,,1152.78,,124.20,,531.05,,,,427.24,,,,,,,,,,619.23,,,,,,,,,,247.58,,26.06,,,,,,7.27,,,,,,,,,,,,,,
,,,,,,,,2023091501,,09/15/2023,,1129,,6034.44,,80.00,8846.16,,,0.00,353.85,,,,,,,,,,,,,,,,,,,,1152.78,,124.20,,207.36,,,,427.24,,,,,,,,,,619.23,,,,,,,,,,247.58,,26.06,,,,,,7.27,,,,,,,,,,,,,,
,,,,,,,,2023092901,,09/29/2023,,1231,,6440.68,,64.00,8846.16,,,0.00,353.85,,,,,,,,,,,,,,,,,,,,1214.58,,128.27,,0.00,,,,443.40,,,,,,,,,,619.23,,,,,,,,,,,,,,,,,,,,,,,,,,,,,,,,
,,,,,,,,2023101301,,10/13/2023,,1335,,6067.21,,64.00,8846.16,,,0.00,353.85,,,,,,,,,,,,,,,,,,,,1098.53,,120.62,,0.00,,,,413.06,,,,,,,,,,619.23,,,,,,,,,,243.40,,26.84,,250.00,,,,7.27,,,,,,,,,,,,,,
,,,,,,,,,,10/13/2023,,1336,,920.39,,,,,,0.00,56.00,,,,,,,0.00,1400.00,,,,,,,,,,,,286.44,,20.30,,0.00,,,,74.87,,,,,,,,,,98.00,,,,,,,,,,,,,,,,,,,,,,,,,,,,,,,,
,,,,,,,,2023102701,,10/27/2023,,1440,,6072.35,,64.00,8846.16,,,0.00,353.85,,,,,,,,,,,,,,,,,,,,1100.13,,120.73,,0.00,,,,413.48,,,,,,,,,,619.23,,,,,,,,,,243.40,,26.84,,250.00,,,,0.00,,,,,,,,,,,,,,
,,,,,,,,2023111001,,11/10/2023,,1544,,6064.09,,64.00,8846.16,,,0.00,353.85,,,,,,,,,,,,,,,,,,,,1099.32,,120.67,,0.00,,5.70,,413.27,,,,,,,,,,619.23,,,,,,,,,,243.40,,26.84,,250.00,,,,3.64,,,,,,,,,,,,,,
,,,,,,,,2023112401,,11/24/2023,,1647,,5994.89,,56.00,7740.39,,,0.00,353.85,,,8.00,1105.77,,,,,,,,,,,,,,,,1099.32,,120.67,,0.00,,74.90,,413.27,,,,,,,,,,619.23,,,,,,,,,,243.40,,26.84,,250.00,,,,3.64,,,,,,,,,,,,,,
,,,,,,,,2023120801,,12/08/2023,,1813,,5995.20,,64.00,8846.16,,,0.00,353.85,,,,,,,,,,,,,,,,,,,,1099.42,,120.68,,0.00,,74.90,,413.30,,,,,,,,,,619.23,,,,,,,,,,242.95,,26.84,,250.00,,,,3.64,,,,,,,,,,,,,,
,,,,,,,,2023122001,,12/20/2023,,78,,0.00,,0.00,3.55,,,,,0.00,147.51,,,,,,,,,,,,,,,,,,0.00,,2.19,,0.00,,1.36,,0.00,,,,,,,,,,,,,,,,,,147.51,,,,,,,,,,,,,,,,,,,,,,,,
,,,,,,,,2023122201,,12/22/2023,,1928,,5994.89,,64.00,8846.16,,,0.00,353.85,,,,,,,,,,,,,,,,,,,,1099.32,,120.67,,0.00,,74.90,,413.27,,,,,,,,,,619.23,,,,,,,,,,243.40,,26.84,,250.00,,,,3.64,,,,,,,,,,,,,,
,,,,,,,,,,12/22/2023,,1929,,1361.69,,,,,,0.00,84.00,,,,,,,0.00,2100.00,,,,,,,,,,,,429.66,,30.45,,0.00,,18.90,,112.30,,,,,,,,,,147.00,,,,,,,,,,,,,,,,,,,,,,,,,,,,,,,,
,,VCFP-MEDASSIST-DISCOVERY,,"Vidal De Leon, Heidy M.",,146,,2023072101,,07/21/2023,,708,,1148.36,,63.92,1214.48,2.63,74.96,,,,,,,,,,,,,,,,,,,,,,0.00,,18.70,,79.95,,,,42.43,,,,,,,,,,,,,,,,,,,,,,,,,,,,,,,,,,,,,,,,,,
,,,,,,,,2023080401,,08/04/2023,,812,,1536.32,,80.00,1520.00,7.87,224.30,,,,,,,,,,,,,,,,,,,,,,5.09,,25.29,,108.15,,,,68.59,,,,,,,,,,,,,,,,0.86,,,,,,,,,,,,,,,,,,,,,,,,,,
,,,,,,,,2023081801,,08/18/2023,,914,,1383.98,,77.87,1479.53,2.92,83.22,,,,,,,,,,,,,,,,,,,,,,0.00,,22.66,,96.89,,,,58.15,,,,,,,,,,,,,,,,1.07,,,,,,,,,,,,,,,,,,,,,,,,,,
,,,,,,,,2023090101,,09/01/2023,,1015,,1024.88,,48.73,925.87,1.60,45.60,,,,,9.23,175.37,,,,,,,,,,,,,,,,0.00,,16.63,,71.10,,,,34.23,,,,,,,,,,,,,,,,,,,,,,,,,,,,,,,,,,,,,,,,,,
,,VCFP-SLEEPTCH-DISCOVERY,,"West, Sarah A.",,132,,2023052601,,05/26/2023,,335,,2087.64,,80.00,2560.00,4.15,199.20,,,,,,,,,,,,,,,,,,,,,,331.48,,40.01,,171.07,,,,129.00,,,,,,,,,,,,,,,,,,,,,,,,,,,,,,,,,,,,,,,,,,
,,,,,,,,2023060901,,06/09/2023,,426,,1942.31,,64.37,2059.84,0.72,34.56,,,,,8.00,256.00,,,,,8.00,256.00,,,,,,,,,,276.94,,36.71,,156.98,,,,115.93,,,,,,,,,,,,,,,,3.06,,,,53.71,,16.74,,,,,,4.02,,,,,,,,,,,,,,
,,,,,,,,2023062301,,06/23/2023,,521,,2022.87,,80.00,2560.00,4.75,228.00,,,,,,,,,,,,,,,,,,,,,,308.61,,38.63,,165.16,,,,123.52,,,,,,,,,,,,,,,,5.10,,,,89.51,,27.90,,,,,,6.70,,,,,,,,,,,,,,
,,,,,,,,2023070701,,07/07/2023,,618,,2093.99,,80.00,2560.00,8.73,419.04,,,,,,,,,,,,,,,,,,,,,,354.46,,41.40,,177.01,,,,134.51,,,,,,,,,,,,,,,,5.10,,,,89.51,,27.90,,,,,,6.70,,,,,,,,48.46,,,,,,
,,,,,,,,2023072101,,07/21/2023,,720,,1808.66,,58.85,1883.20,,,,,,,10.00,320.00,,,,,10.00,320.00,,,,,,,,,,245.05,,34.79,,148.74,,,,108.29,,,,,,,,,,,,,,,,5.10,,,,89.51,,27.90,,,,,,6.70,,,,,,,,48.46,,,,,,
,,,,,,,,2023080401,,08/04/2023,,824,,1788.63,,77.85,2491.20,,,,,,,,,,,,,,,,,,,,,,,,237.37,,34.32,,146.76,,,,106.45,,,,,,,,,,,,,,,,5.10,,,,89.51,,27.90,,,,,,6.70,,,,,,,,48.46,,,,,,
,,,,,,,,2023081801,,08/18/2023,,926,,1843.59,,69.92,2237.44,0.45,21.60,,,,,,,10.00,320.00,,,,,,,,,,,,,,258.46,,35.60,,152.21,,,,111.51,,,,,,,,,,,,,,,,5.10,,,,89.51,,27.90,,,,,,6.70,,,,,,,,48.46,,,,,,
,,,,,,,,2023090101,,09/01/2023,,1030,,1887.78,,62.80,2009.60,,,,,,,20.00,640.00,,,,,,,,,,,,,,,,275.39,,36.62,,156.58,,,,115.56,,,,,,,,,,,,,,,,5.10,,,,89.51,,27.90,,,,,,6.70,,,,,,,,48.46,,,,,,
,,,,,,,,2023091501,,09/15/2023,,1133,,1852.31,,69.03,2208.96,,,,,,,,,,,,,10.00,320.00,,,2.00,64.00,,,,,,261.80,,35.80,,153.07,,,,112.31,,,,,,,,,,,,,,,,5.10,,,,89.51,,27.90,,,,,,6.70,,,,,,,,48.46,,,,,,
,,,,,,,,2023092901,,09/29/2023,,1235,,2106.79,,77.00,2464.00,8.40,403.20,,,,,,,,,,,,,,,,,,,,,,357.40,,41.57,,177.77,,,,135.21,,,,,,,,,,,,,,,,,,,,,,,,,,,,,,,,,,,,48.46,,,,,,
,,,,,,,,2023101301,,10/13/2023,,1340,,1755.35,,75.02,2400.64,1.08,51.84,,,,,,,,,,,,,,,,,,,,,,224.62,,33.55,,143.46,,,,103.40,,,,,,,,,,,,,,,,5.10,,,,103.10,,28.74,,,,,,6.70,,,,,,,,48.46,,,,,,
,,,,,,,,2023102701,,10/27/2023,,1444,,1870.33,,70.40,2252.80,1.32,63.36,,,,,10.00,320.00,,,,,,,,,,,,,,,,268.70,,36.22,,154.85,,,,113.96,,,,,,,,,,,,,,,,5.10,,,,103.10,,28.74,,,,,,6.70,,,,,,,,48.46,,,,,,
,,,,,,,,2023111001,,11/10/2023,,1548,,1742.93,,66.02,2112.64,,,,,,,10.00,320.00,,,,,,,,,,,,,,,,219.86,,33.26,,142.23,,,,102.26,,,,,,,,,,,,,,,,5.10,,,,103.10,,28.74,,,,,,6.70,,,,,,,,48.46,,,,,,
,,,,,,,,2023112401,,11/24/2023,,1651,,1905.89,,77.35,2475.20,1.87,89.76,,,,,4.00,128.00,,,,,,,,,,,,,,,,282.33,,37.04,,158.37,,,,117.23,,,,,,,,,,,,,,,,5.10,,,,103.10,,28.74,,,,,,6.70,,,,,,,,48.46,,,,,,
,,,,,,,,2023120801,,12/08/2023,,1820,,300.00,,,,,,,,,,,,,,0.00,324.85,,,,,,,,,,,,0.00,,4.71,,20.14,,,,0.00,,,,,,,,,,,,,,,,,,,,,,,,,,,,,,,,,,,,,,,,,,
,,,,,,,,,,12/08/2023,,1821,,1808.32,,69.27,2216.64,,,,,,,,,,,,,10.00,320.00,,,,,,,,,,244.92,,34.78,,148.71,,,,108.26,,,,,,,,,,,,,,,,5.10,,,,102.65,,28.74,,,,,,6.70,,,,,,,,48.46,,,,,,
,,,,,,,,2023122001,,12/20/2023,,79,,0.00,,0.00,3.05,,,,,0.00,36.81,,,,,,,,,,,,,,,,,,0.00,,0.58,,2.47,,,,0.00,,,,,,,,,,,,,,,,,,36.81,,,,,,,,,,,,,,,,,,,,,,,,
,,,,,,,,,,12/20/2023,,80,,0.00,,0.00,2.74,,,,,0.00,33.03,,,,,,,,,,,,,,,,,,0.00,,0.52,,2.22,,,,0.00,,,,,,,,,,,,,,,,,,33.03,,,,,,,,,,,,,,,,,,,,,,,,
,,,,,,,,2023122201,,12/22/2023,,1933,,1932.33,,80.00,2560.00,3.65,175.20,,,,,,,,,,,,,,,,,,,,,,292.47,,37.65,,160.99,,,,119.66,,,,,,,,,,,,,,,,5.10,,,,103.10,,28.74,,,,,,6.70,,,,,,,,48.46,,,,,,
,,VCFP-CONSULT-ASHLAKE,,"Wright, April E.",,144,,2023072101,,07/21/2023,,681,,687.67,,0.00,1538.46,,,,,,,,,,,,,,,,,,,,,,,,221.54,,15.38,,65.76,,,,0.00,,,,,,,,,,,,,,68.99,,1.27,,,,417.58,,48.60,,,,,,11.67,,,,,,,,,,,,,,
,,,,,,,,2023080401,,08/04/2023,,785,,1260.75,,80.00,1923.08,,,,,,,,,,,,,,,,,,,,,,,,221.54,,23.91,,102.22,,,,0.00,,,,,,,,,,,,,,39.61,,0.73,,,,239.72,,27.90,,,,,,6.70,,,,,,,,,,,,,,
,,,,,,,,2023081801,,08/18/2023,,887,,1260.75,,80.00,1923.08,,,,,,,,,,,,,,,,,,,,,,,,221.54,,23.91,,102.22,,,,0.00,,,,,,,,,,,,,,39.61,,0.73,,,,239.72,,27.90,,,,,,6.70,,,,,,,,,,,,,,
,,,,,,,,2023090101,,09/01/2023,,988,,1260.75,,80.00,1923.08,,,,,,,,,,,,,,,,,,,,,,,,221.54,,23.91,,102.22,,,,0.00,,,,,,,,,,,,,,39.61,,0.73,,,,239.72,,27.90,,,,,,6.70,,,,,,,,,,,,,,
,,,,,,,,2023091501,,09/15/2023,,1094,,1260.75,,80.00,1923.08,,,,,,,,,,,,,,,,,,,,,,,,221.54,,23.91,,102.22,,,,0.00,,,,,,,,,,,,,,39.61,,0.73,,,,239.72,,27.90,,,,,,6.70,,,,,,,,,,,,,,
,,,,,,,,2023092901,,09/29/2023,,1196,,1545.35,,80.00,1923.08,,,,,,,,,,,,,,,,,,,,,,,,230.62,,27.88,,119.23,,,,0.00,,,,,,,,,,,,,,,,,,,,,,,,,,,,,,,,,,,,,,,,,,
,,,,,,,,2023101301,,10/13/2023,,1299,,1127.71,,72.00,1730.77,,,,,,,8.00,192.31,,,,,,,,,,,,,,,,221.54,,21.82,,93.29,,,,0.00,,,,,,,,,,,,,,39.61,,0.73,,,,382.94,,28.74,,,,,,6.70,,,,,,,,,,,,,,
,,,,,,,,2023102701,,10/27/2023,,1404,,1127.71,,56.00,1346.16,,,,,,,24.00,576.92,,,,,,,,,,,,,,,,221.54,,21.82,,93.29,,,,0.00,,,,,,,,,,,,,,39.61,,0.73,,,,382.94,,28.74,,,,,,6.70,,,,,,,,,,,,,,
,,,,,,,,2023111001,,11/10/2023,,1508,,1127.71,,80.00,1923.08,,,,,,,,,,,,,,,,,,,,,,,,221.54,,21.82,,93.29,,,,0.00,,,,,,,,,,,,,,39.61,,0.73,,,,382.94,,28.74,,,,,,6.70,,,,,,,,,,,,,,
,,,,,,,,2023112401,,11/24/2023,,1612,,1127.71,,80.00,1923.08,,,,,,,,,,,,,,,,,,,,,,,,221.54,,21.82,,93.29,,,,0.00,,,,,,,,,,,,,,39.61,,0.73,,,,382.94,,28.74,,,,,,6.70,,,,,,,,,,,,,,
,,,,,,,,2023120801,,12/08/2023,,1749,,500.00,,,,,,,,,,,,,,0.00,781.31,,,,,,,,,,,,221.54,,11.33,,48.44,,,,0.00,,,,,,,,,,,,,,,,,,,,,,,,,,,,,,,,,,,,,,,,,,
,,,,,,,,,,12/08/2023,,1750,,1128.13,,72.00,1730.77,,,,,,,8.00,192.31,,,,,,,,,,,,,,,,221.54,,21.82,,93.32,,,,0.00,,,,,,,,,,,,,,39.61,,0.73,,,,382.49,,28.74,,,,,,6.70,,,,,,,,,,,,,,
,,,,,,,,2023122001,,12/20/2023,,81,,0.00,,0.00,3.06,,,,,0.00,36.87,,,,,,,,,,,,,,,,,,0.00,,0.58,,2.48,,,,0.00,,,,,,,,,,,,,,,,,,36.87,,,,,,,,,,,,,,,,,,,,,,,,
,,,,,,,,2023122201,,12/22/2023,,1893,,1127.71,,80.00,1923.08,,,,,,,,,,,,,,,,,,,,,,,,221.54,,21.82,,93.29,,,,0.00,,,,,,,,,,,,,,39.61,,0.73,,,,382.94,,28.74,,,,,,6.70,,,,,,,,,,,,,,